date,mkt_rf,smb,hml,rf
2009-01-02,0.03120000,-0.01310000,-0.00420000,0.00000000
2009-01-05,-0.00260000,0.00690000,-0.01160000,0.00000000
2009-01-06,0.00870000,0.01040000,0.00880000,0.00000000
2009-01-07,-0.02970000,0.00340000,-0.01170000,0.00000000
2009-01-08,0.00470000,0.00700000,0.00410000,0.00000000
2009-01-09,-0.02210000,-0.01370000,-0.01250000,0.00000000
2009-01-12,-0.02260000,0.00370000,-0.01940000,0.00000000
2009-01-13,0.00290000,0.00320000,0.00390000,0.00000000
2009-01-14,-0.03380000,-0.00550000,-0.01300000,0.00000000
2009-01-15,0.00430000,0.02300000,-0.02300000,0.00000000
2009-01-16,0.00770000,0.00470000,-0.01050000,0.00000000
2009-01-20,-0.05290000,0.00180000,-0.04110000,0.00000000
2009-01-21,0.04170000,-0.01230000,0.02830000,0.00000000
2009-01-22,-0.01610000,-0.00970000,-0.01780000,0.00000000
2009-01-23,0.00430000,-0.00610000,0.01120000,0.00000000
2009-01-26,0.00550000,0.00780000,-0.00680000,0.00000000
2009-01-27,0.01070000,-0.00360000,0.00290000,0.00000000
2009-01-28,0.03290000,-0.00670000,0.02820000,0.00000000
2009-01-29,-0.03220000,-0.00160000,-0.02150000,0.00000000
2009-01-30,-0.02160000,0.00200000,-0.01190000,0.00000000
2009-02-02,0.00060000,0.01260000,-0.00390000,0.00000000
2009-02-03,0.01460000,-0.00110000,-0.02420000,0.00000000
2009-02-04,-0.00600000,-0.00200000,-0.00320000,0.00000000
2009-02-05,0.01610000,0.00170000,-0.00080000,0.00000000
2009-02-06,0.02790000,-0.00130000,0.02430000,0.00000000
2009-02-09,0.00030000,-0.00830000,0.00060000,0.00000000
2009-02-10,-0.04630000,0.01090000,-0.02840000,0.00000000
2009-02-11,0.00750000,-0.00810000,0.01220000,0.00000000
2009-02-12,0.00300000,0.00360000,-0.00520000,0.00000000
2009-02-13,-0.00850000,0.00940000,-0.01480000,0.00000000
2009-02-17,-0.04360000,0.01030000,-0.02380000,0.00000000
2009-02-18,-0.00330000,-0.00840000,-0.00750000,0.00000000
2009-02-19,-0.01150000,-0.00020000,-0.01990000,0.00000000
2009-02-20,-0.01170000,-0.00130000,-0.00940000,0.00000000
2009-02-23,-0.03430000,-0.00590000,0.00750000,0.00000000
2009-02-24,0.04010000,-0.00990000,0.03050000,0.00000000
2009-02-25,-0.01150000,-0.01540000,0.00310000,0.00000000
2009-02-26,-0.01540000,-0.00520000,0.01350000,0.00000000
2009-02-27,-0.02010000,0.01840000,-0.02040000,0.00000000
2009-03-02,-0.04760000,-0.00300000,-0.00300000,0.00000000
2009-03-03,-0.00720000,-0.00700000,-0.02310000,0.00000000
2009-03-04,0.02420000,0.00550000,-0.00910000,0.00000000
2009-03-05,-0.04210000,-0.00430000,-0.03130000,0.00000000
2009-03-06,0.00200000,0.00430000,-0.00630000,0.00000000
2009-03-09,-0.01100000,-0.00920000,0.00150000,0.00000000
2009-03-10,0.06360000,-0.00840000,0.04190000,0.00000000
2009-03-11,0.00300000,-0.00590000,0.00540000,0.00000000
2009-03-12,0.04160000,0.01130000,0.02600000,0.00000000
2009-03-13,0.00740000,0.00210000,0.00470000,0.00000000
2009-03-16,-0.00550000,-0.01000000,0.00380000,0.00000000
2009-03-17,0.03200000,0.00640000,0.01550000,0.00000000
2009-03-18,0.02170000,0.00030000,0.04010000,0.00000000
2009-03-19,-0.01030000,0.01100000,-0.02700000,0.00000000
2009-03-20,-0.01950000,-0.00350000,-0.00870000,0.00000000
2009-03-23,0.06900000,-0.00780000,0.04250000,0.00000000
2009-03-24,-0.01930000,-0.01060000,-0.01770000,0.00000000
2009-03-25,0.00940000,0.00950000,0.01410000,0.00000000
2009-03-26,0.02680000,0.01960000,-0.00130000,0.00000000
2009-03-27,-0.02030000,-0.01400000,0.00170000,0.00000000
2009-03-30,-0.03490000,0.01800000,-0.03840000,0.00000000
2009-03-31,0.01300000,-0.00620000,0.01800000,0.00000000
2009-04-01,0.01650000,-0.00500000,0.01600000,0.00000000
2009-04-02,0.03070000,0.01980000,0.00510000,0.00000000
2009-04-03,0.01010000,-0.00180000,0.00970000,0.00000000
2009-04-06,-0.00920000,-0.00540000,-0.00800000,0.00000000
2009-04-07,-0.02430000,-0.00780000,-0.00100000,0.00000000
2009-04-08,0.01280000,0.01130000,0.00020000,0.00000000
2009-04-09,0.03920000,0.00250000,0.04540000,0.00000000
2009-04-13,0.00260000,-0.00960000,0.02300000,0.00000000
2009-04-14,-0.02020000,0.00050000,-0.03000000,0.00000000
2009-04-15,0.01120000,-0.00200000,0.02380000,0.00000000
2009-04-16,0.01690000,0.01300000,0.00050000,0.00000000
2009-04-17,0.00550000,0.00820000,0.00370000,0.00000000
2009-04-20,-0.04320000,0.00170000,-0.04290000,0.00000000
2009-04-21,0.02190000,0.00760000,0.03060000,0.00000000
2009-04-22,-0.00600000,0.01570000,-0.01190000,0.00000000
2009-04-23,0.00660000,-0.01870000,0.00250000,0.00000000
2009-04-24,0.01770000,0.00830000,0.00050000,0.00000000
2009-04-27,-0.00950000,-0.00360000,-0.01740000,0.00000000
2009-04-28,-0.00200000,0.00910000,0.00120000,0.00000000
2009-04-29,0.02410000,0.00770000,0.01260000,0.00000000
2009-04-30,-0.00050000,-0.00290000,-0.00660000,0.00000000
2009-05-01,0.00450000,-0.00460000,-0.00200000,0.00000000
2009-05-04,0.03360000,-0.00490000,0.03110000,0.00000000
2009-05-05,-0.00280000,0.00200000,-0.00240000,0.00000000
2009-05-06,0.01460000,-0.02110000,0.02600000,0.00000000
2009-05-07,-0.01420000,-0.00690000,-0.00890000,0.00000000
2009-05-08,0.02480000,0.00130000,0.03010000,0.00000000
2009-05-11,-0.02010000,0.01310000,-0.02420000,0.00000000
2009-05-12,-0.00320000,-0.00880000,-0.01460000,0.00000000
2009-05-13,-0.02910000,-0.01470000,-0.01520000,0.00000000
2009-05-14,0.01110000,0.00470000,0.01010000,0.00000000
2009-05-15,-0.01020000,0.00630000,-0.01190000,0.00000000
2009-05-18,0.03130000,0.00240000,0.02090000,0.00000000
2009-05-19,-0.00040000,0.00300000,-0.01320000,0.00000000
2009-05-20,-0.00480000,0.00010000,-0.01180000,0.00000000
2009-05-21,-0.01680000,-0.00120000,0.00400000,0.00000000
2009-05-22,-0.00150000,-0.00360000,-0.00600000,0.00000000
2009-05-26,0.02790000,0.01550000,0.00660000,0.00000000
2009-05-27,-0.01800000,0.00240000,-0.01230000,0.00000000
2009-05-28,0.01340000,-0.01370000,0.00560000,0.00000000
2009-05-29,0.01380000,0.00550000,-0.00180000,0.00000000
2009-06-01,0.02730000,0.01600000,-0.00790000,0.00000000
2009-06-02,0.00290000,0.00840000,-0.00220000,0.00000000
2009-06-03,-0.01390000,0.00820000,-0.00820000,0.00000000
2009-06-04,0.01180000,0.00130000,0.01250000,0.00000000
2009-06-05,-0.00190000,0.00150000,-0.00600000,0.00000000
2009-06-08,-0.00200000,-0.01000000,0.00580000,0.00000000
2009-06-09,0.00490000,0.00340000,-0.00250000,0.00000000
2009-06-10,-0.00350000,-0.00340000,-0.00450000,0.00000000
2009-06-11,0.00630000,-0.00240000,0.00330000,0.00000000
2009-06-12,0.00030000,-0.00160000,-0.00030000,0.00000000
2009-06-15,-0.02380000,-0.00290000,-0.00360000,0.00000000
2009-06-16,-0.01330000,-0.00100000,-0.00330000,0.00000000
2009-06-17,-0.00080000,0.00980000,-0.01020000,0.00000000
2009-06-18,0.00740000,-0.00660000,0.00410000,0.00000000
2009-06-19,0.00350000,0.00280000,0.00150000,0.00000000
2009-06-22,-0.03070000,-0.00360000,-0.00790000,0.00000000
2009-06-23,0.00080000,-0.01120000,0.00180000,0.00000000
2009-06-24,0.00780000,0.00250000,-0.00150000,0.00000000
2009-06-25,0.02190000,0.00790000,-0.00010000,0.00000000
2009-06-26,0.00030000,0.01560000,0.00130000,0.00000000
2009-06-29,0.00820000,-0.01080000,0.00390000,0.00000000
2009-06-30,-0.00740000,0.00240000,-0.00200000,0.00000000
2009-07-01,0.00550000,0.01490000,0.00200000,0.00000000
2009-07-02,-0.02900000,-0.00640000,-0.01110000,0.00000000
2009-07-06,-0.00030000,-0.00890000,-0.00950000,0.00000000
2009-07-07,-0.01920000,0.00000000,-0.00150000,0.00000000
2009-07-08,-0.00190000,-0.00600000,-0.01100000,0.00000000
2009-07-09,0.00350000,-0.00610000,0.01250000,0.00000000
2009-07-10,-0.00340000,0.00920000,-0.00530000,0.00000000
2009-07-13,0.02430000,-0.00640000,0.01780000,0.00000000
2009-07-14,0.00590000,0.00290000,0.00620000,0.00000000
2009-07-15,0.02980000,0.00540000,0.01370000,0.00000000
2009-07-16,0.00940000,0.00470000,-0.00150000,0.00000000
2009-07-17,-0.00050000,-0.00230000,-0.00110000,0.00000000
2009-07-20,0.01190000,0.00290000,0.00350000,0.00000000
2009-07-21,0.00310000,-0.00540000,-0.00820000,0.00000000
2009-07-22,0.00080000,0.00580000,0.00390000,0.00000000
2009-07-23,0.02370000,0.00620000,0.01020000,0.00000000
2009-07-24,0.00380000,0.00310000,0.00090000,0.00000000
2009-07-27,0.00290000,0.00100000,0.00980000,0.00000000
2009-07-28,-0.00200000,0.00260000,-0.00300000,0.00000000
2009-07-29,-0.00460000,-0.00090000,-0.00840000,0.00000000
2009-07-30,0.01240000,0.00270000,0.01460000,0.00000000
2009-07-31,0.00050000,-0.00240000,0.01230000,0.00000000
2009-08-03,0.01630000,0.00030000,0.01680000,0.00000000
2009-08-04,0.00320000,0.00410000,0.00780000,0.00000000
2009-08-05,-0.00310000,-0.01120000,0.01690000,0.00000000
2009-08-06,-0.00620000,-0.01000000,0.00070000,0.00000000
2009-08-07,0.01440000,0.00970000,0.01200000,0.00000000
2009-08-10,-0.00320000,0.00480000,0.00300000,0.00000000
2009-08-11,-0.01250000,-0.00050000,-0.01210000,0.00000000
2009-08-12,0.01210000,0.00440000,0.00510000,0.00000000
2009-08-13,0.00730000,-0.00330000,0.01100000,0.00000000
2009-08-14,-0.00970000,-0.01220000,-0.00260000,0.00000000
2009-08-17,-0.02460000,-0.00110000,-0.01690000,0.00000000
2009-08-18,0.01110000,0.00410000,0.01240000,0.00000000
2009-08-19,0.00720000,0.00450000,-0.00430000,0.00000000
2009-08-20,0.01000000,-0.00060000,0.00820000,0.00000000
2009-08-21,0.01830000,0.00360000,0.00720000,0.00000000
2009-08-24,-0.00090000,0.00060000,-0.00320000,0.00000000
2009-08-25,0.00270000,0.00170000,0.00690000,0.00000000
2009-08-26,-0.00010000,0.00150000,0.00090000,0.00000000
2009-08-27,0.00210000,-0.00160000,0.00550000,0.00000000
2009-08-28,-0.00190000,-0.00410000,0.00560000,0.00000000
2009-08-31,-0.00860000,-0.00460000,-0.00630000,0.00000000
2009-09-01,-0.02150000,0.00110000,-0.02060000,0.00000000
2009-09-02,-0.00280000,0.00120000,-0.00700000,0.00000000
2009-09-03,0.00930000,0.00020000,0.01120000,0.00000000
2009-09-04,0.01310000,0.00220000,0.00250000,0.00000000
2009-09-08,0.00890000,0.00190000,0.00090000,0.00000000
2009-09-09,0.00900000,0.00800000,0.00690000,0.00000000
2009-09-10,0.01080000,0.00450000,0.00930000,0.00000000
2009-09-11,-0.00100000,0.00130000,-0.00050000,0.00000000
2009-09-14,0.00650000,0.00070000,0.00610000,0.00000000
2009-09-15,0.00440000,0.00550000,0.00570000,0.00000000
2009-09-16,0.01540000,0.00380000,0.01310000,0.00000000
2009-09-17,-0.00300000,-0.00010000,-0.00280000,0.00000000
2009-09-18,0.00230000,0.00130000,-0.00180000,0.00000000
2009-09-21,-0.00270000,-0.00150000,-0.00650000,0.00000000
2009-09-22,0.00660000,-0.00090000,0.01480000,0.00000000
2009-09-23,-0.01000000,0.00150000,-0.00890000,0.00000000
2009-09-24,-0.01060000,-0.00610000,-0.01330000,0.00000000
2009-09-25,-0.00640000,0.00180000,-0.00500000,0.00000000
2009-09-28,0.01780000,0.00340000,0.01100000,0.00000000
2009-09-29,-0.00120000,-0.00050000,0.00380000,0.00000000
2009-09-30,-0.00400000,-0.00570000,-0.00620000,0.00000000
2009-10-01,-0.02580000,-0.00600000,-0.01380000,0.00000000
2009-10-02,-0.00520000,-0.00290000,-0.00140000,0.00000000
2009-10-05,0.01490000,0.00050000,0.01810000,0.00000000
2009-10-06,0.01400000,0.00540000,0.00260000,0.00000000
2009-10-07,0.00260000,-0.00380000,0.00570000,0.00000000
2009-10-08,0.00840000,0.00240000,0.00420000,0.00000000
2009-10-09,0.00580000,0.00620000,-0.00250000,0.00000000
2009-10-12,0.00360000,-0.00540000,0.00350000,0.00000000
2009-10-13,-0.00210000,0.00130000,-0.00160000,0.00000000
2009-10-14,0.01700000,0.00040000,0.01170000,0.00000000
2009-10-15,0.00350000,-0.00250000,-0.00420000,0.00000000
2009-10-16,-0.00800000,0.00010000,-0.01260000,0.00000000
2009-10-19,0.00940000,0.00050000,0.00010000,0.00000000
2009-10-20,-0.00710000,-0.00730000,-0.00550000,0.00000000
2009-10-21,-0.00870000,-0.00080000,-0.00540000,0.00000000
2009-10-22,0.01030000,0.00020000,0.00650000,0.00000000
2009-10-23,-0.01230000,-0.00800000,-0.01020000,0.00000000
2009-10-26,-0.01180000,0.00010000,-0.01340000,0.00000000
2009-10-27,-0.00520000,-0.00610000,-0.00610000,0.00000000
2009-10-28,-0.02150000,-0.01470000,-0.01340000,0.00000000
2009-10-29,0.02170000,-0.00290000,0.01690000,0.00000000
2009-10-30,-0.02750000,-0.00050000,-0.01930000,0.00000000
2009-11-02,0.00520000,-0.00820000,-0.00300000,0.00000000
2009-11-03,0.00460000,0.01020000,0.00800000,0.00000000
2009-11-04,0.00070000,-0.01040000,-0.00530000,0.00000000
2009-11-05,0.02040000,0.01160000,0.00640000,0.00000000
2009-11-06,0.00260000,-0.00230000,-0.00490000,0.00000000
2009-11-09,0.02170000,-0.00440000,0.01340000,0.00000000
2009-11-10,-0.00040000,-0.00810000,-0.00080000,0.00000000
2009-11-11,0.00530000,0.00320000,0.00310000,0.00000000
2009-11-12,-0.01100000,-0.00870000,-0.00770000,0.00000000
2009-11-13,0.00630000,0.00350000,-0.00040000,0.00000000
2009-11-16,0.01560000,0.01300000,0.00170000,0.00000000
2009-11-17,0.00140000,-0.00190000,-0.00070000,0.00000000
2009-11-18,-0.00140000,-0.00460000,0.00450000,0.00000000
2009-11-19,-0.01380000,-0.00760000,-0.00620000,0.00000000
2009-11-20,-0.00330000,0.00220000,-0.00440000,0.00000000
2009-11-23,0.01300000,0.00410000,-0.00100000,0.00000000
2009-11-24,-0.00070000,-0.00110000,-0.00500000,0.00000000
2009-11-25,0.00480000,-0.00440000,0.00120000,0.00000000
2009-11-27,-0.01740000,-0.00540000,-0.00810000,0.00000000
2009-11-30,0.00250000,-0.00370000,0.00740000,0.00000000
2009-12-01,0.01300000,0.00610000,-0.00280000,0.00000000
2009-12-02,0.00200000,0.01050000,-0.00360000,0.00000000
2009-12-03,-0.00860000,-0.00270000,-0.00330000,0.00000000
2009-12-04,0.00700000,0.01560000,0.00770000,0.00000000
2009-12-07,-0.00140000,0.00520000,-0.00260000,0.00000000
2009-12-08,-0.00980000,0.00060000,-0.00140000,0.00000000
2009-12-09,0.00330000,-0.00190000,-0.00020000,0.00000000
2009-12-10,0.00500000,-0.00980000,-0.00100000,0.00000000
2009-12-11,0.00440000,0.00270000,0.00490000,0.00000000
2009-12-14,0.00780000,0.00620000,0.00330000,0.00000000
2009-12-15,-0.00460000,0.00270000,-0.00590000,0.00000000
2009-12-16,0.00180000,0.00430000,0.00710000,0.00000000
2009-12-17,-0.01160000,0.00230000,-0.00340000,0.00000000
2009-12-18,0.00670000,0.00240000,0.00190000,0.00000000
2009-12-21,0.01020000,0.00180000,0.00290000,0.00000000
2009-12-22,0.00430000,0.00590000,-0.00100000,0.00000000
2009-12-23,0.00380000,0.00900000,-0.00390000,0.00000000
2009-12-24,0.00500000,-0.00090000,0.00190000,0.00000000
2009-12-28,0.00090000,-0.00100000,-0.00290000,0.00000000
2009-12-29,-0.00090000,0.00110000,-0.00090000,0.00000000
2009-12-30,-0.00010000,-0.00040000,-0.00100000,0.00000000
2009-12-31,-0.01010000,-0.00210000,0.00390000,0.00000000
2010-01-04,0.01690000,0.00610000,0.01140000,0.00000000
2010-01-05,0.00310000,-0.00640000,0.01220000,0.00000000
2010-01-06,0.00130000,-0.00230000,0.00550000,0.00000000
2010-01-07,0.00400000,0.00090000,0.00960000,0.00000000
2010-01-08,0.00330000,0.00360000,0.00020000,0.00000000
2010-01-11,0.00130000,-0.00130000,-0.00260000,0.00000000
2010-01-12,-0.01000000,-0.00170000,-0.01280000,0.00000000
2010-01-13,0.00850000,0.00270000,0.00310000,0.00000000
2010-01-14,0.00240000,0.00290000,0.00080000,0.00000000
2010-01-15,-0.01110000,-0.00120000,-0.00390000,0.00000000
2010-01-19,0.01260000,0.00490000,-0.00200000,0.00000000
2010-01-20,-0.00980000,-0.00590000,0.00220000,0.00000000
2010-01-21,-0.01740000,0.00400000,-0.01090000,0.00000000
2010-01-22,-0.02130000,0.00610000,-0.00900000,0.00000000
2010-01-25,0.00370000,-0.00220000,0.00340000,0.00000000
2010-01-26,-0.00450000,-0.00100000,-0.00450000,0.00000000
2010-01-27,0.00530000,0.00260000,0.00200000,0.00000000
2010-01-28,-0.01180000,-0.00670000,0.00420000,0.00000000
2010-01-29,-0.00970000,-0.00050000,-0.00420000,0.00000000
2010-02-01,0.01390000,-0.00220000,0.00890000,0.00000000
2010-02-02,0.01210000,-0.00400000,0.00640000,0.00000000
2010-02-03,-0.00490000,0.00050000,-0.00370000,0.00000000
2010-02-04,-0.03140000,-0.00120000,-0.01190000,0.00000000
2010-02-05,0.00290000,0.00000000,0.00010000,0.00000000
2010-02-08,-0.00790000,0.00050000,-0.00380000,0.00000000
2010-02-09,0.01330000,0.00320000,0.00570000,0.00000000
2010-02-10,-0.00170000,0.00260000,0.00300000,0.00000000
2010-02-11,0.01130000,0.00730000,0.00060000,0.00000000
2010-02-12,-0.00070000,0.00980000,0.00140000,0.00000000
2010-02-16,0.01750000,-0.00310000,0.01020000,0.00000000
2010-02-17,0.00490000,0.00100000,0.00100000,0.00000000
2010-02-18,0.00620000,0.00080000,0.00020000,0.00000000
2010-02-19,0.00280000,0.00050000,0.00480000,0.00000000
2010-02-22,-0.00050000,-0.00060000,0.00600000,0.00000000
2010-02-23,-0.01240000,0.00320000,-0.00940000,0.00000000
2010-02-24,0.00940000,-0.00370000,0.00550000,0.00000000
2010-02-25,-0.00130000,0.00220000,0.00270000,0.00000000
2010-02-26,0.00120000,-0.00560000,0.00400000,0.00000000
2010-03-01,0.01200000,0.01200000,0.00050000,0.00000000
2010-03-02,0.00320000,0.00610000,0.00170000,0.00000000
2010-03-03,0.00090000,0.00160000,0.00090000,0.00000000
2010-03-04,0.00370000,0.00120000,0.00200000,0.00000000
2010-03-05,0.01430000,0.00410000,0.00620000,0.00000000
2010-03-08,0.00020000,0.00100000,0.00300000,0.00000000
2010-03-09,0.00210000,0.00260000,-0.00090000,0.00000000
2010-03-10,0.00540000,0.00070000,0.00710000,0.00000000
2010-03-11,0.00430000,-0.00080000,-0.00090000,0.00000000
2010-03-12,-0.00020000,0.00030000,-0.00250000,0.00000000
2010-03-15,-0.00020000,-0.00310000,-0.00500000,0.00000000
2010-03-16,0.00780000,-0.00150000,0.00570000,0.00000000
2010-03-17,0.00570000,0.00050000,0.00370000,0.00000000
2010-03-18,-0.00100000,-0.00150000,-0.00590000,0.00000000
2010-03-19,-0.00610000,-0.00610000,-0.00620000,0.00000000
2010-03-22,0.00670000,0.00870000,0.00030000,0.00000000
2010-03-23,0.00800000,0.00330000,0.00340000,0.00000000
2010-03-24,-0.00600000,-0.00620000,0.00790000,0.00000000
2010-03-25,-0.00260000,-0.00450000,-0.00260000,0.00000000
2010-03-26,0.00060000,-0.00110000,0.00270000,0.00000000
2010-03-29,0.00590000,-0.00100000,0.00200000,0.00000000
2010-03-30,0.00040000,0.00290000,-0.00430000,0.00000000
2010-03-31,-0.00360000,-0.00510000,0.00200000,0.00000000
2010-04-01,0.00750000,-0.00050000,0.00790000,0.00000000
2010-04-05,0.00950000,0.01050000,0.00850000,0.00000000
2010-04-06,0.00190000,0.00250000,0.00470000,0.00000000
2010-04-07,-0.00480000,0.00190000,0.00270000,0.00000000
2010-04-08,0.00310000,-0.00290000,0.00350000,0.00000000
2010-04-09,0.00660000,-0.00150000,0.00170000,0.00000000
2010-04-12,0.00230000,0.00260000,0.00070000,0.00000000
2010-04-13,0.00070000,0.00160000,-0.00060000,0.00000000
2010-04-14,0.01240000,0.00860000,0.01430000,0.00000000
2010-04-15,0.00110000,0.00580000,-0.00030000,0.00000000
2010-04-16,-0.01530000,0.00840000,-0.01870000,0.00000000
2010-04-19,0.00280000,-0.00870000,-0.00040000,0.00000000
2010-04-20,0.00880000,0.00640000,0.00590000,0.00000000
2010-04-21,-0.00060000,0.00720000,0.00190000,0.00000000
2010-04-22,0.00370000,0.00800000,0.00530000,0.00000000
2010-04-23,0.00700000,0.00330000,0.00600000,0.00000000
2010-04-26,-0.00430000,0.00480000,-0.00380000,0.00000000
2010-04-27,-0.02340000,0.00120000,-0.01360000,0.00000000
2010-04-28,0.00560000,-0.00720000,0.00700000,0.00000000
2010-04-29,0.01340000,0.00430000,0.00540000,0.00000000
2010-04-30,-0.01720000,-0.00970000,-0.00860000,0.00000000
2010-05-03,0.01360000,0.00630000,0.00590000,0.00000000
2010-05-04,-0.02500000,-0.00550000,-0.00920000,0.00000000
2010-05-05,-0.00750000,-0.00740000,-0.00600000,0.00000000
2010-05-06,-0.03270000,-0.00260000,-0.00910000,0.00000000
2010-05-07,-0.01750000,-0.01300000,-0.00510000,0.00000000
2010-05-10,0.04470000,0.00930000,0.01230000,0.00000000
2010-05-11,-0.00170000,0.01140000,-0.00160000,0.00000000
2010-05-12,0.01630000,0.01470000,0.00150000,0.00000000
2010-05-13,-0.01120000,0.00320000,-0.00330000,0.00000000
2010-05-14,-0.01910000,-0.00250000,-0.00750000,0.00000000
2010-05-17,0.00110000,0.00070000,-0.00590000,0.00000000
2010-05-18,-0.01410000,-0.00220000,-0.00960000,0.00000000
2010-05-19,-0.00630000,-0.00940000,0.00040000,0.00000000
2010-05-20,-0.03990000,-0.00900000,-0.01200000,0.00000000
2010-05-21,0.01430000,-0.00460000,0.01570000,0.00000000
2010-05-24,-0.01190000,0.00300000,-0.00890000,0.00000000
2010-05-25,-0.00030000,-0.00480000,0.00560000,0.00000000
2010-05-26,-0.00350000,0.00830000,0.00400000,0.00000000
2010-05-27,0.03440000,0.00620000,0.01630000,0.00000000
2010-05-28,-0.01180000,0.00110000,-0.00690000,0.00000000
2010-06-01,-0.01890000,-0.01010000,-0.01630000,0.00000000
2010-06-02,0.02630000,0.00170000,0.00420000,0.00000000
2010-06-03,0.00540000,0.00720000,-0.00280000,0.00000000
2010-06-04,-0.03620000,-0.01210000,-0.00680000,0.00000000
2010-06-07,-0.01520000,-0.01100000,-0.01000000,0.00000000
2010-06-08,0.00910000,-0.01420000,0.00120000,0.00000000
2010-06-09,-0.00460000,0.00750000,-0.00200000,0.00000000
2010-06-10,0.02950000,0.00370000,0.00890000,0.00000000
2010-06-11,0.00610000,0.00960000,0.00030000,0.00000000
2010-06-14,-0.00060000,0.00640000,-0.00010000,0.00000000
2010-06-15,0.02360000,0.00060000,0.00910000,0.00000000
2010-06-16,-0.00110000,-0.00180000,-0.00320000,0.00000000
2010-06-17,0.00080000,-0.00150000,-0.00500000,0.00000000
2010-06-18,0.00130000,-0.00010000,0.00220000,0.00000000
2010-06-21,-0.00470000,-0.00520000,-0.00050000,0.00000000
2010-06-22,-0.01630000,-0.00340000,-0.00740000,0.00000000
2010-06-23,-0.00290000,-0.00030000,0.00230000,0.00000000
2010-06-24,-0.01650000,0.00140000,-0.00890000,0.00000000
2010-06-25,0.00480000,0.01030000,0.01060000,0.00000000
2010-06-28,-0.00230000,-0.00020000,-0.00770000,0.00000000
2010-06-29,-0.03230000,-0.00660000,-0.01280000,0.00000000
2010-06-30,-0.00980000,0.00040000,-0.00330000,0.00000000
2010-07-01,-0.00400000,-0.00320000,-0.00400000,0.00000000
2010-07-02,-0.00490000,-0.00300000,-0.00450000,0.00000000
2010-07-06,0.00340000,-0.01970000,0.00080000,0.00000000
2010-07-07,0.03170000,0.00090000,0.00360000,0.00000000
2010-07-08,0.01000000,0.00560000,0.00030000,0.00000000
2010-07-09,0.00810000,0.00680000,0.00580000,0.00000000
2010-07-12,-0.00110000,-0.01150000,0.00070000,0.00000000
2010-07-13,0.01770000,0.01630000,0.00580000,0.00000000
2010-07-14,-0.00040000,-0.00140000,-0.00830000,0.00000000
2010-07-15,0.00020000,-0.00860000,-0.00160000,0.00000000
2010-07-16,-0.02940000,-0.00530000,-0.00960000,0.00000000
2010-07-19,0.00540000,-0.00170000,-0.00180000,0.00000000
2010-07-20,0.01230000,0.00660000,0.00030000,0.00000000
2010-07-21,-0.01300000,-0.00440000,-0.00360000,0.00000000
2010-07-22,0.02370000,0.01220000,0.00590000,0.00000000
2010-07-23,0.01050000,0.01480000,-0.00330000,0.00000000
2010-07-26,0.01230000,0.00880000,0.00150000,0.00000000
2010-07-27,-0.00230000,-0.00300000,0.00310000,0.00000000
2010-07-28,-0.00830000,-0.00890000,0.00040000,0.00000000
2010-07-29,-0.00360000,0.00260000,0.00670000,0.00000000
2010-07-30,0.00060000,0.00040000,-0.00220000,0.00000000
2010-08-02,0.02090000,-0.00500000,0.00080000,0.00000000
2010-08-03,-0.00550000,-0.00410000,-0.00470000,0.00000000
2010-08-04,0.00740000,0.00450000,-0.00090000,0.00000000
2010-08-05,-0.00220000,-0.00850000,0.00120000,0.00000000
2010-08-06,-0.00360000,-0.00190000,-0.00310000,0.00000000
2010-08-09,0.00620000,0.00560000,0.00180000,0.00000000
2010-08-10,-0.00780000,-0.01240000,-0.00190000,0.00000000
2010-08-11,-0.02910000,-0.01080000,-0.00620000,0.00000000
2010-08-12,-0.00500000,-0.00030000,-0.00080000,0.00000000
2010-08-13,-0.00460000,-0.00810000,0.00270000,0.00000000
2010-08-16,0.00100000,0.00950000,-0.00200000,0.00000000
2010-08-17,0.01310000,0.00540000,-0.00180000,0.00000000
2010-08-18,0.00210000,0.00090000,0.00040000,0.00000000
2010-08-19,-0.01740000,-0.00840000,-0.00400000,0.00000000
2010-08-20,-0.00280000,0.00310000,-0.00250000,0.00000000
2010-08-23,-0.00500000,-0.00950000,-0.00400000,0.00000000
2010-08-24,-0.01480000,0.00150000,0.00220000,0.00000000
2010-08-25,0.00450000,0.01040000,0.00010000,0.00000000
2010-08-26,-0.00760000,-0.00110000,-0.00220000,0.00000000
2010-08-27,0.01820000,0.00940000,0.00350000,0.00000000
2010-08-30,-0.01540000,-0.00850000,-0.00400000,0.00000000
2010-08-31,0.00010000,-0.00250000,0.00780000,0.00000000
2010-09-01,0.03050000,0.00620000,0.00450000,0.00000000
2010-09-02,0.00970000,0.00260000,-0.00370000,0.00000000
2010-09-03,0.01350000,0.00380000,0.00170000,0.00000000
2010-09-07,-0.01230000,-0.00790000,-0.00750000,0.00000000
2010-09-08,0.00650000,0.00080000,0.00110000,0.00000000
2010-09-09,0.00440000,-0.00460000,0.00500000,0.00000000
2010-09-10,0.00450000,-0.00130000,-0.00110000,0.00000000
2010-09-13,0.01300000,0.01180000,0.00150000,0.00000000
2010-09-14,-0.00060000,-0.00240000,-0.00500000,0.00000000
2010-09-15,0.00360000,0.00130000,-0.00190000,0.00000000
2010-09-16,-0.00070000,-0.00500000,-0.00690000,0.00000000
2010-09-17,0.00150000,0.00570000,-0.00490000,0.00000000
2010-09-20,0.01600000,0.01170000,0.00180000,0.00000000
2010-09-21,-0.00310000,-0.00310000,-0.00260000,0.00000000
2010-09-22,-0.00520000,-0.00570000,-0.00580000,0.00000000
2010-09-23,-0.00780000,-0.00080000,-0.00660000,0.00000000
2010-09-24,0.02190000,0.00960000,0.00550000,0.00000000
2010-09-27,-0.00460000,0.00170000,-0.00460000,0.00000000
2010-09-28,0.00570000,0.00490000,0.00150000,0.00000000
2010-09-29,-0.00170000,0.00620000,-0.00200000,0.00000000
2010-09-30,-0.00260000,0.00030000,0.00330000,0.00000000
2010-10-01,0.00430000,-0.00010000,0.00160000,0.00000000
2010-10-04,-0.00880000,-0.00670000,-0.00100000,0.00000000
2010-10-05,0.02110000,0.00770000,0.00180000,0.00000000
2010-10-06,-0.00110000,-0.00350000,0.00420000,0.00000000
2010-10-07,-0.00160000,0.00030000,-0.00260000,0.00000000
2010-10-08,0.00740000,0.00940000,-0.00150000,0.00000000
2010-10-11,0.00040000,0.00090000,-0.00250000,0.00000000
2010-10-12,0.00390000,-0.00040000,0.00190000,0.00000000
2010-10-13,0.00780000,0.00850000,-0.00260000,0.00000000
2010-10-14,-0.00380000,0.00360000,-0.00320000,0.00000000
2010-10-15,0.00180000,-0.00170000,-0.01130000,0.00000000
2010-10-18,0.00690000,0.00100000,0.00850000,0.00000000
2010-10-19,-0.01670000,-0.00700000,0.00240000,0.00000000
2010-10-20,0.01060000,0.00030000,0.00070000,0.00000000
2010-10-21,0.00110000,-0.00550000,-0.00480000,0.00000000
2010-10-22,0.00290000,0.00440000,-0.00400000,0.00000000
2010-10-25,0.00310000,0.00430000,-0.00450000,0.00000000
2010-10-26,0.00020000,0.00010000,-0.00220000,0.00000000
2010-10-27,-0.00240000,-0.00160000,-0.00280000,0.00000000
2010-10-28,0.00080000,-0.00620000,-0.00080000,0.00000000
2010-10-29,0.00070000,0.00350000,-0.00130000,0.00000000
2010-11-01,-0.00010000,-0.00650000,-0.00190000,0.00000000
2010-11-02,0.00900000,0.01300000,-0.00150000,0.00000000
2010-11-03,0.00380000,-0.00030000,0.00150000,0.00000000
2010-11-04,0.01940000,0.00540000,0.00930000,0.00000000
2010-11-05,0.00410000,-0.00060000,0.00550000,0.00000000
2010-11-08,-0.00120000,0.00430000,-0.00460000,0.00000000
2010-11-09,-0.00780000,-0.00400000,-0.00470000,0.00000000
2010-11-10,0.00530000,0.00580000,0.00560000,0.00000000
2010-11-11,-0.00350000,-0.00100000,-0.00120000,0.00000000
2010-11-12,-0.01290000,-0.00460000,-0.00060000,0.00000000
2010-11-15,-0.00090000,0.00220000,0.00260000,0.00000000
2010-11-16,-0.01570000,-0.00330000,-0.00110000,0.00000000
2010-11-17,0.00070000,0.00340000,-0.00260000,0.00000000
2010-11-18,0.01580000,0.00310000,-0.00300000,0.00000000
2010-11-19,0.00310000,0.00180000,-0.00190000,0.00000000
2010-11-22,-0.00020000,0.00570000,-0.00900000,0.00000000
2010-11-23,-0.01380000,0.00480000,-0.00240000,0.00000000
2010-11-24,0.01600000,0.00660000,0.00050000,0.00000000
2010-11-26,-0.00670000,0.00280000,-0.00330000,0.00000000
2010-11-29,-0.00130000,0.00020000,0.00390000,0.00000000
2010-11-30,-0.00600000,-0.00220000,0.00050000,0.00000000
2010-12-01,0.02120000,-0.00090000,0.00020000,0.00000000
2010-12-02,0.01230000,-0.00290000,0.00580000,0.00000000
2010-12-03,0.00350000,0.00410000,0.00040000,0.00000000
2010-12-06,-0.00030000,0.00780000,-0.00090000,0.00000000
2010-12-07,0.00100000,0.00300000,0.00120000,0.00000000
2010-12-08,0.00320000,-0.00500000,0.00610000,0.00000000
2010-12-09,0.00420000,-0.00020000,0.00590000,0.00000000
2010-12-10,0.00670000,0.00460000,0.00180000,0.00000000
2010-12-13,-0.00080000,-0.00570000,0.00040000,0.00000000
2010-12-14,0.00090000,-0.00090000,-0.00050000,0.00000000
2010-12-15,-0.00490000,0.00210000,-0.00540000,0.00000000
2010-12-16,0.00700000,0.00400000,-0.00080000,0.00000000
2010-12-17,0.00150000,0.00120000,-0.00120000,0.00000000
2010-12-20,0.00230000,-0.00010000,0.00300000,0.00000000
2010-12-21,0.00680000,0.00390000,0.00700000,0.00000000
2010-12-22,0.00290000,-0.00310000,0.00720000,0.00000000
2010-12-23,-0.00160000,0.00110000,-0.00320000,0.00000000
2010-12-27,0.00080000,0.00240000,0.00430000,0.00000000
2010-12-28,0.00000000,-0.00440000,0.00190000,0.00000000
2010-12-29,0.00170000,0.00100000,-0.00120000,0.00000000
2010-12-30,-0.00110000,0.00140000,-0.00040000,0.00000000
2010-12-31,-0.00100000,-0.00630000,0.00220000,0.00000000
2011-01-03,0.01180000,0.00530000,0.00720000,0.00000000
2011-01-04,-0.00260000,-0.01320000,-0.00020000,0.00000000
2011-01-05,0.00600000,0.00610000,0.00120000,0.00000000
2011-01-06,-0.00150000,-0.00070000,-0.00330000,0.00000000
2011-01-07,-0.00210000,-0.00290000,-0.00210000,0.00000000
2011-01-10,-0.00020000,0.00510000,-0.00140000,0.00000000
2011-01-11,0.00390000,0.00120000,0.00190000,0.00000000
2011-01-12,0.00870000,-0.00020000,0.00210000,0.00000000
2011-01-13,-0.00180000,0.00140000,-0.00330000,0.00000000
2011-01-14,0.00690000,0.00020000,0.00600000,0.00000000
2011-01-18,0.00180000,0.00090000,-0.00530000,0.00000000
2011-01-19,-0.01240000,-0.01380000,-0.00490000,0.00000000
2011-01-20,-0.00290000,-0.00970000,0.00580000,0.00000000
2011-01-21,0.00110000,-0.00880000,0.00560000,0.00000000
2011-01-24,0.00660000,0.00270000,-0.00230000,0.00000000
2011-01-25,0.00020000,0.00000000,0.00130000,0.00000000
2011-01-26,0.00600000,0.01390000,-0.00220000,0.00000000
2011-01-27,0.00270000,-0.00110000,0.00360000,0.00000000
2011-01-28,-0.01880000,-0.00850000,-0.00070000,0.00000000
2011-01-31,0.00720000,0.00020000,-0.00290000,0.00000000
2011-02-01,0.01750000,0.00480000,0.00500000,0.00000000
2011-02-02,-0.00260000,-0.00040000,-0.00370000,0.00000000
2011-02-03,0.00260000,-0.00050000,-0.00030000,0.00000000
2011-02-04,0.00290000,0.00000000,-0.00430000,0.00000000
2011-02-07,0.00700000,0.00280000,0.00560000,0.00000000
2011-02-08,0.00480000,0.00230000,-0.00020000,0.00000000
2011-02-09,-0.00310000,-0.00220000,-0.00040000,0.00000000
2011-02-10,0.00120000,0.00360000,-0.00350000,0.00000000
2011-02-11,0.00670000,0.00420000,0.00450000,0.00000000
2011-02-14,0.00300000,0.00210000,-0.00140000,0.00000000
2011-02-15,-0.00380000,-0.00340000,0.00250000,0.00000000
2011-02-16,0.00680000,0.00390000,0.00180000,0.00000000
2011-02-17,0.00370000,0.00340000,0.00220000,0.00000000
2011-02-18,0.00120000,-0.00100000,0.00050000,0.00000000
2011-02-22,-0.02190000,-0.00570000,-0.00220000,0.00000000
2011-02-23,-0.00780000,-0.01140000,0.00390000,0.00000000
2011-02-24,0.00040000,0.00730000,-0.00360000,0.00000000
2011-02-25,0.01220000,0.01000000,0.00240000,0.00000000
2011-02-28,0.00420000,-0.00460000,0.00280000,0.00000000
2011-03-01,-0.01580000,-0.00330000,-0.00050000,0.00000000
2011-03-02,0.00280000,0.00300000,-0.00250000,0.00000000
2011-03-03,0.01760000,0.00430000,-0.00050000,0.00000000
2011-03-04,-0.00670000,0.00270000,-0.00530000,0.00000000
2011-03-07,-0.00960000,-0.00740000,0.00090000,0.00000000
2011-03-08,0.00970000,0.00480000,0.00630000,0.00000000
2011-03-09,-0.00180000,-0.00260000,0.00320000,0.00000000
2011-03-10,-0.01930000,-0.00750000,-0.00300000,0.00000000
2011-03-11,0.00690000,-0.00320000,0.00130000,0.00000000
2011-03-14,-0.00590000,0.00110000,-0.00390000,0.00000000
2011-03-15,-0.01050000,0.00280000,-0.00140000,0.00000000
2011-03-16,-0.01770000,0.00630000,-0.00110000,0.00000000
2011-03-17,0.01120000,-0.00810000,0.00570000,0.00000000
2011-03-18,0.00490000,0.00620000,0.00090000,0.00000000
2011-03-21,0.01580000,0.00930000,-0.00170000,0.00000000
2011-03-22,-0.00340000,-0.00080000,-0.00050000,0.00000000
2011-03-23,0.00310000,0.00160000,-0.00470000,0.00000000
2011-03-24,0.00960000,-0.00100000,-0.00400000,0.00000000
2011-03-25,0.00410000,0.00410000,-0.00020000,0.00000000
2011-03-28,-0.00350000,0.00040000,-0.00260000,0.00000000
2011-03-29,0.00730000,0.00250000,-0.00230000,0.00000000
2011-03-30,0.00790000,0.00430000,0.00070000,0.00000000
2011-03-31,-0.00110000,0.00590000,-0.00280000,0.00000000
2011-04-01,0.00520000,-0.00120000,0.00210000,0.00000000
2011-04-04,0.00090000,0.00270000,-0.00150000,0.00000000
2011-04-05,0.00080000,0.00500000,-0.00260000,0.00000000
2011-04-06,0.00200000,-0.00150000,0.00570000,0.00000000
2011-04-07,-0.00200000,-0.00210000,-0.00200000,0.00000000
2011-04-08,-0.00470000,-0.00570000,-0.00250000,0.00000000
2011-04-11,-0.00390000,-0.00620000,-0.00080000,0.00000000
2011-04-12,-0.00840000,-0.00670000,0.00060000,0.00000000
2011-04-13,0.00110000,0.00130000,-0.00690000,0.00000000
2011-04-14,0.00000000,0.00300000,-0.00230000,0.00000000
2011-04-15,0.00440000,0.00560000,-0.00080000,0.00000000
2011-04-18,-0.01150000,-0.00390000,-0.00280000,0.00000000
2011-04-19,0.00510000,-0.00330000,-0.00250000,0.00000000
2011-04-20,0.01460000,0.00570000,-0.00510000,0.00000000
2011-04-21,0.00560000,0.00300000,-0.00060000,0.00000000
2011-04-25,-0.00150000,-0.00040000,-0.00040000,0.00000000
2011-04-26,0.00890000,0.00140000,-0.00030000,0.00000000
2011-04-27,0.00660000,-0.00090000,-0.00250000,0.00000000
2011-04-28,0.00320000,-0.00120000,0.00160000,0.00000000
2011-04-29,0.00290000,0.00190000,-0.00030000,0.00000000
2011-05-02,-0.00280000,-0.00920000,-0.00160000,0.00000000
2011-05-03,-0.00500000,-0.00970000,0.00330000,0.00000000
2011-05-04,-0.00740000,-0.00560000,-0.00070000,0.00000000
2011-05-05,-0.00820000,0.00510000,-0.00340000,0.00000000
2011-05-06,0.00450000,0.00010000,-0.00130000,0.00000000
2011-05-09,0.00550000,0.00660000,-0.00480000,0.00000000
2011-05-10,0.00860000,0.00650000,0.00280000,0.00000000
2011-05-11,-0.01090000,-0.00630000,-0.00380000,0.00000000
2011-05-12,0.00520000,0.00350000,-0.00400000,0.00000000
2011-05-13,-0.00880000,-0.00470000,-0.00270000,0.00000000
2011-05-16,-0.00770000,-0.01020000,0.00430000,0.00000000
2011-05-17,-0.00110000,-0.00410000,0.00070000,0.00000000
2011-05-18,0.01020000,0.00640000,-0.00290000,0.00000000
2011-05-19,0.00220000,-0.00060000,-0.00070000,0.00000000
2011-05-20,-0.00730000,0.00070000,-0.00150000,0.00000000
2011-05-23,-0.01290000,-0.00510000,0.00020000,0.00000000
2011-05-24,-0.00150000,-0.00280000,-0.00030000,0.00000000
2011-05-25,0.00450000,0.01020000,-0.00340000,0.00000000
2011-05-26,0.00520000,0.00670000,-0.00120000,0.00000000
2011-05-27,0.00490000,0.00180000,0.00230000,0.00000000
2011-05-31,0.01040000,0.00440000,-0.00040000,0.00000000
2011-06-01,-0.02330000,-0.00760000,-0.00250000,0.00000000
2011-06-02,-0.00100000,-0.00060000,0.00140000,0.00000000
2011-06-03,-0.01100000,-0.00530000,0.00120000,0.00000000
2011-06-06,-0.01180000,-0.00260000,-0.00260000,0.00000000
2011-06-07,-0.00050000,0.00340000,-0.00140000,0.00000000
2011-06-08,-0.00540000,-0.00720000,0.00070000,0.00000000
2011-06-09,0.00750000,-0.00080000,-0.00030000,0.00000000
2011-06-10,-0.01370000,-0.00220000,0.00380000,0.00000000
2011-06-13,0.00010000,-0.00530000,0.00350000,0.00000000
2011-06-14,0.01360000,0.01010000,-0.00360000,0.00000000
2011-06-15,-0.01710000,-0.00020000,-0.00130000,0.00000000
2011-06-16,0.00130000,-0.00120000,0.00530000,0.00000000
2011-06-17,0.00250000,-0.00390000,0.00660000,0.00000000
2011-06-20,0.00580000,0.00350000,-0.00050000,0.00000000
2011-06-21,0.01520000,0.00950000,-0.00400000,0.00000000
2011-06-22,-0.00620000,-0.00120000,0.00020000,0.00000000
2011-06-23,-0.00140000,0.00630000,-0.00770000,0.00000000
2011-06-24,-0.01110000,0.00420000,0.00110000,0.00000000
2011-06-27,0.00890000,0.00050000,-0.00030000,0.00000000
2011-06-28,0.01360000,0.00370000,-0.00460000,0.00000000
2011-06-29,0.00770000,-0.00680000,0.00630000,0.00000000
2011-06-30,0.00990000,0.00190000,-0.00280000,0.00000000
2011-07-01,0.01450000,-0.00040000,0.00140000,0.00000000
2011-07-05,-0.00070000,0.00230000,-0.00850000,0.00000000
2011-07-06,0.00170000,0.00430000,-0.00580000,0.00000000
2011-07-07,0.01100000,0.00460000,0.00160000,0.00000000
2011-07-08,-0.00670000,0.00020000,-0.00420000,0.00000000
2011-07-11,-0.01900000,-0.00120000,-0.00330000,0.00000000
2011-07-12,-0.00450000,0.00040000,0.00410000,0.00000000
2011-07-13,0.00450000,0.00570000,-0.00140000,0.00000000
2011-07-14,-0.00810000,-0.00810000,0.00120000,0.00000000
2011-07-15,0.00570000,0.00120000,-0.00500000,0.00000000
2011-07-18,-0.00940000,-0.00560000,-0.00420000,0.00000000
2011-07-19,0.01710000,0.00580000,-0.00650000,0.00000000
2011-07-20,-0.00100000,-0.00320000,0.00790000,0.00000000
2011-07-21,0.01290000,-0.00360000,0.01100000,0.00000000
2011-07-22,0.00100000,-0.00090000,-0.00690000,0.00000000
2011-07-25,-0.00680000,-0.00590000,0.00150000,0.00000000
2011-07-26,-0.00470000,-0.00350000,0.00320000,0.00000000
2011-07-27,-0.02150000,-0.00770000,0.00400000,0.00000000
2011-07-28,-0.00310000,0.00120000,0.00010000,0.00000000
2011-07-29,-0.00570000,0.00270000,0.00070000,0.00000000
2011-08-01,-0.00400000,-0.00150000,0.00150000,0.00000000
2011-08-02,-0.02680000,-0.00430000,0.00180000,0.00000000
2011-08-03,0.00590000,0.00230000,-0.00370000,0.00000000
2011-08-04,-0.05030000,-0.00790000,0.00370000,0.00000000
2011-08-05,-0.00360000,-0.01190000,-0.00620000,0.00000000
2011-08-08,-0.06960000,-0.01370000,-0.01620000,0.00000000
2011-08-09,0.04970000,0.00910000,0.00730000,0.00000000
2011-08-10,-0.04300000,-0.00500000,-0.01610000,0.00000000
2011-08-11,0.04720000,0.00240000,0.00800000,0.00000000
2011-08-12,0.00540000,-0.00230000,-0.01510000,0.00000000
2011-08-15,0.02250000,0.00450000,0.01020000,0.00000000
2011-08-16,-0.01070000,-0.00800000,-0.00140000,0.00000000
2011-08-17,-0.00010000,-0.00320000,0.00650000,0.00000000
2011-08-18,-0.04640000,-0.00960000,0.00540000,0.00000000
2011-08-19,-0.01540000,0.00140000,-0.00360000,0.00000000
2011-08-22,-0.00030000,0.00170000,-0.00900000,0.00000000
2011-08-23,0.03600000,0.01240000,-0.00790000,0.00000000
2011-08-24,0.01350000,-0.00190000,0.01000000,0.00000000
2011-08-25,-0.01670000,-0.01000000,0.00490000,0.00000000
2011-08-26,0.01740000,0.00850000,-0.01000000,0.00000000
2011-08-29,0.03110000,0.01520000,0.00930000,0.00000000
2011-08-30,0.00320000,0.00310000,-0.00780000,0.00000000
2011-08-31,0.00420000,-0.00810000,0.00480000,0.00000000
2011-09-01,-0.01330000,-0.01060000,-0.00780000,0.00000000
2011-09-02,-0.02640000,-0.00750000,-0.00750000,0.00000000
2011-09-06,-0.00720000,0.00500000,-0.00640000,0.00000000
2011-09-07,0.03060000,0.00880000,0.01030000,0.00000000
2011-09-08,-0.01180000,-0.00730000,-0.00610000,0.00000000
2011-09-09,-0.02650000,-0.00170000,-0.00040000,0.00000000
2011-09-12,0.00680000,0.00010000,0.00370000,0.00000000
2011-09-13,0.01120000,0.00770000,-0.00370000,0.00000000
2011-09-14,0.01450000,0.00400000,-0.00380000,0.00000000
2011-09-15,0.01640000,-0.00570000,0.00570000,0.00000000
2011-09-16,0.00470000,-0.00350000,-0.00330000,0.00000000
2011-09-19,-0.00990000,-0.00490000,-0.01250000,0.00000000
2011-09-20,-0.00450000,-0.01460000,0.00200000,0.00000000
2011-09-21,-0.02920000,-0.00310000,-0.01240000,0.00000000
2011-09-22,-0.03290000,0.00150000,0.00450000,0.00000000
2011-09-23,0.00740000,0.00650000,-0.00020000,0.00000000
2011-09-26,0.02280000,-0.00660000,0.01280000,0.00000000
2011-09-27,0.01220000,0.01060000,-0.00630000,0.00000000
2011-09-28,-0.02290000,-0.01630000,-0.00240000,0.00000000
2011-09-29,0.00770000,0.00550000,0.02110000,0.00000000
2011-09-30,-0.02500000,-0.00070000,-0.00210000,0.00000000
2011-10-03,-0.03180000,-0.01910000,-0.00580000,0.00000000
2011-10-04,0.02680000,0.03570000,0.00440000,0.00000000
2011-10-05,0.01920000,-0.00200000,-0.00450000,0.00000000
2011-10-06,0.01940000,0.00170000,0.00600000,0.00000000
2011-10-07,-0.00970000,-0.01230000,-0.01470000,0.00000000
2011-10-10,0.03440000,0.00440000,0.00620000,0.00000000
2011-10-11,0.00150000,0.00650000,-0.00120000,0.00000000
2011-10-12,0.01070000,0.00420000,0.00940000,0.00000000
2011-10-13,-0.00210000,0.00290000,-0.01260000,0.00000000
2011-10-14,0.01720000,0.00150000,-0.00330000,0.00000000
2011-10-17,-0.02060000,-0.01240000,-0.00500000,0.00000000
2011-10-18,0.02110000,0.00580000,0.01670000,0.00000000
2011-10-19,-0.01380000,-0.00760000,0.00320000,0.00000000
2011-10-20,0.00420000,-0.00320000,0.00750000,0.00000000
2011-10-21,0.01920000,0.00140000,0.00080000,0.00000000
2011-10-24,0.01580000,0.01720000,-0.00350000,0.00000000
2011-10-25,-0.02130000,-0.00870000,-0.00320000,0.00000000
2011-10-26,0.01120000,0.00640000,0.00760000,0.00000000
2011-10-27,0.03540000,0.01380000,0.00910000,0.00000000
2011-10-28,-0.00020000,-0.00530000,-0.00540000,0.00000000
2011-10-31,-0.02500000,0.00070000,-0.00870000,0.00000000
2011-11-01,-0.02860000,-0.00480000,-0.01130000,0.00000000
2011-11-02,0.01730000,0.00710000,0.00940000,0.00000000
2011-11-03,0.01970000,0.00570000,-0.00140000,0.00000000
2011-11-04,-0.00530000,0.00010000,-0.00620000,0.00000000
2011-11-07,0.00480000,-0.00690000,0.00390000,0.00000000
2011-11-08,0.01220000,-0.00020000,0.00510000,0.00000000
2011-11-09,-0.03780000,-0.00760000,-0.00690000,0.00000000
2011-11-10,0.00830000,0.00040000,0.00540000,0.00000000
2011-11-11,0.01980000,0.00460000,-0.00180000,0.00000000
2011-11-14,-0.00920000,-0.00430000,-0.00870000,0.00000000
2011-11-15,0.00560000,0.00880000,-0.00250000,0.00000000
2011-11-16,-0.01640000,-0.00140000,-0.00160000,0.00000000
2011-11-17,-0.01650000,0.00230000,0.00150000,0.00000000
2011-11-18,-0.00080000,0.00020000,0.00890000,0.00000000
2011-11-21,-0.01860000,-0.00480000,-0.00040000,0.00000000
2011-11-22,-0.00420000,-0.00280000,-0.00550000,0.00000000
2011-11-23,-0.02270000,-0.00690000,-0.00280000,0.00000000
2011-11-25,-0.00340000,-0.01020000,0.00500000,0.00000000
2011-11-28,0.03110000,0.01580000,-0.00620000,0.00000000
2011-11-29,0.00180000,-0.00500000,0.00110000,0.00000000
2011-11-30,0.04440000,0.01060000,0.01130000,0.00000000
2011-12-01,-0.00220000,-0.00490000,-0.00650000,0.00000000
2011-12-02,0.00050000,0.00440000,0.00630000,0.00000000
2011-12-05,0.01100000,0.00280000,0.00250000,0.00000000
2011-12-06,0.00050000,-0.00070000,0.00050000,0.00000000
2011-12-07,0.00160000,-0.00310000,0.00750000,0.00000000
2011-12-08,-0.02230000,-0.00740000,-0.01020000,0.00000000
2011-12-09,0.01830000,0.01310000,0.00140000,0.00000000
2011-12-12,-0.01480000,0.00070000,-0.00480000,0.00000000
2011-12-13,-0.01050000,-0.00990000,0.00080000,0.00000000
2011-12-14,-0.01210000,-0.00280000,0.00910000,0.00000000
2011-12-15,0.00400000,0.00650000,0.00140000,0.00000000
2011-12-16,0.00460000,0.00230000,-0.00050000,0.00000000
2011-12-19,-0.01300000,-0.00400000,-0.00720000,0.00000000
2011-12-20,0.03100000,0.00760000,0.00340000,0.00000000
2011-12-21,0.00200000,-0.00010000,0.01270000,0.00000000
2011-12-22,0.00830000,-0.00210000,0.00630000,0.00000000
2011-12-23,0.00840000,-0.00610000,-0.00120000,0.00000000
2011-12-27,0.00040000,0.00500000,-0.00550000,0.00000000
2011-12-28,-0.01340000,-0.00700000,-0.00070000,0.00000000
2011-12-29,0.01100000,0.00190000,0.00290000,0.00000000
2011-12-30,-0.00410000,-0.00060000,-0.00200000,0.00000000
2012-01-03,0.01500000,-0.00200000,0.00900000,0.00000000
2012-01-04,0.00000000,-0.00650000,0.00010000,0.00000000
2012-01-05,0.00390000,0.00180000,0.00180000,0.00000000
2012-01-06,-0.00190000,0.00030000,-0.00300000,0.00000000
2012-01-09,0.00280000,0.00240000,-0.00070000,0.00000000
2012-01-10,0.00970000,0.00360000,0.00390000,0.00000000
2012-01-11,0.00130000,0.00160000,0.00310000,0.00000000
2012-01-12,0.00310000,0.00270000,0.00030000,0.00000000
2012-01-13,-0.00520000,-0.00240000,-0.00430000,0.00000000
2012-01-17,0.00360000,-0.00090000,-0.00750000,0.00000000
2012-01-18,0.01210000,0.00550000,0.00190000,0.00000000
2012-01-19,0.00510000,-0.00130000,-0.00220000,0.00000000
2012-01-20,0.00030000,0.00250000,0.00640000,0.00000000
2012-01-23,0.00020000,-0.00290000,0.00170000,0.00000000
2012-01-24,0.00000000,0.00810000,-0.00310000,0.00000000
2012-01-25,0.00910000,0.00120000,-0.00770000,0.00000000
2012-01-26,-0.00600000,0.00230000,-0.00450000,0.00000000
2012-01-27,0.00010000,0.00800000,-0.00130000,0.00000000
2012-01-30,-0.00310000,-0.00440000,-0.00290000,0.00000000
2012-01-31,-0.00050000,-0.00040000,0.00030000,0.00000000
2012-02-01,0.01100000,0.01070000,0.00360000,0.00000000
2012-02-02,0.00170000,0.00390000,0.00030000,0.00000000
2012-02-03,0.01580000,0.00570000,0.00380000,0.00000000
2012-02-06,-0.00050000,-0.00240000,-0.00230000,0.00000000
2012-02-07,0.00160000,-0.00260000,-0.00080000,0.00000000
2012-02-08,0.00250000,-0.00140000,0.00460000,0.00000000
2012-02-09,0.00150000,-0.00380000,-0.00310000,0.00000000
2012-02-10,-0.00750000,-0.00610000,-0.00060000,0.00000000
2012-02-13,0.00750000,0.00600000,-0.00080000,0.00000000
2012-02-14,-0.00090000,-0.00380000,-0.00350000,0.00000000
2012-02-15,-0.00500000,-0.00290000,0.00100000,0.00000000
2012-02-16,0.01270000,0.00680000,0.00340000,0.00000000
2012-02-17,0.00160000,-0.00330000,0.00500000,0.00000000
2012-02-21,-0.00050000,-0.00660000,0.00280000,0.00000000
2012-02-22,-0.00390000,-0.00360000,-0.00630000,0.00000000
2012-02-23,0.00560000,0.00940000,-0.00020000,0.00000000
2012-02-24,0.00150000,-0.00440000,-0.00640000,0.00000000
2012-02-27,0.00140000,-0.00230000,0.00360000,0.00000000
2012-02-28,0.00280000,-0.00610000,-0.00130000,0.00000000
2012-02-29,-0.00550000,-0.01020000,0.00150000,0.00000000
2012-03-01,0.00640000,-0.00230000,0.00050000,0.00000000
2012-03-02,-0.00460000,-0.01240000,-0.00060000,0.00000000
2012-03-05,-0.00400000,0.00460000,0.00290000,0.00000000
2012-03-06,-0.01620000,-0.00300000,-0.00350000,0.00000000
2012-03-07,0.00800000,0.00300000,0.00290000,0.00000000
2012-03-08,0.01070000,0.00340000,-0.00240000,0.00000000
2012-03-09,0.00490000,0.00900000,0.00180000,0.00000000
2012-03-12,-0.00070000,-0.00200000,-0.00040000,0.00000000
2012-03-13,0.01860000,0.00070000,0.00960000,0.00000000
2012-03-14,-0.00230000,-0.00630000,-0.00190000,0.00000000
2012-03-15,0.00670000,0.00260000,0.00520000,0.00000000
2012-03-16,0.00060000,-0.00280000,0.00390000,0.00000000
2012-03-19,0.00410000,0.00520000,-0.00040000,0.00000000
2012-03-20,-0.00390000,-0.00640000,0.00300000,0.00000000
2012-03-21,-0.00100000,0.00300000,-0.00410000,0.00000000
2012-03-22,-0.00740000,-0.00120000,-0.00460000,0.00000000
2012-03-23,0.00390000,0.00560000,0.00370000,0.00000000
2012-03-26,0.01450000,0.00470000,-0.00220000,0.00000000
2012-03-27,-0.00300000,-0.00340000,-0.00330000,0.00000000
2012-03-28,-0.00520000,-0.00030000,0.00490000,0.00000000
2012-03-29,-0.00170000,-0.00010000,-0.00260000,0.00000000
2012-03-30,0.00280000,-0.00690000,-0.00040000,0.00000000
2012-04-02,0.00780000,0.00360000,0.00060000,0.00000000
2012-04-03,-0.00340000,-0.00280000,-0.00280000,0.00000000
2012-04-04,-0.01110000,-0.00560000,-0.00040000,0.00000000
2012-04-05,-0.00030000,-0.00090000,-0.00420000,0.00000000
2012-04-09,-0.01210000,-0.00450000,-0.00090000,0.00000000
2012-04-10,-0.01850000,-0.00400000,0.00080000,0.00000000
2012-04-11,0.00850000,0.00750000,0.00280000,0.00000000
2012-04-12,0.01430000,0.00040000,0.00300000,0.00000000
2012-04-13,-0.01250000,-0.00140000,-0.00750000,0.00000000
2012-04-16,-0.00090000,0.00160000,0.00800000,0.00000000
2012-04-17,0.01550000,0.00060000,-0.00220000,0.00000000
2012-04-18,-0.00420000,-0.00500000,-0.00450000,0.00000000
2012-04-19,-0.00570000,-0.00010000,0.00240000,0.00000000
2012-04-20,0.00110000,0.00530000,-0.00090000,0.00000000
2012-04-23,-0.00950000,-0.00550000,0.00150000,0.00000000
2012-04-24,0.00290000,0.00270000,0.00910000,0.00000000
2012-04-25,0.01440000,0.00400000,-0.00980000,0.00000000
2012-04-26,0.00750000,-0.00020000,-0.00030000,0.00000000
2012-04-27,0.00350000,0.00710000,-0.00270000,0.00000000
2012-04-30,-0.00480000,-0.00570000,0.00000000,0.00000000
2012-05-01,0.00480000,-0.00840000,0.00390000,0.00000000
2012-05-02,-0.00150000,0.00740000,-0.00660000,0.00000000
2012-05-03,-0.00920000,-0.00620000,0.00000000,0.00000000
2012-05-04,-0.01620000,-0.00250000,0.00180000,0.00000000
2012-05-07,0.00050000,0.00150000,0.00440000,0.00000000
2012-05-08,-0.00410000,0.00330000,0.00320000,0.00000000
2012-05-09,-0.00630000,0.00150000,-0.00220000,0.00000000
2012-05-10,0.00300000,0.00060000,0.00560000,0.00000000
2012-05-11,-0.00290000,0.00260000,-0.01050000,0.00000000
2012-05-14,-0.01140000,-0.00080000,-0.00170000,0.00000000
2012-05-15,-0.00520000,0.00500000,-0.00180000,0.00000000
2012-05-16,-0.00450000,-0.00160000,-0.00450000,0.00000000
2012-05-17,-0.01640000,-0.00480000,0.00390000,0.00000000
2012-05-18,-0.00800000,-0.00130000,0.00070000,0.00000000
2012-05-21,0.01710000,0.00640000,-0.01100000,0.00000000
2012-05-22,0.00010000,-0.00910000,0.00380000,0.00000000
2012-05-23,0.00260000,0.00490000,-0.00240000,0.00000000
2012-05-24,0.00160000,-0.00020000,0.00200000,0.00000000
2012-05-25,-0.00150000,0.00230000,-0.00130000,0.00000000
2012-05-29,0.01160000,0.00160000,0.00000000,0.00000000
2012-05-30,-0.01460000,-0.00260000,-0.00320000,0.00000000
2012-05-31,-0.00230000,0.00150000,0.00540000,0.00000000
2012-06-01,-0.02600000,-0.00520000,0.00050000,0.00000000
2012-06-04,-0.00050000,0.00140000,-0.00590000,0.00000000
2012-06-05,0.00680000,0.00240000,0.00190000,0.00000000
2012-06-06,0.02320000,0.00040000,0.00270000,0.00000000
2012-06-07,-0.00090000,-0.00470000,0.00210000,0.00000000
2012-06-08,0.00850000,0.00210000,0.00050000,0.00000000
2012-06-11,-0.01410000,-0.00850000,-0.00100000,0.00000000
2012-06-12,0.01160000,0.00110000,0.00100000,0.00000000
2012-06-13,-0.00770000,-0.00490000,0.00260000,0.00000000
2012-06-14,0.01040000,0.00190000,0.00330000,0.00000000
2012-06-15,0.01060000,0.00090000,-0.00030000,0.00000000
2012-06-18,0.00210000,0.00140000,-0.00870000,0.00000000
2012-06-19,0.01090000,0.00680000,0.00280000,0.00000000
2012-06-20,-0.00140000,-0.00110000,0.00160000,0.00000000
2012-06-21,-0.02260000,-0.00190000,0.00170000,0.00000000
2012-06-22,0.00790000,0.00640000,0.00170000,0.00000000
2012-06-25,-0.01630000,0.00100000,-0.00270000,0.00000000
2012-06-26,0.00520000,-0.00110000,0.00020000,0.00000000
2012-06-27,0.00930000,0.00400000,0.00430000,0.00000000
2012-06-28,-0.00240000,0.00190000,0.00330000,0.00000000
2012-06-29,0.02550000,0.00350000,-0.00620000,0.00000000
2012-07-02,0.00330000,0.00730000,-0.00060000,0.00000000
2012-07-03,0.00760000,0.00640000,0.00080000,0.00000000
2012-07-05,-0.00360000,0.00570000,-0.00830000,0.00000000
2012-07-06,-0.00990000,-0.00380000,0.00380000,0.00000000
2012-07-09,-0.00230000,-0.00230000,-0.00230000,0.00000000
2012-07-10,-0.00840000,-0.00360000,0.00320000,0.00000000
2012-07-11,-0.00090000,-0.00410000,0.00770000,0.00000000
2012-07-12,-0.00500000,0.00240000,-0.00680000,0.00000000
2012-07-13,0.01620000,-0.00400000,0.00570000,0.00000000
2012-07-16,-0.00310000,-0.00360000,-0.00220000,0.00000000
2012-07-17,0.00670000,-0.00570000,0.00270000,0.00000000
2012-07-18,0.00710000,0.00250000,-0.00820000,0.00000000
2012-07-19,0.00270000,-0.00370000,-0.00930000,0.00000000
2012-07-20,-0.01060000,-0.00340000,0.00070000,0.00000000
2012-07-23,-0.01010000,-0.00680000,0.00190000,0.00000000
2012-07-24,-0.00990000,-0.00570000,0.00280000,0.00000000
2012-07-25,-0.00010000,0.00270000,-0.00010000,0.00000000
2012-07-26,0.01540000,-0.00900000,0.00340000,0.00000000
2012-07-27,0.01960000,0.00560000,0.00070000,0.00000000
2012-07-30,-0.00120000,-0.00410000,0.00230000,0.00000000
2012-07-31,-0.00470000,-0.00050000,0.00180000,0.00000000
2012-08-01,-0.00510000,-0.01580000,0.00360000,0.00000000
2012-08-02,-0.00690000,0.00300000,-0.00350000,0.00000000
2012-08-03,0.01990000,0.00520000,0.00490000,0.00000000
2012-08-06,0.00340000,0.00600000,0.00010000,0.00000000
2012-08-07,0.00640000,0.00320000,0.00080000,0.00000000
2012-08-08,0.00090000,-0.00240000,0.00630000,0.00000000
2012-08-09,0.00120000,0.00350000,0.00050000,0.00000000
2012-08-10,0.00170000,-0.00350000,-0.00050000,0.00000000
2012-08-13,-0.00140000,-0.00140000,0.00010000,0.00000000
2012-08-14,-0.00030000,-0.00430000,-0.00040000,0.00000000
2012-08-15,0.00270000,0.00730000,-0.00060000,0.00000000
2012-08-16,0.00740000,0.00450000,-0.00140000,0.00000000
2012-08-17,0.00270000,0.00620000,0.00110000,0.00000000
2012-08-20,-0.00060000,-0.00470000,0.00560000,0.00000000
2012-08-21,-0.00310000,0.00100000,0.00430000,0.00000000
2012-08-22,0.00000000,-0.00430000,-0.00340000,0.00000000
2012-08-23,-0.00780000,0.00000000,-0.00360000,0.00000000
2012-08-24,0.00610000,-0.00260000,-0.00010000,0.00000000
2012-08-27,-0.00060000,0.00130000,-0.00110000,0.00000000
2012-08-28,0.00010000,0.00600000,-0.00120000,0.00000000
2012-08-29,0.00150000,0.00260000,0.00080000,0.00000000
2012-08-30,-0.00800000,-0.00440000,-0.00030000,0.00000000
2012-08-31,0.00520000,-0.00100000,-0.00020000,0.00000000
2012-09-04,0.00080000,0.01000000,-0.00200000,0.00000000
2012-09-05,-0.00050000,-0.00100000,0.00370000,0.00000000
2012-09-06,0.02070000,-0.00130000,0.00330000,0.00000000
2012-09-07,0.00450000,-0.00040000,0.00740000,0.00000000
2012-09-10,-0.00570000,0.00320000,-0.00070000,0.00000000
2012-09-11,0.00280000,0.00000000,0.00520000,0.00000000
2012-09-12,0.00270000,0.00150000,0.00280000,0.00000000
2012-09-13,0.01560000,-0.00410000,0.00530000,0.00000000
2012-09-14,0.00540000,0.00510000,0.00450000,0.00000000
2012-09-17,-0.00420000,-0.00160000,-0.00710000,0.00000000
2012-09-18,-0.00150000,-0.00010000,-0.00210000,0.00000000
2012-09-19,0.00180000,-0.00150000,0.00030000,0.00000000
2012-09-20,-0.00130000,-0.00430000,-0.00120000,0.00000000
2012-09-21,0.00040000,0.00500000,-0.00020000,0.00000000
2012-09-24,-0.00260000,-0.00190000,0.00360000,0.00000000
2012-09-25,-0.01110000,-0.00310000,-0.00340000,0.00000000
2012-09-26,-0.00570000,-0.00030000,0.00020000,0.00000000
2012-09-27,0.00990000,0.00230000,-0.00140000,0.00000000
2012-09-28,-0.00460000,-0.00300000,-0.00220000,0.00000000
2012-10-01,0.00250000,0.00070000,0.00220000,0.00000000
2012-10-02,0.00100000,-0.00140000,0.00230000,0.00000000
2012-10-03,0.00360000,-0.00630000,-0.00050000,0.00000000
2012-10-04,0.00760000,-0.00200000,0.00690000,0.00000000
2012-10-05,-0.00030000,-0.00160000,0.00220000,0.00000000
2012-10-08,-0.00360000,-0.00240000,0.00200000,0.00000000
2012-10-09,-0.01050000,-0.00310000,0.00330000,0.00000000
2012-10-10,-0.00580000,0.00420000,0.00290000,0.00000000
2012-10-11,0.00110000,0.00240000,0.00620000,0.00000000
2012-10-12,-0.00350000,-0.00290000,-0.00880000,0.00000000
2012-10-15,0.00790000,-0.00160000,0.00130000,0.00000000
2012-10-16,0.01000000,-0.00230000,-0.00210000,0.00000000
2012-10-17,0.00490000,0.00140000,0.01050000,0.00000000
2012-10-18,-0.00310000,-0.00600000,0.00260000,0.00000000
2012-10-19,-0.01680000,-0.00410000,0.00460000,0.00000000
2012-10-22,0.00000000,-0.00060000,0.00180000,0.00000000
2012-10-23,-0.01290000,0.00990000,-0.00500000,0.00000000
2012-10-24,-0.00280000,-0.00130000,0.00410000,0.00000000
2012-10-25,0.00270000,0.00210000,0.00020000,0.00000000
2012-10-26,-0.00070000,-0.00120000,-0.00450000,0.00000000
2012-10-31,0.00130000,0.00480000,0.00360000,0.00000000
2012-11-01,0.01190000,0.00160000,0.00140000,0.00000000
2012-11-02,-0.01040000,-0.00560000,0.00260000,0.00000000
2012-11-05,0.00280000,0.00440000,-0.00220000,0.00000000
2012-11-06,0.00800000,-0.00070000,0.00540000,0.00000000
2012-11-07,-0.02310000,-0.00020000,-0.01330000,0.00000000
2012-11-08,-0.01240000,-0.00250000,0.00430000,0.00000000
2012-11-09,0.00150000,0.00020000,-0.00100000,0.00000000
2012-11-12,0.00000000,-0.00160000,0.00010000,0.00000000
2012-11-13,-0.00390000,-0.00190000,-0.00280000,0.00000000
2012-11-14,-0.01400000,-0.00350000,-0.00180000,0.00000000
2012-11-15,-0.00240000,-0.00420000,0.00220000,0.00000000
2012-11-16,0.00570000,0.00070000,0.00040000,0.00000000
2012-11-19,0.01980000,0.00230000,-0.00060000,0.00000000
2012-11-20,0.00110000,-0.00060000,0.00170000,0.00000000
2012-11-21,0.00310000,0.00370000,-0.00150000,0.00000000
2012-11-23,0.01280000,-0.00150000,0.00080000,0.00000000
2012-11-26,-0.00140000,0.00560000,-0.00190000,0.00000000
2012-11-27,-0.00430000,0.00460000,-0.00200000,0.00000000
2012-11-28,0.00830000,0.00040000,-0.00300000,0.00000000
2012-11-29,0.00540000,0.00690000,0.00020000,0.00000000
2012-11-30,0.00020000,-0.00160000,0.00280000,0.00000000
2012-12-03,-0.00460000,0.00290000,0.00250000,0.00000000
2012-12-04,-0.00160000,0.00350000,-0.00030000,0.00000000
2012-12-05,0.00170000,-0.00690000,0.00880000,0.00000000
2012-12-06,0.00310000,-0.00160000,-0.00140000,0.00000000
2012-12-07,0.00280000,-0.00410000,0.00290000,0.00000000
2012-12-10,0.00110000,0.00440000,-0.00050000,0.00000000
2012-12-11,0.00680000,0.00450000,-0.00070000,0.00000000
2012-12-12,-0.00020000,-0.00710000,0.00510000,0.00000000
2012-12-13,-0.00570000,0.00090000,0.00080000,0.00000000
2012-12-14,-0.00340000,0.00280000,0.00250000,0.00000000
2012-12-17,0.01160000,-0.00060000,0.00610000,0.00000000
2012-12-18,0.01210000,0.00300000,0.00060000,0.00000000
2012-12-19,-0.00600000,0.00600000,0.00250000,0.00000000
2012-12-20,0.00530000,-0.00240000,0.00730000,0.00000000
2012-12-21,-0.00880000,0.00480000,-0.00280000,0.00000000
2012-12-24,-0.00240000,-0.00190000,-0.00030000,0.00000000
2012-12-26,-0.00540000,-0.00190000,0.00330000,0.00000000
2012-12-27,-0.00110000,0.00000000,-0.00130000,0.00000000
2012-12-28,-0.01000000,0.00480000,0.00020000,0.00000000
2012-12-31,0.01710000,0.00380000,-0.00110000,0.00000000
2013-01-02,0.02620000,0.00130000,0.00400000,0.00000000
2013-01-03,-0.00130000,0.00100000,0.00050000,0.00000000
2013-01-04,0.00550000,0.00120000,0.00370000,0.00000000
2013-01-07,-0.00310000,-0.00090000,-0.00360000,0.00000000
2013-01-08,-0.00260000,0.00050000,-0.00010000,0.00000000
2013-01-09,0.00350000,0.00280000,-0.00400000,0.00000000
2013-01-10,0.00660000,-0.00650000,0.00510000,0.00000000
2013-01-11,0.00010000,0.00100000,-0.00440000,0.00000000
2013-01-14,-0.00070000,0.00040000,-0.00070000,0.00000000
2013-01-15,0.00180000,0.00250000,0.00010000,0.00000000
2013-01-16,-0.00060000,-0.00260000,0.00240000,0.00000000
2013-01-17,0.00610000,0.00400000,-0.00110000,0.00000000
2013-01-18,0.00280000,0.00040000,-0.00110000,0.00000000
2013-01-22,0.00490000,0.00150000,0.00460000,0.00000000
2013-01-23,0.00090000,-0.00320000,-0.00090000,0.00000000
2013-01-24,0.00090000,0.00280000,0.00040000,0.00000000
2013-01-25,0.00580000,-0.00140000,-0.00320000,0.00000000
2013-01-28,-0.00140000,0.00410000,0.00160000,0.00000000
2013-01-29,0.00360000,-0.00440000,0.00320000,0.00000000
2013-01-30,-0.00380000,-0.00850000,0.00160000,0.00000000
2013-01-31,-0.00070000,0.00690000,0.00160000,0.00000000
2013-02-01,0.00990000,0.00070000,0.00240000,0.00000000
2013-02-04,-0.01190000,-0.00130000,-0.00170000,0.00000000
2013-02-05,0.01070000,-0.00080000,0.00150000,0.00000000
2013-02-06,0.00150000,0.00300000,0.00140000,0.00000000
2013-02-07,-0.00160000,-0.00050000,0.00030000,0.00000000
2013-02-08,0.00580000,0.00020000,-0.00180000,0.00000000
2013-02-11,-0.00080000,-0.00020000,0.00380000,0.00000000
2013-02-12,0.00160000,0.00200000,0.00740000,0.00000000
2013-02-13,0.00140000,0.00100000,0.00030000,0.00000000
2013-02-14,0.00110000,0.00290000,0.00140000,0.00000000
2013-02-15,-0.00110000,0.00030000,-0.00070000,0.00000000
2013-02-19,0.00740000,0.00240000,0.00160000,0.00000000
2013-02-20,-0.01360000,-0.00540000,-0.00610000,0.00000000
2013-02-21,-0.00660000,-0.00280000,-0.00030000,0.00000000
2013-02-22,0.00940000,0.00220000,-0.00040000,0.00000000
2013-02-25,-0.01820000,-0.00190000,-0.00730000,0.00000000
2013-02-26,0.00580000,-0.00170000,0.00050000,0.00000000
2013-02-27,0.01290000,-0.00380000,0.00150000,0.00000000
2013-02-28,-0.00060000,0.00100000,-0.00130000,0.00000000
2013-03-01,0.00220000,0.00160000,-0.00300000,0.00000000
2013-03-04,0.00470000,-0.00320000,0.00100000,0.00000000
2013-03-05,0.01000000,0.00180000,-0.00160000,0.00000000
2013-03-06,0.00180000,0.00040000,0.00470000,0.00000000
2013-03-07,0.00270000,0.00180000,0.00430000,0.00000000
2013-03-08,0.00520000,0.00370000,-0.00170000,0.00000000
2013-03-11,0.00300000,-0.00330000,0.00260000,0.00000000
2013-03-12,-0.00220000,0.00030000,-0.00170000,0.00000000
2013-03-13,0.00200000,0.00180000,0.00100000,0.00000000
2013-03-14,0.00580000,0.00360000,0.00410000,0.00000000
2013-03-15,-0.00190000,0.00020000,0.00400000,0.00000000
2013-03-18,-0.00500000,0.00150000,-0.00290000,0.00000000
2013-03-19,-0.00230000,-0.00010000,0.00010000,0.00000000
2013-03-20,0.00760000,0.00250000,-0.00010000,0.00000000
2013-03-21,-0.00850000,0.00180000,-0.00270000,0.00000000
2013-03-22,0.00620000,-0.00430000,-0.00250000,0.00000000
2013-03-25,-0.00290000,0.00290000,0.00030000,0.00000000
2013-03-26,0.00760000,-0.00380000,-0.00220000,0.00000000
2013-03-27,-0.00020000,0.00140000,-0.00280000,0.00000000
2013-03-28,0.00390000,-0.00270000,-0.00290000,0.00000000
2013-04-01,-0.00570000,-0.00910000,0.00010000,0.00000000
2013-04-02,0.00330000,-0.00890000,-0.00280000,0.00000000
2013-04-03,-0.01160000,-0.00410000,-0.00120000,0.00000000
2013-04-04,0.00420000,0.00190000,0.00260000,0.00000000
2013-04-05,-0.00410000,0.00050000,0.00330000,0.00000000
2013-04-08,0.00700000,0.00140000,0.00260000,0.00000000
2013-04-09,0.00310000,-0.00410000,0.00170000,0.00000000
2013-04-10,0.01280000,0.00640000,-0.00100000,0.00000000
2013-04-11,0.00350000,-0.00230000,-0.00170000,0.00000000
2013-04-12,-0.00280000,-0.00080000,-0.00450000,0.00000000
2013-04-15,-0.02480000,-0.01420000,-0.00290000,0.00000000
2013-04-16,0.01470000,0.00170000,0.00090000,0.00000000
2013-04-17,-0.01460000,-0.00260000,-0.00520000,0.00000000
2013-04-18,-0.00700000,0.00180000,-0.00020000,0.00000000
2013-04-19,0.00970000,0.00070000,0.00110000,0.00000000
2013-04-22,0.00450000,-0.00160000,-0.00120000,0.00000000
2013-04-23,0.01110000,0.00470000,0.00610000,0.00000000
2013-04-24,0.00060000,0.00340000,0.01160000,0.00000000
2013-04-25,0.00490000,0.00170000,-0.00110000,0.00000000
2013-04-26,-0.00200000,-0.00360000,-0.00230000,0.00000000
2013-04-29,0.00670000,0.00090000,-0.00100000,0.00000000
2013-04-30,0.00290000,0.00370000,-0.00010000,0.00000000
2013-05-01,-0.01080000,-0.01390000,-0.00180000,0.00000000
2013-05-02,0.01040000,0.00610000,0.00100000,0.00000000
2013-05-03,0.01120000,0.00620000,0.00190000,0.00000000
2013-05-06,0.00230000,0.00230000,0.00840000,0.00000000
2013-05-07,0.00540000,0.00110000,0.00150000,0.00000000
2013-05-08,0.00440000,-0.00240000,0.00150000,0.00000000
2013-05-09,-0.00310000,0.00100000,-0.00250000,0.00000000
2013-05-10,0.00540000,0.00430000,-0.00170000,0.00000000
2013-05-13,-0.00020000,-0.00200000,-0.00030000,0.00000000
2013-05-14,0.01100000,0.00150000,0.00250000,0.00000000
2013-05-15,0.00510000,-0.00120000,0.00230000,0.00000000
2013-05-16,-0.00510000,0.00140000,-0.00240000,0.00000000
2013-05-17,0.01040000,-0.00010000,0.00330000,0.00000000
2013-05-20,-0.00060000,0.00360000,0.00470000,0.00000000
2013-05-21,0.00160000,-0.00130000,-0.00070000,0.00000000
2013-05-22,-0.00920000,-0.00720000,-0.00140000,0.00000000
2013-05-23,-0.00190000,0.00470000,-0.00090000,0.00000000
2013-05-24,-0.00060000,0.00180000,0.00090000,0.00000000
2013-05-28,0.00770000,0.00630000,0.00220000,0.00000000
2013-05-29,-0.00700000,-0.00350000,0.00560000,0.00000000
2013-05-30,0.00500000,0.00340000,0.00470000,0.00000000
2013-05-31,-0.01320000,0.00510000,-0.00250000,0.00000000
2013-06-03,0.00490000,0.00130000,0.00100000,0.00000000
2013-06-04,-0.00550000,-0.00310000,-0.00180000,0.00000000
2013-06-05,-0.01380000,0.00090000,-0.00280000,0.00000000
2013-06-06,0.00890000,0.00190000,0.00200000,0.00000000
2013-06-07,0.01300000,-0.00470000,0.00050000,0.00000000
2013-06-10,0.00070000,0.00660000,0.00210000,0.00000000
2013-06-11,-0.01040000,0.00010000,-0.00580000,0.00000000
2013-06-12,-0.00820000,0.00010000,-0.00060000,0.00000000
2013-06-13,0.01470000,0.00090000,0.00330000,0.00000000
2013-06-14,-0.00590000,-0.00220000,-0.00560000,0.00000000
2013-06-17,0.00730000,-0.00080000,0.00120000,0.00000000
2013-06-18,0.00800000,0.00380000,-0.00050000,0.00000000
2013-06-19,-0.01280000,0.00150000,0.00150000,0.00000000
2013-06-20,-0.02450000,0.00020000,0.00390000,0.00000000
2013-06-21,0.00130000,0.00210000,-0.00100000,0.00000000
2013-06-24,-0.01190000,0.00090000,-0.00660000,0.00000000
2013-06-25,0.00960000,-0.00020000,0.00830000,0.00000000
2013-06-26,0.00920000,-0.00730000,-0.00170000,0.00000000
2013-06-27,0.00770000,0.00810000,0.00370000,0.00000000
2013-06-28,-0.00340000,0.00310000,-0.00120000,0.00000000
2013-07-01,0.00710000,0.00780000,-0.00130000,0.00000000
2013-07-02,-0.00100000,0.00010000,0.00070000,0.00000000
2013-07-03,0.00120000,0.00190000,-0.00210000,0.00000000
2013-07-05,0.01110000,0.00350000,0.00460000,0.00000000
2013-07-08,0.00530000,-0.00180000,0.00050000,0.00000000
2013-07-09,0.00740000,0.00040000,0.00300000,0.00000000
2013-07-10,0.00060000,0.00360000,-0.00370000,0.00000000
2013-07-11,0.01330000,-0.00090000,-0.00670000,0.00000000
2013-07-12,0.00340000,-0.00020000,0.00210000,0.00000000
2013-07-15,0.00200000,0.00490000,0.00340000,0.00000000
2013-07-16,-0.00410000,0.00030000,0.00090000,0.00000000
2013-07-17,0.00300000,-0.00020000,0.00190000,0.00000000
2013-07-18,0.00550000,0.00010000,0.00950000,0.00000000
2013-07-19,0.00090000,-0.00130000,0.00270000,0.00000000
2013-07-22,0.00230000,0.00090000,0.00330000,0.00000000
2013-07-23,-0.00150000,0.00100000,0.00310000,0.00000000
2013-07-24,-0.00390000,-0.00280000,-0.00280000,0.00000000
2013-07-25,0.00420000,0.00610000,-0.00400000,0.00000000
2013-07-26,0.00020000,-0.00620000,-0.00280000,0.00000000
2013-07-29,-0.00370000,-0.00310000,-0.00310000,0.00000000
2013-07-30,0.00110000,0.00200000,-0.00500000,0.00000000
2013-07-31,0.00100000,0.00130000,0.00150000,0.00000000
2013-08-01,0.01400000,0.00060000,0.00080000,0.00000000
2013-08-02,0.00200000,-0.00210000,-0.00330000,0.00000000
2013-08-05,-0.00070000,0.00490000,-0.00170000,0.00000000
2013-08-06,-0.00680000,-0.00330000,-0.00100000,0.00000000
2013-08-07,-0.00420000,-0.00370000,-0.00020000,0.00000000
2013-08-08,0.00470000,0.00000000,0.00040000,0.00000000
2013-08-09,-0.00290000,0.00120000,-0.00190000,0.00000000
2013-08-12,-0.00020000,0.00590000,-0.00220000,0.00000000
2013-08-13,0.00200000,-0.00300000,-0.00050000,0.00000000
2013-08-14,-0.00500000,0.00130000,0.00270000,0.00000000
2013-08-15,-0.01470000,-0.00370000,0.00280000,0.00000000
2013-08-16,-0.00260000,0.00050000,0.00130000,0.00000000
2013-08-19,-0.00620000,-0.00190000,-0.00740000,0.00000000
2013-08-20,0.00520000,0.00870000,0.00090000,0.00000000
2013-08-21,-0.00590000,-0.00020000,-0.00430000,0.00000000
2013-08-22,0.00920000,0.00510000,0.00070000,0.00000000
2013-08-23,0.00370000,-0.00210000,-0.00160000,0.00000000
2013-08-26,-0.00290000,0.00510000,-0.00480000,0.00000000
2013-08-27,-0.01750000,-0.00720000,-0.00340000,0.00000000
2013-08-28,0.00300000,0.00100000,0.00090000,0.00000000
2013-08-29,0.00340000,0.00810000,-0.00440000,0.00000000
2013-08-30,-0.00470000,-0.01150000,-0.00190000,0.00000000
2013-09-03,0.00460000,0.00040000,0.00150000,0.00000000
2013-09-04,0.00830000,0.00010000,-0.00180000,0.00000000
2013-09-05,0.00190000,0.00150000,0.00400000,0.00000000
2013-09-06,0.00000000,0.00030000,0.00030000,0.00000000
2013-09-09,0.01090000,0.00460000,-0.00210000,0.00000000
2013-09-10,0.00800000,0.00010000,0.00200000,0.00000000
2013-09-11,0.00280000,-0.00230000,0.00030000,0.00000000
2013-09-12,-0.00320000,-0.00220000,-0.00360000,0.00000000
2013-09-13,0.00290000,0.00250000,-0.00040000,0.00000000
2013-09-16,0.00490000,-0.00440000,0.00400000,0.00000000
2013-09-17,0.00540000,0.00470000,-0.00120000,0.00000000
2013-09-18,0.01100000,-0.00160000,-0.00470000,0.00000000
2013-09-19,-0.00130000,0.00170000,-0.00620000,0.00000000
2013-09-20,-0.00630000,0.00530000,0.00190000,0.00000000
2013-09-23,-0.00450000,0.00450000,-0.00410000,0.00000000
2013-09-24,-0.00130000,0.00530000,0.00020000,0.00000000
2013-09-25,-0.00230000,0.00030000,0.00580000,0.00000000
2013-09-26,0.00410000,0.00200000,-0.00730000,0.00000000
2013-09-27,-0.00390000,-0.00030000,-0.00010000,0.00000000
2013-09-30,-0.00490000,0.00520000,0.00010000,0.00000000
2013-10-01,0.00900000,0.00410000,-0.00100000,0.00000000
2013-10-02,-0.00100000,-0.00370000,-0.00070000,0.00000000
2013-10-03,-0.00890000,-0.00180000,0.00180000,0.00000000
2013-10-04,0.00750000,-0.00010000,0.00100000,0.00000000
2013-10-07,-0.00950000,-0.00270000,0.00000000,0.00000000
2013-10-08,-0.01350000,-0.00480000,0.00800000,0.00000000
2013-10-09,-0.00050000,-0.00440000,0.00620000,0.00000000
2013-10-10,0.02220000,0.00160000,-0.00040000,0.00000000
2013-10-11,0.00710000,0.00790000,0.00000000,0.00000000
2013-10-14,0.00430000,0.00210000,-0.00100000,0.00000000
2013-10-15,-0.00730000,-0.00200000,0.00030000,0.00000000
2013-10-16,0.01370000,-0.00330000,0.00150000,0.00000000
2013-10-17,0.00700000,0.00150000,-0.00060000,0.00000000
2013-10-18,0.00720000,0.00290000,0.00120000,0.00000000
2013-10-21,-0.00020000,-0.00110000,0.00010000,0.00000000
2013-10-22,0.00510000,-0.00270000,0.00040000,0.00000000
2013-10-23,-0.00510000,0.00150000,-0.00320000,0.00000000
2013-10-24,0.00420000,0.00430000,-0.00300000,0.00000000
2013-10-25,0.00330000,-0.00330000,0.00080000,0.00000000
2013-10-28,0.00090000,-0.00070000,0.00050000,0.00000000
2013-10-29,0.00540000,-0.00150000,-0.00060000,0.00000000
2013-10-30,-0.00590000,-0.00780000,0.00500000,0.00000000
2013-10-31,-0.00330000,-0.00080000,-0.00450000,0.00000000
2013-11-01,0.00200000,-0.00670000,0.00220000,0.00000000
2013-11-04,0.00470000,0.00770000,-0.00060000,0.00000000
2013-11-05,-0.00230000,-0.00020000,-0.00240000,0.00000000
2013-11-06,0.00270000,-0.00830000,0.00330000,0.00000000
2013-11-07,-0.01450000,-0.00330000,0.00140000,0.00000000
2013-11-08,0.01460000,0.00520000,0.00440000,0.00000000
2013-11-11,0.00110000,0.00000000,-0.00140000,0.00000000
2013-11-12,-0.00180000,0.00410000,-0.00700000,0.00000000
2013-11-13,0.00900000,0.00110000,-0.00110000,0.00000000
2013-11-14,0.00420000,-0.00580000,0.00300000,0.00000000
2013-11-15,0.00440000,0.00090000,-0.00290000,0.00000000
2013-11-18,-0.00490000,-0.00450000,0.00460000,0.00000000
2013-11-19,-0.00270000,-0.00290000,0.00250000,0.00000000
2013-11-20,-0.00330000,0.00280000,0.00020000,0.00000000
2013-11-21,0.00960000,0.00780000,-0.00030000,0.00000000
2013-11-22,0.00490000,-0.00040000,0.00070000,0.00000000
2013-11-25,-0.00110000,0.00140000,0.00130000,0.00000000
2013-11-26,0.00170000,0.00840000,-0.00410000,0.00000000
2013-11-27,0.00300000,0.00340000,-0.00040000,0.00000000
2013-11-29,-0.00020000,0.00290000,-0.00150000,0.00000000
2013-12-02,-0.00320000,-0.00960000,0.00140000,0.00000000
2013-12-03,-0.00340000,-0.00070000,-0.00090000,0.00000000
2013-12-04,-0.00080000,-0.00220000,0.00290000,0.00000000
2013-12-05,-0.00340000,0.00700000,-0.00640000,0.00000000
2013-12-06,0.01020000,-0.00300000,0.00180000,0.00000000
2013-12-09,0.00170000,-0.00420000,0.00020000,0.00000000
2013-12-10,-0.00340000,-0.00570000,0.00230000,0.00000000
2013-12-11,-0.01160000,-0.00330000,0.00070000,0.00000000
2013-12-12,-0.00240000,0.00370000,0.00230000,0.00000000
2013-12-13,0.00090000,0.00250000,0.00010000,0.00000000
2013-12-16,0.00670000,0.00580000,-0.00130000,0.00000000
2013-12-17,-0.00250000,0.00230000,-0.00080000,0.00000000
2013-12-18,0.01550000,-0.00480000,0.00050000,0.00000000
2013-12-19,-0.00100000,-0.00550000,0.00240000,0.00000000
2013-12-20,0.00690000,0.01310000,-0.00300000,0.00000000
2013-12-23,0.00620000,0.00490000,-0.00010000,0.00000000
2013-12-24,0.00340000,0.00100000,0.00090000,0.00000000
2013-12-26,0.00440000,-0.00310000,-0.00320000,0.00000000
2013-12-27,-0.00050000,-0.00060000,0.00240000,0.00000000
2013-12-30,0.00000000,0.00030000,-0.00300000,0.00000000
2013-12-31,0.00430000,-0.00180000,0.00080000,0.00000000
2014-01-02,-0.00880000,-0.00280000,0.00170000,0.00000000
2014-01-03,0.00030000,0.00370000,0.00030000,0.00000000
2014-01-06,-0.00340000,-0.00570000,0.00300000,0.00000000
2014-01-07,0.00680000,0.00390000,-0.00380000,0.00000000
2014-01-08,0.00040000,-0.00020000,-0.00100000,0.00000000
2014-01-09,0.00020000,0.00200000,-0.00450000,0.00000000
2014-01-10,0.00270000,0.00550000,-0.00810000,0.00000000
2014-01-13,-0.01320000,-0.00080000,0.00100000,0.00000000
2014-01-14,0.01150000,0.00150000,-0.00300000,0.00000000
2014-01-15,0.00530000,0.00220000,0.00210000,0.00000000
2014-01-16,-0.00070000,0.00320000,-0.00700000,0.00000000
2014-01-17,-0.00390000,0.00020000,0.00030000,0.00000000
2014-01-21,0.00300000,0.00470000,0.00000000,0.00000000
2014-01-22,0.00150000,0.00300000,0.00210000,0.00000000
2014-01-23,-0.00860000,0.00160000,-0.00520000,0.00000000
2014-01-24,-0.02180000,-0.00370000,0.00180000,0.00000000
2014-01-27,-0.00650000,-0.00840000,0.00390000,0.00000000
2014-01-28,0.00730000,0.00180000,0.00030000,0.00000000
2014-01-29,-0.01070000,-0.00390000,0.00230000,0.00000000
2014-01-30,0.01220000,0.00290000,-0.00380000,0.00000000
2014-01-31,-0.00660000,-0.00070000,-0.00320000,0.00000000
2014-02-03,-0.02480000,-0.00860000,0.00290000,0.00000000
2014-02-04,0.00770000,-0.00020000,-0.00050000,0.00000000
2014-02-05,-0.00230000,-0.00620000,0.00200000,0.00000000
2014-02-06,0.01220000,-0.00470000,0.00280000,0.00000000
2014-02-07,0.01330000,-0.00170000,-0.00650000,0.00000000
2014-02-10,0.00160000,0.00130000,-0.00470000,0.00000000
2014-02-11,0.01090000,-0.00190000,0.00240000,0.00000000
2014-02-12,0.00110000,0.00250000,-0.00050000,0.00000000
2014-02-13,0.00720000,0.00710000,-0.00080000,0.00000000
2014-02-14,0.00420000,-0.00370000,0.00370000,0.00000000
2014-02-18,0.00270000,0.00970000,-0.00260000,0.00000000
2014-02-19,-0.00730000,-0.00280000,-0.00440000,0.00000000
2014-02-20,0.00710000,0.00570000,-0.00210000,0.00000000
2014-02-21,-0.00090000,0.00340000,-0.00030000,0.00000000
2014-02-24,0.00650000,0.00180000,0.00330000,0.00000000
2014-02-25,-0.00100000,0.00140000,-0.00600000,0.00000000
2014-02-26,0.00130000,0.00680000,-0.00080000,0.00000000
2014-02-27,0.00540000,0.00140000,0.00000000,0.00000000
2014-02-28,0.00150000,-0.00730000,0.00840000,0.00000000
2014-03-03,-0.00700000,0.00100000,0.00140000,0.00000000
2014-03-04,0.01670000,0.01110000,-0.00130000,0.00000000
2014-03-05,0.00010000,-0.00260000,0.00280000,0.00000000
2014-03-06,0.00160000,-0.00320000,0.00770000,0.00000000
2014-03-07,0.00040000,-0.00120000,0.00520000,0.00000000
2014-03-10,-0.00090000,-0.00100000,0.00080000,0.00000000
2014-03-11,-0.00620000,-0.00530000,-0.00190000,0.00000000
2014-03-12,0.00130000,0.00300000,-0.00170000,0.00000000
2014-03-13,-0.01210000,-0.00120000,0.00220000,0.00000000
2014-03-14,-0.00160000,0.00680000,-0.00100000,0.00000000
2014-03-17,0.00900000,-0.00370000,0.00020000,0.00000000
2014-03-18,0.00820000,0.00740000,-0.00390000,0.00000000
2014-03-19,-0.00590000,-0.00170000,0.00620000,0.00000000
2014-03-20,0.00520000,-0.00480000,0.00990000,0.00000000
2014-03-21,-0.00370000,-0.00280000,0.00870000,0.00000000
2014-03-24,-0.00640000,-0.00900000,0.00920000,0.00000000
2014-03-25,0.00290000,-0.00350000,0.00140000,0.00000000
2014-03-26,-0.00890000,-0.01170000,0.00260000,0.00000000
2014-03-27,-0.00180000,-0.00100000,-0.00340000,0.00000000
2014-03-28,0.00410000,-0.00440000,0.00540000,0.00000000
2014-03-31,0.00960000,0.01000000,-0.00180000,0.00000000
2014-04-01,0.00870000,0.00740000,-0.00370000,0.00000000
2014-04-02,0.00300000,0.00030000,0.00150000,0.00000000
2014-04-03,-0.00310000,-0.00900000,0.00810000,0.00000000
2014-04-04,-0.01470000,-0.01130000,0.00700000,0.00000000
2014-04-07,-0.01250000,-0.00290000,-0.00050000,0.00000000
2014-04-08,0.00490000,0.00290000,-0.00220000,0.00000000
2014-04-09,0.01210000,0.00330000,-0.00860000,0.00000000
2014-04-10,-0.02240000,-0.00710000,0.00790000,0.00000000
2014-04-11,-0.01070000,-0.00390000,0.00240000,0.00000000
2014-04-14,0.00710000,-0.00510000,0.00200000,0.00000000
2014-04-15,0.00600000,-0.00370000,0.00190000,0.00000000
2014-04-16,0.01120000,0.00060000,-0.00370000,0.00000000
2014-04-17,0.00230000,0.00350000,0.00230000,0.00000000
2014-04-21,0.00380000,0.00200000,-0.00430000,0.00000000
2014-04-22,0.00570000,0.00730000,-0.00350000,0.00000000
2014-04-23,-0.00310000,-0.00640000,0.00910000,0.00000000
2014-04-24,0.00080000,-0.00400000,-0.00160000,0.00000000
2014-04-25,-0.01040000,-0.00970000,0.00550000,0.00000000
2014-04-28,0.00120000,-0.00640000,-0.00580000,0.00000000
2014-04-29,0.00570000,-0.00210000,-0.00130000,0.00000000
2014-04-30,0.00350000,0.00230000,-0.00050000,0.00000000
2014-05-01,0.00040000,-0.00150000,-0.00170000,0.00000000
2014-05-02,-0.00080000,0.00210000,0.00410000,0.00000000
2014-05-05,0.00130000,-0.00280000,-0.00550000,0.00000000
2014-05-06,-0.01030000,-0.00560000,0.00140000,0.00000000
2014-05-07,0.00450000,-0.00820000,0.01110000,0.00000000
2014-05-08,-0.00260000,-0.01010000,0.00380000,0.00000000
2014-05-09,0.00250000,0.00700000,-0.00360000,0.00000000
2014-05-12,0.01200000,0.01410000,-0.00270000,0.00000000
2014-05-13,-0.00050000,-0.01070000,0.00220000,0.00000000
2014-05-14,-0.00600000,-0.01100000,-0.00460000,0.00000000
2014-05-15,-0.00900000,0.00340000,-0.00280000,0.00000000
2014-05-16,0.00360000,0.00270000,-0.00430000,0.00000000
2014-05-19,0.00500000,0.00610000,0.00060000,0.00000000
2014-05-20,-0.00780000,-0.00830000,0.00230000,0.00000000
2014-05-21,0.00810000,-0.00280000,0.00100000,0.00000000
2014-05-22,0.00360000,0.00640000,-0.00270000,0.00000000
2014-05-23,0.00490000,0.00620000,-0.00220000,0.00000000
2014-05-27,0.00690000,0.00690000,-0.00140000,0.00000000
2014-05-28,-0.00120000,-0.00290000,0.00220000,0.00000000
2014-05-29,0.00540000,-0.00190000,-0.00110000,0.00000000
2014-05-30,0.00060000,-0.00660000,0.00260000,0.00000000
2014-06-02,0.00060000,-0.00690000,0.00370000,0.00000000
2014-06-03,-0.00050000,-0.00270000,0.00200000,0.00000000
2014-06-04,0.00280000,0.00220000,-0.00070000,0.00000000
2014-06-05,0.00770000,0.01300000,-0.00170000,0.00000000
2014-06-06,0.00540000,0.00480000,-0.00020000,0.00000000
2014-06-09,0.00220000,0.01040000,-0.00310000,0.00000000
2014-06-10,-0.00030000,-0.00180000,-0.00030000,0.00000000
2014-06-11,-0.00340000,-0.00130000,-0.00250000,0.00000000
2014-06-12,-0.00690000,0.00110000,0.00160000,0.00000000
2014-06-13,0.00310000,-0.00050000,-0.00180000,0.00000000
2014-06-16,0.00130000,0.00470000,-0.00690000,0.00000000
2014-06-17,0.00340000,0.00530000,0.00450000,0.00000000
2014-06-18,0.00740000,-0.00280000,-0.00100000,0.00000000
2014-06-19,0.00120000,-0.00150000,-0.00030000,0.00000000
2014-06-20,0.00180000,0.00170000,0.00040000,0.00000000
2014-06-23,-0.00020000,-0.00260000,0.00090000,0.00000000
2014-06-24,-0.00720000,-0.00350000,-0.00250000,0.00000000
2014-06-25,0.00530000,0.00350000,0.00150000,0.00000000
2014-06-26,-0.00110000,-0.00090000,0.00000000,0.00000000
2014-06-27,0.00250000,0.00490000,-0.00220000,0.00000000
2014-06-30,0.00070000,0.00270000,0.00170000,0.00000000
2014-07-01,0.00740000,0.00490000,-0.00380000,0.00000000
2014-07-02,-0.00030000,-0.00450000,-0.00200000,0.00000000
2014-07-03,0.00590000,0.00210000,0.00120000,0.00000000
2014-07-07,-0.00620000,-0.01270000,0.00330000,0.00000000
2014-07-08,-0.00820000,-0.00680000,0.00730000,0.00000000
2014-07-09,0.00460000,-0.00380000,-0.00120000,0.00000000
2014-07-10,-0.00490000,-0.00600000,-0.00020000,0.00000000
2014-07-11,0.00120000,-0.00220000,-0.00360000,0.00000000
2014-07-14,0.00460000,0.00010000,-0.00150000,0.00000000
2014-07-15,-0.00320000,-0.00950000,0.01000000,0.00000000
2014-07-16,0.00330000,-0.00610000,0.00350000,0.00000000
2014-07-17,-0.01210000,-0.00390000,0.00180000,0.00000000
2014-07-18,0.01120000,0.00510000,-0.00450000,0.00000000
2014-07-21,-0.00250000,-0.00240000,0.00040000,0.00000000
2014-07-22,0.00530000,0.00280000,-0.00330000,0.00000000
2014-07-23,0.00190000,0.00160000,-0.00780000,0.00000000
2014-07-24,0.00050000,-0.00310000,0.00030000,0.00000000
2014-07-25,-0.00530000,-0.00390000,0.00160000,0.00000000
2014-07-28,-0.00080000,-0.00470000,0.00270000,0.00000000
2014-07-29,-0.00330000,0.00710000,-0.00660000,0.00000000
2014-07-30,0.00120000,0.00460000,-0.00360000,0.00000000
2014-07-31,-0.02030000,-0.00200000,0.00480000,0.00000000
2014-08-01,-0.00320000,-0.00190000,-0.00030000,0.00000000
2014-08-04,0.00740000,0.00010000,-0.00220000,0.00000000
2014-08-05,-0.00840000,0.00790000,-0.00180000,0.00000000
2014-08-06,0.00020000,0.00410000,0.00110000,0.00000000
2014-08-07,-0.00520000,-0.00030000,-0.00150000,0.00000000
2014-08-08,0.01130000,-0.00210000,-0.00170000,0.00000000
2014-08-11,0.00400000,0.00590000,-0.00260000,0.00000000
2014-08-12,-0.00230000,-0.00600000,0.00260000,0.00000000
2014-08-13,0.00700000,-0.00090000,-0.00240000,0.00000000
2014-08-14,0.00440000,-0.00230000,0.00010000,0.00000000
2014-08-15,0.00000000,-0.00140000,-0.00140000,0.00000000
2014-08-18,0.00930000,0.00600000,-0.00180000,0.00000000
2014-08-19,0.00490000,-0.00120000,-0.00090000,0.00000000
2014-08-20,0.00190000,-0.00660000,0.00290000,0.00000000
2014-08-21,0.00280000,-0.00150000,0.00810000,0.00000000
2014-08-22,-0.00100000,0.00320000,-0.00380000,0.00000000
2014-08-25,0.00490000,-0.00230000,0.00010000,0.00000000
2014-08-26,0.00190000,0.00720000,-0.00320000,0.00000000
2014-08-27,0.00000000,-0.00220000,0.00150000,0.00000000
2014-08-28,-0.00190000,-0.00430000,0.00080000,0.00000000
2014-08-29,0.00390000,0.00270000,0.00090000,0.00000000
2014-09-02,0.00050000,0.00470000,-0.00090000,0.00000000
2014-09-03,-0.00140000,-0.00560000,0.00240000,0.00000000
2014-09-04,-0.00180000,-0.00130000,-0.00170000,0.00000000
2014-09-05,0.00450000,-0.00270000,-0.00020000,0.00000000
2014-09-08,-0.00220000,0.00540000,-0.00460000,0.00000000
2014-09-09,-0.00720000,-0.00430000,0.00020000,0.00000000
2014-09-10,0.00450000,0.00230000,-0.00400000,0.00000000
2014-09-11,0.00190000,0.00490000,0.00220000,0.00000000
2014-09-12,-0.00550000,-0.00220000,0.00130000,0.00000000
2014-09-15,-0.00280000,-0.01060000,0.00630000,0.00000000
2014-09-16,0.00700000,-0.00400000,-0.00100000,0.00000000
2014-09-17,0.00170000,0.00090000,-0.00240000,0.00000000
2014-09-18,0.00500000,0.00030000,0.00010000,0.00000000
2014-09-19,-0.00180000,-0.00970000,0.00030000,0.00000000
2014-09-22,-0.00970000,-0.00560000,0.00100000,0.00000000
2014-09-23,-0.00620000,-0.00290000,-0.00060000,0.00000000
2014-09-24,0.00810000,0.00110000,-0.00930000,0.00000000
2014-09-25,-0.01630000,0.00080000,0.00120000,0.00000000
2014-09-26,0.00850000,-0.00020000,-0.00250000,0.00000000
2014-09-29,-0.00220000,0.00180000,-0.00440000,0.00000000
2014-09-30,-0.00400000,-0.00990000,0.00110000,0.00000000
2014-10-01,-0.01390000,-0.00170000,0.00300000,0.00000000
2014-10-02,0.00160000,0.01030000,-0.00390000,0.00000000
2014-10-03,0.01080000,-0.00380000,-0.00450000,0.00000000
2014-10-06,-0.00260000,-0.00780000,0.00360000,0.00000000
2014-10-07,-0.01560000,-0.00140000,0.00150000,0.00000000
2014-10-08,0.01700000,0.00030000,-0.00060000,0.00000000
2014-10-09,-0.02170000,-0.00420000,-0.00400000,0.00000000
2014-10-10,-0.01290000,-0.00170000,0.00510000,0.00000000
2014-10-13,-0.01590000,0.01340000,0.00490000,0.00000000
2014-10-14,0.00270000,0.00870000,-0.00120000,0.00000000
2014-10-15,-0.00540000,0.01850000,-0.01330000,0.00000000
2014-10-16,0.00220000,0.01050000,0.00240000,0.00000000
2014-10-17,0.01130000,-0.01570000,-0.00100000,0.00000000
2014-10-20,0.00940000,0.00200000,-0.00310000,0.00000000
2014-10-21,0.01980000,-0.00430000,0.00070000,0.00000000
2014-10-22,-0.00850000,-0.00570000,0.00170000,0.00000000
2014-10-23,0.01290000,0.00520000,-0.00440000,0.00000000
2014-10-24,0.00650000,-0.00470000,-0.00130000,0.00000000
2014-10-27,-0.00170000,0.00120000,-0.00300000,0.00000000
2014-10-28,0.01370000,0.01580000,0.00050000,0.00000000
2014-10-29,-0.00170000,-0.00060000,0.00440000,0.00000000
2014-10-30,0.00600000,0.00270000,-0.00520000,0.00000000
2014-10-31,0.01230000,0.00280000,0.00200000,0.00000000
2014-11-03,-0.00010000,-0.00270000,-0.00050000,0.00000000
2014-11-04,-0.00340000,0.00000000,-0.00250000,0.00000000
2014-11-05,0.00480000,-0.00570000,0.00850000,0.00000000
2014-11-06,0.00490000,0.00110000,-0.00490000,0.00000000
2014-11-07,0.00080000,0.00010000,0.00480000,0.00000000
2014-11-10,0.00330000,0.00200000,-0.00500000,0.00000000
2014-11-11,0.00100000,0.00030000,-0.00270000,0.00000000
2014-11-12,0.00070000,0.00760000,-0.00270000,0.00000000
2014-11-13,-0.00030000,-0.00900000,-0.00360000,0.00000000
2014-11-14,0.00060000,-0.00160000,0.00180000,0.00000000
2014-11-17,-0.00050000,-0.00980000,0.00230000,0.00000000
2014-11-18,0.00510000,0.00030000,-0.00340000,0.00000000
2014-11-19,-0.00210000,-0.00940000,-0.00040000,0.00000000
2014-11-20,0.00310000,0.00890000,0.00000000,0.00000000
2014-11-21,0.00480000,-0.00400000,-0.00050000,0.00000000
2014-11-24,0.00400000,0.00960000,-0.00530000,0.00000000
2014-11-25,-0.00080000,0.00040000,-0.00020000,0.00000000
2014-11-26,0.00290000,0.00090000,-0.00490000,0.00000000
2014-11-28,-0.00340000,-0.00890000,-0.01160000,0.00000000
2014-12-01,-0.00900000,-0.00990000,0.00610000,0.00000000
2014-12-02,0.00650000,0.00410000,0.00080000,0.00000000
2014-12-03,0.00460000,0.00430000,0.00300000,0.00000000
2014-12-04,-0.00170000,-0.00310000,0.00070000,0.00000000
2014-12-05,0.00250000,0.00580000,0.00230000,0.00000000
2014-12-08,-0.00820000,-0.00550000,0.00180000,0.00000000
2014-12-09,0.00130000,0.01730000,-0.00120000,0.00000000
2014-12-10,-0.01720000,-0.00630000,-0.00130000,0.00000000
2014-12-11,0.00500000,-0.00090000,-0.00170000,0.00000000
2014-12-12,-0.01550000,0.00510000,-0.00590000,0.00000000
2014-12-15,-0.00680000,-0.00270000,0.00070000,0.00000000
2014-12-16,-0.00800000,0.00610000,0.00600000,0.00000000
2014-12-17,0.02150000,0.00860000,-0.00080000,0.00000000
2014-12-18,0.02360000,-0.00860000,-0.00190000,0.00000000
2014-12-19,0.00430000,-0.00240000,0.00240000,0.00000000
2014-12-22,0.00370000,0.00200000,-0.00100000,0.00000000
2014-12-23,0.00210000,-0.00300000,0.01100000,0.00000000
2014-12-24,0.00060000,0.00360000,-0.00180000,0.00000000
2014-12-26,0.00380000,0.00370000,-0.00300000,0.00000000
2014-12-29,0.00130000,0.00160000,0.00570000,0.00000000
2014-12-30,-0.00480000,0.00060000,0.00320000,0.00000000
2014-12-31,-0.00930000,0.00500000,-0.00450000,0.00000000
2015-01-02,-0.00120000,-0.00590000,0.00120000,0.00000000
2015-01-05,-0.01840000,0.00330000,-0.00670000,0.00000000
2015-01-06,-0.01030000,-0.00790000,-0.00290000,0.00000000
2015-01-07,0.01190000,0.00200000,-0.00670000,0.00000000
2015-01-08,0.01810000,-0.00110000,-0.00290000,0.00000000
2015-01-09,-0.00850000,0.00000000,-0.00470000,0.00000000
2015-01-12,-0.00780000,0.00400000,-0.00440000,0.00000000
2015-01-13,-0.00190000,0.00270000,0.00010000,0.00000000
2015-01-14,-0.00600000,0.00290000,-0.00500000,0.00000000
2015-01-15,-0.01080000,-0.01000000,0.00610000,0.00000000
2015-01-16,0.01360000,0.00470000,-0.00130000,0.00000000
2015-01-20,0.00110000,-0.00660000,-0.00540000,0.00000000
2015-01-21,0.00420000,-0.00970000,0.00590000,0.00000000
2015-01-22,0.01580000,0.00450000,0.00420000,0.00000000
2015-01-23,-0.00470000,0.00500000,-0.00760000,0.00000000
2015-01-26,0.00420000,0.00590000,-0.00050000,0.00000000
2015-01-27,-0.01220000,0.00650000,0.00200000,0.00000000
2015-01-28,-0.01390000,-0.00060000,-0.00810000,0.00000000
2015-01-29,0.00980000,0.00260000,0.00040000,0.00000000
2015-01-30,-0.01310000,-0.00790000,0.00050000,0.00000000
2015-02-02,0.01240000,-0.00460000,0.01000000,0.00000000
2015-02-03,0.01490000,0.00150000,0.00500000,0.00000000
2015-02-04,-0.00350000,-0.00080000,-0.00210000,0.00000000
2015-02-05,0.01100000,0.00460000,-0.00070000,0.00000000
2015-02-06,-0.00200000,0.00090000,0.00340000,0.00000000
2015-02-09,-0.00460000,-0.00360000,0.00110000,0.00000000
2015-02-10,0.01050000,-0.00300000,-0.00730000,0.00000000
2015-02-11,0.00030000,-0.00080000,-0.00340000,0.00000000
2015-02-12,0.01000000,0.00160000,-0.00050000,0.00000000
2015-02-13,0.00470000,0.00170000,-0.00300000,0.00000000
2015-02-17,0.00160000,-0.00040000,-0.00030000,0.00000000
2015-02-18,0.00030000,0.00320000,-0.00830000,0.00000000
2015-02-19,-0.00010000,0.00280000,-0.00380000,0.00000000
2015-02-20,0.00610000,-0.00400000,-0.00270000,0.00000000
2015-02-23,-0.00080000,0.00040000,-0.00370000,0.00000000
2015-02-24,0.00320000,-0.00040000,0.00710000,0.00000000
2015-02-25,0.00010000,0.00230000,-0.00480000,0.00000000
2015-02-26,-0.00080000,0.00660000,-0.00500000,0.00000000
2015-02-27,-0.00360000,-0.00220000,0.00220000,0.00000000
2015-03-02,0.00620000,0.00230000,-0.00460000,0.00000000
2015-03-03,-0.00430000,-0.00310000,0.00320000,0.00000000
2015-03-04,-0.00410000,0.00120000,-0.00370000,0.00000000
2015-03-05,0.00150000,0.00270000,-0.00430000,0.00000000
2015-03-06,-0.01290000,0.00290000,0.00410000,0.00000000
2015-03-09,0.00370000,0.00090000,0.00000000,0.00000000
2015-03-10,-0.01630000,0.00440000,-0.00530000,0.00000000
2015-03-11,-0.00030000,0.00540000,0.00510000,0.00000000
2015-03-12,0.01280000,0.00400000,0.00450000,0.00000000
2015-03-13,-0.00580000,0.00210000,-0.00020000,0.00000000
2015-03-16,0.01240000,-0.00770000,-0.00380000,0.00000000
2015-03-17,-0.00190000,0.00530000,-0.00010000,0.00000000
2015-03-18,0.01090000,-0.00530000,0.00020000,0.00000000
2015-03-19,-0.00360000,0.00890000,-0.01110000,0.00000000
2015-03-20,0.00810000,-0.00160000,0.00560000,0.00000000
2015-03-23,-0.00190000,0.00200000,0.00240000,0.00000000
2015-03-24,-0.00510000,0.00610000,-0.00260000,0.00000000
2015-03-25,-0.01560000,-0.01010000,0.01030000,0.00000000
2015-03-26,-0.00220000,0.00120000,-0.00040000,0.00000000
2015-03-27,0.00320000,0.00510000,-0.00720000,0.00000000
2015-03-30,0.01240000,0.00010000,0.00010000,0.00000000
2015-03-31,-0.00750000,0.00400000,0.00390000,0.00000000
2015-04-01,-0.00380000,0.00350000,0.00420000,0.00000000
2015-04-02,0.00350000,-0.00090000,0.00280000,0.00000000
2015-04-06,0.00610000,-0.00290000,-0.00080000,0.00000000
2015-04-07,-0.00220000,-0.00190000,-0.00190000,0.00000000
2015-04-08,0.00370000,0.00560000,-0.00740000,0.00000000
2015-04-09,0.00410000,-0.00700000,-0.00080000,0.00000000
2015-04-10,0.00490000,-0.00080000,-0.00270000,0.00000000
2015-04-13,-0.00380000,0.00510000,0.00240000,0.00000000
2015-04-14,0.00100000,-0.00210000,0.00220000,0.00000000
2015-04-15,0.00570000,0.00250000,0.00360000,0.00000000
2015-04-16,-0.00080000,-0.00090000,-0.00200000,0.00000000
2015-04-17,-0.01230000,-0.00470000,0.00170000,0.00000000
2015-04-20,0.00950000,0.00170000,-0.00280000,0.00000000
2015-04-21,-0.00100000,0.00180000,-0.00730000,0.00000000
2015-04-22,0.00460000,-0.00370000,0.00180000,0.00000000
2015-04-23,0.00290000,0.00270000,-0.00250000,0.00000000
2015-04-24,0.00170000,-0.00490000,-0.00300000,0.00000000
2015-04-27,-0.00530000,-0.00700000,0.00560000,0.00000000
2015-04-28,0.00270000,0.00180000,0.01060000,0.00000000
2015-04-29,-0.00390000,-0.00740000,0.00720000,0.00000000
2015-04-30,-0.01110000,-0.01060000,0.00710000,0.00000000
2015-05-01,0.01010000,-0.00300000,-0.00610000,0.00000000
2015-05-04,0.00320000,0.00040000,0.00220000,0.00000000
2015-05-05,-0.01190000,-0.00160000,0.00520000,0.00000000
2015-05-06,-0.00310000,0.00640000,-0.00120000,0.00000000
2015-05-07,0.00390000,0.00080000,-0.00370000,0.00000000
2015-05-08,0.01210000,-0.00560000,-0.00110000,0.00000000
2015-05-11,-0.00390000,0.00690000,-0.00050000,0.00000000
2015-05-12,-0.00260000,-0.00010000,0.00140000,0.00000000
2015-05-13,0.00010000,-0.00020000,0.00040000,0.00000000
2015-05-14,0.01010000,-0.00090000,-0.00340000,0.00000000
2015-05-15,0.00050000,-0.00250000,-0.00200000,0.00000000
2015-05-18,0.00440000,0.00750000,-0.00110000,0.00000000
2015-05-19,-0.00090000,-0.00120000,0.00230000,0.00000000
2015-05-20,-0.00050000,0.00210000,-0.00100000,0.00000000
2015-05-21,0.00230000,-0.00280000,0.00020000,0.00000000
2015-05-22,-0.00220000,-0.00100000,-0.00130000,0.00000000
2015-05-26,-0.01010000,-0.00020000,-0.00020000,0.00000000
2015-05-27,0.00930000,0.00350000,-0.00320000,0.00000000
2015-05-28,-0.00110000,0.00090000,0.00150000,0.00000000
2015-05-29,-0.00580000,0.00010000,0.00050000,0.00000000
2015-06-01,0.00170000,-0.00030000,-0.00230000,0.00000000
2015-06-02,-0.00020000,0.00320000,0.00350000,0.00000000
2015-06-03,0.00390000,0.00890000,-0.00260000,0.00000000
2015-06-04,-0.00880000,-0.00100000,0.00000000,0.00000000
2015-06-05,0.00060000,0.00820000,0.00090000,0.00000000
2015-06-08,-0.00660000,0.00030000,0.00010000,0.00000000
2015-06-09,0.00020000,-0.00310000,0.00370000,0.00000000
2015-06-10,0.01190000,0.00150000,0.00210000,0.00000000
2015-06-11,0.00210000,-0.00100000,-0.00100000,0.00000000
2015-06-12,-0.00630000,0.00330000,0.00120000,0.00000000
2015-06-15,-0.00450000,0.00120000,-0.00140000,0.00000000
2015-06-16,0.00570000,0.00110000,-0.00010000,0.00000000
2015-06-17,0.00160000,-0.00280000,-0.00660000,0.00000000
2015-06-18,0.00990000,0.00220000,-0.00440000,0.00000000
2015-06-19,-0.00430000,0.00560000,-0.00210000,0.00000000
2015-06-22,0.00630000,0.00090000,-0.00060000,0.00000000
2015-06-23,0.00120000,0.00250000,0.00290000,0.00000000
2015-06-24,-0.00790000,-0.00120000,0.00130000,0.00000000
2015-06-25,-0.00250000,0.00360000,-0.00210000,0.00000000
2015-06-26,-0.00060000,-0.00220000,0.00410000,0.00000000
2015-06-29,-0.02140000,-0.00440000,0.00170000,0.00000000
2015-06-30,0.00330000,0.00320000,-0.00660000,0.00000000
2015-07-01,0.00610000,-0.00760000,-0.00040000,0.00000000
2015-07-02,-0.00110000,-0.00570000,-0.00100000,0.00000000
2015-07-06,-0.00370000,0.00190000,-0.00560000,0.00000000
2015-07-07,0.00530000,-0.00460000,-0.00280000,0.00000000
2015-07-08,-0.01680000,0.00000000,0.00090000,0.00000000
2015-07-09,0.00290000,0.00140000,0.00020000,0.00000000
2015-07-10,0.01230000,0.00230000,-0.00520000,0.00000000
2015-07-13,0.01140000,-0.00080000,-0.00430000,0.00000000
2015-07-14,0.00480000,0.00170000,0.00100000,0.00000000
2015-07-15,-0.00180000,-0.00790000,-0.00060000,0.00000000
2015-07-16,0.00770000,-0.00160000,-0.00640000,0.00000000
2015-07-17,0.00050000,-0.00590000,-0.00650000,0.00000000
2015-07-20,-0.00010000,-0.00710000,-0.00610000,0.00000000
2015-07-21,-0.00460000,0.00010000,0.00300000,0.00000000
2015-07-22,-0.00170000,0.00190000,0.00230000,0.00000000
2015-07-23,-0.00580000,-0.00390000,-0.00310000,0.00000000
2015-07-24,-0.01090000,-0.00620000,0.00040000,0.00000000
2015-07-27,-0.00740000,-0.00250000,0.00050000,0.00000000
2015-07-28,0.01230000,-0.00370000,-0.00140000,0.00000000
2015-07-29,0.00750000,-0.00390000,0.00530000,0.00000000
2015-07-30,0.00100000,0.00150000,-0.00270000,0.00000000
2015-07-31,-0.00150000,0.00850000,-0.01010000,0.00000000
2015-08-03,-0.00340000,-0.00330000,-0.00200000,0.00000000
2015-08-04,-0.00140000,0.00030000,-0.00130000,0.00000000
2015-08-05,0.00360000,-0.00020000,-0.00400000,0.00000000
2015-08-06,-0.00880000,-0.00530000,0.01930000,0.00000000
2015-08-07,-0.00360000,-0.00480000,-0.00300000,0.00000000
2015-08-10,0.01310000,0.00140000,0.00700000,0.00000000
2015-08-11,-0.00980000,-0.00090000,0.00420000,0.00000000
2015-08-12,0.00070000,-0.00100000,-0.00320000,0.00000000
2015-08-13,-0.00140000,-0.00470000,0.00080000,0.00000000
2015-08-14,0.00430000,0.00150000,0.00440000,0.00000000
2015-08-17,0.00600000,0.00440000,-0.00860000,0.00000000
2015-08-18,-0.00350000,-0.00630000,0.00370000,0.00000000
2015-08-19,-0.00850000,-0.00120000,-0.00220000,0.00000000
2015-08-20,-0.02240000,-0.00270000,0.00550000,0.00000000
2015-08-21,-0.02950000,0.01860000,0.00140000,0.00000000
2015-08-24,-0.03910000,0.00340000,-0.00430000,0.00000000
2015-08-25,-0.01160000,0.00710000,-0.00600000,0.00000000
2015-08-26,0.03680000,-0.01360000,-0.00330000,0.00000000
2015-08-27,0.02400000,-0.00720000,0.00610000,0.00000000
2015-08-28,0.00230000,0.00990000,0.00080000,0.00000000
2015-08-31,-0.00740000,0.00770000,0.01420000,0.00000000
2015-09-01,-0.02910000,0.00310000,-0.00500000,0.00000000
2015-09-02,0.01820000,-0.00140000,-0.00920000,0.00000000
2015-09-03,0.00170000,-0.00340000,0.00740000,0.00000000
2015-09-04,-0.01390000,0.00910000,-0.00570000,0.00000000
2015-09-08,0.02520000,-0.00340000,-0.00580000,0.00000000
2015-09-09,-0.01340000,0.00150000,0.00150000,0.00000000
2015-09-10,0.00490000,-0.00110000,-0.00360000,0.00000000
2015-09-11,0.00440000,-0.00190000,-0.00690000,0.00000000
2015-09-14,-0.00410000,0.00020000,0.00040000,0.00000000
2015-09-15,0.01220000,-0.00200000,0.00270000,0.00000000
2015-09-16,0.00850000,0.00010000,0.00430000,0.00000000
2015-09-17,-0.00170000,0.00920000,-0.01490000,0.00000000
2015-09-18,-0.01620000,0.00500000,-0.00960000,0.00000000
2015-09-21,0.00360000,-0.00960000,0.01240000,0.00000000
2015-09-22,-0.01290000,-0.00280000,0.00130000,0.00000000
2015-09-23,-0.00270000,-0.00160000,-0.00150000,0.00000000
2015-09-24,-0.00360000,0.00270000,0.00520000,0.00000000
2015-09-25,-0.00220000,-0.01680000,0.01870000,0.00000000
2015-09-28,-0.02630000,-0.00310000,0.01160000,0.00000000
2015-09-29,-0.00060000,-0.00740000,0.00700000,0.00000000
2015-09-30,0.01880000,-0.00430000,-0.00440000,0.00000000
2015-10-01,0.00130000,-0.00450000,-0.00060000,0.00000000
2015-10-02,0.01480000,0.00320000,-0.00840000,0.00000000
2015-10-05,0.01930000,0.00620000,0.00770000,0.00000000
2015-10-06,-0.00430000,-0.00240000,0.01640000,0.00000000
2015-10-07,0.00940000,0.00770000,-0.00240000,0.00000000
2015-10-08,0.00850000,0.00230000,0.00740000,0.00000000
2015-10-09,0.00120000,0.00220000,-0.01080000,0.00000000
2015-10-12,0.00060000,-0.00380000,-0.00080000,0.00000000
2015-10-13,-0.00730000,-0.00740000,0.00660000,0.00000000
2015-10-14,-0.00600000,-0.00290000,-0.00070000,0.00000000
2015-10-15,0.01560000,0.00670000,-0.00090000,0.00000000
2015-10-16,0.00350000,-0.00460000,-0.00320000,0.00000000
2015-10-19,0.00000000,0.00160000,-0.00680000,0.00000000
2015-10-20,-0.00150000,0.00010000,0.01220000,0.00000000
2015-10-21,-0.00730000,-0.00880000,-0.00200000,0.00000000
2015-10-22,0.01500000,-0.00790000,0.00320000,0.00000000
2015-10-23,0.01090000,-0.00010000,-0.00560000,0.00000000
2015-10-26,-0.00200000,-0.00340000,-0.00720000,0.00000000
2015-10-27,-0.00420000,-0.00870000,-0.00930000,0.00000000
2015-10-28,0.01430000,0.01420000,0.00680000,0.00000000
2015-10-29,-0.00200000,-0.00810000,-0.00060000,0.00000000
2015-10-30,-0.00420000,0.00200000,-0.00570000,0.00000000
2015-11-02,0.01250000,0.00850000,-0.00020000,0.00000000
2015-11-03,0.00330000,0.00400000,0.00240000,0.00000000
2015-11-04,-0.00250000,0.00330000,-0.00320000,0.00000000
2015-11-05,-0.00070000,0.00020000,0.00490000,0.00000000
2015-11-06,0.00140000,0.00870000,0.00330000,0.00000000
2015-11-09,-0.00950000,-0.00240000,-0.00040000,0.00000000
2015-11-10,0.00130000,0.00000000,0.00220000,0.00000000
2015-11-11,-0.00430000,-0.00500000,-0.00180000,0.00000000
2015-11-12,-0.01450000,-0.00520000,-0.00410000,0.00000000
2015-11-13,-0.01060000,0.00320000,0.00360000,0.00000000
2015-11-16,0.01390000,-0.00600000,0.00480000,0.00000000
2015-11-17,-0.00110000,-0.00120000,-0.00640000,0.00000000
2015-11-18,0.01610000,-0.00020000,-0.00080000,0.00000000
2015-11-19,-0.00130000,-0.00250000,-0.00170000,0.00000000
2015-11-20,0.00350000,0.00430000,-0.00390000,0.00000000
2015-11-23,-0.00010000,0.00650000,-0.00350000,0.00000000
2015-11-24,0.00210000,0.00690000,0.00250000,0.00000000
2015-11-25,0.00070000,0.00880000,-0.00540000,0.00000000
2015-11-27,0.00090000,0.00240000,-0.00290000,0.00000000
2015-11-30,-0.00480000,0.00120000,0.00670000,0.00000000
2015-12-01,0.00970000,-0.00660000,0.00250000,0.00000000
2015-12-02,-0.01010000,0.00250000,-0.00700000,0.00000000
2015-12-03,-0.01500000,-0.00200000,0.00400000,0.00000000
2015-12-04,0.01870000,-0.01020000,-0.00480000,0.00000000
2015-12-07,-0.00830000,-0.00880000,-0.00680000,0.00000000
2015-12-08,-0.00580000,0.00470000,-0.01190000,0.00000000
2015-12-09,-0.00830000,-0.00350000,0.00390000,0.00000000
2015-12-10,0.00300000,0.00110000,-0.00230000,0.00000000
2015-12-11,-0.02020000,-0.00230000,-0.00060000,0.00000000
2015-12-14,0.00290000,-0.01030000,-0.00170000,0.00000000
2015-12-15,0.01100000,0.00050000,0.00790000,0.00000000
2015-12-16,0.01470000,0.00020000,-0.00680000,0.00000000
2015-12-17,-0.01460000,0.00400000,-0.00360000,0.00000000
2015-12-18,-0.01690000,0.00750000,-0.00370000,0.00000000
2015-12-21,0.00740000,-0.00180000,-0.00070000,0.00000000
2015-12-22,0.00890000,-0.00070000,0.00510000,0.00000000
2015-12-23,0.01290000,0.00120000,0.00570000,0.00000000
2015-12-24,-0.00110000,0.00290000,-0.00020000,0.00000000
2015-12-28,-0.00280000,-0.00470000,-0.00360000,0.00000000
2015-12-29,0.01050000,0.00090000,-0.00270000,0.00000000
2015-12-30,-0.00740000,-0.00170000,-0.00150000,0.00000000
2015-12-31,-0.00920000,-0.00240000,0.00230000,0.00000000
2016-01-04,-0.01590000,-0.00870000,0.00520000,0.00000000
2016-01-05,0.00130000,-0.00180000,0.00000000,0.00000000
2016-01-06,-0.01340000,-0.00130000,0.00010000,0.00000000
2016-01-07,-0.02440000,-0.00290000,0.00080000,0.00000000
2016-01-08,-0.01110000,-0.00490000,-0.00030000,0.00000000
2016-01-11,-0.00060000,-0.00640000,0.00400000,0.00000000
2016-01-12,0.00720000,-0.00420000,-0.00780000,0.00000000
2016-01-13,-0.02660000,-0.00730000,0.00800000,0.00000000
2016-01-14,0.01650000,0.00020000,-0.00410000,0.00000000
2016-01-15,-0.02130000,0.00400000,-0.00220000,0.00000000
2016-01-19,-0.00190000,-0.01330000,-0.00070000,0.00000000
2016-01-20,-0.00940000,0.01870000,-0.01260000,0.00000000
2016-01-21,0.00450000,-0.00520000,-0.00010000,0.00000000
2016-01-22,0.02080000,0.00210000,-0.00190000,0.00000000
2016-01-25,-0.01700000,-0.00390000,-0.00980000,0.00000000
2016-01-26,0.01520000,0.00410000,0.01180000,0.00000000
2016-01-27,-0.01110000,-0.00560000,0.01700000,0.00000000
2016-01-28,0.00490000,-0.00460000,0.01260000,0.00000000
2016-01-29,0.02570000,0.00480000,0.00420000,0.00000000
2016-02-01,-0.00040000,-0.00190000,-0.01000000,0.00000000
2016-02-02,-0.02000000,-0.00030000,-0.00360000,0.00000000
2016-02-03,0.00460000,-0.00330000,0.00450000,0.00000000
2016-02-04,0.00270000,0.00110000,0.00350000,0.00000000
2016-02-05,-0.02060000,-0.01060000,0.01630000,0.00000000
2016-02-08,-0.01510000,-0.00010000,0.00820000,0.00000000
2016-02-09,-0.00080000,-0.00470000,-0.00290000,0.00000000
2016-02-10,0.00010000,-0.00050000,-0.00550000,0.00000000
2016-02-11,-0.01170000,0.00510000,-0.01470000,0.00000000
2016-02-12,0.01980000,-0.00520000,0.01080000,0.00000000
2016-02-16,0.01780000,0.00520000,-0.00520000,0.00000000
2016-02-17,0.01740000,-0.00060000,-0.00650000,0.00000000
2016-02-18,-0.00510000,0.00000000,0.00220000,0.00000000
2016-02-19,0.00060000,0.00420000,-0.00580000,0.00000000
2016-02-22,0.01430000,-0.00270000,0.00260000,0.00000000
2016-02-23,-0.01210000,0.00470000,-0.00500000,0.00000000
2016-02-24,0.00540000,0.00700000,-0.00290000,0.00000000
2016-02-25,0.01100000,-0.00430000,0.00220000,0.00000000
2016-02-26,-0.00020000,0.00800000,0.00290000,0.00000000
2016-02-29,-0.00690000,0.00650000,0.00250000,0.00000000
2016-03-01,0.02340000,-0.00660000,0.00390000,0.00000000
2016-03-02,0.00540000,0.00520000,0.00680000,0.00000000
2016-03-03,0.00500000,0.00460000,0.00650000,0.00000000
2016-03-04,0.00370000,0.00290000,0.00280000,0.00000000
2016-03-07,0.00210000,0.01200000,0.00550000,0.00000000
2016-03-08,-0.01270000,-0.01170000,-0.00470000,0.00000000
2016-03-09,0.00500000,0.00010000,0.00400000,0.00000000
2016-03-10,-0.00100000,-0.00860000,0.00620000,0.00000000
2016-03-11,0.01690000,0.00280000,0.00230000,0.00000000
2016-03-14,-0.00120000,-0.00080000,-0.00900000,0.00000000
2016-03-15,-0.00350000,-0.01490000,0.00690000,0.00000000
2016-03-16,0.00630000,0.00100000,-0.00090000,0.00000000
2016-03-17,0.00710000,0.00830000,0.00590000,0.00000000
2016-03-18,0.00540000,0.00370000,-0.00140000,0.00000000
2016-03-21,0.00100000,-0.00220000,-0.00320000,0.00000000
2016-03-22,-0.00050000,-0.00010000,-0.00450000,0.00000000
2016-03-23,-0.00850000,-0.01170000,-0.00160000,0.00000000
2016-03-24,0.00000000,0.00480000,-0.00060000,0.00000000
2016-03-28,0.00040000,-0.00030000,0.00160000,0.00000000
2016-03-29,0.01070000,0.01800000,-0.01190000,0.00000000
2016-03-30,0.00410000,-0.00300000,0.00160000,0.00000000
2016-03-31,-0.00110000,0.00450000,-0.00490000,0.00000000
2016-04-01,0.00640000,-0.00250000,-0.00630000,0.00000000
2016-04-04,-0.00410000,-0.00200000,-0.00780000,0.00000000
2016-04-05,-0.00940000,-0.00080000,-0.00380000,0.00000000
2016-04-06,0.01140000,0.00220000,-0.00760000,0.00000000
2016-04-07,-0.01230000,-0.00050000,-0.00380000,0.00000000
2016-04-08,0.00290000,0.00020000,0.00680000,0.00000000
2016-04-11,-0.00280000,-0.00130000,0.00950000,0.00000000
2016-04-12,0.00990000,-0.00070000,0.00870000,0.00000000
2016-04-13,0.01230000,0.00860000,0.00380000,0.00000000
2016-04-14,0.00030000,-0.00260000,0.00140000,0.00000000
2016-04-15,-0.00040000,0.00340000,-0.00340000,0.00000000
2016-04-18,0.00650000,0.00110000,-0.00190000,0.00000000
2016-04-19,0.00280000,-0.00370000,0.01480000,0.00000000
2016-04-20,0.00150000,-0.00110000,0.00580000,0.00000000
2016-04-21,-0.00480000,0.00100000,-0.00600000,0.00000000
2016-04-22,0.00120000,0.00820000,0.00510000,0.00000000
2016-04-25,-0.00240000,-0.00580000,-0.00180000,0.00000000
2016-04-26,0.00290000,0.00660000,0.00810000,0.00000000
2016-04-27,0.00210000,0.00050000,0.00700000,0.00000000
2016-04-28,-0.00960000,-0.00130000,-0.00020000,0.00000000
2016-04-29,-0.00500000,-0.00150000,0.00360000,0.00000000
2016-05-02,0.00780000,0.00030000,-0.00380000,0.00000000
2016-05-03,-0.01050000,-0.00660000,-0.00450000,0.00000000
2016-05-04,-0.00660000,-0.00140000,0.00050000,0.00000000
2016-05-05,-0.00080000,-0.00500000,0.00060000,0.00000000
2016-05-06,0.00380000,0.00030000,0.00240000,0.00000000
2016-05-09,0.00050000,0.00390000,-0.01460000,0.00000000
2016-05-10,0.01260000,-0.00400000,0.00500000,0.00000000
2016-05-11,-0.00890000,-0.00350000,0.00790000,0.00000000
2016-05-12,-0.00110000,-0.00620000,0.00140000,0.00000000
2016-05-13,-0.00820000,0.00390000,-0.00670000,0.00000000
2016-05-16,0.00990000,0.00280000,-0.00230000,0.00000000
2016-05-17,-0.00950000,-0.00800000,0.00610000,0.00000000
2016-05-18,0.00100000,0.00130000,0.00890000,0.00000000
2016-05-19,-0.00320000,-0.00350000,-0.00260000,0.00000000
2016-05-20,0.00750000,0.00900000,-0.00260000,0.00000000
2016-05-23,-0.00190000,0.00250000,-0.00320000,0.00000000
2016-05-24,0.01430000,0.00710000,-0.00350000,0.00000000
2016-05-25,0.00710000,-0.00210000,0.00560000,0.00000000
2016-05-26,-0.00040000,-0.00080000,-0.00530000,0.00000000
2016-05-27,0.00480000,0.00350000,-0.00170000,0.00000000
2016-05-31,-0.00010000,0.00520000,-0.00370000,0.00000000
2016-06-01,0.00200000,0.00650000,-0.00210000,0.00000000
2016-06-02,0.00350000,0.00330000,-0.00580000,0.00000000
2016-06-03,-0.00380000,-0.00160000,-0.00070000,0.00000000
2016-06-06,0.00600000,0.00670000,0.00310000,0.00000000
2016-06-07,0.00120000,0.00160000,0.00100000,0.00000000
2016-06-08,0.00370000,0.00450000,-0.00090000,0.00000000
2016-06-09,-0.00270000,-0.00400000,-0.00240000,0.00000000
2016-06-10,-0.01050000,-0.00350000,-0.00180000,0.00000000
2016-06-13,-0.00840000,-0.00350000,0.00120000,0.00000000
2016-06-14,-0.00190000,0.00260000,-0.00720000,0.00000000
2016-06-15,-0.00110000,0.00230000,-0.00030000,0.00000000
2016-06-16,0.00240000,-0.00350000,-0.00440000,0.00000000
2016-06-17,-0.00300000,-0.00110000,0.00950000,0.00000000
2016-06-20,0.00710000,0.00620000,0.00010000,0.00000000
2016-06-21,0.00210000,-0.00640000,0.00510000,0.00000000
2016-06-22,-0.00200000,-0.00320000,0.00070000,0.00000000
2016-06-23,0.01450000,0.00510000,0.00470000,0.00000000
2016-06-24,-0.03690000,0.00170000,-0.01210000,0.00000000
2016-06-27,-0.02060000,-0.00950000,-0.00720000,0.00000000
2016-06-28,0.01760000,-0.00380000,0.00160000,0.00000000
2016-06-29,0.01790000,0.00280000,-0.00040000,0.00000000
2016-06-30,0.01420000,0.00350000,0.00420000,0.00000000
2016-07-01,0.00240000,0.00520000,-0.00430000,0.00000000
2016-07-05,-0.00840000,-0.00630000,-0.01380000,0.00000000
2016-07-06,0.00620000,0.00170000,-0.00120000,0.00000000
2016-07-07,0.00020000,0.00330000,-0.00180000,0.00000000
2016-07-08,0.01590000,0.00910000,0.00330000,0.00000000
2016-07-11,0.00420000,0.00600000,0.00280000,0.00000000
2016-07-12,0.00750000,0.00620000,0.00980000,0.00000000
2016-07-13,-0.00040000,-0.00510000,0.00480000,0.00000000
2016-07-14,0.00510000,-0.00460000,0.00460000,0.00000000
2016-07-15,-0.00050000,0.00310000,0.00010000,0.00000000
2016-07-18,0.00240000,-0.00020000,-0.00140000,0.00000000
2016-07-19,-0.00220000,-0.00640000,0.00040000,0.00000000
2016-07-20,0.00480000,0.00440000,-0.00890000,0.00000000
2016-07-21,-0.00380000,-0.00050000,-0.00030000,0.00000000
2016-07-22,0.00480000,0.00260000,-0.00130000,0.00000000
2016-07-25,-0.00270000,-0.00050000,-0.00230000,0.00000000
2016-07-26,0.00130000,0.00580000,0.00540000,0.00000000
2016-07-27,-0.00140000,0.00550000,-0.00430000,0.00000000
2016-07-28,0.00190000,-0.00480000,-0.00330000,0.00000000
2016-07-29,0.00170000,-0.00050000,0.00030000,0.00000000
2016-08-01,-0.00160000,0.00200000,-0.00900000,0.00000000
2016-08-02,-0.00700000,-0.00570000,0.00170000,0.00000000
2016-08-03,0.00450000,0.00490000,0.00800000,0.00000000
2016-08-04,0.00050000,0.00090000,-0.00380000,0.00000000
2016-08-05,0.00920000,0.00390000,0.01000000,0.00000000
2016-08-08,-0.00060000,0.00020000,0.00500000,0.00000000
2016-08-09,0.00050000,-0.00030000,-0.00280000,0.00000000
2016-08-10,-0.00290000,-0.00440000,-0.00180000,0.00000000
2016-08-11,0.00540000,0.00140000,0.00030000,0.00000000
2016-08-12,-0.00060000,0.00090000,-0.00170000,0.00000000
2016-08-15,0.00380000,0.00750000,0.00390000,0.00000000
2016-08-16,-0.00570000,-0.00270000,0.00580000,0.00000000
2016-08-17,0.00120000,-0.00550000,0.00240000,0.00000000
2016-08-18,0.00320000,0.00460000,0.00340000,0.00000000
2016-08-19,-0.00110000,0.00100000,-0.00130000,0.00000000
2016-08-22,-0.00020000,0.00250000,-0.00400000,0.00000000
2016-08-23,0.00260000,0.00570000,-0.00010000,0.00000000
2016-08-24,-0.00550000,-0.00480000,0.00370000,0.00000000
2016-08-25,-0.00080000,0.00190000,0.00480000,0.00000000
2016-08-26,-0.00150000,0.00140000,-0.00080000,0.00000000
2016-08-29,0.00530000,-0.00080000,0.00340000,0.00000000
2016-08-30,-0.00140000,0.00120000,0.00280000,0.00000000
2016-08-31,-0.00240000,-0.00390000,0.00150000,0.00000000
2016-09-01,0.00030000,0.00120000,-0.00510000,0.00000000
2016-09-02,0.00530000,0.00400000,0.00360000,0.00000000
2016-09-06,0.00270000,0.00090000,-0.00550000,0.00000000
2016-09-07,0.00090000,0.00630000,0.00020000,0.00000000
2016-09-08,-0.00180000,-0.00010000,0.00590000,0.00000000
2016-09-09,-0.02460000,-0.00570000,0.00430000,0.00000000
2016-09-12,0.01440000,0.00010000,-0.00440000,0.00000000
2016-09-13,-0.01480000,-0.00240000,-0.00430000,0.00000000
2016-09-14,-0.00080000,0.00120000,-0.00810000,0.00000000
2016-09-15,0.01070000,0.00300000,-0.00320000,0.00000000
2016-09-16,-0.00360000,0.00320000,-0.00440000,0.00000000
2016-09-19,0.00050000,0.00430000,0.00150000,0.00000000
2016-09-20,-0.00010000,-0.00240000,-0.00400000,0.00000000
2016-09-21,0.01120000,0.00150000,0.00330000,0.00000000
2016-09-22,0.00700000,0.00860000,-0.00060000,0.00000000
2016-09-23,-0.00590000,-0.00100000,-0.00200000,0.00000000
2016-09-26,-0.00880000,-0.00220000,-0.00360000,0.00000000
2016-09-27,0.00640000,-0.00070000,-0.00490000,0.00000000
2016-09-28,0.00560000,0.00200000,0.01100000,0.00000000
2016-09-29,-0.00980000,-0.00400000,0.00500000,0.00000000
2016-09-30,0.00880000,0.00380000,0.00340000,0.00000000
2016-10-03,-0.00260000,-0.00020000,-0.00140000,0.00000000
2016-10-04,-0.00450000,0.00030000,0.00140000,0.00000000
2016-10-05,0.00580000,0.00290000,0.00800000,0.00000000
2016-10-06,-0.00060000,-0.00250000,0.00280000,0.00000000
2016-10-07,-0.00380000,-0.00510000,0.00200000,0.00000000
2016-10-10,0.00520000,0.00560000,0.00050000,0.00000000
2016-10-11,-0.01300000,-0.00590000,0.00430000,0.00000000
2016-10-12,0.00060000,-0.00240000,0.00340000,0.00000000
2016-10-13,-0.00410000,-0.00690000,-0.00620000,0.00000000
2016-10-14,0.00010000,-0.00390000,0.00580000,0.00000000
2016-10-17,-0.00290000,-0.00040000,0.00150000,0.00000000
2016-10-18,0.00600000,-0.00180000,0.00050000,0.00000000
2016-10-19,0.00240000,0.00050000,0.00930000,0.00000000
2016-10-20,-0.00160000,-0.00030000,-0.00110000,0.00000000
2016-10-21,0.00020000,-0.00140000,-0.00330000,0.00000000
2016-10-24,0.00540000,0.00060000,-0.00190000,0.00000000
2016-10-25,-0.00460000,-0.00590000,0.00240000,0.00000000
2016-10-26,-0.00230000,-0.00840000,0.00710000,0.00000000
2016-10-27,-0.00320000,-0.00960000,0.00560000,0.00000000
2016-10-28,-0.00290000,-0.00100000,0.00090000,0.00000000
2016-10-31,0.00020000,0.00070000,0.00090000,0.00000000
2016-11-01,-0.00680000,-0.00390000,0.00230000,0.00000000
2016-11-02,-0.00730000,-0.00640000,0.00260000,0.00000000
2016-11-03,-0.00400000,-0.00450000,0.01050000,0.00000000
2016-11-04,-0.00120000,0.00860000,-0.00420000,0.00000000
2016-11-07,0.02240000,0.00180000,-0.00110000,0.00000000
2016-11-08,0.00400000,-0.00080000,-0.00230000,0.00000000
2016-11-09,0.01450000,0.01880000,0.01070000,0.00000000
2016-11-10,0.00320000,0.01140000,0.01850000,0.00000000
2016-11-11,0.00180000,0.02520000,-0.00020000,0.00000000
2016-11-14,0.00200000,0.00640000,0.01410000,0.00000000
2016-11-15,0.00800000,-0.00540000,0.00150000,0.00000000
2016-11-16,-0.00120000,0.00300000,-0.00540000,0.00000000
2016-11-17,0.00560000,0.00130000,-0.00150000,0.00000000
2016-11-18,-0.00160000,0.00560000,0.00380000,0.00000000
2016-11-21,0.00770000,-0.00260000,0.00050000,0.00000000
2016-11-22,0.00310000,0.00560000,0.00530000,0.00000000
2016-11-23,0.00150000,0.00500000,0.00190000,0.00000000
2016-11-25,0.00400000,-0.00060000,-0.00290000,0.00000000
2016-11-28,-0.00640000,-0.00760000,0.00080000,0.00000000
2016-11-29,0.00120000,-0.00360000,-0.00050000,0.00000000
2016-11-30,-0.00250000,-0.00380000,0.02200000,0.00000000
2016-12-01,-0.00360000,-0.00640000,0.02030000,0.00000000
2016-12-02,0.00000000,0.00040000,-0.00320000,0.00000000
2016-12-05,0.00750000,0.01090000,0.00270000,0.00000000
2016-12-06,0.00470000,0.00620000,0.00210000,0.00000000
2016-12-07,0.01260000,-0.00600000,0.00480000,0.00000000
2016-12-08,0.00360000,0.01160000,0.00600000,0.00000000
2016-12-09,0.00460000,-0.00280000,0.00200000,0.00000000
2016-12-12,-0.00300000,-0.00950000,-0.00140000,0.00000000
2016-12-13,0.00600000,-0.00530000,-0.00250000,0.00000000
2016-12-14,-0.00820000,-0.00380000,-0.00280000,0.00000000
2016-12-15,0.00460000,0.00380000,0.00290000,0.00000000
2016-12-16,-0.00220000,0.00070000,-0.00410000,0.00000000
2016-12-19,0.00220000,0.00330000,0.00060000,0.00000000
2016-12-20,0.00440000,0.00430000,0.00640000,0.00000000
2016-12-21,-0.00240000,-0.00360000,0.00200000,0.00000000
2016-12-22,-0.00300000,-0.00750000,0.00250000,0.00000000
2016-12-23,0.00190000,0.00570000,-0.00500000,0.00000000
2016-12-27,0.00270000,0.00220000,0.00130000,0.00000000
2016-12-28,-0.00870000,-0.00270000,0.00080000,0.00000000
2016-12-29,-0.00040000,0.00150000,-0.00330000,0.00000000
2016-12-30,-0.00520000,-0.00110000,0.00210000,0.00000000
2017-01-03,0.00830000,-0.00120000,0.00060000,0.00000000
2017-01-04,0.00790000,0.00950000,-0.00150000,0.00000000
2017-01-05,-0.00210000,-0.00880000,-0.00780000,0.00000000
2017-01-06,0.00290000,-0.00660000,-0.00310000,0.00000000
2017-01-09,-0.00370000,-0.00300000,-0.01030000,0.00000000
2017-01-10,0.00160000,0.00880000,0.00430000,0.00000000
2017-01-11,0.00310000,-0.00230000,0.00680000,0.00000000
2017-01-12,-0.00300000,-0.00580000,-0.00860000,0.00000000
2017-01-13,0.00290000,0.00610000,-0.00090000,0.00000000
2017-01-17,-0.00490000,-0.00850000,-0.00640000,0.00000000
2017-01-18,0.00240000,0.00180000,0.00230000,0.00000000
2017-01-19,-0.00380000,-0.00500000,-0.00060000,0.00000000
2017-01-20,0.00330000,0.00050000,0.00220000,0.00000000
2017-01-23,-0.00290000,-0.00040000,-0.00330000,0.00000000
2017-01-24,0.00820000,0.00710000,0.00810000,0.00000000
2017-01-25,0.00840000,0.00170000,0.00430000,0.00000000
2017-01-26,-0.00100000,-0.00620000,0.00400000,0.00000000
2017-01-27,-0.00120000,-0.00010000,-0.00680000,0.00000000
2017-01-30,-0.00680000,-0.00720000,-0.00460000,0.00000000
2017-01-31,0.00000000,0.00870000,-0.00550000,0.00000000
2017-02-01,0.00030000,-0.00080000,0.00040000,0.00000000
2017-02-02,-0.00020000,-0.00230000,-0.00290000,0.00000000
2017-02-03,0.00820000,0.00510000,0.00740000,0.00000000
2017-02-06,-0.00270000,-0.00620000,-0.00160000,0.00000000
2017-02-07,0.00000000,-0.00300000,-0.00510000,0.00000000
2017-02-08,0.00070000,-0.00240000,-0.00590000,0.00000000
2017-02-09,0.00710000,0.00680000,0.00080000,0.00000000
2017-02-10,0.00370000,0.00390000,0.00170000,0.00000000
2017-02-13,0.00490000,-0.00320000,0.00340000,0.00000000
2017-02-14,0.00450000,-0.00240000,0.00350000,0.00000000
2017-02-15,0.00530000,0.00180000,-0.00420000,0.00000000
2017-02-16,-0.00160000,-0.00220000,0.00000000,0.00000000
2017-02-17,0.00200000,0.00000000,-0.00540000,0.00000000
2017-02-21,0.00600000,-0.00010000,0.00130000,0.00000000
2017-02-22,-0.00150000,-0.00370000,0.00100000,0.00000000
2017-02-23,-0.00120000,-0.00660000,0.00240000,0.00000000
2017-02-24,0.00150000,0.00030000,-0.00960000,0.00000000
2017-02-27,0.00210000,0.00830000,-0.00340000,0.00000000
2017-02-28,-0.00420000,-0.01370000,0.00140000,0.00000000
2017-03-01,0.01470000,0.00420000,0.00770000,0.00000000
2017-03-02,-0.00690000,-0.00520000,-0.00900000,0.00000000
2017-03-03,0.00080000,-0.00220000,0.00140000,0.00000000
2017-03-06,-0.00370000,-0.00350000,-0.00080000,0.00000000
2017-03-07,-0.00350000,-0.00290000,-0.00070000,0.00000000
2017-03-08,-0.00190000,-0.00120000,-0.00830000,0.00000000
2017-03-09,0.00050000,-0.00470000,-0.00230000,0.00000000
2017-03-10,0.00340000,0.00090000,-0.00470000,0.00000000
2017-03-13,0.00130000,0.00320000,-0.00080000,0.00000000
2017-03-14,-0.00360000,-0.00230000,-0.00010000,0.00000000
2017-03-15,0.00860000,0.00710000,-0.00460000,0.00000000
2017-03-16,-0.00070000,0.00460000,0.00230000,0.00000000
2017-03-17,-0.00080000,0.00640000,-0.00340000,0.00000000
2017-03-20,-0.00250000,-0.00110000,-0.00710000,0.00000000
2017-03-21,-0.01490000,-0.01330000,-0.00710000,0.00000000
2017-03-22,0.00160000,-0.00300000,-0.00570000,0.00000000
2017-03-23,-0.00030000,0.00690000,0.00490000,0.00000000
2017-03-24,-0.00050000,0.00130000,-0.00200000,0.00000000
2017-03-27,-0.00050000,0.00540000,-0.00490000,0.00000000
2017-03-28,0.00730000,-0.00140000,0.00720000,0.00000000
2017-03-29,0.00180000,0.00380000,-0.00090000,0.00000000
2017-03-30,0.00360000,0.00340000,0.00920000,0.00000000
2017-03-31,-0.00160000,0.00580000,-0.00320000,0.00000000
2017-04-03,-0.00280000,-0.01110000,-0.00080000,0.00000000
2017-04-04,0.00050000,-0.00230000,0.00310000,0.00000000
2017-04-05,-0.00440000,-0.00790000,-0.00300000,0.00000000
2017-04-06,0.00310000,0.00660000,0.00480000,0.00000000
2017-04-07,-0.00080000,0.00130000,-0.00260000,0.00000000
2017-04-10,0.00080000,0.00100000,0.00070000,0.00000000
2017-04-11,-0.00050000,0.00800000,0.00230000,0.00000000
2017-04-12,-0.00490000,-0.00840000,-0.00540000,0.00000000
2017-04-13,-0.00750000,-0.00250000,-0.00810000,0.00000000
2017-04-17,0.00890000,0.00240000,0.00240000,0.00000000
2017-04-18,-0.00250000,0.00370000,-0.00190000,0.00000000
2017-04-19,-0.00080000,0.00590000,-0.00440000,0.00000000
2017-04-20,0.00830000,0.00540000,0.00260000,0.00000000
2017-04-21,-0.00280000,0.00110000,-0.00150000,0.00000000
2017-04-24,0.01180000,0.00160000,0.00500000,0.00000000
2017-04-25,0.00660000,0.00370000,-0.00070000,0.00000000
2017-04-26,0.00040000,0.00710000,0.00320000,0.00000000
2017-04-27,0.00050000,-0.00130000,-0.00970000,0.00000000
2017-04-28,-0.00300000,-0.00700000,-0.00600000,0.00000000
2017-05-01,0.00210000,0.00250000,-0.00110000,0.00000000
2017-05-02,0.00030000,-0.00460000,-0.00230000,0.00000000
2017-05-03,-0.00190000,-0.00550000,0.00230000,0.00000000
2017-05-04,0.00020000,-0.00070000,-0.00330000,0.00000000
2017-05-05,0.00460000,0.00070000,0.00000000,0.00000000
2017-05-08,-0.00040000,-0.00240000,0.00250000,0.00000000
2017-05-09,-0.00050000,0.00490000,-0.00800000,0.00000000
2017-05-10,0.00200000,0.00190000,0.00030000,0.00000000
2017-05-11,-0.00250000,-0.00390000,-0.00160000,0.00000000
2017-05-12,-0.00180000,-0.00300000,-0.00610000,0.00000000
2017-05-15,0.00530000,0.00250000,0.00200000,0.00000000
2017-05-16,-0.00030000,0.00140000,-0.00090000,0.00000000
2017-05-17,-0.01970000,-0.00860000,-0.00600000,0.00000000
2017-05-18,0.00400000,0.00050000,-0.00380000,0.00000000
2017-05-19,0.00700000,-0.00370000,0.00400000,0.00000000
2017-05-22,0.00560000,0.00280000,-0.00300000,0.00000000
2017-05-23,0.00180000,-0.00100000,0.00640000,0.00000000
2017-05-24,0.00240000,-0.00130000,-0.00460000,0.00000000
2017-05-25,0.00420000,-0.00280000,-0.00740000,0.00000000
2017-05-26,0.00060000,-0.00030000,0.00100000,0.00000000
2017-05-30,-0.00190000,-0.00500000,-0.00350000,0.00000000
2017-05-31,-0.00020000,0.00040000,-0.00530000,0.00000000
2017-06-01,0.00940000,0.01000000,0.00040000,0.00000000
2017-06-02,0.00350000,0.00570000,-0.00760000,0.00000000
2017-06-05,-0.00170000,-0.00460000,-0.00040000,0.00000000
2017-06-06,-0.00280000,0.00090000,-0.00030000,0.00000000
2017-06-07,0.00150000,-0.00170000,-0.00040000,0.00000000
2017-06-08,0.00180000,0.01140000,0.00930000,0.00000000
2017-06-09,-0.00120000,0.00040000,0.02440000,0.00000000
2017-06-12,-0.00120000,-0.00250000,0.00340000,0.00000000
2017-06-13,0.00550000,0.00080000,-0.00140000,0.00000000
2017-06-14,-0.00170000,-0.00470000,-0.00520000,0.00000000
2017-06-15,-0.00300000,-0.00240000,-0.00110000,0.00000000
2017-06-16,-0.00040000,-0.00210000,-0.00190000,0.00000000
2017-06-19,0.00860000,0.00100000,-0.00730000,0.00000000
2017-06-20,-0.00730000,-0.00400000,-0.00480000,0.00000000
2017-06-21,-0.00070000,-0.00060000,-0.01670000,0.00000000
2017-06-22,0.00020000,0.00510000,-0.00410000,0.00000000
2017-06-23,0.00240000,0.00830000,-0.00480000,0.00000000
2017-06-26,0.00040000,-0.00030000,0.00700000,0.00000000
2017-06-27,-0.00850000,-0.00390000,0.01340000,0.00000000
2017-06-28,0.01010000,0.00750000,0.00210000,0.00000000
2017-06-29,-0.00830000,-0.00130000,0.01370000,0.00000000
2017-06-30,0.00140000,-0.00090000,-0.00300000,0.00000000
2017-07-03,0.00230000,0.00360000,0.01210000,0.00000000
2017-07-05,0.00120000,-0.00680000,-0.00580000,0.00000000
2017-07-06,-0.00950000,-0.00500000,0.00120000,0.00000000
2017-07-07,0.00690000,0.00410000,-0.00410000,0.00000000
2017-07-10,0.00050000,-0.00440000,-0.00070000,0.00000000
2017-07-11,0.00000000,0.00360000,-0.00550000,0.00000000
2017-07-12,0.00720000,0.00120000,-0.00520000,0.00000000
2017-07-13,0.00170000,-0.00080000,0.00390000,0.00000000
2017-07-14,0.00420000,-0.00130000,-0.00520000,0.00000000
2017-07-17,0.00000000,0.00210000,0.00100000,0.00000000
2017-07-18,0.00040000,-0.00290000,-0.00300000,0.00000000
2017-07-19,0.00590000,0.00520000,0.00030000,0.00000000
2017-07-20,-0.00010000,0.00060000,-0.00050000,0.00000000
2017-07-21,-0.00080000,-0.00410000,-0.00240000,0.00000000
2017-07-24,-0.00030000,0.00100000,-0.00180000,0.00000000
2017-07-25,0.00380000,0.00360000,0.00960000,0.00000000
2017-07-26,-0.00060000,-0.00350000,-0.00760000,0.00000000
2017-07-27,-0.00140000,-0.00630000,0.00440000,0.00000000
2017-07-28,-0.00170000,-0.00030000,0.00270000,0.00000000
2017-07-31,-0.00110000,-0.00350000,0.00460000,0.00000000
2017-08-01,0.00240000,-0.00190000,0.00140000,0.00000000
2017-08-02,-0.00080000,-0.01170000,0.00150000,0.00000000
2017-08-03,-0.00210000,-0.00340000,-0.00330000,0.00000000
2017-08-04,0.00250000,0.00320000,0.00400000,0.00000000
2017-08-07,0.00160000,-0.00100000,-0.00580000,0.00000000
2017-08-08,-0.00230000,-0.00070000,0.00230000,0.00000000
2017-08-09,-0.00140000,-0.00780000,-0.00080000,0.00000000
2017-08-10,-0.01490000,-0.00300000,0.00260000,0.00000000
2017-08-11,0.00190000,0.00240000,-0.00870000,0.00000000
2017-08-14,0.01030000,0.00290000,0.00120000,0.00000000
2017-08-15,-0.00110000,-0.00860000,-0.00030000,0.00000000
2017-08-16,0.00180000,-0.00130000,-0.00440000,0.00000000
2017-08-17,-0.01600000,-0.00170000,-0.00170000,0.00000000
2017-08-18,-0.00150000,0.00120000,0.00240000,0.00000000
2017-08-21,0.00060000,-0.00240000,-0.00220000,0.00000000
2017-08-22,0.01070000,-0.00020000,-0.00240000,0.00000000
2017-08-23,-0.00320000,0.00090000,0.00410000,0.00000000
2017-08-24,-0.00150000,0.00590000,0.00160000,0.00000000
2017-08-25,0.00180000,0.00120000,0.00560000,0.00000000
2017-08-28,0.00080000,0.00340000,-0.00740000,0.00000000
2017-08-29,0.00100000,0.00130000,-0.00380000,0.00000000
2017-08-30,0.00530000,0.00000000,-0.00320000,0.00000000
2017-08-31,0.00620000,0.00490000,-0.00430000,0.00000000
2017-09-01,0.00280000,0.00410000,0.00400000,0.00000000
2017-09-05,-0.00800000,0.00070000,-0.00990000,0.00000000
2017-09-06,0.00280000,-0.00060000,0.00120000,0.00000000
2017-09-07,-0.00070000,0.00140000,-0.00910000,0.00000000
2017-09-08,-0.00170000,0.00030000,0.00380000,0.00000000
2017-09-11,0.01070000,-0.00110000,0.00640000,0.00000000
2017-09-12,0.00420000,0.00240000,0.00720000,0.00000000
2017-09-13,0.00100000,0.00270000,0.00320000,0.00000000
2017-09-14,-0.00130000,-0.00030000,-0.00060000,0.00000000
2017-09-15,0.00190000,0.00290000,0.00140000,0.00000000
2017-09-18,0.00240000,0.00390000,0.00210000,0.00000000
2017-09-19,0.00150000,-0.00290000,0.00400000,0.00000000
2017-09-20,0.00150000,0.00220000,0.00490000,0.00000000
2017-09-21,-0.00280000,0.00100000,0.00370000,0.00000000
2017-09-22,0.00130000,0.00440000,0.00120000,0.00000000
2017-09-25,-0.00260000,0.00310000,0.00590000,0.00000000
2017-09-26,0.00060000,0.00400000,0.00170000,0.00000000
2017-09-27,0.00630000,0.01390000,0.00230000,0.00000000
2017-09-28,0.00130000,0.00180000,-0.00050000,0.00000000
2017-09-29,0.00350000,-0.00140000,-0.00260000,0.00000000
2017-10-02,0.00500000,0.00850000,0.00130000,0.00000000
2017-10-03,0.00260000,-0.00040000,-0.00050000,0.00000000
2017-10-04,0.00050000,-0.00270000,-0.00450000,0.00000000
2017-10-05,0.00550000,-0.00330000,0.00390000,0.00000000
2017-10-06,-0.00080000,-0.00060000,-0.00250000,0.00000000
2017-10-09,-0.00230000,-0.00280000,0.00000000,0.00000000
2017-10-10,0.00240000,-0.00010000,0.00430000,0.00000000
2017-10-11,0.00160000,-0.00190000,-0.00190000,0.00000000
2017-10-12,-0.00180000,0.00040000,-0.00520000,0.00000000
2017-10-13,0.00040000,-0.00220000,0.00120000,0.00000000
2017-10-16,0.00170000,-0.00270000,0.00360000,0.00000000
2017-10-17,0.00010000,-0.00340000,-0.00310000,0.00000000
2017-10-18,0.00140000,0.00290000,0.00230000,0.00000000
2017-10-19,0.00020000,-0.00390000,0.00160000,0.00000000
2017-10-20,0.00570000,-0.00090000,0.00270000,0.00000000
2017-10-23,-0.00450000,-0.00440000,0.00170000,0.00000000
2017-10-24,0.00200000,-0.00190000,0.00490000,0.00000000
2017-10-25,-0.00500000,0.00020000,0.00150000,0.00000000
2017-10-26,0.00200000,0.00040000,0.00280000,0.00000000
2017-10-27,0.00820000,-0.00030000,-0.00980000,0.00000000
2017-10-30,-0.00460000,-0.00810000,-0.00050000,0.00000000
2017-10-31,0.00230000,0.00840000,-0.00250000,0.00000000
2017-11-01,0.00050000,-0.00790000,0.00080000,0.00000000
2017-11-02,0.00060000,-0.00010000,0.00510000,0.00000000
2017-11-03,0.00300000,-0.00440000,-0.00720000,0.00000000
2017-11-06,0.00060000,0.00230000,0.00190000,0.00000000
2017-11-07,-0.00200000,-0.01360000,-0.00400000,0.00000000
2017-11-08,0.00120000,0.00040000,-0.00600000,0.00000000
2017-11-09,-0.00410000,-0.00040000,0.00220000,0.00000000
2017-11-10,0.00010000,0.00060000,-0.00430000,0.00000000
2017-11-13,0.00090000,-0.00300000,0.00090000,0.00000000
2017-11-14,-0.00220000,-0.00120000,0.00000000,0.00000000
2017-11-15,-0.00520000,-0.00040000,0.00230000,0.00000000
2017-11-16,0.01010000,0.00860000,-0.00530000,0.00000000
2017-11-17,-0.00140000,0.00740000,0.00270000,0.00000000
2017-11-20,0.00210000,0.00560000,0.00030000,0.00000000
2017-11-21,0.00670000,0.00410000,-0.00330000,0.00000000
2017-11-22,-0.00050000,0.00110000,-0.00080000,0.00000000
2017-11-24,0.00210000,0.00020000,-0.00430000,0.00000000
2017-11-27,-0.00060000,-0.00370000,0.00010000,0.00000000
2017-11-28,0.01060000,0.00390000,0.00860000,0.00000000
2017-11-29,0.00020000,0.00070000,0.01480000,0.00000000
2017-11-30,0.00820000,-0.00560000,-0.00520000,0.00000000
2017-12-01,-0.00220000,-0.00360000,0.00380000,0.00000000
2017-12-04,-0.00110000,-0.00340000,0.01220000,0.00000000
2017-12-05,-0.00420000,-0.00460000,-0.00220000,0.00000000
2017-12-06,-0.00090000,-0.00460000,-0.00520000,0.00000000
2017-12-07,0.00420000,0.00260000,-0.00200000,0.00000000
2017-12-08,0.00510000,-0.00460000,-0.00130000,0.00000000
2017-12-11,0.00270000,-0.00430000,-0.00180000,0.00000000
2017-12-12,0.00070000,-0.00520000,0.00500000,0.00000000
2017-12-13,0.00020000,0.00720000,-0.00890000,0.00000000
2017-12-14,-0.00470000,-0.00700000,-0.00220000,0.00000000
2017-12-15,0.00920000,0.00680000,0.00040000,0.00000000
2017-12-18,0.00660000,0.00750000,0.00270000,0.00000000
2017-12-19,-0.00300000,-0.00360000,-0.00240000,0.00000000
2017-12-20,0.00010000,0.00350000,0.00060000,0.00000000
2017-12-21,0.00240000,0.00270000,0.00630000,0.00000000
2017-12-22,-0.00070000,-0.00210000,-0.00210000,0.00000000
2017-12-26,-0.00070000,0.00330000,-0.00070000,0.00000000
2017-12-27,0.00050000,-0.00130000,-0.00200000,0.00000000
2017-12-28,0.00220000,0.00120000,0.00050000,0.00000000
2017-12-29,-0.00570000,-0.00310000,0.00010000,0.00000000
2018-01-02,0.00850000,0.00350000,-0.00210000,0.00010000
2018-01-03,0.00590000,-0.00390000,-0.00190000,0.00010000
2018-01-04,0.00420000,-0.00260000,0.00240000,0.00010000
2018-01-05,0.00660000,-0.00350000,-0.00250000,0.00010000
2018-01-08,0.00190000,-0.00150000,0.00040000,0.00010000
2018-01-09,0.00150000,-0.00350000,-0.00040000,0.00010000
2018-01-10,-0.00070000,0.00060000,0.00570000,0.00010000
2018-01-11,0.00860000,0.01140000,0.00300000,0.00010000
2018-01-12,0.00660000,-0.00320000,0.00160000,0.00010000
2018-01-16,-0.00490000,-0.01020000,0.00010000,0.00010000
2018-01-17,0.00950000,-0.00030000,-0.00090000,0.00010000
2018-01-18,-0.00180000,-0.00500000,-0.00250000,0.00010000
2018-01-19,0.00570000,0.00940000,-0.00050000,0.00010000
2018-01-22,0.00770000,-0.00340000,-0.00160000,0.00010000
2018-01-23,0.00220000,0.00140000,-0.00360000,0.00010000
2018-01-24,-0.00130000,-0.00840000,0.00440000,0.00010000
2018-01-25,0.00070000,0.00140000,-0.00540000,0.00010000
2018-01-26,0.01110000,-0.00600000,-0.00510000,0.00010000
2018-01-29,-0.00620000,-0.00030000,-0.00280000,0.00010000
2018-01-30,-0.01060000,0.00140000,-0.00210000,0.00010000
2018-01-31,-0.00070000,-0.00740000,0.00110000,0.00010000
2018-02-01,0.00030000,0.00080000,0.00530000,0.00010000
2018-02-02,-0.02130000,0.00040000,-0.00290000,0.00010000
2018-02-05,-0.04030000,0.00790000,-0.00590000,0.00010000
2018-02-06,0.01670000,-0.00520000,-0.00190000,0.00010000
2018-02-07,-0.00380000,0.00530000,0.00210000,0.00010000
2018-02-08,-0.03670000,0.00810000,0.00520000,0.00010000
2018-02-09,0.01370000,-0.00590000,0.00150000,0.00010000
2018-02-12,0.01360000,-0.00460000,-0.00300000,0.00010000
2018-02-13,0.00310000,0.00080000,-0.00240000,0.00010000
2018-02-14,0.01520000,0.00260000,0.00480000,0.00010000
2018-02-15,0.01220000,-0.00140000,-0.00630000,0.00010000
2018-02-16,0.00030000,0.00350000,0.00150000,0.00010000
2018-02-20,-0.00620000,-0.00360000,-0.00240000,0.00010000
2018-02-21,-0.00440000,0.00790000,0.00230000,0.00010000
2018-02-22,0.00010000,0.00050000,-0.00410000,0.00010000
2018-02-23,0.01540000,-0.00380000,-0.00140000,0.00010000
2018-02-26,0.01120000,-0.00500000,-0.00060000,0.00010000
2018-02-27,-0.01250000,-0.00190000,0.00030000,0.00010000
2018-02-28,-0.01110000,-0.00420000,-0.00310000,0.00010000
2018-03-01,-0.01190000,0.01000000,-0.00030000,0.00010000
2018-03-02,0.00700000,0.01180000,-0.00480000,0.00010000
2018-03-05,0.01070000,-0.00390000,0.00220000,0.00010000
2018-03-06,0.00360000,0.00680000,0.00130000,0.00010000
2018-03-07,0.00050000,0.00780000,-0.00440000,0.00010000
2018-03-08,0.00370000,-0.00490000,-0.00350000,0.00010000
2018-03-09,0.01710000,-0.00250000,0.00270000,0.00010000
2018-03-12,-0.00090000,0.00470000,-0.00080000,0.00010000
2018-03-13,-0.00670000,0.00080000,0.00030000,0.00010000
2018-03-14,-0.00530000,0.00230000,-0.00570000,0.00010000
2018-03-15,-0.00170000,-0.00390000,0.00310000,0.00010000
2018-03-16,0.00250000,0.00460000,0.00170000,0.00010000
2018-03-19,-0.01370000,0.00350000,0.00410000,0.00010000
2018-03-20,0.00140000,-0.00070000,-0.00360000,0.00010000
2018-03-21,-0.00070000,0.00740000,0.00440000,0.00010000
2018-03-22,-0.02540000,0.00510000,-0.00490000,0.00010000
2018-03-23,-0.02100000,0.00210000,-0.00230000,0.00010000
2018-03-26,0.02670000,-0.00680000,0.00030000,0.00010000
2018-03-27,-0.01870000,-0.00210000,0.00370000,0.00010000
2018-03-28,-0.00350000,0.00130000,0.00640000,0.00010000
2018-03-29,0.01410000,-0.00310000,-0.00220000,0.00010000
2018-04-02,-0.02300000,-0.00130000,0.00380000,0.00010000
2018-04-03,0.01250000,-0.00040000,0.00180000,0.00010000
2018-04-04,0.01170000,0.00330000,-0.00320000,0.00010000
2018-04-05,0.00750000,0.00020000,0.00460000,0.00010000
2018-04-06,-0.02190000,0.00400000,-0.00060000,0.00010000
2018-04-09,0.00300000,-0.00150000,-0.00510000,0.00010000
2018-04-10,0.01770000,0.00400000,-0.00120000,0.00010000
2018-04-11,-0.00490000,0.00920000,-0.00300000,0.00010000
2018-04-12,0.00840000,-0.00230000,0.00190000,0.00010000
2018-04-13,-0.00370000,0.00030000,-0.00250000,0.00010000
2018-04-16,0.00820000,0.00070000,-0.00020000,0.00010000
2018-04-17,0.01090000,0.00160000,-0.01180000,0.00010000
2018-04-18,0.00130000,0.00210000,0.00020000,0.00010000
2018-04-19,-0.00490000,-0.00470000,0.01080000,0.00010000
2018-04-20,-0.00810000,0.00060000,0.00580000,0.00010000
2018-04-23,-0.00050000,-0.00080000,0.00190000,0.00010000
2018-04-24,-0.01300000,0.00530000,0.01020000,0.00010000
2018-04-25,0.00110000,-0.00340000,0.00060000,0.00010000
2018-04-26,0.00950000,-0.00390000,-0.00850000,0.00010000
2018-04-27,0.00010000,-0.00260000,0.00040000,0.00010000
2018-04-30,-0.00810000,0.00030000,-0.00090000,0.00010000
2018-05-01,0.00250000,0.00230000,-0.00530000,0.00010000
2018-05-02,-0.00620000,0.01290000,-0.00350000,0.00010000
2018-05-03,-0.00250000,-0.00520000,-0.00150000,0.00010000
2018-05-04,0.01300000,0.00020000,-0.00200000,0.00010000
2018-05-07,0.00410000,0.00420000,-0.00330000,0.00010000
2018-05-08,0.00070000,0.00490000,0.00230000,0.00010000
2018-05-09,0.00900000,-0.00220000,0.00250000,0.00010000
2018-05-10,0.00850000,-0.00430000,-0.00040000,0.00010000
2018-05-11,0.00190000,0.00120000,-0.00380000,0.00010000
2018-05-14,0.00050000,-0.00360000,0.00110000,0.00010000
2018-05-15,-0.00550000,0.00670000,0.00400000,0.00010000
2018-05-16,0.00500000,0.00700000,-0.00250000,0.00010000
2018-05-17,0.00010000,0.00900000,0.00290000,0.00010000
2018-05-18,-0.00230000,0.00570000,-0.00620000,0.00010000
2018-05-21,0.00720000,-0.00190000,0.00440000,0.00010000
2018-05-22,-0.00420000,-0.00760000,0.00610000,0.00010000
2018-05-23,0.00290000,0.00050000,-0.00690000,0.00010000
2018-05-24,-0.00160000,0.00370000,-0.00350000,0.00010000
2018-05-25,-0.00220000,0.00250000,-0.00390000,0.00010000
2018-05-29,-0.01030000,0.01320000,-0.01020000,0.00010000
2018-05-30,0.01310000,0.00040000,0.00360000,0.00010000
2018-05-31,-0.00700000,0.00070000,-0.00430000,0.00010000
2018-06-01,0.01060000,-0.00230000,-0.00100000,0.00010000
2018-06-04,0.00480000,0.00170000,-0.00450000,0.00010000
2018-06-05,0.00160000,0.00820000,-0.00440000,0.00010000
2018-06-06,0.00860000,-0.00330000,0.00210000,0.00010000
2018-06-07,-0.00140000,-0.00300000,0.00930000,0.00010000
2018-06-08,0.00310000,0.00080000,-0.00400000,0.00010000
2018-06-11,0.00120000,0.00180000,-0.00160000,0.00010000
2018-06-12,0.00230000,0.00230000,-0.00630000,0.00010000
2018-06-13,-0.00330000,0.00080000,-0.00200000,0.00010000
2018-06-14,0.00280000,0.00320000,-0.01010000,0.00010000
2018-06-15,-0.00070000,0.00040000,-0.00250000,0.00010000
2018-06-18,-0.00090000,0.00720000,0.00080000,0.00010000
2018-06-19,-0.00380000,0.00570000,-0.00140000,0.00010000
2018-06-20,0.00230000,0.00730000,-0.00510000,0.00010000
2018-06-21,-0.00730000,-0.00630000,0.00330000,0.00010000
2018-06-22,0.00110000,0.00000000,0.00460000,0.00010000
2018-06-25,-0.01480000,-0.00540000,0.00570000,0.00010000
2018-06-26,0.00270000,0.00630000,-0.00240000,0.00010000
2018-06-27,-0.01020000,-0.00990000,0.00360000,0.00010000
2018-06-28,0.00580000,-0.00180000,-0.00510000,0.00010000
2018-06-29,0.00060000,-0.00200000,-0.00240000,0.00010000
2018-07-02,0.00360000,0.00440000,-0.00250000,0.00010000
2018-07-03,-0.00440000,0.00810000,-0.00020000,0.00010000
2018-07-05,0.00870000,0.00440000,-0.00430000,0.00010000
2018-07-06,0.00880000,0.00050000,-0.00300000,0.00010000
2018-07-09,0.00930000,-0.00410000,0.00860000,0.00010000
2018-07-10,0.00210000,-0.00780000,-0.00160000,0.00010000
2018-07-11,-0.00700000,-0.00020000,-0.00460000,0.00010000
2018-07-12,0.00850000,-0.00340000,-0.01160000,0.00010000
2018-07-13,0.00080000,-0.00130000,-0.00290000,0.00010000
2018-07-16,-0.00160000,-0.00770000,0.00970000,0.00010000
2018-07-17,0.00480000,0.00260000,-0.00740000,0.00010000
2018-07-18,0.00260000,-0.00270000,0.00680000,0.00010000
2018-07-19,-0.00340000,0.00960000,-0.00360000,0.00010000
2018-07-20,-0.00100000,-0.00180000,0.00110000,0.00010000
2018-07-23,0.00160000,-0.00290000,0.00540000,0.00010000
2018-07-24,0.00220000,-0.01360000,0.00390000,0.00010000
2018-07-25,0.00830000,-0.00430000,-0.01060000,0.00010000
2018-07-26,-0.00210000,0.00640000,0.00580000,0.00010000
2018-07-27,-0.00820000,-0.01380000,0.01060000,0.00010000
2018-07-30,-0.00700000,-0.00220000,0.01590000,0.00010000
2018-07-31,0.00510000,0.00840000,-0.01100000,0.00010000
2018-08-01,-0.00130000,0.00060000,-0.00220000,0.00010000
2018-08-02,0.00670000,0.00330000,-0.00650000,0.00010000
2018-08-03,0.00310000,-0.01070000,0.00510000,0.00010000
2018-08-06,0.00460000,0.00260000,-0.00330000,0.00010000
2018-08-07,0.00290000,0.00030000,-0.00150000,0.00010000
2018-08-08,-0.00040000,-0.00130000,0.00260000,0.00010000
2018-08-09,-0.00050000,0.00370000,-0.00350000,0.00010000
2018-08-10,-0.00600000,0.00400000,-0.00210000,0.00010000
2018-08-13,-0.00460000,-0.00140000,-0.00290000,0.00010000
2018-08-14,0.00690000,0.00300000,0.00220000,0.00010000
2018-08-15,-0.00910000,-0.00530000,-0.00140000,0.00010000
2018-08-16,0.00860000,-0.00070000,0.00260000,0.00010000
2018-08-17,0.00300000,0.00090000,0.00010000,0.00010000
2018-08-20,0.00250000,0.00120000,0.00140000,0.00010000
2018-08-21,0.00330000,0.00900000,0.00140000,0.00010000
2018-08-22,0.00050000,0.00370000,-0.00350000,0.00010000
2018-08-23,-0.00190000,-0.00050000,-0.00330000,0.00010000
2018-08-24,0.00620000,-0.00020000,-0.00580000,0.00010000
2018-08-27,0.00740000,-0.00680000,-0.00150000,0.00010000
2018-08-28,-0.00010000,-0.00110000,-0.00230000,0.00010000
2018-08-29,0.00560000,-0.00040000,-0.00570000,0.00010000
2018-08-30,-0.00410000,0.00290000,-0.00420000,0.00010000
2018-08-31,0.00080000,0.00500000,-0.00380000,0.00010000
2018-09-04,-0.00110000,-0.00370000,0.00010000,0.00010000
2018-09-05,-0.00410000,-0.00180000,0.00670000,0.00010000
2018-09-06,-0.00440000,-0.00340000,-0.00250000,0.00010000
2018-09-07,-0.00180000,0.00110000,-0.00220000,0.00010000
2018-09-10,0.00230000,0.00120000,-0.00360000,0.00010000
2018-09-11,0.00370000,-0.00300000,-0.00240000,0.00010000
2018-09-12,0.00030000,-0.00060000,-0.00230000,0.00010000
2018-09-13,0.00450000,-0.00440000,-0.00390000,0.00010000
2018-09-14,0.00120000,0.00270000,0.00250000,0.00010000
2018-09-17,-0.00720000,-0.00460000,0.00850000,0.00010000
2018-09-18,0.00570000,0.00050000,-0.00480000,0.00010000
2018-09-19,0.00050000,-0.00670000,0.01280000,0.00010000
2018-09-20,0.00770000,0.00310000,-0.00230000,0.00010000
2018-09-21,-0.00130000,-0.00420000,0.00310000,0.00010000
2018-09-24,-0.00310000,0.00050000,-0.00890000,0.00010000
2018-09-25,-0.00050000,0.00270000,-0.00380000,0.00010000
2018-09-26,-0.00400000,-0.00380000,-0.00620000,0.00010000
2018-09-27,0.00270000,-0.00270000,-0.00540000,0.00010000
2018-09-28,-0.00030000,0.00400000,-0.00190000,0.00010000
2018-10-01,0.00160000,-0.01630000,0.00360000,0.00010000
2018-10-02,-0.00210000,-0.00980000,0.00570000,0.00010000
2018-10-03,0.00200000,0.00850000,0.00500000,0.00010000
2018-10-04,-0.00930000,-0.01060000,0.01580000,0.00010000
2018-10-05,-0.00640000,-0.00420000,0.00370000,0.00010000
2018-10-08,-0.00180000,-0.00410000,0.01240000,0.00010000
2018-10-09,-0.00180000,-0.00290000,0.00280000,0.00010000
2018-10-10,-0.03330000,0.00290000,0.01090000,0.00010000
2018-10-11,-0.01960000,0.00460000,-0.00920000,0.00010000
2018-10-12,0.01390000,-0.00870000,-0.01750000,0.00010000
2018-10-15,-0.00480000,0.00910000,0.00520000,0.00010000
2018-10-16,0.02250000,0.00690000,-0.01450000,0.00010000
2018-10-17,-0.00090000,-0.00670000,0.00230000,0.00010000
2018-10-18,-0.01540000,-0.00540000,0.00420000,0.00010000
2018-10-19,-0.00240000,-0.01330000,0.00700000,0.00010000
2018-10-22,-0.00380000,0.00480000,-0.01260000,0.00010000
2018-10-23,-0.00620000,-0.00090000,-0.00420000,0.00010000
2018-10-24,-0.03330000,-0.00930000,0.00760000,0.00010000
2018-10-25,0.01930000,0.00420000,-0.00600000,0.00010000
2018-10-26,-0.01650000,0.00570000,0.00350000,0.00010000
2018-10-29,-0.00760000,-0.00320000,0.01610000,0.00010000
2018-10-30,0.01660000,0.00420000,0.00090000,0.00010000
2018-10-31,0.01210000,-0.00650000,-0.00740000,0.00010000
2018-11-01,0.01290000,0.01340000,-0.01120000,0.00010000
2018-11-02,-0.00530000,0.00800000,0.00670000,0.00010000
2018-11-05,0.00400000,-0.01020000,0.01570000,0.00010000
2018-11-06,0.00570000,-0.00160000,0.00020000,0.00010000
2018-11-07,0.02120000,-0.00330000,-0.01050000,0.00010000
2018-11-08,-0.00280000,-0.00250000,0.00250000,0.00010000
2018-11-09,-0.01040000,-0.00860000,0.00410000,0.00010000
2018-11-12,-0.02060000,0.00020000,0.00840000,0.00010000
2018-11-13,-0.00130000,-0.00110000,0.00160000,0.00010000
2018-11-14,-0.00780000,0.00020000,-0.00270000,0.00010000
2018-11-15,0.01180000,0.00350000,-0.00390000,0.00010000
2018-11-16,0.00150000,0.00020000,-0.00060000,0.00010000
2018-11-19,-0.01880000,-0.00740000,0.02320000,0.00010000
2018-11-20,-0.01850000,0.00150000,-0.00540000,0.00010000
2018-11-21,0.00510000,0.00990000,-0.00330000,0.00010000
2018-11-23,-0.00550000,0.00830000,-0.00610000,0.00010000
2018-11-26,0.01620000,-0.00660000,-0.00200000,0.00010000
2018-11-27,0.00110000,-0.01080000,0.00250000,0.00010000
2018-11-28,0.02420000,0.00440000,-0.01160000,0.00010000
2018-11-29,-0.00220000,-0.00100000,-0.00090000,0.00010000
2018-11-30,0.00790000,-0.00320000,-0.00440000,0.00010000
2018-12-03,0.01130000,-0.00050000,-0.00780000,0.00010000
2018-12-04,-0.03460000,-0.00960000,-0.00220000,0.00010000
2018-12-06,-0.00160000,0.00130000,-0.01060000,0.00010000
2018-12-07,-0.02360000,0.00200000,0.01330000,0.00010000
2018-12-10,0.00100000,-0.00110000,-0.01640000,0.00010000
2018-12-11,-0.00080000,-0.00050000,-0.00420000,0.00010000
2018-12-12,0.00680000,0.00570000,-0.00170000,0.00010000
2018-12-13,-0.00260000,-0.01510000,-0.00200000,0.00010000
2018-12-14,-0.01890000,-0.00060000,0.00490000,0.00010000
2018-12-17,-0.02130000,-0.00250000,0.01080000,0.00010000
2018-12-18,-0.00030000,0.00020000,-0.00600000,0.00010000
2018-12-19,-0.01580000,-0.00600000,0.00020000,0.00010000
2018-12-20,-0.01620000,-0.00280000,0.00970000,0.00010000
2018-12-21,-0.02160000,-0.00560000,0.00770000,0.00010000
2018-12-24,-0.02550000,0.01010000,-0.00510000,0.00010000
2018-12-26,0.05070000,-0.00060000,-0.01000000,0.00010000
2018-12-27,0.00780000,-0.00670000,-0.00130000,0.00010000
2018-12-28,-0.00030000,0.00770000,0.00250000,0.00010000
2018-12-31,0.00900000,-0.00090000,-0.00450000,0.00010000
2019-01-02,0.00220000,0.00580000,0.01140000,0.00010000
2019-01-03,-0.02450000,0.00360000,0.01180000,0.00010000
2019-01-04,0.03550000,0.00400000,-0.00690000,0.00010000
2019-01-07,0.00940000,0.01010000,-0.00750000,0.00010000
2019-01-08,0.01010000,0.00520000,-0.00630000,0.00010000
2019-01-09,0.00520000,0.00460000,0.00110000,0.00010000
2019-01-10,0.00400000,0.00030000,-0.00450000,0.00010000
2019-01-11,0.00000000,0.00120000,0.00220000,0.00010000
2019-01-14,-0.00600000,-0.00600000,0.00950000,0.00010000
2019-01-15,0.01050000,0.00000000,-0.00900000,0.00010000
2019-01-16,0.00280000,0.00040000,0.00920000,0.00010000
2019-01-17,0.00780000,0.00110000,-0.00240000,0.00010000
2019-01-18,0.01300000,-0.00370000,0.00120000,0.00010000
2019-01-22,-0.01520000,-0.00390000,0.00300000,0.00010000
2019-01-23,0.00160000,-0.00380000,-0.00150000,0.00010000
2019-01-24,0.00230000,0.00440000,0.00000000,0.00010000
2019-01-25,0.00900000,0.00460000,-0.00340000,0.00010000
2019-01-28,-0.00800000,-0.00160000,0.00630000,0.00010000
2019-01-29,-0.00190000,-0.00010000,0.00190000,0.00010000
2019-01-30,0.01510000,-0.00150000,-0.00940000,0.00010000
2019-01-31,0.00910000,0.00110000,-0.01110000,0.00010000
2019-02-01,0.00130000,-0.00120000,0.00430000,0.00010000
2019-02-04,0.00730000,0.00480000,-0.00470000,0.00010000
2019-02-05,0.00430000,-0.00070000,-0.00610000,0.00010000
2019-02-06,-0.00210000,-0.00010000,0.00060000,0.00010000
2019-02-07,-0.00930000,-0.00130000,0.00380000,0.00010000
2019-02-08,0.00100000,0.00050000,-0.00680000,0.00010000
2019-02-11,0.00140000,0.00660000,0.00230000,0.00010000
2019-02-12,0.01360000,0.00020000,-0.00160000,0.00010000
2019-02-13,0.00280000,0.00060000,0.00070000,0.00010000
2019-02-14,-0.00200000,0.00530000,-0.00590000,0.00010000
2019-02-15,0.01130000,0.00240000,0.00480000,0.00010000
2019-02-19,0.00190000,0.00290000,0.00310000,0.00010000
2019-02-20,0.00190000,0.00210000,0.00560000,0.00010000
2019-02-21,-0.00370000,-0.00060000,-0.00230000,0.00010000
2019-02-22,0.00650000,0.00550000,-0.01470000,0.00010000
2019-02-25,0.00150000,-0.00260000,-0.00180000,0.00010000
2019-02-26,-0.00160000,-0.00630000,-0.00330000,0.00010000
2019-02-27,0.00100000,0.00200000,-0.00120000,0.00010000
2019-02-28,-0.00310000,0.00020000,-0.00270000,0.00010000
2019-03-01,0.00720000,0.00290000,-0.00410000,0.00010000
2019-03-04,-0.00520000,-0.00410000,0.00380000,0.00010000
2019-03-05,-0.00170000,-0.00310000,-0.00220000,0.00010000
2019-03-06,-0.00840000,-0.01260000,0.00050000,0.00010000
2019-03-07,-0.00820000,-0.00060000,-0.00340000,0.00010000
2019-03-08,-0.00220000,0.00060000,-0.00170000,0.00010000
2019-03-11,0.01490000,0.00360000,-0.00530000,0.00010000
2019-03-12,0.00250000,-0.00280000,-0.00070000,0.00010000
2019-03-13,0.00670000,-0.00320000,0.00080000,0.00010000
2019-03-14,-0.00100000,-0.00400000,0.00300000,0.00010000
2019-03-15,0.00480000,-0.00250000,-0.00250000,0.00010000
2019-03-18,0.00460000,0.00150000,0.00440000,0.00010000
2019-03-19,-0.00090000,-0.00380000,-0.00920000,0.00010000
2019-03-20,-0.00370000,0.00010000,-0.01060000,0.00010000
2019-03-21,0.01100000,0.00300000,-0.01230000,0.00010000
2019-03-22,-0.02170000,-0.01510000,-0.00080000,0.00010000
2019-03-25,-0.00050000,0.00660000,-0.00260000,0.00010000
2019-03-26,0.00760000,0.00170000,0.00460000,0.00010000
2019-03-27,-0.00500000,0.00100000,0.00510000,0.00010000
2019-03-28,0.00400000,0.00340000,0.00020000,0.00010000
2019-03-29,0.00660000,-0.00230000,-0.00920000,0.00010000
2019-04-01,0.01190000,-0.00310000,0.00990000,0.00010000
2019-04-02,-0.00050000,-0.00130000,-0.00440000,0.00010000
2019-04-03,0.00270000,0.00210000,-0.00390000,0.00010000
2019-04-04,0.00190000,0.00200000,0.00940000,0.00010000
2019-04-05,0.00530000,0.00530000,-0.00070000,0.00010000
2019-04-08,0.00080000,-0.00290000,0.00100000,0.00010000
2019-04-09,-0.00650000,-0.00560000,-0.00150000,0.00010000
2019-04-10,0.00480000,0.00970000,-0.00110000,0.00010000
2019-04-11,0.00000000,-0.00310000,0.00400000,0.00010000
2019-04-12,0.00640000,-0.00510000,0.00660000,0.00010000
2019-04-15,-0.00090000,-0.00210000,-0.00550000,0.00010000
2019-04-16,0.00130000,0.00120000,0.00710000,0.00010000
2019-04-17,-0.00320000,-0.00700000,0.00840000,0.00010000
2019-04-18,0.00110000,-0.00250000,-0.00500000,0.00010000
2019-04-22,0.00110000,-0.00460000,-0.00570000,0.00010000
2019-04-23,0.00970000,0.00720000,-0.00490000,0.00010000
2019-04-24,-0.00220000,0.00280000,-0.00080000,0.00010000
2019-04-25,-0.00140000,-0.00750000,-0.00210000,0.00010000
2019-04-26,0.00530000,0.00430000,0.00060000,0.00010000
2019-04-29,0.00180000,0.00090000,0.00650000,0.00010000
2019-04-30,-0.00040000,-0.00690000,0.00270000,0.00010000
2019-05-01,-0.00830000,-0.00100000,-0.00020000,0.00010000
2019-05-02,-0.00160000,0.00450000,-0.00280000,0.00010000
2019-05-03,0.01130000,0.00930000,-0.00270000,0.00010000
2019-05-06,-0.00390000,0.00600000,-0.00420000,0.00010000
2019-05-07,-0.01690000,-0.00280000,0.00490000,0.00010000
2019-05-08,-0.00210000,-0.00160000,-0.00310000,0.00010000
2019-05-09,-0.00280000,0.00080000,0.00090000,0.00010000
2019-05-10,0.00350000,-0.00370000,0.00060000,0.00010000
2019-05-13,-0.02650000,-0.00730000,0.00280000,0.00010000
2019-05-14,0.00910000,0.00410000,-0.00020000,0.00010000
2019-05-15,0.00580000,0.00050000,-0.00960000,0.00010000
2019-05-16,0.00910000,-0.00390000,-0.00330000,0.00010000
2019-05-17,-0.00710000,-0.00800000,0.00280000,0.00010000
2019-05-20,-0.00650000,-0.00230000,0.00730000,0.00010000
2019-05-21,0.00900000,0.00430000,-0.00340000,0.00010000
2019-05-22,-0.00400000,-0.00510000,-0.00620000,0.00010000
2019-05-23,-0.01370000,-0.00690000,-0.00270000,0.00010000
2019-05-24,0.00230000,0.00500000,0.00300000,0.00010000
2019-05-28,-0.00780000,0.00290000,-0.00630000,0.00010000
2019-05-29,-0.00710000,-0.00290000,0.00410000,0.00010000
2019-05-30,0.00140000,-0.00270000,-0.00770000,0.00010000
2019-05-31,-0.01370000,-0.00220000,-0.00110000,0.00010000
2019-06-03,-0.00340000,0.00180000,0.01680000,0.00010000
2019-06-04,0.02320000,0.00430000,-0.00030000,0.00010000
2019-06-05,0.00700000,-0.00980000,-0.00970000,0.00010000
2019-06-06,0.00550000,-0.01040000,0.00020000,0.00010000
2019-06-07,0.01040000,0.00040000,-0.01190000,0.00010000
2019-06-10,0.00540000,-0.00040000,0.00070000,0.00010000
2019-06-11,-0.00120000,-0.00260000,0.00570000,0.00010000
2019-06-12,-0.00200000,0.00420000,-0.01000000,0.00010000
2019-06-13,0.00520000,0.00660000,-0.00040000,0.00010000
2019-06-14,-0.00270000,-0.00780000,0.00300000,0.00010000
2019-06-17,0.00150000,0.00640000,-0.01130000,0.00010000
2019-06-18,0.01040000,0.00160000,0.00350000,0.00010000
2019-06-19,0.00320000,0.00110000,-0.00600000,0.00010000
2019-06-20,0.00900000,-0.00370000,-0.00220000,0.00010000
2019-06-21,-0.00210000,-0.00470000,-0.00030000,0.00010000
2019-06-24,-0.00350000,-0.00900000,0.00080000,0.00010000
2019-06-25,-0.00980000,0.00340000,0.00720000,0.00010000
2019-06-26,-0.00070000,-0.00050000,0.00270000,0.00010000
2019-06-27,0.00590000,0.01420000,-0.00100000,0.00010000
2019-06-28,0.00680000,0.00630000,0.00620000,0.00010000
2019-07-01,0.00750000,-0.00530000,-0.00130000,0.00010000
2019-07-02,0.00140000,-0.00810000,-0.00810000,0.00010000
2019-07-03,0.00790000,-0.00040000,-0.00320000,0.00010000
2019-07-05,-0.00100000,0.00160000,0.00910000,0.00010000
2019-07-08,-0.00580000,-0.00450000,0.00060000,0.00010000
2019-07-09,0.00190000,-0.00150000,-0.00430000,0.00010000
2019-07-10,0.00400000,-0.00150000,-0.00360000,0.00010000
2019-07-11,0.00190000,-0.00790000,0.00040000,0.00010000
2019-07-12,0.00530000,0.00180000,0.00410000,0.00010000
2019-07-15,-0.00050000,-0.00350000,-0.01060000,0.00010000
2019-07-16,-0.00320000,0.00350000,0.00110000,0.00010000
2019-07-17,-0.00640000,-0.00140000,-0.00650000,0.00010000
2019-07-18,0.00350000,-0.00290000,0.00010000,0.00010000
2019-07-19,-0.00570000,0.00160000,0.00860000,0.00010000
2019-07-22,0.00250000,-0.00440000,-0.00480000,0.00010000
2019-07-23,0.00640000,-0.00230000,0.00800000,0.00010000
2019-07-24,0.00660000,0.00750000,0.00860000,0.00010000
2019-07-25,-0.00630000,-0.00660000,-0.00110000,0.00010000
2019-07-26,0.00820000,0.00390000,-0.00190000,0.00010000
2019-07-29,-0.00320000,-0.00340000,-0.00460000,0.00010000
2019-07-30,-0.00170000,0.01370000,0.00880000,0.00010000
2019-07-31,-0.01100000,0.00120000,0.00620000,0.00010000
2019-08-01,-0.01040000,-0.00420000,-0.01900000,0.00010000
2019-08-02,-0.00870000,-0.00320000,0.00070000,0.00010000
2019-08-05,-0.03070000,-0.00010000,0.00010000,0.00010000
2019-08-06,0.01290000,-0.00410000,-0.00590000,0.00010000
2019-08-07,0.00070000,0.00080000,-0.00900000,0.00010000
2019-08-08,0.01970000,0.00030000,-0.00250000,0.00010000
2019-08-09,-0.00780000,-0.00430000,-0.00220000,0.00010000
2019-08-12,-0.01310000,0.00290000,-0.00260000,0.00010000
2019-08-13,0.01470000,-0.00170000,-0.00530000,0.00010000
2019-08-14,-0.02950000,0.00220000,-0.00510000,0.00010000
2019-08-15,0.00170000,-0.00610000,-0.00520000,0.00010000
2019-08-16,0.01550000,0.00530000,0.00600000,0.00010000
2019-08-19,0.01140000,0.00020000,0.00210000,0.00010000
2019-08-20,-0.00750000,0.00300000,-0.00490000,0.00010000
2019-08-21,0.00850000,0.00050000,-0.00300000,0.00010000
2019-08-22,-0.00100000,-0.00530000,0.00490000,0.00010000
2019-08-23,-0.02660000,-0.00560000,-0.00180000,0.00010000
2019-08-26,0.01080000,-0.00020000,-0.00180000,0.00010000
2019-08-27,-0.00460000,-0.00880000,-0.00660000,0.00010000
2019-08-28,0.00680000,0.00470000,0.00610000,0.00010000
2019-08-29,0.01350000,0.00320000,0.00330000,0.00010000
2019-08-30,0.00030000,-0.00370000,0.00230000,0.00010000
2019-09-03,-0.00860000,-0.00960000,0.00120000,0.00010000
2019-09-04,0.01080000,-0.00220000,0.00430000,0.00010000
2019-09-05,0.01420000,0.00410000,0.00700000,0.00010000
2019-09-06,-0.00020000,-0.00390000,0.00050000,0.00010000
2019-09-09,0.00070000,0.00760000,0.03050000,0.00010000
2019-09-10,0.00160000,0.01070000,0.01110000,0.00010000
2019-09-11,0.00870000,0.01330000,-0.00040000,0.00010000
2019-09-12,0.00220000,-0.00310000,-0.00120000,0.00010000
2019-09-13,-0.00020000,0.00020000,0.00740000,0.00010000
2019-09-16,-0.00230000,0.00910000,0.00530000,0.00010000
2019-09-17,0.00170000,-0.00600000,-0.01190000,0.00010000
2019-09-18,-0.00040000,-0.00750000,0.00060000,0.00010000
2019-09-19,-0.00050000,-0.00430000,-0.00460000,0.00010000
2019-09-20,-0.00480000,0.00290000,0.00150000,0.00010000
2019-09-23,-0.00020000,-0.00170000,0.00500000,0.00010000
2019-09-24,-0.01000000,-0.00730000,0.00010000,0.00010000
2019-09-25,0.00690000,0.00360000,0.00520000,0.00010000
2019-09-26,-0.00400000,-0.00960000,0.00130000,0.00010000
2019-09-27,-0.00620000,-0.00330000,0.00880000,0.00010000
2019-09-30,0.00500000,-0.00170000,-0.00480000,0.00010000
2019-10-01,-0.01310000,-0.00460000,-0.00590000,0.00010000
2019-10-02,-0.01730000,0.00890000,-0.00360000,0.00010000
2019-10-03,0.00800000,-0.00230000,-0.00890000,0.00010000
2019-10-04,0.01390000,-0.00480000,-0.00070000,0.00010000
2019-10-07,-0.00410000,0.00160000,-0.00030000,0.00010000
2019-10-08,-0.01610000,-0.00130000,-0.00130000,0.00010000
2019-10-09,0.00920000,-0.00550000,-0.00090000,0.00010000
2019-10-10,0.00600000,-0.00400000,0.00250000,0.00010000
2019-10-11,0.01230000,0.00480000,0.00180000,0.00010000
2019-10-14,-0.00180000,-0.00340000,-0.00030000,0.00010000
2019-10-15,0.01030000,0.00250000,-0.00250000,0.00010000
2019-10-16,-0.00240000,0.00400000,0.00220000,0.00010000
2019-10-17,0.00370000,0.00800000,-0.00290000,0.00010000
2019-10-18,-0.00490000,-0.00350000,0.00870000,0.00010000
2019-10-21,0.00710000,0.00160000,0.00340000,0.00010000
2019-10-22,-0.00340000,0.00230000,0.00840000,0.00010000
2019-10-23,0.00250000,-0.00090000,0.00270000,0.00010000
2019-10-24,0.00250000,-0.00260000,-0.00890000,0.00010000
2019-10-25,0.00500000,0.00280000,0.00070000,0.00010000
2019-10-28,0.00620000,0.00270000,-0.00250000,0.00010000
2019-10-29,-0.00130000,0.00300000,0.00500000,0.00010000
2019-10-30,0.00280000,-0.00370000,-0.01150000,0.00010000
2019-10-31,-0.00380000,-0.00260000,-0.00430000,0.00010000
2019-11-01,0.01070000,0.00490000,0.00820000,0.00010000
2019-11-04,0.00390000,0.00030000,0.01350000,0.00010000
2019-11-05,-0.00030000,0.00230000,0.00460000,0.00010000
2019-11-06,-0.00050000,-0.00730000,0.00240000,0.00010000
2019-11-07,0.00380000,-0.00140000,0.00500000,0.00010000
2019-11-08,0.00310000,0.00070000,-0.00370000,0.00010000
2019-11-11,-0.00190000,0.00000000,-0.00190000,0.00010000
2019-11-12,0.00160000,-0.00110000,-0.00140000,0.00010000
2019-11-13,0.00010000,-0.00230000,-0.00820000,0.00010000
2019-11-14,0.00070000,-0.00120000,-0.00250000,0.00010000
2019-11-15,0.00740000,-0.00250000,-0.00330000,0.00010000
2019-11-18,0.00030000,-0.00350000,-0.00510000,0.00010000
2019-11-19,0.00020000,0.00570000,-0.00940000,0.00010000
2019-11-20,-0.00330000,0.00010000,-0.00440000,0.00010000
2019-11-21,-0.00150000,-0.00340000,0.00100000,0.00010000
2019-11-22,0.00240000,0.00060000,0.00210000,0.00010000
2019-11-25,0.00920000,0.01310000,-0.00380000,0.00010000
2019-11-26,0.00190000,0.00050000,-0.00890000,0.00010000
2019-11-27,0.00440000,0.00230000,-0.00020000,0.00010000
2019-11-29,-0.00420000,-0.00040000,-0.00310000,0.00010000
2019-12-02,-0.00870000,-0.00250000,0.00480000,0.00010000
2019-12-03,-0.00660000,0.00600000,-0.00830000,0.00010000
2019-12-04,0.00600000,0.00140000,0.00250000,0.00010000
2019-12-05,0.00130000,-0.00210000,0.00460000,0.00010000
2019-12-06,0.00910000,0.00250000,0.00360000,0.00010000
2019-12-09,-0.00330000,0.00340000,0.00120000,0.00010000
2019-12-10,-0.00080000,0.00300000,-0.00090000,0.00010000
2019-12-11,0.00280000,-0.00070000,0.00130000,0.00010000
2019-12-12,0.00900000,-0.00130000,0.01130000,0.00010000
2019-12-13,-0.00030000,-0.00270000,-0.00540000,0.00010000
2019-12-16,0.00740000,0.00030000,-0.00050000,0.00010000
2019-12-17,0.00100000,0.00420000,0.00660000,0.00010000
2019-12-18,-0.00050000,0.00200000,0.00090000,0.00010000
2019-12-19,0.00430000,-0.00020000,-0.00420000,0.00010000
2019-12-20,0.00480000,-0.00300000,-0.00310000,0.00010000
2019-12-23,0.00100000,0.00210000,-0.00340000,0.00010000
2019-12-24,0.00010000,0.00390000,-0.00010000,0.00010000
2019-12-26,0.00490000,-0.00540000,0.00000000,0.00010000
2019-12-27,-0.00090000,-0.00530000,-0.00070000,0.00010000
2019-12-30,-0.00570000,0.00190000,0.00560000,0.00010000
2019-12-31,0.00280000,-0.00010000,0.00110000,0.00010000
2020-01-02,0.00860000,-0.00880000,-0.00340000,0.00010000
2020-01-03,-0.00670000,0.00380000,0.00010000,0.00010000
2020-01-06,0.00360000,-0.00070000,-0.00550000,0.00010000
2020-01-07,-0.00190000,-0.00010000,-0.00260000,0.00010000
2020-01-08,0.00470000,-0.00070000,-0.00640000,0.00010000
2020-01-09,0.00650000,-0.00630000,-0.00480000,0.00010000
2020-01-10,-0.00340000,-0.00190000,-0.00340000,0.00010000
2020-01-13,0.00730000,-0.00110000,-0.00090000,0.00010000
2020-01-14,-0.00060000,0.00400000,-0.00180000,0.00010000
2020-01-15,0.00160000,0.00460000,-0.00820000,0.00010000
2020-01-16,0.00880000,0.00510000,-0.00110000,0.00010000
2020-01-17,0.00280000,-0.00640000,-0.00120000,0.00010000
2020-01-21,-0.00320000,-0.00520000,-0.00620000,0.00010000
2020-01-22,0.00080000,-0.00260000,0.00000000,0.00010000
2020-01-23,0.00080000,-0.00050000,-0.00140000,0.00010000
2020-01-24,-0.00970000,-0.00440000,-0.00280000,0.00010000
2020-01-27,-0.01560000,0.00370000,-0.00410000,0.00010000
2020-01-28,0.01020000,-0.00130000,-0.00430000,0.00010000
2020-01-29,-0.00100000,-0.00250000,-0.00970000,0.00010000
2020-01-30,0.00340000,-0.00690000,0.00680000,0.00010000
2020-01-31,-0.01740000,-0.00440000,-0.00350000,0.00010000
2020-02-03,0.00840000,0.00620000,-0.00670000,0.00010000
2020-02-04,0.01570000,-0.00030000,-0.00700000,0.00010000
2020-02-05,0.00970000,0.00330000,0.01480000,0.00010000
2020-02-06,0.00270000,-0.00460000,-0.00840000,0.00010000
2020-02-07,-0.00550000,-0.00790000,-0.00020000,0.00010000
2020-02-10,0.00730000,-0.00010000,-0.00900000,0.00010000
2020-02-11,0.00270000,0.00050000,0.01040000,0.00010000
2020-02-12,0.00660000,0.00160000,-0.00360000,0.00010000
2020-02-13,-0.00090000,0.00200000,0.00010000,0.00010000
2020-02-14,0.00140000,-0.00380000,-0.00660000,0.00010000
2020-02-18,-0.00190000,0.00160000,-0.00640000,0.00010000
2020-02-19,0.00600000,0.00180000,0.00030000,0.00010000
2020-02-20,-0.00350000,0.00490000,0.00670000,0.00010000
2020-02-21,-0.01120000,-0.00120000,0.00020000,0.00010000
2020-02-24,-0.03390000,0.00160000,0.00010000,0.00010000
2020-02-25,-0.03090000,-0.00110000,-0.00680000,0.00010000
2020-02-26,-0.00520000,-0.00380000,-0.01200000,0.00010000
2020-02-27,-0.04220000,0.00780000,0.00060000,0.00010000
2020-02-28,-0.00780000,0.00300000,-0.00800000,0.00010000
