timestamp,request_date,request_start,request_end,company_symbol,ric,query,storyId,story_type,sourceCode,headline,story_error,clean_text,clean_text_sha256,cleaning_quality,cleaning_detail,original_chars,cleaned_chars,removed_trailing_lines,cleaner_version,article_story_type,usable_article
2026-06-11 23:32:03.299,2026-06-11,2026-06-11T00:00:00,2026-06-11T23:59:59,AAPL,AAPL.O,R:AAPL.O and Language:LEN,urn:newsml:newsroom:20260611:nNRA0usnn2:0,newsroom,NS:CNBSTR,"Apple Inc (ETR:APC) decreases 0.6% in today's session, hits 29-day low; -EUR1.55 [-0.6%]",,"GERMAN END-OF-DAY STOCK REPORT

CUPERTINO, Wednesday, June 10 2026 - Apple Inc's (ETR: APC EUR251.20) stock price decreased EUR1.55 (0.6%) from its previous trading session to close at EUR251.20.

Compared with the DAX Index which fell 199.8 points (0.8%) in the day, the relative price increase was 0.2%.

There were 22,655 shares worth EUR5.7 million ($6.6 million) traded today; the volume was 0.6 times the average daily trading volume of 40,540 shares.

INDEX

SECTION 1 TODAY'S BULLISH SIGNALS

SECTION 2 ONGOING BULLISH PARAMETERS

SECTION 3 TODAY'S BEARISH SIGNALS

SECTION 4

Read more...

ANNEXURE

APPENDIX I DATA & ARCHIVE DOWNLOAD CENTER

GLOSSARY

SECTION 1 TODAY'S BULLISH SIGNALS

1.1 Uptrend

Price/Moving Average Price of 1.14 and positive MACD:

- The Price/MAP 200 for Apple Inc is 1.14. Being higher than 1 is a bullish indicator. It is higher than the Price/MAP 200 for the DAX Index of 1.0, a second bullish indicator. The stock is trading above both its MAPs and the 50-day MAP of EUR243.28 is higher than the 200-day MAP of EUR219.70, a third bullish indicator. The 200-day MAP has increased to EUR219.70, a fourth bullish indicator.

- The Moving Average Convergence Divergence (MACD) indicator of 12-day Exponential Moving Average (EMA) of 262.39 minus the 26-day EMA of 257.66 is positive, suggesting a bullish signal.

Past Quarter:

- In the last three months the stock has hit a new 52-week high fourteen times, pointing to a significant uptrend.

The Best 3 weeks in the past quarter

In the past quarter the week beginning Monday May 04 saw the highest weekly rise of 7.4% for a relative price increase of 7.2%.

Mon-FriChange %DAX Index Change %Vol Ind [1 is avg]

May 04-087.40.10.9

May 11-154.5-1.40.7

Apr 13-173.53.526.2

1.2 Oversold/Bullish Signals:

- The stock is oversold according to the Williams % R indicator of -90.5, suggesting the price is close to its 14-day low of EUR248.90.

SECTION 2 ONGOING BULLISH PARAMETERS

2.1 Present Value of EUR1000 Invested in the Past [3 Mo, 1 Yr, 3 Yrs]; The Best Periods with PVEUR1000 > 1,118

PVEUR1,0003 mo ago1 yr ago3 yrs ago

APC.ETREUR1,119EUR1,415EUR1,490

Computers sectorEUR1,137EUR1,413EUR1,394

DAX IndexEUR1,012EUR1,008EUR1,519

2.2 The Best Periods [3 Mo, 1 Yr] with Price Change % > 11.8

1-Year price change of 41.5% for Apple Inc outperformed the change of 0.2% in the DAX Index for a relative price change of 41.3%.

Price Change %QuarterYear

Apple Inc11.941.5

Computers sector13.740.4

DAX Index2.70.2

SECTION 3 TODAY'S BEARISH SIGNALS

3.1 Downtrend

Trailing Relative Strength (6 months) at 42 percentile:

- The stock has a 6-month relative strength of 42 in the German market of 4,667 stocks, 71 ADRs and 25 preference stocks which means it has underperformed 58% of the market.

SECTION 4

APPENDIX I DATA & ARCHIVE DOWNLOAD CENTER

APC: OTHER INFORMATION:

+ PRICE VOLUME CHARTS

+ USD vs EUR EXCHANGE RATE CHARTS IN HTML

GLOSSARY

Disclaimer:",569b89d22959c6681dcfdaa839273300bbe556c8f191cb40dc47e3767a21bf0f,ok,,4856,2956,0,week4_lseg_html_v1,True,True
2026-06-11 23:15:06.849,2026-06-11,2026-06-11T00:00:00,2026-06-11T23:59:59,AAPL,AAPL.O,R:AAPL.O and Language:LEN,urn:newsml:newsroom:20260611:nNRA0usjbd:0,newsroom,NS:ELEBUS,Patent Issued for Time-varying rendering of an object within a 3D environment (USPTO 12641210),,"2026 JUN 11-- By a News Reporter-Staff News Editor at Electronics Business Daily-- Apple Inc. has been issued patent number 12641210, according to news reporting originating out of Alexandria, Virginia, by NewsRx editors. The patent' s inventors are Poot, Rudy. This patent was filed on August 14, 2023 and was published online on May 26, 2026. 2026 JUN 11 (NewsRx) -- By a News Reporter-Staff News Editor at Electronics Business Daily -- Apple Inc. (Cupertino, California, United States) has been issued patent number 12641210, according to news reporting originating out of Alexandria, Virginia, by NewsRx editors.

The patent's inventors are Poot, Rudy (Mill Valley, CA, US).

This patent was filed on August 14, 2023 and was published online on May 26, 2026.

From the background information supplied by the inventors, news correspondents obtained the following quote: ""Various techniques are used to enable the capturing and editing of images, video, and other content depicting three-dimensional (3D) environments. However, existing systems may not provide various desirable attributes, such as efficiently and/or accurately enabling the altering of stereo image content to include added content.""

Supplementing the background information on this patent, NewsRx reporters also obtained the inventors' summary information for this patent: ""Various implementations disclosed herein include devices, systems, and methods that provide a compact representation of a three-dimensional (3D) object (e.g., a bird, a plant, etc.) used to provide views from a viewpoint within a limited region. For example, a limited region may be needed for a headbox area in which a viewpoint may change one meter backwards/forwards/right/left, etc. (e.g., constrained to a view dependent head box). Some techniques provide a simplified representation of an entire, static 3D scene for headbox viewing by obtaining RGBD images (e.g., color image data and depth data) as input and generating a textured mesh, targeting a configurable number of triangles, texture size, and fill rate, to provide a 3D representation that is more compact than a standard 3D representation (e.g., a 3D point cloud, a 3D mesh, etc.). By contrast, the various implementations disclosed herein provide a technique that: (a) may be object-specific (e.g., just the bird rather than the entire 360 scene), (b) may include time-based content (e.g., animation, lighting, interactive content, etc.) rather than static content, © uses gridified cards to provide a photorealistic appearance, (d) may be rendered in stereo, and (e) uses multiple sprite sheets for different visual attribute layers associated with the object. For example, the multiple sheets may include color data, normals data (for lighting), computer graphic position data, specularity/roughness data, an ID map to identify objects in the scene, and the like.

""An exemplary use of techniques described herein may be to render a 3D object on top of 3D content (e.g., a movie), and that object may be interacted with (e.g., move around, change lighting effects, etc.) with real-time effects using sheets for one or more of the visual attribute layers (e.g., color, depth, opacity, lighting, roughness/texture, material attributes, animation, and the like). The one or more sheets, also referred to herein as sprite sheets, utilize sprite rendering techniques, where lighting, material, and attribute information may be stored and utilized via the same simple sprite color card system. In an exemplary implementation, the one or more sheets may be compressed and bundled. By utilizing the sprite sheets, a time-varying rendering of an object (e.g., a virtual object), may be configured to efficiently run on a low powered device with a simple graphics system. For example, utilizing layered sprite sheets provides efficiency for use on such low powered devices (e.g., via a web browser running on a mobile device, such as a smartphone) such that an interactive time-varying rendering of an object (e.g., an interactive virtual object) may be added to or blended with layered video footage (e.g., an interactive virtual character layered on top of a movie). In some implementations, the layer(s) may be controlled externally.

""In some implementations, a representation of an object is generated by obtaining images (e.g., real or virtual images) of the object from the multiple viewpoints within a pre-defined region (e.g., 32 positions within the headbox), generating one or more meshes of polygons based on the images, where each mesh partially represents a 3D appearance of the object at a particular instance, and generating one or more sheets based on the one or more meshes. For example, flip books of the one or more meshes of polygons may be created for the representation of the object. In some implementations, the flip books of polygons during run time may be evaluated, averaged, and fit for most effective playback at view box sweet spots. Additionally, in some implementations, the flip books of polygons for the representation of the object may be branched with lower level of detail (LOD) versions and textured sprite information may be mipmapped and compressed to create a robust LOD system.

""In general, one innovative aspect of the subject matter described in this specification can be embodied in methods that include the actions of, at an electronic device having a processor, generating a representation including one or more sheets representing an object, the one or more sheets representing aspects of one or more meshes partially representing a three-dimensional (3D) appearance of the object based on multiple viewpoints and multiple temporal representations. Generating the representation may include obtaining images of the object from the multiple viewpoints within a pre-defined region, generating the one or more meshes of polygons based on the images, each mesh partially representing the 3D appearance of the object at a particular instance of the multiple temporal representations, wherein at least some surface portions of the object that are visible from viewpoints outside of a pre-defined region are unrepresented by the polygons, and generating the one or more sheets based on the one or more meshes. The actions may further include providing a view of a 3D environment including a time-varying rendering of the object, wherein the time-varying rendering of the object is rendered based on the one or more sheets representing the object.

""These and other embodiments can each optionally include one or more of the following features.""

The claims supplied by the inventors are:

""1. A method comprising: at an electronic device having a processor: generating a representation comprising one or more sheets representing an object, the one or more sheets representing aspects of one or more meshes partially representing a three-dimensional (3D) appearance of the object based on multiple viewpoints and multiple temporal representations, wherein generating the representation comprises: obtaining images of the object from the multiple viewpoints within a pre-defined region; generating the one or more meshes of polygons based on the images, each mesh partially representing the 3D appearance of the object at a particular instance of the multiple temporal representations, wherein at least some surface portions of the object that are visible from viewpoints outside of a pre-defined region are unrepresented by the polygons; and generating the one or more sheets based on the one or more meshes; and providing a view of a 3D environment including a time-varying rendering of the object, wherein the time-varying rendering of the object is rendered based on the one or more sheets representing the object.

""2. The method of claim 1, wherein the one or more sheets comprise a color data sheet comprising multiple elements having values, each of the multiple elements representing color of multiple portions of the mesh in view from a different viewpoint of the multiple viewpoints.

""3. The method of claim 1, wherein the one or more sheets comprise a normals data sheet comprising multiple elements having values, each of the multiple elements representing normal vector data of multiple portions of the mesh in view from a different viewpoint of the multiple viewpoints.

""4. The method of claim 1, wherein the one or more sheets comprise a material attributes data sheet comprising multiple elements having values, each of the multiple elements representing material attributes of multiple portions of the mesh in view from a different viewpoint of the multiple viewpoints.

""5. The method of claim 1, wherein the one or more sheets comprise a position data sheet comprising multiple elements having values, each of the multiple elements representing positioning information of multiple portions of the mesh in view from a different viewpoint of the multiple viewpoints.

""6. The method of claim 1, wherein the one or more sheets comprise an animation data sheet comprising multiple elements having values, each of the multiple elements representing animation information of multiple portions of the mesh in view from a different viewpoint of the multiple viewpoints.

""7. The method of claim 1, wherein the one or more sheets comprise multiple elements having values, each of the multiple elements representing an attribute of multiple portions of the mesh in view from a different viewpoint of the multiple viewpoints for a different instance of the multiple temporal representations.

""8. The method of claim 1, wherein the time-varying rendering of the object comprises one or more selectable elements.

""9. The method of claim 8, further comprising: updating the view of the time-varying rendering of the object within the 3D environment based on an interaction event with the one or more selectable elements of the time-varying rendering of the object.

""10. The method of claim 1, wherein the 3D environment is 3D video content and the time-varying rendering of the object is overlayed on the 3D video content within the view of the 3D environment.

""11. The method of claim 1, wherein providing the view of the time-varying rendering of the object comprises animating at least a portion of the object for one or more subsequent frames of the view of the 3D environment.

""12. The method of claim 1, wherein providing the view of the time-varying rendering of the object comprises changing a lighting effect to at least a portion of the object for one or more subsequent frames of the view of the 3D environment.

""13. The method of claim 12, wherein changing the lighting effect to at least the portion of the object is based on determining a material attribute at the portion of the object.

""14. The method of claim 1, wherein the pre-defined region comprises a headbox view and the multiple viewpoints comprises different positions within the headbox view.

""15. The method of claim 1, wherein each polygon of the respective mesh of polygons comprises a plurality of edges, wherein one or more of the plurality of edges of at least one polygon comprises a transparent edge, the method further comprising updating the view of the time-varying rendering of the object based on the transparent edge of the at least one polygon.

""16. The method of claim 1, wherein the view of a 3D environment including the time-varying rendering of the object comprises stereoscopic image pairs comprising left eye content corresponding to a left eye viewpoint and right eye content corresponding to a right eye viewpoint.

""17. A device comprising: one or more sensors; a non-transitory computer-readable storage medium; and one or more processors coupled to the non-transitory computer-readable storage medium, wherein the non-transitory computer-readable storage medium comprises program instructions that, when executed on the one or more processors, cause the one or more processors to perform operations comprising: generating a representation comprising one or more sheets representing an object, the one or more sheets representing aspects of one or more meshes partially representing a three-dimensional (3D) appearance of the object based on multiple viewpoints and multiple temporal representations, wherein generating the representation comprises: obtaining images of the object from the multiple viewpoints within a pre-defined region; generating the one or more meshes of polygons based on the images, each mesh partially representing the 3D appearance of the object at a particular instance of the multiple temporal representations, wherein at least some surface portions of the object that are visible from viewpoints outside of a pre-defined region are unrepresented by the polygons; and generating the one or more sheets based on the one or more meshes; and providing a view of a 3D environment including a time-varying rendering of the object, wherein the time-varying rendering of the object is rendered based on the one or more sheets representing the object.

""18. A method comprising: at an electronic device having a processor: obtaining images of an object from multiple viewpoints within a pre-defined region; generating one or more meshes of polygons based on the images, each mesh partially representing a three-dimensional (3D) appearance of the object at a particular instance of the multiple viewpoints, wherein at least some surface portions of the object that are visible from viewpoints outside of the pre-defined region are unrepresented by the polygons; and generating a representation comprising one or more sheets representing the object, the one or more sheets representing aspects of the one or more meshes partially representing the 3D appearance of the object based on the multiple viewpoints and multiple temporal representations; and providing a view of a 3D environment including a time-varying rendering of the object that is rendered based on the one or more sheets.

""19. The method of claim 18, wherein the one or more sheets comprise a color data sheet comprising multiple elements having values, each of the multiple elements representing color of multiple portions of the mesh in view from a different viewpoint of the multiple viewpoints.

""20. The method of claim 18, wherein the one or more sheets comprise multiple elements having values, each of the multiple elements representing an attribute of multiple portions of the mesh in view from a different viewpoint of the multiple viewpoints for a different instance of the multiple temporal representations.""

For the URL and additional information on this patent, see: Poot, Rudy. Time-varying rendering of an object within a 3D environment. U.S. Patent Number 12641210, filed August 14, 2023, and published online on May 26, 2026. Patent URL (for desktop use only): https://ppubs.uspto.gov/pubwebapp/external.html?q=(12641210)&db=USPAT&type=ids",d5261ddb1404b9a9bec44aff8c26b594a3e5b002a7e48655cd079a3bcf7931b2,ok,,15399,14907,1,week4_lseg_html_v1,True,True
2026-06-11 23:14:08.555,2026-06-11,2026-06-11T00:00:00,2026-06-11T23:59:59,AAPL,AAPL.O,R:AAPL.O and Language:LEN,urn:newsml:newsroom:20260611:nNRA0usk96:0,newsroom,NS:ELEBUS,Patent Issued for Task execution based on context (USPTO 12638959),,"2026 JUN 11-- By a News Reporter-Staff News Editor at Electronics Business Daily-- Apple Inc. has been issued patent number 12638959, according to news reporting originating out of Alexandria, Virginia, by NewsRx editors. The patent' s inventors are Bernardo, Matthew P., Fujita, Lane, Mari, Pedro, Peck, Jessica J., Streja, Lynn I.. This patent was filed on September 21, 2022... 2026 JUN 11 (NewsRx) -- By a News Reporter-Staff News Editor at Electronics Business Daily -- Apple Inc. (Cupertino, California, United States) has been issued patent number 12638959, according to news reporting originating out of Alexandria, Virginia, by NewsRx editors.

The patent's inventors are Bernardo, Matthew P. (Boxborough, MA, US), Fujita, Lane (Oakland, CA, US), Mari, Pedro (Santa Cruz, CA, US), Peck, Jessica J. (Morgan Hill, CA, US), Streja, Lynn I. (San Francisco, CA, US).

This patent was filed on September 21, 2022 and was published online on May 26, 2026.

From the background information supplied by the inventors, news correspondents obtained the following quote: ""Intelligent automated assistants (or digital assistants) can provide a beneficial interface between human users and electronic devices. Such assistants can allow users to interact with devices or systems using natural language in spoken and/or text forms. For example, a user can provide a speech input containing a user request to a digital assistant operating on an electronic device. The digital assistant can interpret the user's intent from the speech input and operationalize the user's intent into tasks. The tasks can then be performed by executing one or more services of the electronic device, and a relevant output responsive to the user request can be returned to the user.

""In some instances, services or application of the electronic device may not be initiated or open when the speech input is received from the user. Accordingly, efficient methods and systems of determining a service or application to use to execute a task are beneficial.""

Supplementing the background information on this patent, NewsRx reporters also obtained the inventors' summary information for this patent: ""Example methods are disclosed herein. An example method includes, at an electronic device having one or more processors and memory: receiving a user input including a request for a task; in accordance with a determination that a context being displayed by the electronic device does not include an application for performing the task: determining a target application for performing the task; providing a payload determined from the request to the target application; performing the task with the target application using the payload; and providing a result of the task.

""Example non-transitory computer-readable media are disclosed herein. An example non-transitory computer-readable storage medium storing one or more programs configured to be executed by one or more processors of an electronic device, the one or more programs including instructions for receiving a user input including a request for a task; in accordance with a determination that a context being displayed by the electronic device does not include an application for performing the task: determining a target application for performing the task; providing a payload determined from the request to the target application; performing the task with the target application using the payload; and providing a result of the task.

""Example electronic devices are disclosed herein. An example electronic device comprises one or more processors; a memory; and one or more programs, where the one or more programs are stored in the memory and configured to be executed by the one or more processors, the one or more programs including instructions for receiving a user input including a request for a task; in accordance with a determination that a context being displayed by the electronic device does not include an application for performing the task: determining a target application for performing the task; providing a payload determined from the request to the target application; performing the task with the target application using the payload; and providing a result of the task.

""An example electronic device comprises means for receiving a user input including a request for a task; means for in accordance with a determination that a context being displayed by the electronic device does not include an application for performing the task: determining a target application for performing the task; providing a payload determined from the request to the target application; performing the task with the target application using the payload; and providing a result of the task.

""In accordance with a determination that a context being displayed by the electronic device does not include an application for performing the task: determining a target application for performing the task; providing a payload determined from the request to the target application; performing the task with the target application using the payload; and providing a result of the task allows for efficient determination, execution, and provision of a result of a task regardless of the context displayed by the electronic device. For example, the digital assistant can efficiently determine and open an application to perform a task when the application has not been opened or instantiated previously. Accordingly, the digital assistant may provide a more efficient interaction with the user, increasing user enjoyment. Thus, the user may interact with the digital assistant with less inputs which, additionally, reduces power usage and improves battery life of the device.""

The claims supplied by the inventors are:

""1. A non-transitory computer-readable storage medium storing one or more programs configured to be executed by one or more processors of an electronic device, the one or more programs including instructions for: receiving a user input including a request for a task; in accordance with a determination that a context being displayed by the electronic device does not include an application for performing the task: determining a target application for performing the task; providing a payload determined from the request to the target application; performing the task with the target application using the payload; and providing a result of the task.

""2. The non-transitory computer-readable storage medium of claim 1, wherein the request includes the target application for performing the task.

""3. The non-transitory computer-readable storage medium of claim 1, wherein determining that the context being displayed by the electronic device does not include the application for performing the task includes determining whether the application is currently being displayed by the electronic device.

""4. The non-transitory computer-readable storage medium of claim 3, wherein the one or more programs further include instructions for: in accordance with a determination that the application is currently being displayed by the electronic device, determining whether the task is related to the application.

""5. The non-transitory computer-readable storage medium of claim 4, wherein determining whether the task is related to the application includes determining whether the application has a capability of performing the task.

""6. The non-transitory computer-readable storage medium of claim 5, wherein the context being displayed by the electronic device does not include the application for performing the task in accordance with a determination that the application does not have the capability of performing the task.

""7. The non-transitory computer-readable storage medium of claim 1, wherein determining a target application for performing the task further comprises: in accordance with a determination that the request includes an application, selecting the application as the target application.

""8. The non-transitory computer-readable storage medium of claim 1, wherein determining a target application for performing the task further comprises: in accordance with a determination that a capability of an application matches the task, selecting the application as the target application.

""9. The non-transitory computer-readable storage medium of claim 1, wherein determining the target application for performing the task further comprises: determining a plurality of target applications with capabilities that match the task.

""10. The non-transitory computer-readable storage medium of claim 9, wherein determining the target application for performing the task further comprises: selecting a target application from the plurality of target applications based on usage history associated with the target application.

""11. The non-transitory computer-readable storage medium of claim 9, wherein determining the target application for performing the task further comprises: selecting a target application from the plurality of target applications based on a ranking of the target applications.

""12. The non-transitory computer-readable storage medium of claim 11, wherein the ranking of the target applications is based on a user preference, one or more user inputs, a usage history, and the capabilities of the target applications.

""13. The non-transitory computer-readable storage medium of claim 9, wherein the one or more programs further include instructions for: providing an output including the plurality of target applications; and receiving a selection of a target application of the plurality of target applications.

""14. The non-transitory computer-readable storage medium of claim 1, wherein the payload includes the task and a parameter for the task.

""15. The non-transitory computer-readable storage medium of claim 1, wherein providing the result of the task further comprises: in accordance with a determination that displaying the application is not required to perform the task, providing the result of the task in a user interface other than the application user interface.

""16. The non-transitory computer-readable storage medium of claim 15, wherein providing the result of the task in the user interface other than the application user interface further comprises: displaying the result of the task in a user interface element displayed over a currently displayed user interface.

""17. The non-transitory computer-readable storage medium of claim 1, wherein providing the result of the task further comprises: in accordance with a determination that displaying the application is required to perform the task, displaying an application user interface including the result of the task.

""18. The non-transitory computer-readable storage medium of claim 1, wherein providing the result of the task further comprises: providing an output including the result of the task.

""19. The non-transitory computer-readable storage medium of claim 1 wherein the one or more programs further include instructions for: in accordance with a determination that the targeted application is currently being displayed, displaying the result of the task in an updated user interface of the targeted application.

""20. The non-transitory computer-readable storage medium of claim 1, wherein the one or more programs further include instructions for: in accordance with a determination that a context being displayed by the electronic device includes an application for performing the task: in accordance with a determination that the application is a preferred application, performing the task with the application that is displayed.

""21. The non-transitory computer-readable storage medium of claim 20, wherein determining whether the application is a preferred application includes determining whether the request includes the application.

""22. The non-transitory computer-readable storage medium of claim 20, wherein determining whether the application is a preferred application is based on a usage history associated with the application.

""23. The non-transitory computer-readable storage medium of claim 20, wherein determining whether the application is a preferred application is based on a capability of the application.

""24. The non-transitory computer-readable storage medium of claim 1, wherein the one or more programs further include instructions for: in accordance with a determination that the context being displayed by the electronic device includes at least two applications for performing the task, determining the target application from the at least two applications based on a recency of interaction with the target application.

""25. The non-transitory computer-readable storage medium of claim 24, wherein the one or more programs further include instructions for: in accordance with a determination that the user input includes the target application, determining the target application from the at least two applications regardless of the recency of interaction with the at least two applications.

""26. An electronic device, comprising: one or more processors; a memory; and one or more programs, wherein the one or more programs are stored in the memory and configured to be executed by the one or more processors, the one or more programs including instructions for: receiving a user input including a request for a task; in accordance with a determination that a context being displayed by the electronic device does not include an application for performing the task: determining a target application for performing the task; providing a payload determined from the request to the target application; performing the task with the target application using the payload; and providing a result of the task.

""27. The electronic device of claim 26, wherein the request includes the target application for performing the task.

""28. The electronic device of claim 26, wherein determining that the context being displayed by the electronic device does not include the application for performing the task includes determining whether the application is currently being displayed by the electronic device.

""29. The electronic device of claim 26, wherein determining a target application for performing the task further comprises: in accordance with a determination that the request includes an application, selecting the application as the target application.

""30. The electronic device of claim 26, wherein determining a target application for performing the task further comprises: in accordance with a determination that a capability of an application matches the task, selecting the application as the target application.

""31. The electronic device of claim 26, wherein determining the target application for performing the task further comprises: determining a plurality of target applications with capabilities that match the task.

""32. The electronic device of claim 26, wherein the payload includes the task and a parameter for the task.

""33. The electronic device of claim 26, wherein providing the result of the task further comprises: in accordance with a determination that displaying the application is not required to perform the task, providing the result of the task in a user interface other than the application user interface.

""34. The electronic device of claim 26, wherein providing the result of the task further comprises: in accordance with a determination that displaying the application is required to perform the task, displaying an application user interface including the result of the task.

""35. The electronic device of claim 26, wherein providing the result of the task further comprises: providing an output including the result of the task.""

There are additional claims. Please visit full patent to read further.

For the URL and additional information on this patent, see: Bernardo, Matthew P. Task execution based on context. U.S. Patent Number 12638959, filed September 21, 2022, and published online on May 26, 2026. Patent URL (for desktop use only): https://ppubs.uspto.gov/pubwebapp/external.html?q=(12638959)&db=USPAT&type=ids",75f682a26d6c7165f7b19017860c44720de24c71dc9f6f92db1278c08b4df0fb,ok,,16653,16076,1,week4_lseg_html_v1,True,True
2026-06-11 22:47:10.244,2026-06-11,2026-06-11T00:00:00,2026-06-11T23:59:59,AAPL,AAPL.O,R:AAPL.O and Language:LEN,urn:newsml:reuters.com:20260611:nNRA0usb0l:1,reuters,NS:ZACKSC,Here's Why Apple (AAPL) Gained But Lagged the Market Today,,"Jun 11, 2026

See them now >> Apple Inc. (AAPL): Free Stock Analysis Report

Apple (AAPL) ended the recent trading session at $295.38, demonstrating a +1.3% change from the preceding day's closing price. This change lagged the S&P 500's 1.75% gain on the day. At the same time, the Dow added 1.86%, and the tech-heavy Nasdaq gained 2.54%.

The stock of maker of iPhones, iPads and other products has fallen by 2.44% in the past month, leading the Computer and Technology sector's loss of 3.11% and undershooting the S&P 500's loss of 1.63%.

The investment community will be closely monitoring the performance of Apple in its forthcoming earnings report. The company's upcoming EPS is projected at $1.86, signifying a 18.47% increase compared to the same quarter of the previous year. Our most recent consensus estimate is calling for quarterly revenue of $108.71 billion, up 15.6% from the year-ago period.

Regarding the entire year, the Zacks Consensus Estimates forecast earnings of $8.75 per share and revenue of $477.95 billion, indicating changes of +17.29% and +14.85%, respectively, compared to the previous year.

Investors might also notice recent changes to analyst estimates for Apple. Such recent modifications usually signify the changing landscape of near-term business trends. With this in mind, we can consider positive estimate revisions a sign of optimism about the business outlook.

Our research reveals that these estimate alterations are directly linked with the stock price performance in the near future. To exploit this, we've formed the Zacks Rank, a quantitative model that includes these estimate changes and presents a viable rating system.

The Zacks Rank system, running from #1 (Strong Buy) to #5 (Strong Sell), holds an admirable track record of superior performance, independently audited, with #1 stocks contributing an average annual return of +25% since 1988. Over the last 30 days, the Zacks Consensus EPS estimate has witnessed a 0.03% increase. Apple is holding a Zacks Rank of #3 (Hold) right now.

From a valuation perspective, Apple is currently exchanging hands at a Forward P/E ratio of 33.34. This denotes a premium relative to the industry average Forward P/E of 21.14.

One should further note that AAPL currently holds a PEG ratio of 2.54. The PEG ratio is akin to the commonly utilized P/E ratio, but this measure also incorporates the company's anticipated earnings growth rate. AAPL's industry had an average PEG ratio of 2.3 as of yesterday's close.

The Computer - Micro Computers industry is part of the Computer and Technology sector. This group has a Zacks Industry Rank of 25, putting it in the top 11% of all 250+ industries.

The Zacks Industry Rank evaluates the power of our distinct industry groups by determining the average Zacks Rank of the individual stocks forming the groups. Our research shows that the top 50% rated industries outperform the bottom half by a factor of 2 to 1.

Remember to apply Zacks.com to follow these and more stock-moving metrics during the upcoming trading sessions.

7 Best Stocks for the Next 30 Days

Just released: Experts distill 7 elite stocks from the current list of 220 Zacks Rank #1 Strong Buys. They deem these tickers ""Most Likely for Early Price Pops.""

Since 1988, the full list has beaten the market more than 2X over with an average gain of +23.7% per year. So be sure to give these hand picked 7 your immediate attention.

Want the latest recommendations from Zacks Investment Research? Today, you can download 7 Best Stocks for the Next 30 Days. Click to get this free report

This article originally published on Zacks Investment Research (zacks.com).

Zacks Investment Research",e4e46766d6a767e2b37e72eef2ec5f4103b726aac22a806736c3099029338cda,ok,,5204,3693,0,week4_lseg_html_v1,True,True
2026-06-11 22:42:38.396,2026-06-11,2026-06-11T00:00:00,2026-06-11T23:59:59,AAPL,AAPL.O,R:AAPL.O and Language:LEN,urn:newsml:newsroom:20260611:nNRA0us977:0,newsroom,NS:ZOLCOM,Apple (NASDAQ:AAPL) Trading 1.4% Higher – Should You Buy?,,"Jun 10, 2026

(Get Free Report)

Apple Inc. (NASDAQ:AAPL - Get Free Report)'s share price rose 1.4% on Thursday . The company traded as high as $297.00 and last traded at $295.63. Approximately 42,274,880 shares were traded during trading, a decline of 12% from the average daily volume of 47,881,727 shares. The stock had previously closed at $291.58.

Trending Headlines about Apple

Here are the key news stories impacting Apple this week:

Positive Sentiment: Analysts at Erste Group Bank raised Apples FY2026 and FY2027 earnings estimates, signaling continued confidence in the companys profit outlook and helping support the stock.Apple Inc. (NASDAQ:AAPL) - Free Report

Positive Sentiment: Apples Siri AI and broader WWDC software updates could still drive future iPhone upgrades and Services growth, which bulls see as a longer-term catalyst.Apple Will Make Billions From AI in These 2 Ways. Is It Time to Buy the Stock?

Positive Sentiment: Coverage highlighting Apple as a top holding in Ken Griffins portfolio adds to the bullish sentiment around the stock after the companys AI-related announcements.Apple Inc. (AAPL) Is A Top Stock In Ken Griffins Portfolio

Neutral Sentiment: Apples WWDC launch of Siri AI and iOS/macOS updates was significant, but some investors viewed the rollout as practical rather than exciting, which left the market split on near-term upside.Apple Unveils Siri AI. Here's Why It's Not Impressing Investors

Neutral Sentiment: Apple also unveiled major OS changes and a redesigned Siri experience, but the lack of a major surprise factor suggests the market may need proof of adoption before rewarding the stock.Apple Just Introduced Next-Generation Siri AI at WWDC. Why That Might Not Be Enough to Give AAPL Stock a Boost.

Negative Sentiment: Several reports said Apples AI strategy disappointed investors because the company did not deliver the breakout AI leap many were expecting, pressuring shares earlier in the week.Apple's AI News Underwhelms. Siri AI Release Concerns Persist.

Negative Sentiment: Option activity and technical signals suggest some traders are still cautious on Apples intermediate-term outlook after the post-WWDC pullback.Option Activity Suggests Caution On Apple's Intermediate-Term Outlook

Wall Street Analysts Forecast Growth

Several research firms have commented on AAPL. Stifel Nicolaus set a $330.00 target price on shares of Apple in a research report on Monday, March 2nd. BNP Paribas Exane raised Apple from a ""neutral"" rating to an ""outperform"" rating and set a $300.00 price target for the company in a research report on Friday, April 17th. Wells Fargo & Company reiterated an ""overweight"" rating and set a $310.00 price target (up from $300.00) on shares of Apple in a research note on Friday, May 1st. DA Davidson reissued a ""neutral"" rating and set a $270.00 price objective on shares of Apple in a report on Friday, May 1st. Finally, Monness Crespi & Hardt raised their price objective on Apple from $315.00 to $335.00 and gave the company a ""buy"" rating in a research note on Friday, May 1st. One investment analyst has rated the stock with a Strong Buy rating, twenty-three have given a Buy rating, ten have issued a Hold rating and one has given a Sell rating to the company. According to data from MarketBeat, the company currently has a consensus rating of ""Moderate Buy"" and a consensus target price of $314.59.

Get Our Latest Stock Analysis on Apple

Apple Stock Up 1.4%

The stock has a market capitalization of $4.34 trillion, a price-to-earnings ratio of 35.75, a price-to-earnings-growth ratio of 2.53 and a beta of 1.09. The firm has a 50 day simple moving average of $284.09 and a 200-day simple moving average of $271.97. The company has a debt-to-equity ratio of 0.70, a current ratio of 1.07 and a quick ratio of 1.02.

Apple (NASDAQ:AAPL - Get Free Report) last posted its quarterly earnings data on Thursday, April 30th. The iPhone maker reported $2.01 EPS for the quarter, topping analysts' consensus estimates of $1.95 by $0.06. The company had revenue of $111.18 billion for the quarter, compared to analyst estimates of $109.46 billion. Apple had a return on equity of 146.69% and a net margin of 27.15%.The business's revenue was up 16.6% on a year-over-year basis. During the same quarter in the previous year, the firm earned $1.65 earnings per share. On average, sell-side analysts forecast that Apple Inc. will post 8.74 EPS for the current fiscal year.

Apple Increases Dividend

The firm also recently announced a quarterly dividend, which was paid on Thursday, May 14th. Shareholders of record on Monday, May 11th were given a dividend of $0.27 per share. This represents a $1.08 dividend on an annualized basis and a yield of 0.4%. The ex-dividend date was Monday, May 11th. This is a boost from Apple's previous quarterly dividend of $0.26. Apple's dividend payout ratio is currently 13.06%.

Insider Buying and Selling at Apple

In related news, insider Ben Borders sold 1,274 shares of the business's stock in a transaction that occurred on Friday, May 8th. The shares were sold at an average price of $290.00, for a total transaction of $369,460.00. Following the completion of the sale, the insider directly owned 38,713 shares of the company's stock, valued at $11,226,770. The trade was a 3.19% decrease in their ownership of the stock. The transaction was disclosed in a filing with the SEC, which is available at this link. Also, CEO Timothy D. Cook sold 64,949 shares of the stock in a transaction that occurred on Thursday, April 2nd. The shares were sold at an average price of $254.23, for a total transaction of $16,511,984.27. Following the completion of the transaction, the chief executive officer owned 3,280,418 shares in the company, valued at $833,980,668.14. This represents a 1.94% decrease in their ownership of the stock. The disclosure for this sale is available in the SEC filing. The transaction was executed under a pre-arranged Rule 10b5-1 trading plan. Insiders have sold 97,759 shares of company stock worth $24,964,305 in the last 90 days. Corporate insiders own 0.06% of the company's stock.

Institutional Inflows and Outflows

Several hedge funds and other institutional investors have recently made changes to their positions in AAPL. Evansbrook LLC grew its holdings in Apple by 0.4% during the first quarter. Evansbrook LLC now owns 8,095 shares of the iPhone maker's stock valued at $2,054,000 after purchasing an additional 34 shares during the period. JMG Financial Group Ltd. raised its holdings in Apple by 0.7% in the first quarter. JMG Financial Group Ltd. now owns 5,102 shares of the iPhone maker's stock worth $1,295,000 after purchasing an additional 35 shares during the period. Reyes Financial Architecture Inc. boosted its position in shares of Apple by 0.4% during the third quarter. Reyes Financial Architecture Inc. now owns 9,898 shares of the iPhone maker's stock worth $2,520,000 after purchasing an additional 37 shares in the last quarter. WESPAC Advisors LLC grew its holdings in shares of Apple by 0.3% in the 4th quarter. WESPAC Advisors LLC now owns 12,326 shares of the iPhone maker's stock valued at $3,351,000 after buying an additional 39 shares during the period. Finally, Interactive Financial Advisors Inc. grew its holdings in shares of Apple by 4.0% in the 4th quarter. Interactive Financial Advisors Inc. now owns 1,051 shares of the iPhone maker's stock valued at $286,000 after buying an additional 40 shares during the period. 67.73% of the stock is currently owned by institutional investors.

About Apple

Apple Inc (NASDAQ: AAPL) is a multinational technology company headquartered in Cupertino, California, founded in 1976 by Steve Jobs, Steve Wozniak and Ronald Wayne. The company designs, develops and sells consumer electronics, software and services. Over its history Apple has evolved from personal computers to a broad portfolio that spans mobile devices, wearables, home entertainment and digital services.

Apple's principal hardware products include the iPhone smartphone, iPad tablet, Mac personal computers, Apple Watch wearable devices and a range of accessories such as AirPods and HomePod.

See Also

Five stocks we like better than Apple

Microsoft Just Gave Investors 3 Dates They Can't Afford to Ignore

NVIDIAs Outlook Gains Momentum: Stock Price to Follow

The World Cup Is ComingThese 3 Stocks Could Cash In

Spotify's ""North Star"" Outlook Was Music to Investors Ears",7935f3df028ccb33453da029488c45e9142686f1cf99b9d7af23124a7c62cd43,ok,,10468,8486,0,week4_lseg_html_v1,True,True
2026-06-12 23:52:04.967,2026-06-12,2026-06-12T00:00:00,2026-06-12T23:59:59,AAPL,AAPL.O,R:AAPL.O and Language:LEN,urn:newsml:reuters.com:20260612:nNRA0vapgj:1,reuters,NS:ZACKSC,Cash Flow Kings: These Companies Generate Huge Cash,,"Jun 12, 2026

See Stocks Now >> Apple Inc. (AAPL): Free Stock Analysis Report Verizon Communications Inc. (VZ): Free Stock Analysis Report

Strong cash flows reflect financial stability, allowing companies to pay down debt, pursue growth opportunities, and shell out dividend payments.

These companies are also better equipped to weather downturns, providing another beneficial advantage for investors from a long-term standpoint.

And for those seeking cash-generating machines, three companies – Apple AAPL and Verizon VZ – fit the criteria nicely. Let's take a closer look at how each currently stacks up.

Apple Remains Cash King

Apple has long been a cash-generating machine, providing many benefits over the years, including higher dividend payouts. In fact, Apple has raised its quarterly payout for nearly 15 consecutive years, now more than halfway to becoming a Dividend Aristocrat.

Shares yield a modest 0.4% annually, though the company's 4.8% five-year annualized dividend growth rate helps bridge the gap. The tech titan has generated $129.1 billion in free cash flow throughout the trailing twelve-month period, with the trend remaining on a steady uptrend over the years.

Image Source: Zacks Investment Research

Verizon Keeps Generating Cash

Verizon's strong cash-generating abilities have positioned it at the top of many income-focused investors' lists, with the company similarly close to joining the elite Dividend Aristocrats club thanks to years of consistently higher payouts.

Below is a chart illustrating the company's dividends paid per share on an annual basis. The company has generated $20.3 billion in free cash flow over the trailing twelve-month period. Shares currently yield a steep 6.0% annually, crushing that of the S&P 500.

Image Source: Zacks Investment Research

Bottom Line

Companies with strong cash-generating abilities are great targets, as they have plenty of cash to fuel growth, pay out dividends, and easily wipe out debt. And as mentioned above, these companies are better equipped to handle an economic downturn, undeniably a positive.

For those seeking cash-generators, both stocks above –Verizon VZ and Apple AAPL – fit the criteria nicely.

Beyond Nvidia: AI's Second Wave Is Here

The AI revolution has already minted millionaires. But the stocks everyone knows about aren't likely to keep delivering the biggest profits. AI's second wave is moving from infrastructure to implementation and these companies are at the forefront of this transition, positioned to become what Amazon and Google were to the internet era.

Want the latest recommendations from Zacks Investment Research? Today, you can download 7 Best Stocks for the Next 30 Days. Click to get this free report

This article originally published on Zacks Investment Research (zacks.com).

Zacks Investment Research",b49f9939afc737d47a5bd56376f8984fcbb67cf87f39ad601cb91e927cff7021,ok,,4448,2840,0,week4_lseg_html_v1,True,True
2026-06-12 23:51:55.153,2026-06-12,2026-06-12T00:00:00,2026-06-12T23:59:59,AAPL,AAPL.O,R:AAPL.O and Language:LEN,urn:newsml:newsroom:20260612:nNRA0vapf3:0,newsroom,NS:CNBSTR,Apple Inc (ETR:APC) shares rise 0.7%; +EUR1.85 [+0.7%],,"GERMAN END-OF-DAY STOCK REPORT

CUPERTINO, Thursday, June 11 2026 - Apple Inc's (ETR: APC EUR253.05) stock price rose EUR1.85 (0.7%) from its previous trading session to close at EUR253.05.

Compared with the DAX Index which fell 8.4 points (0.03%) in the day, the relative price increase was 0.8%.

There were 21,592 shares worth EUR5.5 million ($6.3 million) traded today; the volume was 0.5 times the average daily trading volume of 40,410 shares.

INDEX

SECTION 1 TODAY'S BULLISH SIGNALS

SECTION 2 ONGOING BULLISH PARAMETERS

SECTION 3 TODAY'S BEARISH SIGNALS

SECTION 4

Read more...

ANNEXURE

APPENDIX I DATA & ARCHIVE DOWNLOAD CENTER

GLOSSARY

SECTION 1 TODAY'S BULLISH SIGNALS

1.1 Uptrend

Price/Moving Average Price of 1.15 and positive MACD:

- The Price/MAP 200 for Apple Inc is 1.15. Being higher than 1 is a bullish indicator. It is higher than the Price/MAP 200 for the DAX Index of 1.0, a second bullish indicator. The stock is trading above both its MAPs and the 50-day MAP of EUR244.03 is higher than the 200-day MAP of EUR219.98, a third bullish indicator. The 200-day MAP has increased to EUR219.98, a fourth bullish indicator.

- The Moving Average Convergence Divergence (MACD) indicator of 12-day Exponential Moving Average (EMA) of 260.96 minus the 26-day EMA of 257.32 is positive, suggesting a bullish signal.

Past Quarter:

- In the last three months the stock has hit a new 52-week high fourteen times, pointing to a significant uptrend.

The Best 3 weeks in the past quarter

In the past quarter the week beginning Monday May 04 saw the highest weekly rise of 7.4% for a relative price increase of 7.2%.

Mon-FriChange %DAX Index Change %Vol Ind [1 is avg]

May 04-087.40.10.9

May 11-154.5-1.40.7

Apr 13-173.53.526.2

1.2 Oversold/Bullish Signals:

- The stock is oversold according to the Williams % R indicator of -82.9, suggesting the price is close to its 14-day low of EUR248.90.

SECTION 2 ONGOING BULLISH PARAMETERS

2.1 Present Value of EUR1000 Invested in the Past [3 Mo, 1 Yr, 3 Yrs]; The Best Periods with PVEUR1000 > 1,121

PVEUR1,0003 mo ago1 yr ago3 yrs ago

APC.ETREUR1,122EUR1,446EUR1,501

Computers sectorEUR1,141EUR1,439EUR1,403

DAX IndexEUR1,026EUR1,010EUR1,518

2.2 The Best Periods [3 Mo, 1 Yr] with Price Change % > 12.1

1-Year price change of 44.6% for Apple Inc outperformed the change of 0.7% in the DAX Index for a relative price change of 43.9%.

Price Change %QuarterYear

Apple Inc12.244.6

Computers sector14.142.2

DAX Index3.30.7

SECTION 3 TODAY'S BEARISH SIGNALS

3.1 Downtrend

Trailing Relative Strength (6 months) at 49 percentile:

- The stock has a 6-month relative strength of 49 in the German market of 4,627 stocks, 74 ADRs and 24 preference stocks which means it has underperformed 51% of the market.

SECTION 4

APPENDIX I DATA & ARCHIVE DOWNLOAD CENTER

APC: OTHER INFORMATION:

+ PRICE VOLUME CHARTS

+ USD vs EUR EXCHANGE RATE CHARTS IN HTML

GLOSSARY

Disclaimer:",e2b68e84b36fd3232b9e841a4f9331712da0571dcd52181afbd4f99a5e95f83d,ok,,4849,2949,0,week4_lseg_html_v1,True,True
2026-06-12 23:38:08.722,2026-06-12,2026-06-12T00:00:00,2026-06-12T23:59:59,AAPL,AAPL.O,R:AAPL.O and Language:LEN,urn:newsml:newsroom:20260612:nNRA0vakvi:0,newsroom,NS:ZOLCOM,Apple (NASDAQ:AAPL) Trading Down 1.5% – Here's What Happened,,"Jun 11, 2026

(Get Free Report)

Apple Inc. (NASDAQ:AAPL - Get Free Report)'s stock price fell 1.5% on Friday . The stock traded as low as $289.62 and last traded at $291.13. 38,474,479 shares were traded during trading, a decline of 20% from the average session volume of 47,798,836 shares. The stock had previously closed at $295.63.

Apple News Summary

Here are the key news stories impacting Apple this week:

Positive Sentiment: Apples Services business posted record revenue in the fiscal second quarter, supported by ecosystem growth, AI-related updates, and its huge installed device base.Apple Continues to Expand Services Business: What's the Path Ahead?

Positive Sentiment: Several commentators said Apple still has strong fundamentals, including a solid balance sheet, loyal customer base, and products investors continue to love, which supports the long-term bull case.Jim Cramer on Apple: It Still Has Products We All Love

Positive Sentiment: Analysts at Erste Group Bank raised their earnings estimates for Apple, signaling expectations for steady profit growth over the next two fiscal years.Apple earnings estimate update

Neutral Sentiment: Apples WWDC announcements showed a clearer AI roadmap, including next-generation Siri features and device software updates, but the market appears to be waiting for stronger evidence that these changes will drive meaningful revenue growth.Apple Unveils Siri AI. Here's Why It's Not Impressing Investors

Neutral Sentiment: Some coverage suggested Apples AI launch could help the stock over time, but it may take more than Siri upgrades alone to restore investor enthusiasm.Apple Just Gave Investors a Glimpse of Is AI Future at WWDC. It May Take More to Revive AAPL Stock.

Negative Sentiment: Investors are worried Apples AI ambitions are colliding with a memory-cost crunch, creating pricing pressure that could weigh on margins.Apple Faces a No-Win Pricing Dilemma. Should Investors Be Worried?

Negative Sentiment: Multiple reports say the market was disappointed that Apples Siri AI reveal did not feel like a big enough breakthrough to justify a sharper rerating of the stock.Apple's AI News Underwhelms. Siri AI Release Concerns Persist.

Analyst Ratings Changes

Several research firms have weighed in on AAPL. Robert W. Baird set a $310.00 target price on shares of Apple in a report on Friday, May 1st. UBS Group restated a ""buy"" rating on shares of Apple in a report on Tuesday. Evercore restated an ""outperform"" rating on shares of Apple in a report on Monday. Stifel Nicolaus set a $330.00 target price on shares of Apple in a report on Monday, March 2nd. Finally, Barclays restated an ""underweight"" rating on shares of Apple in a report on Tuesday. One equities research analyst has rated the stock with a Strong Buy rating, twenty-three have given a Buy rating, ten have given a Hold rating and one has issued a Sell rating to the company. According to MarketBeat, Apple presently has an average rating of ""Moderate Buy"" and an average target price of $314.59.

View Our Latest Research Report on AAPL

Apple Trading Down 1.5%

The firm has a market capitalization of $4.28 trillion, a PE ratio of 35.20, a P/E/G ratio of 2.54 and a beta of 1.09. The company has a quick ratio of 1.02, a current ratio of 1.07 and a debt-to-equity ratio of 0.70. The business's fifty day moving average price is $284.93 and its 200 day moving average price is $272.14.

Apple (NASDAQ:AAPL - Get Free Report) last released its earnings results on Thursday, April 30th. The iPhone maker reported $2.01 earnings per share (EPS) for the quarter, beating analysts' consensus estimates of $1.95 by $0.06. Apple had a net margin of 27.15% and a return on equity of 146.69%. The firm had revenue of $111.18 billion during the quarter, compared to the consensus estimate of $109.46 billion. During the same period in the previous year, the firm earned $1.65 earnings per share. Apple's revenue was up 16.6% compared to the same quarter last year. As a group, analysts expect that Apple Inc. will post 8.75 EPS for the current fiscal year.

Apple Increases Dividend

The business also recently announced a quarterly dividend, which was paid on Thursday, May 14th. Investors of record on Monday, May 11th were issued a $0.27 dividend. The ex-dividend date was Monday, May 11th. This is a positive change from Apple's previous quarterly dividend of $0.26. This represents a $1.08 dividend on an annualized basis and a yield of 0.4%. Apple's payout ratio is presently 13.06%.

Insider Activity at Apple

In other Apple news, CEO Timothy D. Cook sold 64,949 shares of Apple stock in a transaction that occurred on Thursday, April 2nd. The shares were sold at an average price of $254.23, for a total transaction of $16,511,984.27. Following the transaction, the chief executive officer directly owned 3,280,418 shares of the company's stock, valued at $833,980,668.14. The trade was a 1.94% decrease in their ownership of the stock. The sale was disclosed in a filing with the SEC, which is accessible through this hyperlink. The transaction was executed under a pre-arranged Rule 10b5-1 trading plan. Also, insider Ben Borders sold 1,274 shares of Apple stock in a transaction that occurred on Friday, May 8th. The shares were sold at an average price of $290.00, for a total transaction of $369,460.00. Following the transaction, the insider directly owned 38,713 shares in the company, valued at approximately $11,226,770. This trade represents a 3.19% decrease in their ownership of the stock. The SEC filing for this sale provides additional information. Insiders have sold a total of 97,759 shares of company stock valued at $24,964,305 in the last ninety days. 0.06% of the stock is owned by company insiders.

Institutional Inflows and Outflows

Hedge funds and other institutional investors have recently bought and sold shares of the business. Isthmus Partners LLC lifted its position in shares of Apple by 6.4% during the third quarter. Isthmus Partners LLC now owns 97,177 shares of the iPhone maker's stock worth $25,000 after purchasing an additional 5,808 shares in the last quarter. Sellwood Investment Partners LLC lifted its position in shares of Apple by 110.9% during the third quarter. Sellwood Investment Partners LLC now owns 135 shares of the iPhone maker's stock worth $34,000 after purchasing an additional 71 shares in the last quarter. Lifetime Wealth Management P.C. acquired a new position in shares of Apple during the fourth quarter worth $41,000. ROSS JOHNSON & Associates LLC lifted its position in shares of Apple by 1,800.0% during the first quarter. ROSS JOHNSON & Associates LLC now owns 190 shares of the iPhone maker's stock worth $42,000 after purchasing an additional 180 shares in the last quarter. Finally, LSV Asset Management acquired a new stake in shares of Apple during the fourth quarter worth approximately $65,000. 67.73% of the stock is owned by institutional investors and hedge funds.

Apple Company Profile

Apple Inc (NASDAQ: AAPL) is a multinational technology company headquartered in Cupertino, California, founded in 1976 by Steve Jobs, Steve Wozniak and Ronald Wayne. The company designs, develops and sells consumer electronics, software and services. Over its history Apple has evolved from personal computers to a broad portfolio that spans mobile devices, wearables, home entertainment and digital services.

Apple's principal hardware products include the iPhone smartphone, iPad tablet, Mac personal computers, Apple Watch wearable devices and a range of accessories such as AirPods and HomePod.

Further Reading

Five stocks we like better than Apple

SpaceX Rings the Bell and Shatters Every Record

Adobe Stock Just Got CheaperIs Wall Street Missing the Story?

3 Dividend Stocks Under $50 That Pay You to Wait Out Inflation

The 127-Gigawatt Problem: Why AI Needs Its Own Power",79800c09c3dc1bff5054a89609e23334f137940a7f49ca9915124688bc06c78d,ok,,9877,7895,0,week4_lseg_html_v1,True,True
2026-06-12 23:08:04.478,2026-06-12,2026-06-12T00:00:00,2026-06-12T23:59:59,AAPL,AAPL.O,R:AAPL.O and Language:LEN,urn:newsml:newsroom:20260612:nNRA0va9vz:0,newsroom,NS:TALKMA,Apple Inc. (AAPL): Our Calculation Of Intrinsic Value,,"Jun 12, 2026

Apple remains one of the highest-quality businesses in the market, supported by its dominant ecosystem, recurring services revenue, exceptional brand strength, and industry-leading profitability.",6d1cb219b7cfab69b227c71e5388c7ab311f377bff077029d35b6676fb0cd56e,ok,,308,209,0,week4_lseg_html_v1,True,True
2026-06-12 22:25:15.251,2026-06-12,2026-06-12T00:00:00,2026-06-12T23:59:59,AAPL,AAPL.O,R:AAPL.O and Language:LEN,urn:newsml:newsroom:20260612:nNRA0v9za9:0,newsroom,NS:GURCOM,Apple Set to Launch Its First Touchscreen MacBook (AAPL),,"Jun 12, 2026

On June 11, 2026, rumors about Apple's first touchscreen MacBook are gaining traction, with notable supply chain insiders confirming its development. The stock ticker for Apple Inc is AAPL.

GF ValueTM verdict: Current price $295.63 vs GF ValueTM $264.87, indicating the stock is 11.6% overvalued.

GF ScoreTM: 96/100, suggesting strong potential for long-term returns.

Key financial signal: Insider selling activity in the last three months totaled $111.7 million.

What's Behind the News?

The excitement surrounding the potential release of Apple's first touchscreen MacBook, possibly named ""MacBook Ultra,"" marks a significant shift in the company's product line. Industry insiders, including Instant Digital, have confirmed the development of this innovative device, which is expected to feature an OLED display. Samsung Display is reportedly gearing up to produce critical OLED panels in sizes of 14.3 inches and 16.3 inches, which will be integral to the MacBook Ultra's design. Analysts speculate that the device could debut as early as July 2026, although some skepticism exists regarding this timeline.

Apple Inc, with a market capitalization of approximately $4.34 trillion, is one of the largest companies globally, operating within the technology sector and specifically in the hardware industry. The company is renowned for its diverse portfolio of hardware and software products, with the iPhone accounting for a significant portion of its sales. Apple's ecosystem also includes products like the Mac, iPad, and Watch, all designed to complement the iPhone. The anticipated introduction of the touchscreen MacBook could enhance user experience and further solidify Apple's position in the competitive technology market.

Is AAPL Overvalued or Undervalued?

According to GuruFocus, AAPL's GF ValueTM is calculated at $264.87, which indicates that the stock is currently 11.6% overvalued at its current price of $295.63. This overvaluation suggests that investors may be paying a premium for the stock compared to its intrinsic value. The margin of safety is crucial for investors, as it reflects the potential risk associated with purchasing shares at inflated prices.

Additionally, AAPL's trailing twelve months (TTM) P/E ratio stands at 35.75, significantly higher than its 5-year median P/E of 29.95. This elevated P/E ratio may indicate that the stock is trading at a premium compared to its historical valuation metrics, which could be a concern for value-oriented investors. For more insights, visit the GF ValueTM page.

What Does AAPL's GF ScoreTM Tell Us?

The GF ScoreTM ranks stocks from 0 to 100 based on five key aspects: Financial Strength, Profitability, Growth, Valuation, and Momentum. Stocks with higher GF ScoreTM values have been found to generate higher long-term returns (backtested 2006-2021).

MetricRating

GF ScoreTM96

Financial Strength5/10

Profitability10/10

Growth10/10

Valuation7/10

Momentum10/10

AAPL's strengths lie in its exceptional profitability and growth rankings, both rated at 10/10, indicating robust financial performance and potential for future expansion. However, its financial strength rating of 5/10 suggests that there may be areas for improvement in its balance sheet. For further details, visit the AAPL stock page.

What Are Insiders Doing with AAPL Stock?

In the last three months, insider activity has shown a significant selling trend, with a total of $111.7 million in shares sold. This level of insider selling could signal a lack of confidence among insiders regarding the stock's future performance, which investors should consider when evaluating their positions.

What This Means for Investors

Given the current overvaluation of AAPL stock, as indicated by its GF ValueTM and P/E ratio, investors may want to exercise caution. The strong GF ScoreTM suggests potential for long-term growth, but the significant insider selling could raise concerns about the stock's near-term performance.

For the complete analysis, visit the AAPL stock page. You can also use the GuruFocus Stock Screener to find similar opportunities.

Frequently Asked Questions

What is AAPL's GF ScoreTM?

AAPL's GF ScoreTM is 96/100, indicating a strong potential for long-term returns based on various financial metrics.

Is AAPL overvalued or undervalued?

AAPL is currently overvalued, with a GF ValueTM of $264.87 compared to its current price of $295.63, representing an 11.6% overvaluation.

What is AAPL's P/E ratio compared to historical?

AAPL's P/E ratio is 35.75, which is significantly higher than its 5-year median P/E of 29.95, indicating that the stock is trading at a premium compared to its historical valuation.

This stock alert was generated using automated technology and GuruFocus financial data to provide readers with timely and accurate market reporting. This content was reviewed by GuruFocus editorial team prior to publication. Please send any questions or comments about this story to [email protected].",1265b1ca7d1c901a5eb7927e0ffccf5ac8ab88caa7d84481751c8ef409e51cf3,ok,,7050,5002,0,week4_lseg_html_v1,True,True
2026-06-13 23:01:00.000,2026-06-13,2026-06-13T00:00:00,2026-06-13T23:59:59,AAPL,AAPL.O,R:AAPL.O and Language:LEN,urn:newsml:social:20260613:nTWT744wKS:1,social,NS:X,"@unusual_whales: Slash commands just dropped on Unusualwhales. Just hit `/` to get a command palette with slash commands that you can execute to quickly pull up data without leaving your page. 

Seeing interesting flow for AAPL and interested on what the most active chains are? Execute /moso AAPL https://t.co/zUAkCVNnHO",,"unusual_whales

@unusual_whales

Slash commands just dropped on Unusualwhales. Just hit `/` to get a command palette with slash commands that you can execute to quickly pull up data without leaving your page.

Seeing interesting flow for AAPL and interested on what the most active chains are? Execute /moso AAPL

pic.x.com/zUAkCVNnHO",630421276b963381b5f8a76d2245b83f4b8f181ca3910994bc1c2d3b9f78b4cc,ok,,5891,334,0,week4_lseg_html_v1,False,False
2026-06-13 21:44:39.232,2026-06-13,2026-06-13T00:00:00,2026-06-13T23:59:59,AAPL,AAPL.O,R:AAPL.O and Language:LEN,urn:newsml:reuters.com:20260613:nGLF9XxZSx:2,reuters,NS:GLFILE,APPLE INC. -- ESG Web-based Reporting (88047537),,,,boilerplate_only,story contains no substantive text after boilerplate removal,317,0,1,week4_lseg_html_v1,True,False
2026-06-13 18:42:52.000,2026-06-13,2026-06-13T00:00:00,2026-06-13T23:59:59,AAPL,AAPL.O,R:AAPL.O and Language:LEN,urn:newsml:social:20260613:nTWT31VYxx:1,social,NS:X,@TechStockRadar: $AAPL $NAVN $ANET $SNOW $MSFT $ZS Tech-Stock Prospector Weekly Update--June 13 https://t.co/KbIjygDTKZ,,"Rob

@TechStockRadar

$AAPL

$NAVN

$ANET

$SNOW

$MSFT

$ZS

Tech-Stock Prospector Weekly Update--June 13

techstockprospector.substack.com/p/tsp-weekly-t…",84c2bf06f872f8f7eff71afa69aef955f6649446f9ba1716697909469e60671b,ok,,4218,156,0,week4_lseg_html_v1,False,False
2026-06-13 18:24:10.248,2026-06-13,2026-06-13T00:00:00,2026-06-13T23:59:59,AAPL,AAPL.O,R:AAPL.O and Language:LEN,urn:newsml:newsroom:20260613:nNRA0vkjz9:0,newsroom,NS:MARDAJ,Apple (NASDAQ:AAPL) Trading Up 1.4% – Still a Buy?,,"Jun 12, 2026

Apple Inc. (NASDAQ:AAPL - Get Free Report) was up 1.4% during trading on Thursday . The company traded as high as $297.00 and last traded at $295.63. Approximately 42,274,880 shares changed hands during trading, a decline of 12% from the average daily volume of 47,881,727 shares. The stock had previously closed at $291.58.

Here are the key news stories impacting Apple this week:

Key Headlines Impacting Apple

Positive Sentiment: Apples Services business posted record revenue in the fiscal second quarter, supported by ecosystem growth, AI-related updates, and its huge installed device base. Apple Continues to Expand Services Business: What's the Path Ahead?

Positive Sentiment: Several commentators said Apple still has strong fundamentals, including a solid balance sheet, loyal customer base, and products investors continue to love, which supports the long-term bull case. Jim Cramer on Apple: It Still Has Products We All Love

Positive Sentiment: Analysts at Erste Group Bank raised their earnings estimates for Apple, signaling expectations for steady profit growth over the next two fiscal years. Apple earnings estimate update

Neutral Sentiment: Apples WWDC announcements showed a clearer AI roadmap, including next-generation Siri features and device software updates, but the market appears to be waiting for stronger evidence that these changes will drive meaningful revenue growth. Apple Unveils Siri AI. Here's Why It's Not Impressing Investors

Neutral Sentiment: Some coverage suggested Apples AI launch could help the stock over time, but it may take more than Siri upgrades alone to restore investor enthusiasm. Apple Just Gave Investors a Glimpse of Is AI Future at WWDC. It May Take More to Revive AAPL Stock.

Negative Sentiment: Investors are worried Apples AI ambitions are colliding with a memory-cost crunch, creating pricing pressure that could weigh on margins. Apple Faces a No-Win Pricing Dilemma. Should Investors Be Worried?

Negative Sentiment: Multiple reports say the market was disappointed that Apples Siri AI reveal did not feel like a big enough breakthrough to justify a sharper rerating of the stock. Apple's AI News Underwhelms. Siri AI Release Concerns Persist.

Analysts Set New Price Targets

A number of research analysts recently commented on AAPL shares. Moffett Nathanson raised their price objective on shares of Apple from $241.00 to $270.00 and gave the company a ""neutral"" rating in a research note on Wednesday, February 25th. Wells Fargo & Company reiterated an ""overweight"" rating and set a $310.00 price objective (up from $300.00) on shares of Apple in a research note on Friday, May 1st. Stifel Nicolaus set a $330.00 price objective on shares of Apple in a research note on Monday, March 2nd. The Goldman Sachs Group reiterated a ""buy"" rating on shares of Apple in a research note on Monday, March 2nd. Finally, Morgan Stanley set a $325.00 price objective on shares of Apple in a research note on Tuesday. One research analyst has rated the stock with a Strong Buy rating, twenty-three have issued a Buy rating, ten have given a Hold rating and one has assigned a Sell rating to the stock. According to data from MarketBeat.com, Apple presently has a consensus rating of ""Moderate Buy"" and a consensus price target of $314.59.

Read Our Latest Analysis on Apple

Apple Stock Down 1.5%

The stock has a market capitalization of $4.28 trillion, a P/E ratio of 35.20, a PEG ratio of 2.57 and a beta of 1.09. The company has a debt-to-equity ratio of 0.70, a current ratio of 1.07 and a quick ratio of 1.02. The stock's fifty day moving average is $285.64 and its two-hundred day moving average is $272.27.

Apple (NASDAQ:AAPL - Get Free Report) last issued its earnings results on Thursday, April 30th. The iPhone maker reported $2.01 earnings per share for the quarter, topping analysts' consensus estimates of $1.95 by $0.06. The firm had revenue of $111.18 billion during the quarter, compared to analysts' expectations of $109.46 billion. Apple had a net margin of 27.15% and a return on equity of 146.69%. The firm's revenue for the quarter was up 16.6% compared to the same quarter last year. During the same period last year, the firm posted $1.65 earnings per share. As a group, research analysts predict that Apple Inc. will post 8.75 earnings per share for the current fiscal year.

Apple Increases Dividend

The firm also recently announced a quarterly dividend, which was paid on Thursday, May 14th. Investors of record on Monday, May 11th were issued a dividend of $0.27 per share. The ex-dividend date was Monday, May 11th. This is a positive change from Apple's previous quarterly dividend of $0.26. This represents a $1.08 dividend on an annualized basis and a yield of 0.4%. Apple's payout ratio is 13.06%.

Insider Buying and Selling at Apple

In related news, CFO Kevan Parekh sold 1,534 shares of the firm's stock in a transaction that occurred on Thursday, April 23rd. The shares were sold at an average price of $275.00, for a total value of $421,850.00. Following the completion of the transaction, the chief financial officer owned 13,366 shares of the company's stock, valued at approximately $3,675,650. This trade represents a 10.30% decrease in their position. The transaction was disclosed in a document filed with the SEC, which is accessible through this hyperlink. Also, insider Ben Borders sold 1,274 shares of the firm's stock in a transaction that occurred on Friday, May 8th. The stock was sold at an average price of $290.00, for a total transaction of $369,460.00. Following the completion of the transaction, the insider directly owned 38,713 shares of the company's stock, valued at $11,226,770. This represents a 3.19% decrease in their position. Additional details regarding this sale are available in the official SEC disclosure. Over the last three months, insiders have sold 97,759 shares of company stock valued at $24,964,305. 0.06% of the stock is currently owned by corporate insiders.

Hedge Funds Weigh In On Apple

Hedge funds and other institutional investors have recently added to or reduced their stakes in the company. First National Bank of Hutchinson lifted its position in Apple by 24.6% in the 4th quarter. First National Bank of Hutchinson now owns 35,319 shares of the iPhone maker's stock worth $8,845,000 after buying an additional 6,982 shares in the last quarter. Eagle Capital Management LLC lifted its position in Apple by 0.5% in the 4th quarter. Eagle Capital Management LLC now owns 54,085 shares of the iPhone maker's stock worth $13,544,000 after buying an additional 272 shares in the last quarter. Brighton Jones LLC lifted its position in Apple by 14.8% in the 4th quarter. Brighton Jones LLC now owns 537,314 shares of the iPhone maker's stock worth $134,554,000 after buying an additional 69,207 shares in the last quarter. Revolve Wealth Partners LLC lifted its position in Apple by 4.2% in the 4th quarter. Revolve Wealth Partners LLC now owns 66,857 shares of the iPhone maker's stock worth $16,742,000 after buying an additional 2,695 shares in the last quarter. Finally, Highview Capital Management LLC DE lifted its position in Apple by 2.4% in the 4th quarter. Highview Capital Management LLC DE now owns 50,264 shares of the iPhone maker's stock worth $12,587,000 after buying an additional 1,155 shares in the last quarter. Institutional investors and hedge funds own 67.73% of the company's stock.

About Apple

(Get Free Report)

Apple Inc (NASDAQ: AAPL) is a multinational technology company headquartered in Cupertino, California, founded in 1976 by Steve Jobs, Steve Wozniak and Ronald Wayne. The company designs, develops and sells consumer electronics, software and services. Over its history Apple has evolved from personal computers to a broad portfolio that spans mobile devices, wearables, home entertainment and digital services.

Apple's principal hardware products include the iPhone smartphone, iPad tablet, Mac personal computers, Apple Watch wearable devices and a range of accessories such as AirPods and HomePod.

Recommended Stories

Five stocks we like better than Apple

Time to Sell? 3 Winners With Fading Technical Momentum

Why These 2 Hotel Stocks Are Beating Travel Peers

This Energy Stock Has Quietly Soared 130% in a Year

3 'Boring' Dividend Stocks With Tasty Technical Setups",81889a19efeac0555aad80d93b865133d08f0da85c5cc528fff14c14a72a7fea,ok,,9117,8376,0,week4_lseg_html_v1,True,True
2026-06-13 17:13:47.109,2026-06-13,2026-06-13T00:00:00,2026-06-13T23:59:59,AAPL,AAPL.O,R:AAPL.O and Language:LEN,urn:newsml:newsroom:20260613:nNRA0vk5pw:0,newsroom,NS:TRADAJ,"Wealthspire Advisors LLC Acquires 147,930 Shares of Apple Inc. $AAPL",,"Jun 12, 2026

Wealthspire Advisors LLC boosted its holdings in Apple Inc. (NASDAQ:AAPL - Free Report) by 33.4% during the fourth quarter, according to its most recent 13F filing with the Securities & Exchange Commission. The fund owned 590,564 shares of the iPhone maker's stock after acquiring an additional 147,930 shares during the quarter. Apple accounts for about 1.3% of Wealthspire Advisors LLC's investment portfolio, making the stock its 19th largest position. Wealthspire Advisors LLC's holdings in Apple were worth $160,551,000 as of its most recent SEC filing.

A number of other institutional investors have also added to or reduced their stakes in the business. Sellwood Investment Partners LLC increased its position in shares of Apple by 110.9% during the 3rd quarter. Sellwood Investment Partners LLC now owns 135 shares of the iPhone maker's stock valued at $34,000 after purchasing an additional 71 shares during the last quarter. ROSS JOHNSON & Associates LLC increased its position in shares of Apple by 1,800.0% during the 1st quarter. ROSS JOHNSON & Associates LLC now owns 190 shares of the iPhone maker's stock valued at $42,000 after purchasing an additional 180 shares during the last quarter. Timmons Wealth Management LLC bought a new position in shares of Apple during the 4th quarter valued at about $69,000. LSV Asset Management bought a new position in shares of Apple during the 4th quarter valued at about $65,000. Finally, PayPay Securities Corp increased its position in shares of Apple by 52.1% during the 4th quarter. PayPay Securities Corp now owns 365 shares of the iPhone maker's stock valued at $99,000 after purchasing an additional 125 shares during the last quarter. 67.73% of the stock is currently owned by institutional investors.

Insider Buying and Selling

In related news, CFO Kevan Parekh sold 1,534 shares of the firm's stock in a transaction that occurred on Thursday, April 23rd. The stock was sold at an average price of $275.00, for a total transaction of $421,850.00. Following the transaction, the chief financial officer directly owned 13,366 shares in the company, valued at $3,675,650. This trade represents a 10.30% decrease in their position. The transaction was disclosed in a legal filing with the Securities & Exchange Commission, which is available through the SEC website. Also, SVP Deirdre O'brien sold 30,002 shares of the firm's stock in a transaction that occurred on Thursday, April 2nd. The stock was sold at an average price of $255.35, for a total value of $7,661,010.70. Following the transaction, the senior vice president owned 136,810 shares in the company, valued at approximately $34,934,433.50. The trade was a 17.99% decrease in their ownership of the stock. Additional details regarding this sale are available in the official SEC disclosure. The transaction was executed under a pre-arranged Rule 10b5-1 trading plan. Insiders have sold 97,759 shares of company stock valued at $24,964,305 in the last 90 days. 0.06% of the stock is owned by insiders.

Apple Price Performance

AAPL opened at $291.13 on Friday. The stock's 50 day simple moving average is $285.64 and its 200 day simple moving average is $272.27. The company has a debt-to-equity ratio of 0.70, a current ratio of 1.07 and a quick ratio of 1.02. Apple Inc. has a 1 year low of $195.07 and a 1 year high of $317.40. The firm has a market cap of $4.28 trillion, a price-to-earnings ratio of 35.20, a PEG ratio of 2.57 and a beta of 1.09.

Apple (NASDAQ:AAPL - Get Free Report) last posted its quarterly earnings results on Thursday, April 30th. The iPhone maker reported $2.01 earnings per share (EPS) for the quarter, topping the consensus estimate of $1.95 by $0.06. Apple had a return on equity of 146.69% and a net margin of 27.15%.The business had revenue of $111.18 billion for the quarter, compared to analyst estimates of $109.46 billion. During the same period last year, the company earned $1.65 EPS. Apple's revenue for the quarter was up 16.6% compared to the same quarter last year. As a group, analysts predict that Apple Inc. will post 8.75 earnings per share for the current year.

Apple Increases Dividend

The business also recently declared a quarterly dividend, which was paid on Thursday, May 14th. Investors of record on Monday, May 11th were given a dividend of $0.27 per share. This represents a $1.08 annualized dividend and a yield of 0.4%. The ex-dividend date was Monday, May 11th. This is a positive change from Apple's previous quarterly dividend of $0.26. Apple's dividend payout ratio is 13.06%.

Key Stories Impacting Apple

Here are the key news stories impacting Apple this week:

Positive Sentiment: Apples Services business posted record revenue in the fiscal second quarter, supported by ecosystem growth, AI-related updates, and its huge installed device base. Apple Continues to Expand Services Business: What's the Path Ahead?

Positive Sentiment: Several commentators said Apple still has strong fundamentals, including a solid balance sheet, loyal customer base, and products investors continue to love, which supports the long-term bull case. Jim Cramer on Apple: It Still Has Products We All Love

Positive Sentiment: Analysts at Erste Group Bank raised their earnings estimates for Apple, signaling expectations for steady profit growth over the next two fiscal years. Apple earnings estimate update

Neutral Sentiment: Apples WWDC announcements showed a clearer AI roadmap, including next-generation Siri features and device software updates, but the market appears to be waiting for stronger evidence that these changes will drive meaningful revenue growth. Apple Unveils Siri AI. Here's Why It's Not Impressing Investors

Neutral Sentiment: Some coverage suggested Apples AI launch could help the stock over time, but it may take more than Siri upgrades alone to restore investor enthusiasm. Apple Just Gave Investors a Glimpse of Is AI Future at WWDC. It May Take More to Revive AAPL Stock.

Negative Sentiment: Investors are worried Apples AI ambitions are colliding with a memory-cost crunch, creating pricing pressure that could weigh on margins. Apple Faces a No-Win Pricing Dilemma. Should Investors Be Worried?

Negative Sentiment: Multiple reports say the market was disappointed that Apples Siri AI reveal did not feel like a big enough breakthrough to justify a sharper rerating of the stock. Apple's AI News Underwhelms. Siri AI Release Concerns Persist.

Analysts Set New Price Targets

Several brokerages have recently commented on AAPL. Jefferies Financial Group reiterated a ""hold"" rating on shares of Apple in a research report on Tuesday. DA Davidson reiterated a ""neutral"" rating and set a $270.00 price objective on shares of Apple in a research report on Friday, May 1st. KeyCorp reiterated a ""sector weight"" rating on shares of Apple in a research report on Tuesday. Rosenblatt Securities reiterated a ""neutral"" rating and set a $276.00 price objective on shares of Apple in a research report on Tuesday. Finally, Morgan Stanley set a $325.00 price objective on Apple in a research report on Tuesday. One research analyst has rated the stock with a Strong Buy rating, twenty-three have issued a Buy rating, ten have assigned a Hold rating and one has given a Sell rating to the company's stock. According to data from MarketBeat, the company presently has a consensus rating of ""Moderate Buy"" and a consensus price target of $314.59.

Check Out Our Latest Report on Apple

Apple Company Profile

(Free Report)

Apple Inc (NASDAQ: AAPL) is a multinational technology company headquartered in Cupertino, California, founded in 1976 by Steve Jobs, Steve Wozniak and Ronald Wayne. The company designs, develops and sells consumer electronics, software and services. Over its history Apple has evolved from personal computers to a broad portfolio that spans mobile devices, wearables, home entertainment and digital services.

Apple's principal hardware products include the iPhone smartphone, iPad tablet, Mac personal computers, Apple Watch wearable devices and a range of accessories such as AirPods and HomePod.

See Also

Five stocks we like better than Apple

MarketBeat Week in Review 06/08 - 06/12

SpaceX Rings the Bell and Shatters Every Record

Adobe Stock Just Got CheaperIs Wall Street Missing the Story?

3 Dividend Stocks Under $50 That Pay You to Wait Out Inflation",52edcbd88642a03c82f17fa1e3ccb6a45bf0b017c820e4dfc870958cdcdf3d1d,ok,,9119,8400,0,week4_lseg_html_v1,True,True
2026-06-14 23:02:35.099,2026-06-14,2026-06-14T00:00:00,2026-06-14T23:59:59,AAPL,AAPL.O,R:AAPL.O and Language:LEN,urn:newsml:newsroom:20260614:nNRA0vtzma:0,newsroom,NS:GURCOM,Apple (AAPL) Faces Environmental Scrutiny Due to Tata Factory Wastewater Issues,,"Jun 14, 2026

On June 14, 2026, a pollution regulatory body in India raised concerns regarding wastewater discharge from a Tata facility that produces components for Apple Inc AAPL iPhones. The discharge has reportedly contaminated groundwater, impacting nearby agricultural activities. The regulatory authority has indicated that Tata could face a mandatory closure of the facility unless a satisfactory justification regarding wastewater management practices is provided.

Apple Inc has a market capitalization of approximately $4.28 trillion.

GF ScoreTM: 96/100, indicating a strong overall performance based on GuruFocus' proprietary metrics.

Insider activity shows significant selling, with $111.7 million worth of shares sold over the past three months.

What's Behind the News?

The recent concerns raised by the pollution regulatory body in India highlight the environmental challenges that major corporations face in their global supply chains. The Tata facility, which is a key supplier for Apple, is under scrutiny for its wastewater management practices, which could lead to severe operational disruptions if not addressed promptly. This situation not only poses a risk to the environment but also threatens Apple's supply chain stability, especially as the iPhone remains a cornerstone of the company's revenue.

Apple Inc is one of the largest technology companies globally, with a market capitalization of approximately $4.28 trillion. The company designs, manufactures, and markets a wide range of hardware and software products, with the iPhone being a significant contributor to its sales. Apple's innovative ecosystem includes products like the Mac, iPad, and Apple Watch, all designed to work seamlessly together. The company operates in the highly competitive technology sector and has a strong presence in both consumer and business markets.

How Is AAPL Valued?

Currently, GF ValueTM data is not available for Apple Inc. However, the company's P/E ratio stands at 35.2x, which is relatively high compared to historical averages, indicating that the stock may be valued at a premium. This P/E ratio suggests that investors are willing to pay more for each dollar of earnings, reflecting confidence in Apple's growth prospects. For more detailed valuation metrics, visit the AAPL stock page.

What Does AAPL's GF ScoreTM Tell Us?

The GF ScoreTM ranks stocks from 0 to 100 based on five key aspects: Financial Strength, Profitability, Growth, Valuation, and Momentum. Stocks with higher GF ScoreTM values have been found to generate higher long-term returns (backtested 2006-2021).

GF ScoreTM96

Financial Strength5/10

Profitability10/10

Growth10/10

Apple's strengths lie in its exceptional profitability and growth ranks, both rated at 10/10, indicating a robust financial performance and a strong growth trajectory. However, its financial strength is rated at 5/10, suggesting that there may be areas for improvement in its balance sheet. Overall, the high GF ScoreTM reflects Apple's strong market position and operational efficiency. For further insights, visit the AAPL stock page.

What Are Insiders Doing with AAPL Stock?

In recent months, insider activity has shown a notable trend, with $111.7 million worth of shares sold by insiders over the past three months and no shares purchased. This selling activity may raise questions among investors regarding insider confidence in the company's future performance.

What This Means for Investors

The ongoing regulatory scrutiny of Tata's wastewater management practices poses a potential risk to Apple's supply chain and operational stability. Coupled with significant insider selling, investors may want to closely monitor these developments. However, Apple's strong GF ScoreTM and exceptional profitability and growth metrics indicate that the company remains a formidable player in the technology sector. For the complete analysis, visit the AAPL stock page. You can also use the GuruFocus Stock Screener to find similar opportunities.

Frequently Asked Questions

What is AAPL's GF ScoreTM?

AAPL's GF ScoreTM is 96/100, indicating a strong overall performance based on various financial metrics.

How is AAPL valued?

AAPL's P/E ratio is currently 35.2x, suggesting that the stock is valued at a premium compared to historical averages.

What is AAPL's P/E ratio compared to historical?

The current P/E ratio of 35.2x is relatively high, indicating that investors are optimistic about Apple's growth potential compared to its historical performance.

This stock alert was generated using automated technology and GuruFocus financial data to provide readers with timely and accurate market reporting. This content was reviewed by GuruFocus editorial team prior to publication. Please send any questions or comments about this story to [email protected].",2c67fa3bf4ba82e94d7c62a345f62e607344cd5cfe3906347b4de11163d5bb74,ok,,6806,4843,0,week4_lseg_html_v1,True,True
2026-06-14 22:52:15.102,2026-06-14,2026-06-14T00:00:00,2026-06-14T23:59:59,AAPL,AAPL.O,R:AAPL.O and Language:LEN,urn:newsml:newsroom:20260614:nNRA0vtyna:0,newsroom,NS:GLORDP,HUAWEI TECHNOLOGIES CO LTD - UPDATED INSIGHTS FROM APPLE INC. AND INDUSTRY PEERS,,"DASHBOARD: HUAWEI TECHNOLOGIES CO LTD

ACTIVITIES:

PermID4296309931

Websitehttps://www.huawei.com/en/

IndustryTelecommunications Equipment

AddressBantian Huawei Base Longgang District Shenzhen, 518129 China

Huawei Technologies Co Ltd, founded in 1987 by Ren Zhengfei, is a Chinese multinational technology company headquartered in Shenzhen. With over 207,000 employees, it generates approximately $100 billion in annual revenue. Huawei specializes in telecommunications, smartphones, and cloud computing, leading in 5G technology. In 2024, it launched new AI-driven solutions despite U.S. sanctions. Competing with Ericsson and Apple, Huaweis mission is to drive digital transformation through innovative, secure technology solutions for a connected world.

+ HUAWEI TECHNOLOGIES CO LTD [3 News That Matters]

+ HUAWEI ICT COMPETITION 10TH GLOBAL FINAL DELIVERS UNPRECEDENTED TURNOUT

SHENZHEN, China — The Closing & Awards Ceremony of the 10th Huawei ICT Competition Global Final underscored the scale of this edition. A record 220,000 university students and faculty members from more than 2,000 institutions across over 100 countries and regions participated, and 177 teams from 49 countries advanced to the final and received awards.

Ritchie Peng, President of Huawei ICT Strategy & Business Development, outlined Huawei's aim to use technology for sustainable development and noted that the competition provides a practical learning platform that addresses real-world challenges. He also announced a new Ascend AI Operator Development Track for the Chinese mainland in future editions, designed to engage young developers with emerging technologies through task-based challenges.

Dr. Shafika Isaacs, acting Director of the UNESCO Institute for Information Technologies in Education, praised the UNESCO-Huawei collaboration and highlighted the importance of partnerships among governments, academia, and industry in shaping AI's future. She cited AI capacity-building programs in Arab countries and ICT education partnerships in Central Asia and the Caucasus as examples of efforts to cultivate future-ready talent.

The 10th edition also recognized 18 Grand Prize-winning teams from eight countries across various tracks. Notable winners included teams from Algeria, Egypt and Brazil in the Practice Competition, as well as Wuhan University of Technology and the National University of Singapore in the Innovation Competition.

In addition, special awards were presented, including the Women in Tech Award to all-female teams, the Green Development Award to teams from Ghana and China, and Fast Passes for promising students in Huawei's Future Business Leader Track. The event underscored the ongoing demand for talent in AI, computing, big data, and cybersecurity and reinforced Huawei's commitment to education and global industry collaboration.

+ KENYAN TEAMS SWEEP GRAND PRIZE AT HUAWEI ICT COMPETITION 2025-2026 GLOBAL FINAL

Kenya marked a historic achievement at the Huawei ICT Competition 2025-2026 Global Final in Shenzhen on 5th June 2026, joining the ranks of the world's top tech teams. The event attracted more than 220,000 participants from over 2,000 institutions across 100 countries, with 177 teams advancing to the Global Final and 18 teams receiving Grand Prize recognition.

In the Cloud Category, Team Kenya—Kevin Tuei (Tharaka University), Catherine Atieno (Jomo Kenyatta University of Agriculture and Technology), Brian Ngugi Kamau (Mt. Kenya University) and Salem Kim (Machakos University)—clinched the Grand Prize.

The Network Category saw another Kenyan victory, as Denzel Nzinga (Multimedia University of Kenya), Robert Wambua (Kenyatta University) and Joy Wairimu (The Cooperative University of Kenya) claimed first prize.

An all-female Kenyan team—Joan Nkatha, Melane Minayo and Faith Mosonik—earned the Special Women in Tech Award in Computing, guided by lecturer Esther Wairimu, finishing as runners-up.

Diplomatic representatives from 11 countries attended the ceremony, and Huawei's Ritchie (Honghua) Peng announced new AI and industry-collaboration initiatives as part of the company's strategy to grow local tech talent and cement Kenya's status as East Africa's leading tech hub.

+ HUAWEI PROPOSES TIME-BASED SCALING AS A NEW PATH FOR CHIP INNOVATION

Huawei Technologies has unveiled the Scaling Law at the 2026 IEEE Symposium on Circuits and Systems, highlighted by He Tingbo on 28 May 2026. The company frames it as a shift away from the traditional Moore's Law, advocating time-based scaling as a way to extend progress in semiconductors.

The approach replaces geometric scaling with a progression in time, aiming to meet rising computing demands while sustaining performance gains as physical limits bite.

Core technologies include LogicFolding, which reduces signal delay and boosts transistor density, along with a multi-level co-optimization mechanism spanning devices, circuits, chips and systems to improve efficiency and performance.

Huawei notes it has designed and mass-produced 381 chips based on Scaling over six years. The forthcoming Kirin family, due to launch in Fall 2026, will be the first to apply LogicFolding, signaling a practical deployment.

Looking further ahead, the company projects densities by 2031 that resemble 1.4 nm processes. He Tingbo emphasized the need for global collaboration with scientists, engineers and industry partners to drive sustainable development in the semiconductor sector.

++++++++++++++++++++++++++++++++++++++++++++++++++++++++++++++++++++++++++++++++++++

+ APPLE [3 News That Matters]

+ APPLE INC. (NASDAQ:AAPL) REORIENTS STRATEGY TOWARD AI AND SERVICES AMID SHIFTING IPHONE DEMAND

Apple Inc. (NASDAQ:AAPL) Posts a strategic shift toward AI, services, and on-device processing as it readies the next iPhone launch following WWDC on 11th June 2026. The company uses a vertically integrated model, designing hardware, developing proprietary software, and expanding digital services such as iCloud, Apple Music, Apple TV+, and the App Store. The iPhone remains the cornerstone of its ecosystem, with 2025-2026 investor presentations outlining a plan that links devices and services into recurring revenue and higher engagement. Investor coverage in early June noted discussions about the robustness of global smartphone demand while Apple disclosures highlight a large base of active devices and a growing suite of services that support earnings resilience through a multi-device strategy. Apple also emphasizes AI features and software enhancements that aim to deepen engagement across iPhone, Mac, iPad, Apple Watch, AirPods, and the broader ecosystem

+ APPLE INC. (NASDAQ:AAPL) AI PUSH AT WWDC FACES INVESTOR SCRUTINY AS CLOUD PARTNERS TAKE CENTER STAGE

Apple Inc. (NASDAQ:AAPL) Posts Siri Overhaul Ties AI Strategy to Google and NVIDIA Partnerships, after the WWDC on 11th June 2026, as the company frames Siri within a broader AI program that leans on external models and cloud infrastructure.

Analysts note that Apple's stock has lagged the Nasdaq, and the muted Siri demonstration at the keynote may have limited momentum for a new iPhone upgrade cycle. The generative AI capabilities shown are notable, but the company says these features will reach beta later this year and will exclude major markets such as Europe and China, a detail that tempered investor enthusiasm.

Focus has shifted to Apple's reliance on cloud services and advanced models from Google and NVIDIA. Apple's nearly 50% gross margin could be pressured if more advanced Siri functionalities and image-generation processes migrate to Google Cloud and NVIDIA chips, particularly as Apple concedes its private cloud cannot handle heavier AI workloads. Alphabet Inc. emerges as an unexpected beneficiary of the announcements.

JPMorgan's Samik Chatterjee remains optimistic about the long term potential of the Siri overhaul, rating Overweight with a $325 price target on Apple, noting that deeper ecosystem integration and access to proprietary models could support future growth.

Analysts such as John Belton of Gabelli Funds and Mark Newman of Bernstein discuss the implications of a capital-light approach, arguing that Apple can access leading AI capabilities through partnerships without matching the capital expenditure of rivals, while others warn Apple must show Siri can evolve into a broader platform.

+ APPLE INC. (NASDAQ:AAPL) CHALLENGES EPIC'S SUPREME COURT PETITION STRATEGY

Apple Inc. (NASDAQ:AAPL) filed a 12-page response to Epic Games' bid to dismiss its Supreme Court petition, dated 11th June 2026, and argued that Epic's filing confirms the need for continued review of the case.

Apple sets out two central points in response to Epic's 35-page opposition submitted on 4th June 2026. The first concerns anti-steering practices, with Apple asserting Epic mischaracterizes the injunction's scope, noting it restricts only specific anti-steering rules and does not address App Store commissions.

Second, Apple counters Epic's reliance on the 2025 Supreme Court precedent Trump v. CASA, Inc., arguing that CASA has no bearing on antitrust cases and cannot serve as an exemption for digital marketplaces.

Tracing the timeline, the dispute began in 2020 when Epic challenged Apple over App Store payment rules. Apple secured a majority of the original 2021 ruling but lost on anti-steering, prompting Judge Yvonne Gonzalez Rogers to order Apple to allow external payment links. Apple complied but charged a 27% commission on those transactions, a rate that few developers adopted.

In April 2025, the court found Apple in willful violation of the injunction, leading to a ban on charging any commission on external links. The judge criticized Apple VP of finance Alex Roman for allegedly misleading testimony, triggering a referral to federal prosecutors for potential criminal contempt. Apple subsequently dropped the link fees and filed an appeal. The Supreme Court is expected to decide whether to accept Apple's appeal as early as June 2026, and a ruling may take months to issue.

These developments underscore ongoing questions about antitrust doctrine in digital marketplaces and the regulatory framework governing app-store economics.

++++++++++++++++++++++++++++++++++++++++++++++++++++++++++++++++++++++++++++++++++++

+ CISCO [3 News That Matters]

+ CISCO SYSTEMS, INC. (NASDAQ:CSCO) JOINS UK DSIT IN AI AND DIGITAL SKILLS COLLABORATION

Cisco Systems, Inc. (NASDAQ:CSCO) has entered into a strategic collaboration with the UK Department for Science, Innovation and Technology (DSIT) to accelerate AI adoption and widen access to digital-skills programs across the UK and Ireland. The memorandum of understanding, announced on June 10, 2026, establishes a framework that runs through 2030 to turn AI ambition into practical deployment, aligning Cisco's technology and skills initiatives with DSIT's national policy priorities

The partnership aims to support the government's AI opportunities action plan by combining Cisco's technology leadership with DSIT's public policy framework, creating scalable programs for businesses, schools, and local communities

The collaboration designates Barnsley as the UK's first Tech Town, where AI will be applied to integrate infrastructure, public services and skills development in an 18-month pilot that could serve as a blueprint for other towns. A healthcare Living Lab in Barnsley will test outpatient appointment management and virtual care delivery

In support of TechFirst, Cisco will help provide technology and AI learning experiences to 1,000,000 secondary school students by 2030; the company will contribute 8,000 hours of employee volunteering over four years and offer work experience and pathways placements in London, Manchester, and other major cities

Sarah Walker, Cisco UK & Ireland chief executive, stated, ""We believe a digital society that works for everyone isn't out of reach. That is why collaboration matters."" UK AI minister Kanishka Narayan emphasized the importance of public-private partnerships in driving AI-led growth that benefits schools and communities

+ CISCO SYSTEMS, INC. (NASDAQ: CSCO) FINDS 96% SEE ROBUST PRIVACY AS ESSENTIAL FOR AI, BENCHMARK SHOWS

Cisco Systems, Inc. (NASDAQ: CSCO), the global leader in networking and security, posts findings from its 2026 Data and Privacy Benchmark Study. On June 10, 2026, the study outlines a marked transformation in data privacy and governance as AI adoption accelerates. The survey covers 5,200 IT, technology, and security professionals across 12 global markets and shows AI is the primary driver behind 90% of companies expanding privacy initiatives. The findings show 96% of organizations believe robust privacy frameworks are essential to unlock AI agility and innovation, while 95% recognize privacy is crucial for fostering customer trust in AI-driven services. The report notes that 99% report tangible benefits from their privacy programs, including greater agility and stronger customer loyalty. However, progress is uneven in governance. While 75% have a dedicated AI governance body, most describe these structures as not fully mature. As AI systems draw from complex and distributed datasets, 65% of organizations report challenges in accessing relevant, high-quality data efficiently. The study highlights data localization, with 81% of organizations facing higher demands for localized data, and underscores the need for harmonized international standards to balance data flows and protection.

+ CISCO SYSTEMS, INC. (NASDAQ:CSCO) DEBUTS AI-DRIVEN CLOUD CONTROL PORTAL AS PART OF INFRASTRUCTURE MODERNIZATION

Cisco Systems, Inc. (NASDAQ:CSCO) unveiled Cisco Cloud Control during the Cisco Live event on 10th June 2026, marking an effort to streamline its management tools under a single AI-driven portal. The platform centralizes telemetry and data analytics across Cisco's infrastructure products to drive insights and orchestration, aiming to improve ease of use for customers. Industry observers note the AI capabilities validate the growing market for agentic orchestration, while Cisco positions the portal as a centralized interface across product lines to enhance operational efficiency. In tandem with the Cloud Control rollout, Cisco introduced Live Protect and Cisco IQ to ease network management and security patching. Live Protect serves as a digital immune system, delivering real-time vulnerability protection without downtime; Senior Vice President Tom Gillis said the tools are essential to adapting to the fast-paced threat landscape, adding, \""We have to bring cloud operating principles to infrastructure.\"" Patel stressed the user experience, stating, \""Right now we want to be focused on delighting the user.\"" Chris Wade, CTO of Itential, described the move as a clear signal that agentic operations has moved from concept to commitment, while Cisco faces questions about performance in hybrid environments and potential limitations with third-party integrations.

++++++++++++++++++++++++++++++++++++++++++++++++++++++++++++++++++++++++++++++++++++",56e8d86621c399c09624a2f5ccf029287f57befad57e27826192251025294de8,ok,,15744,15144,0,week4_lseg_html_v1,True,True
2026-06-14 22:46:49.000,2026-06-14,2026-06-14T00:00:00,2026-06-14T23:59:59,AAPL,AAPL.O,R:AAPL.O and Language:LEN,urn:newsml:social:20260614:nTWT2FlMq8:1,social,NS:X,"@alphatrends: Notes for the video below Stock Market & Crypto Analysis for Week Ending 6/12/26
$SPCX
#Bitcoin
$SPY
$QQQ
$SMH
$IWM
#SpaceX
$AAPL
$META
$MU
$SNDK
$INTC
$DAVE
#Ethereum #Solana etc  #VWAP #IPO https://t.co/gGVi9wHWr1 https://t.co/DULEmNfuOA | @alphatrends Stock Market & Crypto Analysis for Week Ending 6/12/26
$SPCX #Bitcoin $SPY $QQQ $SMH $IWM #SpaceX $AAPL $META $MU $SNDK $INTC $DAVE #Ethereum #Solana etc  #VWAP #IPO https://t.co/4plBvYkHjM",,"Brian Shannon, CMT

@alphatrends

Notes for the video below Stock Market & Crypto Analysis for Week Ending 6/12/26

$SPCX

#Bitcoin

$SPY

$QQQ

$SMH

$IWM

#SpaceX

$AAPL

$META

$MU

$SNDK

$INTC

$DAVE

#Ethereum

#Solana

etc

#VWAP

#IPO

pic.x.com/gGVi9wHWr1

x.com/alphatrends/st…

Brian Shannon, CMT

@alphatrends

Stock Market & Crypto Analysis for Week Ending 6/12/26

$SPCX

#Bitcoin

$SPY

$QQQ

$SMH

$IWM

#SpaceX

$AAPL

$META

$MU

$SNDK

$INTC

$DAVE

#Ethereum

#Solana

etc

#VWAP

#IPO

pic.x.com/4plBvYkHjM",55865f1574b6a9df742efbc2c988725f8ebdbabf1a7f29dcac1ce8a9445d1837,ok,,16405,527,0,week4_lseg_html_v1,False,False
2026-06-14 17:31:25.318,2026-06-14,2026-06-14T00:00:00,2026-06-14T23:59:59,AAPL,AAPL.O,R:AAPL.O and Language:LEN,urn:newsml:newsroom:20260614:nNRA0vsd09:0,newsroom,NS:GURCOM,Goldman Sachs Warns AI Spending May Impact Tech Giants' Returns,,"Jun 14, 2026

On June 14, 2026, the surge in artificial intelligence investments has driven the S&P 500's profitability to unprecedented heights, yet Goldman Sachs cautions that this spending trend could eventually affect the returns of leading tech firms like Apple Inc. AAPL.

The S&P 500 is currently trading at approximately 21 times forward earnings, ranking in the 87th percentile since 1980.

GF ScoreTM: 96/100, indicating a strong potential for long-term returns.

Insider activity shows significant selling, with $111.7 million in shares sold over the past three months.

What's Behind the News?

The recent report from Goldman Sachs highlights the impact of artificial intelligence investments on the profitability of the S&P 500, which has reached a record return on equity of 22%. This surge in profitability is largely attributed to expanding profit margins among major tech companies, including Apple. However, Goldman Sachs warns that the current trend of high spending on AI could eventually affect the returns of these leading firms, as the market adjusts to the increased costs associated with such investments.

Apple Inc. operates in the technology sector, specifically within the hardware industry, and is one of the largest companies globally, boasting a market capitalization of approximately $4.28 trillion. The company designs, manufactures, and markets a variety of consumer and business products, with the iPhone being a significant contributor to its sales. Apple's diverse product portfolio, which includes the Mac, iPad, and Apple Watch, is supported by a robust software ecosystem, making it a key player in the tech landscape.

How Is AAPL Valued?

Currently, GF ValueTM data is not available for Apple Inc. However, the company's P/E ratio stands at 35.2x, which is significantly higher than the median P/E ratio of 26.62x over the past five years. This elevated valuation suggests that investors are willing to pay a premium for Apple's growth prospects, despite the potential risks highlighted by Goldman Sachs. For more detailed insights, visit the AAPL stock page.

What Does AAPL's GF ScoreTM Tell Us?

The GF ScoreTM ranks stocks from 0 to 100 based on five key aspects: Financial Strength, Profitability, Growth, Valuation, and Momentum. Stocks with higher GF ScoreTM values have been found to generate higher long-term returns (backtested 2006-2021).

MetricRating

GF ScoreTM96

Financial Strength5/10

Profitability10/10

Growth10/10

Apple's strengths are evident in its high profitability and growth rankings, both rated at 10/10, indicating robust operational performance and revenue growth. However, the financial strength rating of 5/10 suggests that there may be areas for improvement in its balance sheet. Overall, the high GF ScoreTM reflects Apple's strong market position and potential for long-term returns. For further details, visit the AAPL stock page.

What Are Insiders Doing with AAPL Stock?

In the past three months, insider activity has shown a significant trend towards selling, with $111.7 million worth of shares sold and no insider buying reported. This could indicate a lack of confidence among insiders regarding the stock's near-term performance.

What This Means for Investors

Given the current market dynamics and the significant insider selling, investors should approach Apple Inc. with caution. While the company's high GF ScoreTM and strong profitability metrics are promising, the elevated P/E ratio and insider selling activity may warrant further analysis before making investment decisions. For the complete analysis, visit the AAPL stock page. You can also use the GuruFocus Stock Screener to find similar opportunities.

Frequently Asked Questions

What is AAPL's GF ScoreTM?

AAPL's GF ScoreTM is 96/100, indicating a strong potential for long-term returns based on various financial metrics.

How is AAPL valued?

AAPL is currently valued with a P/E ratio of 35.2x, which is significantly higher than its historical median, suggesting a premium valuation.

What is AAPL's P/E ratio compared to historical?

AAPL's current P/E ratio of 35.2x is above its historical median P/E ratio of 26.62x, indicating that investors are currently paying a higher price for its earnings.

This stock alert was generated using automated technology and GuruFocus financial data to provide readers with timely and accurate market reporting. This content was reviewed by GuruFocus editorial team prior to publication. Please send any questions or comments about this story to [email protected].",e9c466e00d24284d4e81b8d4d8567aeb50c66c45f7cb9530dc6a0d61638af69b,ok,,6561,4561,0,week4_lseg_html_v1,True,True
2026-06-14 15:36:55.000,2026-06-14,2026-06-14T00:00:00,2026-06-14T23:59:59,AAPL,AAPL.O,R:AAPL.O and Language:LEN,urn:newsml:social:20260614:nTWTrXNks:1,social,NS:X,"@StockMKTNewz: ""Apple’s $AAPL new Siri AI is just good enough to pull it out of its AI crisis."" - Bloomberg's @markgurman after getting to use Apple's new AI features",,"Evan

@StockMKTNewz

""Apple’s

$AAPL

new Siri AI is just good enough to pull it out of its AI crisis."" - Bloomberg's

@markgurman

after getting to use Apple's new AI features",11d9596bc96db85fb35b176d53c82acc6951c6875388d77350a1b94a7f077f5a,ok,,5928,176,0,week4_lseg_html_v1,False,False
2026-06-15 23:42:35.428,2026-06-15,2026-06-15T00:00:00,2026-06-15T23:59:59,AAPL,AAPL.O,R:AAPL.O and Language:LEN,urn:newsml:newsroom:20260615:nNRA0w9hpt:0,newsroom,NS:CNBSTR,Apple Inc (ETR:APC) stock decreases 0.1%; -20c [-0.1%],,"GERMAN END-OF-DAY STOCK REPORT

CUPERTINO, Friday, June 12 2026 - Apple Inc's (ETR: APC EUR252.85) stock price decreased 20.0c (0.1%) from its previous trading session to close at EUR252.85.

Compared with the DAX Index which rose 402.7 points (1.7%) in the day, the relative price change was -1.7%.

There were 17,227 shares worth EUR4.4 million ($5 million) traded today; the volume was 0.4 times the average daily trading volume of 40,328 shares.

Today its volatility (highest price minus lowest price/lowest price) of 2.2% was 1.2 times its average daily volatility of 1.8%. Today the stock traded at its three-day high of EUR256.55. The low for the day was EUR251.0.

INDEX

SECTION 1 TODAY'S BULLISH SIGNALS

SECTION 2 ONGOING BULLISH PARAMETERS

SECTION 3 TODAY'S BEARISH SIGNALS

SECTION 4

Read more...

ANNEXURE

APPENDIX I DATA & ARCHIVE DOWNLOAD CENTER

GLOSSARY

SECTION 1 TODAY'S BULLISH SIGNALS

1.1 Uptrend

Price/Moving Average Price of 1.15 and positive MACD:

- The Price/MAP 200 for Apple Inc is 1.15. Being higher than 1 is a bullish indicator. It is higher than the Price/MAP 200 for the DAX Index of 1.02, a second bullish indicator. The stock is trading above both its MAPs and the 50-day MAP of EUR244.77 is higher than the 200-day MAP of EUR220.27, a third bullish indicator. The 200-day MAP has increased to EUR220.27, a fourth bullish indicator.

- The Moving Average Convergence Divergence (MACD) indicator of 12-day Exponential Moving Average (EMA) of 259.71 minus the 26-day EMA of 256.99 is positive, suggesting a bullish signal.

Past Quarter:

- In the last three months the stock has hit a new 52-week high fourteen times, pointing to a significant uptrend.

The Best 3 weeks in the past quarter

In the past quarter the week beginning Monday May 04 saw the highest weekly rise of 7.4% for a relative price increase of 7.2%.

Mon-FriChange %DAX Index Change %Vol Ind [1 is avg]

May 04-087.40.10.9

May 11-154.5-1.40.7

Apr 13-173.53.526.2

1.2 Oversold/Bullish Signals:

- The stock is oversold according to the Williams % R indicator of -83.7, suggesting the price is close to its 14-day low of EUR248.90.

SECTION 2 ONGOING BULLISH PARAMETERS

2.1 Present Value of EUR1000 Invested in the Past [3 Mo, 1 Yr, 3 Yrs]; The Best Periods with PVEUR1000 > 1,137

PVEUR1,0003 mo ago1 yr ago3 yrs ago

APC.ETREUR1,138EUR1,477EUR1,500

Computers sectorEUR1,162EUR1,474EUR1,400

DAX IndexEUR1,044EUR1,035EUR1,530

2.2 The Best Periods [3 Mo, 1 Yr] with Price Change % > 13.7

1-Year price change of 47.7% for Apple Inc outperformed the change of 2.6% in the DAX Index for a relative price change of 45.1%.

Price Change %QuarterYear

Apple Inc13.847.7

Computers sector16.244.5

DAX Index52.6

SECTION 3 TODAY'S BEARISH SIGNALS

3.1 Downtrend

Trailing Relative Strength (6 months) at 46 percentile:

- The stock has a 6-month relative strength of 46 in the German market of 4,608 stocks, 66 ADRs and 26 preference stocks which means it has underperformed 54% of the market.

SECTION 4

APPENDIX I DATA & ARCHIVE DOWNLOAD CENTER

APC: OTHER INFORMATION:

+ PRICE VOLUME CHARTS

+ USD vs EUR EXCHANGE RATE CHARTS IN HTML

GLOSSARY

Disclaimer:",7f1c797902d7e92f6adbce6d68d0da26c74c1ccb5f9e5d537b2b2edaed94c560,ok,,5075,3170,0,week4_lseg_html_v1,True,True
2026-06-15 23:32:11.420,2026-06-15,2026-06-15T00:00:00,2026-06-15T23:59:59,AAPL,AAPL.O,R:AAPL.O and Language:LEN,urn:newsml:newsroom:20260615:nNRA0w997t:0,newsroom,NS:GLOSTP,Apple Inc. climbs 8.7% in 2026,,"NASDAQ END-OF-MONTH STOCK REPORT

Apple Inc.'s (NASDAQ: AAPL) stock price has now climbed $23.75 (or 8.7%) year-to-date (YTD) in 2026 to close at $295.34.

Compared with the NASDAQ-100 Index which has risen 16.6% YTD, this is a relative price change of -7.9% for Apple Inc. shareholders.

Apple Inc. is the NASDAQ's largest Technology company by market cap.

The stock rose the least in the Technology sector which is up 11.5% in 2026.

Apple Inc. (NASDAQ:AAPL) stands as a global leader in technology innovation, driving its ecosystem through the iPhone, MacBook, and Apple Watch product lines. Core offerings such as the iPhone 18 Pro and affordable MacBook Neo highlight Apple's commitment to sleek design and robust performance. The imminent launch of the foldable iPhone signifies the company's strategic push into advanced mobility devices. Innovations like Apple Arcade and the Safari Technology Preview enable richer user experiences, while initiatives in Taiwan chips assembly bolster supply chain resilience. Apple's stronghold in AI, software, and its recycling program underpin its long-term competitive edge and sustainability efforts.

Period-based % Price change, compared with benchmarks

Price Change %1-month3-month3-year

AAPL0.8%13.3%65.5%

Technology sector2%14.3%91.4%

NASDAQ-100 Index0.4%20.8%102.7%

Past quarter momentum up: Apple Inc. surges 13% on below average volume 0.8 times average.

Past month toHighLowVWAPVolume Index *

11 Jun 2026317.40287.38303.860.9

11 May 2026294.49255.83274.920.9

10 Apr 2026261.95258.20253.190.6

[*Volume Index of 0.9 means volume for the month was 0.9 times its 12-month average]

[VWAP is defined as the Volume Weighted Average Price; High Low prices and VWAP are shown in USD]

Financial News

Quarterly Report (Q2/2026):

Release Date: May 06, 2026

Quarterly Report Analysis Quarter ending 31 March 2026: Apple reports 30% sequential fall in Quarterly Net Profit

Apple (NASDAQ:AAPL), announced net profit of $29.6b for the quarter-ended 31 March 2026 [Q2/2026], down 30% from the previous quarter and down 52% from the year-earlier period [Q2/2025].

Sequential comparison and comparison with previous corresponding quarter:

QuarterlyMar 31, 2026Dec 27, 2025Mar 31, 2025Change %Change %

Description$ m$ m$ mQ-on-Q [sequential comparison]Y-on-Y [Quarter vs previous corresponding quarter]

Total Revenue111,184143,75695,359Down 22.7Up 16.6

EBIT35,83351,00229,310Down 29.7Up 22.3

Pre Tax Profit/(Loss)35,83351,00229,310Down 29.7Up 22.3

Profit/(Loss) after Tax29,57842,09724,780Slumped 29.7Up 19.4

Net Assets106,49188,19073,733Up 20.8Up 44.4

APPLE INC. (AAPL) Stock Dashboard [traded in US Dollars, USD] End-of-Day Thu, Jun 11

P/E35.6

EPS (FY2025)$7.49

DPS (past 12 months)$1.02 or 102c

Shares Outstanding14,681,000,000

Last$295.34

AAPL in IndicesNASDAQ-100 [of 100 stocks]

EPS Growth (Q2 2026 vs Q1 2026)-29.1%

Past month's Volume775,819,538

Ave Daily Volume39,812,869 shares

52-Week Price Range$194.30 - $317.40

Trailing Month's Range (In USD)287.38 - 317.40

Dividend Yield % (TTM)0.36

Market Cap$4,335.9 billion

ExchangeNASDAQ [BATS, NSX, NYSE ARCA, Nasdaq]

% of shares outstanding52.4%

SectorTechnology [Rank by MCap 1 of 216 stocks]

VI0.9

PVUSD1000 (10 yr) and TRS$13,494; 29.7%$13,127; 29.4%

Ten years ago the Apple Inc. share price was $22.50. $1,000 would have bought 44.4 Apple Inc. Shares on that day. Those 44.4 Shares would be worth $13,127.0 at today's Share price of $295.34. PV$1000=$13,127. This corresponds to annualized returns (TRS) of 29.4% per annum for an investment in USD ten years ago.

VI* Volume Index = Number of shares traded today/Average number of shares traded per day.

A year ago the Apple Inc. share price was $197.99. $1,000 would have bought 5.1 Apple Inc. shares on that day. Those 5.1 Shares would be worth $1,492 at today's share price of $295.47. PV$1000= $1,492.

Source: Nasdaq Stock Exchange: https://www.nasdaq.com/market-activity/stocks/AAPL, company (Apple Inc.), Ticker(AAPL)

The Past Month

Week 23 of 2026: Up 0.4%; the price ranged between a low of $306.31 on Monday, Jun 01 and a high of $315.20 on Tuesday, Jun 02.

JuneHeadlineClose price [USD]Price change %Relative change %Comment

Mon 01Loses $85 billion (1.8%) in MCap; Chairman Arthur D. Levinson discloses sale306.31-1.8-2.4VI*=1.2

Tue 02Hits year-high 11th time in one month315.22.92.4Top Rise; VI*=1.1

Wed 03Loses $73 billion (1.6%) in MCap, steepest heavyweight fall in Technology sector310.39-1.5-1.2

Thu 04Top gainer in Fund Evaluation Group jumps 22.8% in 64 days311.230.30.8VI*=1.1

Fri 05Top gainer in Fund Evaluation Group jumps 23.1% in 65 days307.39-1.23.5Price rise on beating relative strength

VI= Volume Index, 1 is avg.

Week 24 of 2026: Down 2.1%; the price ranged between a low of $290.36 on Tuesday, Jun 09 and a high of $301.58 on Monday, Jun 08.

JuneHeadlineClose price [USD]Price change %Relative change %Comment

Mon 08Drops 1.9%, 2 days' volume in a day301.58-1.9-3.5VI*=1.4

Tue 09Accelerates decline, down 5.5% in 2 days290.36-3.7-2.6Steepest Fall; VI*=1.2

Wed 10Up 0.4% after an upgrade this week291.580.42.4VI*=1.3

Thu 11In 2nd consecutive rise295.341.3-2Price/MAP50 above 1 and rising

VI= Volume Index, 1 is avg.

Primary Exchange and Other Listings: Trading Currency and Volume

ExchangeTickerCurrencyLastADVTVol % of TotalToday's VI

NasdaqAAPLUSD295.4741,016,65099.90.8

XetraAPCEUR251.240,5640.10.7

Total100.00

1 USD= 0.8659 EUR

DATA & ARCHIVE DOWNLOAD CENTER

AAPL: EXPORT DATA TO EXCEL:

+ PRICE VOLUME - 5-YEAR HISTORY

+ FINANCIALS - 10-YEAR HISTORY [INCLUDING Q2/2026]:

+ SHAREHOLDERS - COMPLETE LIST OF 6015 INSTITUTIONS

+ PEER COMPARISON

AAPL: OTHER INFORMATION:

+ PRICE VOLUME CHARTS

+ SEC FILINGS

+ X POSTS

+ NOTES to ACCOUNTS

+ INSIDER OWNERSHIP AND SELLING IN THE PAST 10 YEARS

+ BOARD OF DIRECTORS

Highlights in this Monthly Report:

SECTION 1 AAPL PAST MONTH PRICE VOLUME DYNAMICS 11TH JUN TO 12TH MAY, 2026

SECTION 2 THE PAST QUARTER: SEC FILINGS

SECTION 3 THE PAST QUARTER: FINANCIALS, ANALYST RATINGS, ESG

SECTION 4 THE PAST YEAR: PRESS RELEASES

SECTION 5 THE PAST QUARTER: X POSTS BY TIM COOK, CEO

SECTION 6 THE PAST QUARTER: NEWS AND BUZZ

SECTION 7 RECENT NEWS

SECTION 8 10-Q: 12 CONSEQUENTIAL MANAGEMENT DECISIONS

SECTION 9 BULLISH SIGNALS

SECTION 10 ONGOING BULLISH PARAMETERS

SECTION 11 BEARISH SIGNALS

SECTION 12 ONGOING BEARISH PARAMETERS

SECTION 13 CORPORATE PROFILE AND INDEPENDENT RATINGS

SECTION 14 STOCK IDENTIFIERS

SECTION 1 AAPL PAST MONTH PRICE VOLUME DYNAMICS 11TH JUN TO 12TH MAY, 2026

(Prices in $)

Average Monthly Volume = 875.9 million shares

Average Monthly Turnover = $10.7 billion

Click here

SECTION 2 THE PAST QUARTER: SEC FILINGS

2.1 The Past Quarter: SEC Filings

http://www.buysellsignals.com/bst/012991971011106267

SECTION 3 THE PAST QUARTER: FINANCIALS, ANALYST RATINGS, ESG

3.1 Quarterly Financials (Quarter ending 31 March 2026)

Apple reports 30% sequential fall in Quarterly Net Profit

Release Date: May 06, 2026

Apple (NASDAQ:AAPL), announced net profit of $29.6b for the quarter-ended 31 March 2026 [Q2/2026], down 30% from the previous quarter and down 52% from the year-earlier period [Q2/2025].

Sequential comparison and comparison with previous corresponding quarter:

QuarterlyMar 31, 2026Dec 27, 2025Mar 31, 2025Change %Change %

Description$ m$ m$ mQ-on-Q [sequential comparison]Y-on-Y [Quarter vs previous corresponding quarter]

Total Revenue111,184143,75695,359Down 22.7Up 16.6

EBIT35,83351,00229,310Down 29.7Up 22.3

Pre Tax Profit/(Loss)35,83351,00229,310Down 29.7Up 22.3

Profit/(Loss) after Tax29,57842,09724,780Slumped 29.7Up 19.4

Net Assets106,49188,19073,733Up 20.8Up 44.4

Per Share figures

Mar 31, 2026Dec 27, 2025Mar 31, 2025Change (%)Change (%)

Description$$$

EPS22.9165cSlumped 29.1Up 22.4

EPS Growth Factor*1.16

* EPS Growth Factor = EPS growth / Net Profit growth

3.2 Analyst Recommendations: Past 34 days

2026BrokerageCurrent RatingPrev TargetPrice Target

Jun 09TD CowenBuy335350

Jun 09Morgan StanleyOverweight330360

Jun 09Maxim GroupBuy310350

May 26Bank of AmericaBuy330380

May 08WedbushOutperform350400

Since December 15, Apple Inc. has had fifty-three analyst rating changes with thirty-nine being upgrades. Apple Inc. is up 8% since December 15.

3.3 STOCK SNIPPETS - ESG

http://www.buysellsignals.com/bst/017991971011106267

SECTION 4 THE PAST YEAR: PRESS RELEASES

4.1 The Past Year: Press Releases

http://www.buysellsignals.com/bst/015991971011106267

SECTION 5 THE PAST QUARTER: X POSTS BY TIM COOK, CEO

5.1 The Past Quarter: X Posts by Tim Cook, CEO

http://www.buysellsignals.com/bst/011991971011106267

SECTION 6 THE PAST QUARTER: NEWS AND BUZZ

6.1 Stock Buzz

Source: Other Publishers

Jun/MayHeadlinePublisher

Thu 11Apple Just Delivered Bad News for OpenAI and Anthropic, but Alphabet Could Be a WinnerAOL

Wed 10Bank of America sends clear message on Apple stock after key eventTheStreet

Wed 10Apple (AAPL) Declined Defies Strong FundamentalsInsider Monkey

Wed 10Apple Unveils AI Reset As Siri Gets Major UpgradeYahoo Finance

Mon 08Flash Heard: Apple s Valuation Sets a High Bar for Its AI UpdateThe Wall Street Journal

Fri 08Nvidia, Apple reset record highs as US stocks melt ever higherAustralian Financial Review

SECTION 7 RECENT NEWS

Recent News 1 of 10, Source: HourlyBusinessNews

June 11 2026: Apple's AI Strategy Sparks Interest in Google and NVIDIA

Apple Inc.'s latest advancements in artificial intelligence have stirred significant discussions on Wall Street, particularly regarding the implications for its partnerships with industry rivals. The unveiling of a revamped Siri during Apple's WWDC event on 11th June 2026 has raised questions about whether the company is poised for a new phase of AI adoption or increasingly reliant on partners like Alphabet Inc. and NVIDIA Corporation to maintain its competitive edge.

Following the keynote, analysts pointed out that Apple's performance has lagged behind the Nasdaq, with some citing the lack of a robust Siri demonstration as a missed opportunity to catalyze a new iPhone upgrade cycle. While the generative AI capabilities are impressive, they will only be available in beta later this year and will initially exclude major markets such as Europe and China. The muted response from investors indicates a growing concern over Apple's strategic positioning in the rapidly evolving AI landscape.

Investor focus has shifted towards Apple's reliance on cloud services and advanced models from Google and NVIDIA. Analysts noted that Apple's nearly 50% gross margin could be impacted if more advanced Siri functionalities and image-generation processes shift to Google Cloud systems and NVIDIA chips. The company's admission that its private cloud cannot handle heavier AI workloads has further fueled this sentiment, positioning Alphabet as an unexpected winner from Apple's recent announcements.

Despite some skepticism, JPMorgan's senior analyst Samik Chatterjee remains optimistic about the long-term potential of Apple's Siri overhaul. He believes that this strategic shift could enhance Siri's integration across Apple's ecosystem, utilizing context from various apps and aligning with proprietary models. Chatterjee has maintained an Overweight rating on Apple, projecting a price target of $325, emphasizing that Apple's investment in software and its extensive device base could support future growth.

As the debate over Apple's AI strategy unfolds, analysts like Gabelli Funds' John Belton and Bernstein's Mark Newman have weighed in on the implications of Apple's capital-light approach. While some argue that Apple must demonstrate that Siri can evolve into a true platform, others contend that its partnerships with Google and NVIDIA allow access to advanced AI models without incurring the massive capital expenditures seen at other tech giants. As the landscape shifts, investors are keenly observing how Apple's AI initiatives will influence its market position and future growth.

Recent News 2 of 10, Source: HourlyBusinessNews

June 11 2026: Apple Inc. Shifts Focus to AI and Services as iPhone Trends Evolve

Apple Inc. has re-emerged as a focal point in the technology sector, intensifying its reliance on artificial intelligence, service offerings, and the imminent iPhone launch to propel its next growth chapter. This shift follows a succession of product and software revelations made during the recent Worldwide Developers Conference (WWDC) held on 11th June 2026.

The discussion is further accentuated by ongoing investor deliberations regarding the robustness of global smartphone demand, as reported by leading business media outlets in early June 2026 alongside recent corporate disclosures. The 2026 WWDC served as a pivotal platform for Apple, showcasing profound AI integration across its operating systems and enhanced on-device processing capabilities.

Apple Inc. positions itself as a vertically integrated technology powerhouse, skillfully designing hardware while developing proprietary software platforms, complemented by an expanding array of digital services. The iPhone remains the linchpin of its ecosystem strategy, as delineated in the company's latest annual report and recent investor presentations spanning 2025 and 2026.

The cornerstone of this business model is to encase users within a tightly knit hardware-software ecosystem that encompasses iPhone, Mac, iPad, Apple Watch, AirPods, and services like iCloud, Apple Music, Apple TV+, and the App Store. This strategy has facilitated the creation of a substantial base of active devices and recurring revenue streams, as evidenced by data from Apple's disclosures and financial media summaries from 2025.

Apple Inc.continues to be one of the most scrutinized technology stocks within the US market, thanks to its integrated model encompassing hardware, software, and services, which engenders diverse revenue streams responsive to varying economic conditions and product life cycles. Recent disclosures regarding AI functionalities and software enhancements have bolstered the strategic emphasis on enriching user engagement across devices and services.

Recent News 3 of 10, Source: HourlyBusinessNews

June 11 2026: Apple Contests Epic's Move to Block Supreme Court Appeal

Apple has filed a detailed 12-page response to Epic Games' attempt to have its Supreme Court petition dismissed, arguing that Epic's own filing 'confirms the need for review.' This development comes on 11th June 2026, as the legal dispute between the two companies continues to unfold.

In its response, Apple takes aim at two central arguments presented by Epic in a 35-page opposition filed on June 4, 2026. The first issue concerns anti-steering practices, where Apple asserts that Epic is mischaracterizing the scope of the injunction. According to Apple, the order only restricts specific anti-steering practices and does not address App Store commissions, thus framing Epic's interpretation as an attempt to rewrite the ruling.

The second point of contention involves the 2025 Supreme Court precedent, 'Trump v. CASA, Inc.' Epic claims that Apple is incorrectly asserting an exemption from this ruling. Apple counters that the earlier decision explicitly states that CASA 'has no bearing' on antitrust cases, rendering Epic's argument moot. This back-and-forth highlights the complexities of antitrust law as it pertains to digital marketplaces.

The ongoing dispute dates back to 2020 when Epic deliberately triggered a conflict with Apple over App Store payment rules. While Apple secured a majority of the original case in 2021, it lost on anti-steering issues, prompting Judge Yvonne Gonzalez Rogers to order Apple to allow developers to link to external payment options. Although Apple complied, it charged a 27% commission on these transactions, which few developers adopted.

In April 2025, the judge found Apple in willful violation of the injunction, leading to a ban on charging any commission on external links. The judge's criticisms of Apple VP of finance Alex Roman for allegedly misleading testimony further complicated the case, resulting in a referral to federal prosecutors for potential criminal contempt. Apple subsequently dropped the link fees and filed an appeal. The Supreme Court is expected to decide whether to accept Apple's appeal as early as June, though a conclusive ruling may take several months.

Recent News 4 of 10, Source: HourlyBusinessNews

June 10 2026: Apple Inc. Steps Into the AI Arena with Strategic Partnerships

Apple Inc. (AAPL) has finally rolled out its full-fledged AI strategy at the Worldwide Developers Conference, leaving investors debating whether the tech giant has secured a seat at Wall Street's booming AI table. On 10th June 2026, Apple unveiled a revamped Siri powered by Apple Intelligence, delivering major upgrades to the voice assistant's conversational capabilities and overall functionality.

Instead of building its AI infrastructure from scratch, Apple has partnered with Google Cloud and Nvidia to accelerate its AI ambitions. The company's proprietary foundation models run on Google Cloud and leverage Nvidia's Blackwell B200 GPUs, while drawing on technologies from Google's Gemini AI suite to form a hybrid on-device and cloud architecture. Basic AI tasks are processed locally on Apple devices, while complex reasoning and advanced agentic functions rely on enhanced private cloud computing via Google's platform.

Sticking to its long-standing privacy priorities, Apple has also adopted Nvidia's hardware-based ambiguous confidential compute to encrypt data during processing, setting it apart from rivals with a security-focused AI approach. The AI debut has split Wall Street analysts, triggering intense market divergence. Bullish analysts remain optimistic about Apple's AI prospects, with Wedbush maintaining an outperform rating and lifting its price target to $400, based on the company's 2.5 billion iOS users creating a massive user base for AI monetization.

Conversely, several financial institutions hold a cautious stance. Barclays has kept an underweight rating with a price target of $253, while UBS maintains a neutral view with a $296 target. Both firms acknowledge the improvements to Siri and Apple Intelligence but caution that the new features are unlikely to drive meaningful growth in iPhone sales in the near term. Market sentiment was clearly reflected in Apple's stock performance, with shares tumbling more than 4.5% following the WWDC announcements.

Apple has a proven record of thriving as a late mover in new industries, having defied bearish outlooks to become the first public company to reach $1 trillion, $2 trillion, and $3 trillion market valuations. Now, armed with a complete AI roadmap, Apple has officially stepped into the mainstream AI arena. However, skepticism lingers for now, as it will take time for its AI technologies to gain traction and deliver sustained share price gains.

Recent News 5 of 10, Source: HourlyBusinessNews

June 10 2026: Apple Inc. Enhances iOS 27 Messages with AI-Powered Features

Apple Inc. has unveiled an update to its iOS Messages feature, integrating advanced artificial intelligence capabilities designed to streamline user interactions and enhance overall functionality. On 11th June 2026, Apple announced that the iOS 27 update will introduce smarter reply suggestions, richer contextual understanding, and improved integration with Siri AI and other iPhone functionalities.

The update does not overhaul the existing iMessage experience but enriches it by making conversations more actionable. The standout feature is the AI-powered reply suggestions that provide users with contextually relevant responses, allowing for quicker communication without the need to leave the conversation. This integration into Apple's broader AI ecosystem aims to make messaging more efficient, particularly in everyday tasks like planning and coordinating events.

Apple's approach to enhancing the Messages app under iOS 27 focuses on practicality rather than novelty. The AI features are intended to assist users in managing their daily communications more effectively. For instance, if a user discusses dinner plans or travel arrangements, the app can suggest replies that align with the conversation's context, thereby minimizing typing and increasing responsiveness.

Privacy remains a key consideration for Apple as it implements these AI-driven features. The company emphasizes its commitment to user privacy, ensuring that the intelligence model aligns with its established privacy standards. Users will have the ability to control how the AI interacts with their messages, keeping the experience personal and secure.

As part of the iOS 27 upgrade, Messages will also interface smoothly with other apps within the Apple ecosystem, enhancing functionality with tools like Calendar and Maps. This interconnectedness ensures that users can access relevant information during phone calls or reminders without manual searching, thereby making the iPhone experience more cohesive and efficient. Overall, the enhancements to iOS 27 Messages signify Apple's commitment to integrating AI thoughtfully and effectively, ensuring that users remain at the center of the experience.

Recent News 6 of 10, Source: HourlyBusinessNews

June 10 2026: Apple Inc. Sets Stricter Standards for App Store Quality Control

Apple Inc. has announced an update to its App Store Review Guidelines, introducing stricter language aimed at filtering out low-quality, low-value, and low-engagement applications. This update, effective from 11th June 2026, expands on existing policies regarding spam and minimum functionality, particularly for apps competing in crowded categories. The revisions grant Apple more authority to reject or remove apps that fail to demonstrate sufficient user engagement or value.

The revised guidelines build upon Apple's longstanding rules against submitting multiple similar apps or flooding saturated categories with low-effort software. While guideline 4.3 previously cautioned developers against such practices, the new language introduces a clear mandate: apps in already saturated categories may face rejection or removal if they do not attract users, retain customers, or provide meaningful value. This shift is significant in a mature App Store where user expectations have evolved beyond mere availability to a demand for quality.

This policy update comes on the heels of WWDC26, where Apple unveiled new tools for developers, including enhancements in Apple Intelligence and cross-platform experiences. Apple is now signaling that developers must not only launch apps but also continuously improve them. The company's message is clear: a submission that once gained approval does not guarantee a permanent place in the App Store if it becomes outdated or functionally redundant.

The implications of these updated guidelines are profound, particularly for developers in crowded categories such as utilities, photo tools, and simple games. Apple is now considering not just whether an app functions but also whether it genuinely adds value to users. This raises new questions for developers about what constitutes sufficient engagement and how Apple will assess the value of niche applications that may serve smaller audiences.

As Apple Inc.continues to refine its App Store policies, the challenge will be ensuring that the enforcement of these new guidelines does not inadvertently penalize smaller developers or those creating specialized apps. The ultimate goal is to foster a healthier App Store environment, free from clutter and low-quality applications, while still encouraging innovation and diversity among developers. The updated rules signal a commitment to maintaining a trusted marketplace where users can find valuable applications that enhance their digital experience.

Recent News 7 of 10, Source: HourlyBusinessNews

June 10 2026: Apple Inc. Enhances Child Safety Features Amid Growing Social Media Concerns

Apple Inc. is taking significant steps to enhance online safety for children as global concerns about social media's impact on youth continue to mount. On 10th June 2026, at its Worldwide Developers Conference, the tech giant previewed a suite of new features designed to give parents greater control over their children's online activities. This initiative aligns with a broader trend of governments implementing stricter regulations on social media use among minors.

The newly introduced tools will allow parents to manage when their children can access certain applications, what content they can view, and with whom they can communicate on their devices. Apple has already established a framework for parental controls, including special accounts for minors, which are mandatory for users under 13. These updates aim to further empower parents in navigating the complexities of digital safety.

The growing scrutiny of social media platforms stems from increasing evidence linking excessive online exposure to mental health challenges, including cyberbullying and anxiety disorders. As a result, tech companies, including Apple, are facing mounting pressure to implement more robust protective measures for young users. The recent moves by various governments to restrict social media access for children reflect a significant shift in regulatory attitudes towards these platforms.

Apple's proactive approach to child safety may also serve to bolster its reputation in an increasingly competitive tech landscape. By prioritizing the well-being of younger audiences, the company is positioning itself as a responsible leader in digital innovation. As more jurisdictions consider or enact legislation to limit social media use among children, Apple's expanded safety features could become a critical differentiator in its product offerings.

As the conversation around child safety and social media continues to evolve, investors may find it prudent to monitor how Apple Inc. adapts to these changing dynamics. The company's commitment to enhancing child safety tools could not only impact its market position but also resonate positively with parents and guardians seeking responsible technology solutions.

Recent News 8 of 10, Source: HourlyBusinessNews

June 10 2026: Apple Inc. Unveils Camp Snoopy Season 2, Premiering June 26

Apple Inc. is gearing up for the premiere of the highly anticipated second season of Camp Snoopy, featuring beloved characters like Snoopy, Charlie Brown, and the Peanuts gang. The season is set to debut globally on June 26, 2026, as confirmed in a trailer released by Apple TV on 11th June 2026.

Following the success of the first season, Camp Snoopy Season 2 will continue to deliver outdoor adventures at Camp Spring Lake. The series, which is based on the iconic Peanuts comic strip by Charles M. Schulz, showcases Snoopy and the Beagle Scouts engaging in activities like hiking, swimming, and the whimsical search for a hedge toad, all while maintaining the familiar charm of the Peanuts universe.

The outdoor setting of Camp Snoopy provides a refreshing take on the Peanuts narrative, allowing for a focus on physical comedy and light-hearted problem-solving. Apple Inc. aims to leverage this engaging content to attract both long-time fans of the franchise and new audiences, as the light-hearted adventures resonate well across various age groups.

As part of its strategy, Apple Inc. has secured an exclusive partnership with WildBrain, Peanuts Worldwide, and Lee Mendelson Film Productions, ensuring that the Peanuts brand remains a cornerstone of its streaming service through 2030. This collaboration has already resulted in a rich catalog of content, including other Peanuts specials and a forthcoming animated feature film, Snoopy Unleashed.

The release of Camp Snoopy Season 2 aligns with Apple Inc.'s broader initiative to enhance its children's programming portfolio. By offering a mix of original series and classic content, Apple TV aims to create a family-friendly viewing experience that encourages repeat engagement, especially during the summer months when audiences seek light-hearted entertainment.

Recent News 9 of 10, Source: HourlyBusinessNews

June 10 2026: Apple's Revamped Siri AI: What It Means for Investors

Apple Inc. has unveiled a significant upgrade to its Siri AI, a move that could reshape the user experience across its product ecosystem. This announcement comes at a time when the tech giant is navigating a complex landscape of market challenges and opportunities. On the 10th of June 2026, investors are keenly assessing whether this new iteration of Siri can translate into tangible benefits that enhance user engagement and, consequently, Apple's competitive position in the market.

The effectiveness of the new Siri AI will hinge on user adoption and execution. Investors are advised to keep a close eye on how well this upgrade integrates into the daily lives of iPhone users. While the initial reception of the Siri AI upgrade has been positive, the real test will be its ability to drive increased engagement among Apple's vast user base, which currently stands at approximately 2.5 billion devices. Analysts note that without effective implementation, the anticipated growth story may falter.

Despite the hype surrounding its technological advancements, Apple was notably absent from the list of the top ten recommended stocks by analysts, reflecting a cautious outlook on its immediate market performance. Concerns regarding Apple's premium valuation, with a P/E ratio near 35, further complicate the sentiment. The Motley Fool's analysts suggest that investors may want to explore alternative stocks that could offer higher returns, underscoring the competitive pressure Apple faces.

In the context of its AI strategy, Apple is actively collaborating with industry giants like Nvidia and Google Cloud. This partnership aims to enhance the capabilities of Siri through advanced technologies, potentially positioning Apple more favorably in the growing AI market. Wedbush analyst Dan Ives has voiced optimism regarding Apple's AI initiatives, setting a price target of $400 for the stock, which indicates a potential upside of 38%. However, investors should remain cautious as market dynamics continue to evolve.

As Apple prepares for the debut of its first foldable iPhone, priced above $2,000, the company is poised to capitalize on a new segment of the smartphone market. The anticipated demand for upgraded devices could provide a boost to revenue, especially as Apple aims to sustain the momentum from its record iPhone sales. In summary, while Apple's new Siri AI presents an exciting opportunity, the path forward will depend on user adoption and market execution, making it vital for investors to monitor these developments closely.

Recent News 10 of 10, Source: HourlyBusinessNews

June 10 2026: Nvidia Gains Apple AI Backing, Yet Shares Remain Stagnant

Nvidia gains a significant endorsement from Apple Inc. as the tech giant announced plans to utilize Nvidia GPUs for its most demanding AI tasks. However, despite this positive development, Nvidia's stock closed at $208.19 on 10th June 2026, down 45 cents, reflecting a broader weakness in tech shares.

On this day, Nvidia's stock performance mirrored the broader tech sector, which saw the Nasdaq Composite decline by 1% and the Philadelphia semiconductor index fall by 1.9%. Investor sentiment appears to be shifting away from AI stocks, with Nvidia being no exception to this trend, even after receiving Apple's nod for its AI initiatives.

The collaboration marks a notable shift for Apple, as the company has traditionally relied on in-house hardware solutions. By opting for Nvidia's GPUs hosted on Google Cloud, Apple is venturing outside its established data center infrastructure for the first time. The new AFM 3 Cloud Pro model, designed for advanced AI tasks, will run on Nvidia hardware, although the extent of business this partnership will generate for Nvidia remains uncertain.

Analysts have noted that while Apple's move can be interpreted as a validation of Nvidia's capabilities in the AI space, it does not guarantee substantial revenue gains. With Apple sourcing Nvidia chips through Google Cloud, Alphabet finds itself positioned as both a competitor and a customer in the AI-chip market. Furthermore, recent reports suggest that Google is expanding its own capabilities by ordering millions of tensor processing units from Intel, further complicating Nvidia's standing in the competitive landscape.

Despite the current fluctuations in stock prices, Nvidia continues to demonstrate robust financial performance, recently reporting fiscal first-quarter revenues of $81.6 billion, reflecting an 85% increase year-over-year. CEO Jensen Huang emphasized the rapid expansion of Nvidia's AI infrastructure, but the market's reaction to Apple's collaboration raises questions about whether this partnership will translate into significant demand or merely serve as a fleeting piece of positive news amid a crowded AI investment landscape.

SECTION 8 10-Q: 12 CONSEQUENTIAL MANAGEMENT DECISIONS

8.1 Apple Inc. 10-Q: 12 Consequential Management Decisions

http://www.buysellsignals.com/bst/014991971011106267

SECTION 9 BULLISH SIGNALS

9.1 Rank in the top 22% by Price Performance in the NASDAQ market

DescriptionValueRank

PV1000 [1 yr] $1,492In Top 22%

Source: Apple Inc.'s, 10-K filing dated October 31, 2025, available at the U.S. Securities and Exchange Commission website: https://www.sec.gov/Archives/edgar/data/320193/000032019325000079/aapl-20250927.htm and Apple Inc.'s website: https://investor.apple.com/investor-relations/default.aspx.company (Apple Inc.), Ticker(AAPL)

9.2 Uptrend

Price/Moving Average Price of 1.13 and positive MACD:

- The Price/MAP 200 for Apple Inc. is 1.13. Being higher than 1 is a bullish indicator. The stock is trading above both its MAPs and the 50-day MAP of $284.88 is higher than the 200-day MAP of $261.72, a second bullish indicator. The 200-day MAP has increased to $261.72, a third bullish indicator.

- The Moving Average Convergence Divergence (MACD) indicator of 12-day Exponential Moving Average (EMA) of 301.14 minus the 26-day EMA of 297.63 is positive, suggesting a bullish signal.

Past Quarter:

- In the last three months the stock has hit a new 52-week high thirteen times, pointing to a significant uptrend.

9.3 Other Bullish Signals

- Total Liabilities/EBITDA of 2.2 is less than 5, this compares favourably with the Joseph Piotroski benchmark of 5.

- Return on Assets of 31.2% versus sector average of 19.7% and market average of 8.0%.

- Net profit margin has averaged 25.4% in the last 3 years. This is considered superior and suggests a high margin of safety.

Source: Apple Inc.'s, 10-K filing dated October 31, 2025, available at the U.S. Securities and Exchange Commission website: https://www.sec.gov/Archives/edgar/data/320193/000032019325000079/aapl-20250927.htm and Apple Inc.'s website: https://investor.apple.com/investor-relations/default.aspx.company (Apple Inc.), Ticker(AAPL)

Source: Nasdaq Stock Exchange: https://www.nasdaq.com/market-activity/stocks/AAPL, company (Apple Inc.), Ticker(AAPL)

SECTION 10 ONGOING BULLISH PARAMETERS

10.1 Growth in annual dividends per share and earnings per share

- Apple Inc. sees dividend rise for a thirteenth consecutive year

Apple Inc. reported dividends per share of $1.05 in the past year, up 4.0% from the previous year. This is the thirteenth consecutive dividend increase. In the past 13 years average annual compound growth rate of dividends was 7.9%.

Source: Nasdaq Stock Exchange: https://www.nasdaq.com/market-activity/stocks/AAPL/dividend-history, company (Apple Inc.), Ticker(AAPL)

- EPS growth [FY2025 vs FY2024] of 22.6%:

FYEPS ($)Growth %

20257.4922.6

20246.11-0.8

Source: Apple Inc.'s, 10-K filing dated October 31, 2025, available at the U.S. Securities and Exchange Commission website: https://www.sec.gov/Archives/edgar/data/320193/000032019325000079/aapl-20250927.htm and Apple Inc.'s website: https://investor.apple.com/investor-relations/default.aspx.company (Apple Inc.), Ticker(AAPL)

10.2 Rank in the top 98% by Liquidity in the NASDAQ market

DescriptionValueRank

Ave daily turnover$10 billionIn top 98%

Source: Apple Inc.'s, 10-K filing dated October 31, 2025, available at the U.S. Securities and Exchange Commission website: https://www.sec.gov/Archives/edgar/data/320193/000032019325000079/aapl-20250927.htm and Apple Inc.'s website: https://investor.apple.com/investor-relations/default.aspx.company (Apple Inc.), Ticker(AAPL)

10.3 Rank in the top 2% by Size in the NASDAQ market

DescriptionValueRank

Turnover$9.3 billionIn Top 1%

Tr 12 months Revenue$451.4 billionIn Top 1%

MCap$4,338 billionIn Top 2%

Source: Apple Inc.'s, 10-K filing dated October 31, 2025, available at the U.S. Securities and Exchange Commission website: https://www.sec.gov/Archives/edgar/data/320193/000032019325000079/aapl-20250927.htm and Apple Inc.'s website: https://investor.apple.com/investor-relations/default.aspx.company (Apple Inc.), Ticker(AAPL)

10.4 Past quarter momentum up: Apple Inc. surges 13% on below average volume 0.8 times average.

Past month toHighLowVWAPVolume Index *

11 Jun 2026317.40287.38303.810.9

11 May 2026294.49255.83274.920.9

10 Apr 2026261.95258.20253.190.6

[*Volume Index of 0.9 means volume for the month was 0.9 times its 12-month average]

[VWAP is defined as the Volume Weighted Average Price; High Low prices and VWAP are shown in USD]

10.5 Rank in the top 19% by Performance in the NASDAQ market

DescriptionValueRank

Net Profit Margin %26.9In Top 17%

EBITDA Margin %31.9In Top 19%

Source: Apple Inc.'s, 10-K filing dated October 31, 2025, available at the U.S. Securities and Exchange Commission website: https://www.sec.gov/Archives/edgar/data/320193/000032019325000079/aapl-20250927.htm and Apple Inc.'s website: https://investor.apple.com/investor-relations/default.aspx.company (Apple Inc.), Ticker(AAPL)

10.6 Rank in the top 2% by Productivity in the NASDAQ market

DescriptionValueRank

Return on Assets [ROA] %31.2In Top 2%

Source: Apple Inc.'s, 10-K filing dated October 31, 2025, available at the U.S. Securities and Exchange Commission website: https://www.sec.gov/Archives/edgar/data/320193/000032019325000079/aapl-20250927.htm and Apple Inc.'s website: https://investor.apple.com/investor-relations/default.aspx.company (Apple Inc.), Ticker(AAPL)

10.7 Present Value of $1000 Invested in the Past [3 Mo, 1 Yr, 3 Yrs]; The Best Periods with PV$1000 > 1,134

PV$1,0003 mo ago1 yr ago3 yrs ago

AAPL.NASDAQ$1,135$1,498$1,679

Technology sector$1,142$1,358$1,913

NASDAQ-100 Index$1,181$1,347$2,027

10.8 Past year: price rise of 49.2%

1-Year price change of 49.2% for Apple Inc. outperformed the change of 34.2% in the NASDAQ-100 Index for a relative price change of 15%.

Price Change %Year

Apple Inc.49.2

Technology sector34.2

NASDAQ-100 Index34.2

10.9 Moving Annual Return of 49.8% in the past year:

Moving Annual Return was 49.8% in the past year. Based on a dynamic start date of 5 years ago, the real rate of return has averaged 21%. The Moving Annual Return has consistently exceeded 3%.

AAPLClose ($)Dividends ($)Capital Gain %% YieldAnnual Return %

Jun 11295.471.0549.20.549.8

1 Yr ago197.991.013.40.53.9

2 Yrs ago191.460.977.30.57.8

3 Yrs ago178.460.9332.80.733.4

4 Yrs ago134.430.899.40.710.1

Close 5 years ago $122.93

10.10 MCap: 5-Year Increase of $2,227 B (106%)

In the past 5 years Market Capitalization has increased by $2,227 billion (106%) from $2,110.8 billion to $4,337.8 billion. Based on a dynamic start date of 5 years ago, there has been no decline in MCap over the last 5 years.

PriceMCap ($ B)

Last$295.474,337.8

1 Year ago$197.992,969.8

2 Years ago$191.462,960.5

3 Years ago$178.462,863.1

4 Years ago$134.432,220.1

5 Years ago$122.932,110.8

10.11 AAPL.NASDAQ Annualised Period-based Total Shareholder Returns [TSR %]: The Best Periods with TSR > 18.5%

1 yr3 yrs5 yrs10 yrs20 yrs30 yrs

49.818.619.829.729.327.8

10.12 Improved EBIT Margins:

EBIT margin is positive and has seen consecutive rises in the last 4 years.

FYEBIT Margins (%)

202531.9

202431.6

202329.7

202228.6

202128.3

Source: Apple Inc.'s, 10-K filing dated October 31, 2025, available at the U.S. Securities and Exchange Commission website: https://www.sec.gov/Archives/edgar/data/320193/000032019325000079/aapl-20250927.htm and Apple Inc.'s website: https://investor.apple.com/investor-relations/default.aspx.company (Apple Inc.), Ticker(AAPL)

10.13 Low Debt to Equity (%) and Reducing

The debt to equity ratio of 10.8% is under a safe benchmark figure of 50%. Moreover, it has improved from 17.5% a year ago.

YearsDebt to Equity (%)

Sep 202510.82

Sep 202417.5

Sep 20239.63

Sep 202219.7

Sep 20219.51

Source: Apple Inc.'s, 10-K filing dated October 31, 2025, available at the U.S. Securities and Exchange Commission website: https://www.sec.gov/Archives/edgar/data/320193/000032019325000079/aapl-20250927.htm and Apple Inc.'s website: https://investor.apple.com/investor-relations/default.aspx.company (Apple Inc.), Ticker(AAPL)

10.14 A 72.8% Decrease in Insider Selling

In the past 5 years a total of 8,530,046 Apple Inc. shares worth $1.5 billion were sold by insiders. Based on a dynamic start date of 5 years ago, insider selling has averaged 1,706,009 shares per year. In the past year, insiders sold 527,108 shares, a decrease of 72.8% from the previous year.

YearNo. of SharesValue, $

Jun 11, 2026527,108145,118,775

1 Yr ago1,941,221438,004,813

2 Yrs ago1,735,867304,871,903

3 Yrs ago1,239,101194,224,029

4 Yrs ago3,086,749461,133,251

Total8,530,0461,543,352,772

Source: U.S. Securities and Exchange Commission (SEC Form 4) https://www.sec.gov/edgar/browse/?CIK=320193, company (Apple Inc.), Ticker(AAPL)

10.15 Increased VWAP, up 63% in 5 years

In the past five years Volume Weighted Average Price (VWAP) has increased by 63.0% to $249.68. Based on a dynamic start date of five years ago, there have been declines in VWAP in 2 out of 5 years.

Past five years, 12 months ended Jun 11 (USD)

YearHigh PriceVWAPLow Price

2026317.4249.68194.3

2025258.45219.52168.32

2024205.38180.49162.45

2023182.39148.75122.68

2022178.85153.2123.86

10.16 Satisfies two criteria of Benjamin Graham

-""Total debt less than tangible book value""; total debt of USD8.0 billion is less than tangible book value of USD73.7 billion.

-""Total debt equal or less than twice the net quick liquidation value""; total debt of USD8.0 billion is 0.1 times the net liquidation value of USD139.98 billion.

Source: Apple Inc.'s, 10-K filing dated October 31, 2025, available at the U.S. Securities and Exchange Commission website: https://www.sec.gov/Archives/edgar/data/320193/000032019325000079/aapl-20250927.htm and Apple Inc.'s website: https://investor.apple.com/investor-relations/default.aspx.company (Apple Inc.), Ticker(AAPL)

10.17 Satisfies 5 out of 9 criteria of Joseph Piotroski [pass mark 5]:

- Positive net income.

- Positive operating cashflow.

- Return on Assets improvement [from 25.7% to 31.2%].

- Reduction in total shares on issue.

- Improvement in gross margin [from 46.2% to 46.9%].

But does not meet the following 4 criteria of Joseph Piotroski:

- Good quality of earnings [operating cashflow exceeds net income].

- Improvement in long-term debt to total assets.

- Improvement in current ratio.

- Improvement in asset turnover.

Source: Apple Inc.'s, 10-K filing dated October 31, 2025, available at the U.S. Securities and Exchange Commission website: https://www.sec.gov/Archives/edgar/data/320193/000032019325000079/aapl-20250927.htm and Apple Inc.'s website: https://investor.apple.com/investor-relations/default.aspx.company (Apple Inc.), Ticker(AAPL)

10.18 Year-over-year (%) Change in Dividend:

Quarterly dividend for Q2/2026 was 27.0c, up 3.8% sequentially from 26.0c in Q1/2026. The year-on-year change was up 3.8% from 26.0c in the previous corresponding period Q2/2025.

QuarterQ2/2025Q1/2026Q2/2026

Dividend ($ Cents)26.026.027.0

Source: Nasdaq Stock Exchange: https://www.nasdaq.com/market-activity/stocks/AAPL/dividend-history, company (Apple Inc.), Ticker(AAPL)

Source: Nasdaq Stock Exchange: https://www.nasdaq.com/market-activity/stocks/AAPL, company (Apple Inc.), Ticker(AAPL)

SECTION 11 BEARISH SIGNALS

11.1 3-DAY: MODERATE MOMENTUM DOWN

AAPL decreases 2.0% on firm volume 1.1 times average. Compared with the NASDAQ-100 Index which rose 31.9 points (or 0.1%) in the 3-days, the relative price change was -2.1%.

The price ranged between a high of $295.47 on Thursday Jun 11 and a low of $290.36 on Tuesday Jun 09.

11.2 Rank in the bottom 24% by Relative Valuation in the NASDAQ market

DescriptionValueRank

Price/Earnings/Growth1.58In Bottom 24%

Price to Sales9.6In Bottom 7%

Dividend Yield %0.4%In Bottom 5%

Source: Apple Inc.'s, 10-K filing dated October 31, 2025, available at the U.S. Securities and Exchange Commission website: https://www.sec.gov/Archives/edgar/data/320193/000032019325000079/aapl-20250927.htm and Apple Inc.'s website: https://investor.apple.com/investor-relations/default.aspx.company (Apple Inc.), Ticker(AAPL)

11.3 Downtrend

Trailing Relative Strength (6 months) at 46 percentile:

- The stock has a 6-month relative strength of 46 in the NASDAQ market of 2,849 stocks and 2 ADRs which means it has underperformed 54% of the market.

11.4 Other Bearish Signals

MCap/Total Assets:

- Tobin's Q Ratio, defined as MCap divided by Total Assets, is 12.1. Compared with the rest of the market the stock is overvalued and ranks in the bottom 3% of stocks by value of Q Ratio.

Source: Apple Inc.'s, 10-K filing dated October 31, 2025, available at the U.S. Securities and Exchange Commission website: https://www.sec.gov/Archives/edgar/data/320193/000032019325000079/aapl-20250927.htm and Apple Inc.'s website: https://investor.apple.com/investor-relations/default.aspx.company (Apple Inc.), Ticker(AAPL)

Source: Nasdaq Stock Exchange: https://www.nasdaq.com/market-activity/stocks/AAPL, company (Apple Inc.), Ticker(AAPL)

SECTION 12 ONGOING BEARISH PARAMETERS

12.1 Sequential EPS growth [Q2/2026 vs Q1/2026] of -29.1%:

The most recent quarter (Q2/2026) showed a decline of 29.1% in sequential growth of Quarterly EPS.

Quarterly ReportEPS ($)Growth %

Q2/20262.02-29.1

Q1/20262.8554.1

12.2 P/E/G > 1

The price earnings ratio of 35.6 divided by trailing twelve months eps growth of 22.6% corresponds to P/E/G of 1.6 times.

EPS Growth (%)22.6

P/E/G1.6

P/E35.6

Source: Apple Inc.'s, 10-K filing dated October 31, 2025, available at the U.S. Securities and Exchange Commission website: https://www.sec.gov/Archives/edgar/data/320193/000032019325000079/aapl-20250927.htm and Apple Inc.'s website: https://investor.apple.com/investor-relations/default.aspx.company (Apple Inc.), Ticker(AAPL)

12.3 % Growth in EPS & RPS

EPS growth: Sequential EPS growth (Q2 2026 vs Q1 2026) was down 29.1% and PCP EPS growth (Q2 2026 vs Q2 2025) was down 50.2%. FY EPS growth (FY2025 vs FY2024) was up 22.6%.

RPS growth: Sequential growth in Revenue per share (Q2 2026 vs Q1 2026) was down 22.2% and PCP growth in Revenue per share (Q2 2026 vs Q2 2025) was down 48.1%. FY growth in Revenue per share (FY2025 vs FY2024) was up 9.3%.

(All figures in %)

Sequential growth in EPS (Q2 2026 vs Q1 2026)-29.1

Sequential growth in RPS (Q2 2026 vs Q1 2026)-22.2

PCP growth in EPS (Q2 2026 vs Q2 2025)-50.2

PCP growth in RPS (Q2 2026 vs Q2 2025)-48.1

FY growth in EPS (FY2025 vs FY2024)22.6

FY growth in RPS (FY2025 vs FY2024)9.3

12.4 Declining Volume, down 55% in 5 years

In the past five years, Average Daily Volume of Trading (ADVT) has decreased 55.0% to 39.8 million shares.

Avg. Daily Volume Traded 12 months ended Jun 11, million shares

YearADVT

202639.8

202554.3

202457.8

202373.2

202288.6

12.5 Declining share turnover, down 27% in 5 years

In the past five years, average daily share turnover has decreased 27.0% to $10 billion. This suggests decreased liquidity.

Past five years, 12 months ended Jun 11 (USD billion)

YearAverage Daily Turnover

202610.0

202511.9

202410.5

202310.9

202213.7

Source: Nasdaq Stock Exchange: https://www.nasdaq.com/market-activity/stocks/AAPL, company (Apple Inc.), Ticker(AAPL)

SECTION 13 CORPORATE PROFILE AND INDEPENDENT RATINGS

13.1 Activities

Apple Inc., a leading technology company listed on the Nasdaq (ticker: AAPL), specializes in designing, manufacturing, and marketing a wide range of consumer electronics, software, and online services. At its core, the company focuses on innovative hardware products such as the iPhone, iPad, Mac computers, Apple Watch, and accessories, alongside software ecosystems like iOS and macOS, and services including the App Store, iCloud, Apple Music, and Apple Pay. These offerings drive seamless user experiences and ecosystem loyalty. The fastest-growing segments include services, which have expanded rapidly through digital subscriptions and content delivery, generating increasing revenue from app transactions, streaming, and cloud storage. Additionally, wearables and accessories, led by the Apple Watch and AirPods, have seen strong growth due to health features and wireless technology advancements. Apple's commitment to innovation and sustainability continues to solidify its position as a global leader in technology. It is the NASDAQ's largest Technology company by market capitalisation.

Apple Inc. (NASDAQ:AAPL) is advancing its strategic endeavors with the recent acquisition of the Animato animation studio, a key player in avatar design and technology. The Animato acquisition underlines Apple's commitment to enhancing its software capabilities by integrating cutting-edge avatar technology into its offerings. Apple looks to amplify its market position through immersive Apple AR avatars and Apple Vision Pro avatars, leveraging technology developed by Animato founders. By incorporating the Animato avatar studio's expertise, Apple is poised to scale its Apple avatar tools for developers, supporting a robust Apple developer avatar SDK. This integration offers a competitive advantage in the burgeoning fields of metaverse and spatial computing, where Apple's personalized avatars facilitate innovative user interactions. Through the Apple iOS avatar feature and Apple avatar integration iOS, Apple is creating a seamless user experience poised to drive growth in the AR/VR sector.

13.2 Independent Ratings and Relative Value Indicators

+ Clarivate 100:

Apple Inc. is ranked 10 in the Top 100 innovators by Clarivate Analytics.

+ Brand Finance 500:

It is in the Brand Finance list of the world's 500 Valuable Banking brands by brand value in 2025, ranked 1.

+ PwC 100:

It is in PwC's list of Top 100 Global companies; ranked 1st by market capitalization in 2025.

+ Corporate Knights:

It is ranked 69 by Corporate Knights Capital in the World's 100 most sustainable corporations 2025.

+ Fortune 500:

It is in the Fortune list of Top 500 Global companies by Revenues in 2025, ranked 7.

13.3 Contact Details

Website: http://www.apple.com

Physical Address: 1 Infinite Loop, Cupertino, CA,95014

Phone: +1 408 996-1010

Fax: +1 408 974-2483

Email: investor_relations@apple.com

13.4 U.S. Industry & Sector

Classification Level: Name of Sector

Economic Sector: Technology

SECTION 14 STOCK IDENTIFIERS

ISIN: US0378331005

PermID: 4295905573

Central Index Key (CIK): 320193

CUSIP: 037833100

RIC: AAPL.O

FIGI: BBG000B9Y5X2

LEI: HWUPKR0MPOU8FGXBT394

Created by: www.BuySellSignals.com",30184b59cb5a8f11a7e40b72fb6102888e116159540f036511096eacc199b874,ok,,70045,51847,0,week4_lseg_html_v1,True,True
2026-06-15 23:27:33.168,2026-06-15,2026-06-15T00:00:00,2026-06-15T23:59:59,AAPL,AAPL.O,R:AAPL.O and Language:LEN,urn:newsml:newsroom:20260615:nNRA0w9460:0,newsroom,NS:GLOSTP,"Alphabet Inc climbs 14% in 2026, outperforming 90% of its global peers",,"NASDAQ END-OF-MONTH STOCK REPORT

Alphabet Inc's (NASDAQ: GOOGL) stock price has now climbed $44.88 (or 14.3%) year-to-date (YTD) in 2026 to close at $357.66.

Alphabet Inc is the NASDAQ's largest Internet company by market cap.

Compared with the NASDAQ-100 Index which has risen 16.6% YTD, this is a relative price change of -2.3% for Alphabet Inc shareholders.

The stock has a 6-month USD relative strength of 90 which means in USD terms it outperformed 90% of its 46,002 global peers. A price rise combined with a high relative strength is a bullish signal.

Alphabet Inc. (NASDAQ:GOOGL) is a leader in technology innovation, leveraging its expansive ecosystem through key offerings such as Google Cloud and its AI-driven platforms. Google Cloud AI and enterprise AI OS serve as central pillars, fostering advanced capabilities in sectors like cybersecurity with partners such as Tenex. The launch of Google Gemini, including Gemini Max and Gemini Deep Research, underscores Alphabet's commitment to AI-driven advancements. Strategic alliances, such as the Google-Marvell AI chip partnership and Google-Intel CPU IPU integration, bolster its competitive edge. Through initiatives like Waymo robotaxis, Alphabet continues to redefine transportation, enhancing sustainability and technology leadership across its portfolio.

Period-based % Price change, compared with benchmarks

Price Change %1-month3-month3-year

GOOGL-10.7%15.9%195.2%

Internet sector-8.3%23%183.2%

NASDAQ-100 Index0.4%20.8%102.7%

Past quarter momentum up: Alphabet Inc soars 16% on thin volume 0.8 times average.

Past month toHighLowVWAPVolume Index *

11 Jun 2026408.37346.36376.810.8

11 May 2026397.20388.24362.920.7

10 Apr 2026321.64316.13297.650.6

[*Volume Index of 0.8 means volume for the month was 0.8 times its 12-month average]

[VWAP is defined as the Volume Weighted Average Price; High Low prices and VWAP are shown in USD]

Financial News

Quarterly Report (Q1/2026):

Release Date: April 29, 2026

Quarterly Report Analysis Quarter ending 31 March 2026: Alphabet reports 136% sequential rise in Quarterly Net Profit

Alphabet (NASDAQ:GOOGL), announced net profit of $62.6b for the quarter-ended 31 March 2026 [Q1/2026], up 136% from the previous quarter [Q4/2025] and up 81% from the year-earlier period [Q1/2025]. Earnings per share (EPS) were up 138.2% sequentially from $2.17 in Q4/2025 to $5.17 in Q1/2026.

Quarterly Report (Quarter ending 31 Mar 2026)

Quarter-ended31 Mar 202631 Dec 202530 Sep 2025

EPS, $5.22.22.9

Sequential growth in EPS %138-2524

Revenue, $ billion11096.5102

Sequential growth in Revenue %13.9-5.76.1

Net Profit, $ billion62.626.535.0

Sequential growth in Net Profit %136-24.124.1

Compared with the Previous Corresponding Period [PCP; Q1/2025], year-over-year [y.o.y.] EPS was up 82%, Revenue was up 21.8% and Net Profit was up 81.2%.

Quarter-ended31 Mar 202631 Mar 2025

EPS, $5.22.8

PCP growth in EPS %8249

Revenue, $ billion11090.2

PCP growth in Revenue %21.812.0

Net Profit, $ billion62.634.5

PCP growth in Net Profit %8146.0

ALPHABET INC (GOOGL) Stock Dashboard [traded in US Dollars, USD] End-of-Day Thu, Jun 11

P/E28.5

EPS (FY2025)$10.91

DPS (past 12 months)83c

Shares Outstanding5,818,000,000

Last$357.66

GOOGL in IndicesNASDAQ-100 [of 100 stocks]

EPS Growth (Q1 2026 vs Q4 2025)138.2%

Past month's Volume505,748,458

Ave Daily Volume28,178,783 shares

52-Week Price Range$161.54 - $408.37

Trailing Month's Range (In USD)346.36 - 408.37

Dividend Yield % (TTM)0.24

Market Cap$2,080.9 billion

ExchangeNASDAQ [BATS, NSX, NYSE ARCA, Nasdaq]

% of shares outstanding67%

SectorInternet [Rank by MCap 1 of 20 stocks]

VI0.8

PV$1000 (10 yr) and TRS$9,931; 25.7%

Ten years ago the Alphabet Inc share price was $36.34. $1,000 would have bought 27.5 Alphabet Inc Shares on that day. Those 27.5 Shares would be worth $9,843.0 at today's Share price of $357.66. PV$1000=$9,843. This corresponds to annualized returns (TRS) of 25.7% per annum for an investment in USD ten years ago.

VI* Volume Index = Number of shares traded today/Average number of shares traded per day.

Alphabet Inc share has been a two bagger in the past year. A year ago the Alphabet Inc share price was $176.85. $1,000 would have bought 5.7 Alphabet Inc shares on that day. Those 5.7 Shares would be worth $2,023 at today's share price of $357.78. PV$1000= $2,023.

Source: Nasdaq Stock Exchange: https://www.nasdaq.com/market-activity/stocks/GOOGL, company (Alphabet Inc), Ticker(GOOGL)

DATA & ARCHIVE DOWNLOAD CENTER

GOOGL: EXPORT DATA TO EXCEL:

+ PRICE VOLUME - 5-YEAR HISTORY

+ FINANCIALS - 10-YEAR HISTORY [INCLUDING Q1/2026]:

+ SHAREHOLDERS - COMPLETE LIST OF 5560 INSTITUTIONS

+ PEER COMPARISON

GOOGL: OTHER INFORMATION:

+ PRICE VOLUME CHARTS

+ X POSTS

+ NOTES to ACCOUNTS

+ INSIDER OWNERSHIP

+ BOARD OF DIRECTORS

Highlights in this Monthly Report:

SECTION 1 GOOGL PAST MONTH PRICE VOLUME DYNAMICS 11TH JUN TO 12TH MAY, 2026

SECTION 2 THE PAST QUARTER: FINANCIALS, ANALYST RATINGS, ESG

SECTION 3 THE PAST YEAR: PRESS RELEASES

SECTION 4 THE PAST QUARTER: X POSTS BY SUNDAR PICHAI, CEO

SECTION 5 THE PAST QUARTER: NEWS AND BUZZ

SECTION 6 RECENT NEWS

SECTION 7 10-Q: 13 CONSEQUENTIAL MANAGEMENT DECISIONS

SECTION 8 BULLISH SIGNALS

SECTION 9 ONGOING BULLISH PARAMETERS

SECTION 10 BEARISH SIGNALS

SECTION 11 CORPORATE PROFILE AND INDEPENDENT RATINGS

SECTION 12 STOCK IDENTIFIERS

SECTION 1 GOOGL PAST MONTH PRICE VOLUME DYNAMICS 11TH JUN TO 12TH MAY, 2026

(Prices in $)

Average Monthly Volume = 619.9 million shares

Average Monthly Turnover = $8.7 billion

Click here

SECTION 2 THE PAST QUARTER: FINANCIALS, ANALYST RATINGS, ESG

2.1 Quarterly Financials (Quarter ending 31 March 2026)

Alphabet reports 136% sequential rise in Quarterly Net Profit

Release Date: April 29, 2026

Alphabet (NASDAQ:GOOGL), announced net profit of $62.6b for the quarter-ended 31 March 2026 [Q1/2026], up 136% from the previous quarter [Q4/2025] and up 81% from the year-earlier period [Q1/2025]. Earnings per share (EPS) were up 138.2% sequentially from $2.17 in Q4/2025 to $5.17 in Q1/2026.

Quarterly Report (Quarter ending 31 Mar 2026)

Quarter-ended31 Mar 202631 Dec 202530 Sep 2025

EPS, $5.22.22.9

Sequential growth in EPS %138-2524

Revenue, $ billion11096.5102

Sequential growth in Revenue %13.9-5.76.1

Net Profit, $ billion62.626.535.0

Sequential growth in Net Profit %136-24.124.1

Compared with the Previous Corresponding Period [PCP; Q1/2025], year-over-year [y.o.y.] EPS was up 82%, Revenue was up 21.8% and Net Profit was up 81.2%.

Quarter-ended31 Mar 202631 Mar 2025

EPS, $5.22.8

PCP growth in EPS %8249

Revenue, $ billion11090.2

PCP growth in Revenue %21.812.0

Net Profit, $ billion62.634.5

PCP growth in Net Profit %8146.0

2.2 Analyst Recommendations: Past 22 days

2026BrokerageCurrent RatingPrev TargetPrice Target

Jun 05New Street ResearchBuy450455

Jun 02HSBCBuy435420

Jun 01Piper SandlerOverweight425445

May 29Truist FinancialBuy415430

May 20Wells Fargo & CompanyOverweight427435

Since December 16, Alphabet Inc has had hundred-thirteen analyst rating changes with hundred-four being upgrades. Alphabet Inc is up 16.9% since December 16.

2.3 STOCK SNIPPETS - ESG

http://www.buysellsignals.com/bst/017991971011106261065

SECTION 3 THE PAST YEAR: PRESS RELEASES

3.1 The Past Year: Press Releases

http://www.buysellsignals.com/bst/015991971011106261065

SECTION 4 THE PAST QUARTER: X POSTS BY SUNDAR PICHAI, CEO

4.1 The Past Quarter: X Posts by Sundar Pichai, CEO

http://www.buysellsignals.com/bst/011991971011106261065

SECTION 5 THE PAST QUARTER: NEWS AND BUZZ

5.1 Stock Buzz

Source: Other Publishers

JunHeadlinePublisher

Thu 11Apple Just Delivered Bad News for OpenAI and Anthropic, but Alphabet Could Be a WinnerAOL

Tue 09Alphabet Inc. (GOOGL) Reports Doubling of Gemini App Monthly Users to 900 MillionYahoo Finance

Mon 08Alphabet (GOOGL) Gets Buy Rating as BofA Points to AI Capex DemandInsider Monkey

Fri 05Alphabet Is Managing AI Capex Well And Seems Highly UnderratedSeeking Alpha

Wed 03Alphabet s $80 billion stock sale leaves Wall Street in unprecedented territory, says Goldman s GutmanCNBC

Tue 02Stocks to Watch Recap: Alphabet, Nvidia Qualcomm, MGMThe Wall Street Journal

SECTION 6 RECENT NEWS

Recent News 1 of 10, Source: HourlyBusinessNews

June 11 2026: Alphabet Inc's Shift: From AI User Growth to Enterprise Backlog

Alphabet Inc's latest financial strategies signal a noteworthy pivot in its artificial intelligence (AI) narrative, moving away from consumer adoption metrics to emphasize enterprise contracts. On 11th June 2026, management's shift in focus raises a critical question for investors: which segment is driving revenue for the tech giant?

Over the past year, Alphabet Inc (NASDAQ: GOOGL) has delivered an impressive 103% return, making its AI narrative one of the most discussed topics on Wall Street. However, a closer examination of recent earnings calls reveals a significant absence in management's communication. What was once a highlight—consumer user engagement—has been replaced by a focus on the company's growing enterprise backlog, which has nearly doubled to over $460 billion. This shift indicates a strategic redirection rather than a sign of distress, emphasizing the importance of its core search business amidst new investments.

Previously, Alphabet Inc's AI progress was illustrated through user adoption metrics, such as the 1.5 billion monthly users of its AI Overviews tool. However, that narrative has transitioned to spotlighting substantial enterprise commitments. The CEO's recent statement regarding the cloud backlog underscores the company's prioritization of corporate clients over individual users, marking a pivotal change in how Alphabet Inc measures success in the AI landscape.

Despite the reduced emphasis on user metrics, Alphabet Inc's core business remains robust, with Google Search & Other advertising revenues growing by 19% and Google Cloud revenues surging by 63%. This indicates that while the user growth narrative may have quieted, the underlying engine of the company is still performing strongly. The new focus on becoming a full-stack AI provider for enterprises reflects a calculated strategy to capture significant market share in the growing AI sector, even as capital expenditures are expected to rise sharply in the coming years.

For investors, the implications of Alphabet Inc's strategic shift are significant. Monitoring the cloud backlog and any resurgence of consumer AI user metrics during future earnings calls will be crucial. A slowdown in cloud commitments could raise concerns, while a return to highlighting consumer engagement might suggest management's desire to reassure investors about its foundational business. As Alphabet Inc navigates this transition, understanding the dynamics between its legacy search business and emerging AI priorities will be key for stakeholders.

Recent News 2 of 10, Source: HourlyBusinessNews

June 11 2026: Alphabet's Strategic Move: SpaceX's $30 Billion Cloud Deal

Alphabet Inc (NASDAQ: GOOGL) has made a significant strategic move that could reshape investor sentiment towards the upcoming SpaceX IPO. Last week, SpaceX disclosed a new cloud service agreement with Alphabet through an amendment to its Form S-1. This partnership, announced on 11th June 2026, includes a lucrative contract valued at nearly $30 billion, which positions SpaceX as an emerging player in the artificial intelligence (AI) infrastructure market, extending its reach beyond its traditional rocket and satellite operations.

Under the terms of the agreement, SpaceX will provide Google with a cluster of 110,000 Nvidia GPUs, which will be complemented by associated hardware, including CPUs and memory solutions. Google has committed to pay SpaceX $920 million monthly from October 2026 until June 2029. The contract stipulates a ramp-up in capacity through September, although it includes provisions for Google to terminate the agreement if SpaceX fails to meet delivery targets within a one-month grace period.

The strategic partnership underscores the soaring demand for specialized compute power, particularly in the realm of AI. By leveraging its engineering prowess and existing AI resources, SpaceX is not only diversifying its business model but is also validating its transition into a serious player providing hyperscale AI data centers. The agreement illustrates a broader trend where non-traditional providers are stepping in to offer GPU clusters rapidly and at scale, reflecting the evolving dynamics of the AI infrastructure landscape.

With a contract value of roughly $11 billion over its primary term and nearly $30.4 billion over the entire lifespan, this deal could serve as a financial milestone for SpaceX, potentially de-risking its capital-intensive rocket and satellite operations. However, investors should be cautious. The cloud computing landscape is intensely competitive, and while the partnership with Alphabet adds credibility and predictable cash flow, it is not a definitive reason to invest in SpaceX's IPO this week. Notably, either party can exit the contract with 90 days' notice after December, raising questions about the long-term nature of this partnership.

Before making investment decisions, potential investors in Space Exploration Technologies should consider various factors. While the deal with Alphabet certainly enhances SpaceX's valuation profile, it is essential to note that the Motley Fool's Stock Advisor team has not included SpaceX among its top stock recommendations. Investors seeking long-term growth may wish to explore other options that have demonstrated a consistent track record of outperforming the S&P 500, thereby highlighting the need for prudent evaluation amid the excitement surrounding the IPO.

Recent News 3 of 10, Source: HourlyBusinessNews

June 11 2026: SpaceX, Anthropic, OpenAI: A New Era for Megacap IPOs

The upcoming initial public offerings (IPOs) from tech giants SpaceX, Anthropic, and OpenAI are generating buzz, as they may significantly redefine the landscape of megacap IPOs. Historically, stocks of large IPOs have experienced notable slumps within their first year of trading, but analysts are questioning whether this trend will hold true for these three industry titans. As the market anticipates their entries, investors are left pondering whether this time will be different.

On 11th June 2026, the anticipation surrounding the IPOs of these companies is palpable. Max Gokhman, Senior Vice President at Franklin Templeton Investment Solutions, emphasized that these behemoth IPOs are likely to capture a substantial portion of market share and retail investors' attention. The systemic importance of these companies could mean that traditional IPO performance metrics may no longer apply, raising questions about when might be the optimal time for investors to buy shares.

The recent trajectory of other tech IPOs, such as CoreWeave Inc., offers a mixed perspective on the potential outcomes for SpaceX, Anthropic, and OpenAI. CoreWeave's stock initially opened below its IPO price, only to soar more than 400% to a record high before losing half its gains. This volatility exemplifies the unpredictable nature of tech IPOs and suggests that investors must tread carefully, particularly with companies as influential as SpaceX, Anthropic, and OpenAI poised to enter the market.

The looming IPOs of SpaceX, Anthropic, and OpenAI come at a time when the tech sector is under intense scrutiny and competition. While these companies are individually significant, their combined influence could lead to a paradigm shift in market dynamics. Investors are advised to consider not only the potential for high returns but also the inherent risks associated with investing in such high-profile offerings. The question remains: will the history of poor performance in megacap IPOs be rewritten?

As the countdown to these IPOs continues, the financial community is closely monitoring developments. With SpaceX's potential to become a historic $7.5 trillion company, the stakes are high. Investors are urged to stay informed and prepared for potential volatility as these companies prepare to make their mark on Wall Street.

Recent News 4 of 10, Source: HourlyBusinessNews

June 11 2026: Apple's AI Strategy Sparks Interest in Alphabet and NVIDIA

Apple Inc.'s latest AI announcements have ignited discussions on Wall Street, with analysts reflecting on whether the overhaul of its Siri voice assistant sets the company up for future success in artificial intelligence or reveals an increased dependence on partners such as Alphabet Inc. and NVIDIA Corporation to stay competitive in the rapidly evolving AI landscape.

Following its WWDC keynote on 11th June 2026, Apple faced scrutiny as it lagged behind the Nasdaq, landing at the bottom of the Magnificent Seven. CNBC's MacKenzie Sigal noted that while Apple showcased functional generative AI capabilities through Siri, the anticipated updates will only be available in beta later this year and will not initially reach critical markets like Europe and China.

The market's reaction suggests that investors were left wanting more than the incremental improvements Apple presented. Sigal pointed out that Wall Street did not see the groundbreaking Siri demonstration that could invigorate a new iPhone upgrade cycle or generate new revenue streams within Apple's services business. Notably, Apple has yet to launch a dedicated AI subscription service, although it is testing a paywall for advanced AI features through iCloud Plus.

As Apple leans on Google Cloud and NVIDIA for its AI needs, the implications for its business model are significant. Sigal highlighted that investors are concerned about Apple's nearly 50% gross margin and wonder how the integration of more advanced Siri functionalities and image-generation workflows, which will increasingly depend on Google Cloud and NVIDIA chips, will affect its cost structure. This shift raises questions about whether Apple can maintain its reputation for on-device privacy while managing outside resources.

Despite the immediate market response, some analysts remain optimistic about Apple's long-term prospects. JPMorgan's Samik Chatterjee believes that Apple's Siri revamp could ultimately be a game changer, enhancing the software's integration across Apple's ecosystem. However, several experts, including Gabelli Funds' John Belton and Bernstein's Mark Newman, emphasize that Apple must demonstrate that the revamped Siri is more than just a feature and can evolve into a true platform to compete effectively in the AI space.

Recent News 5 of 10, Source: HourlyBusinessNews

June 10 2026: Alphabet's $80 Billion AI Infrastructure Plan: Semiconductor Stocks to Watch

Alphabet Inc. is set to raise $80 billion to enhance its artificial intelligence (AI) infrastructure, a move that reflects the growing demand for advanced computing capabilities. As the tech giant embarks on this ambitious initiative, investors are increasingly turning their attention to select semiconductor stocks that are poised to benefit from this substantial investment. The announcement was made public on 10th June 2026, highlighting Alphabet's commitment to maintaining its leadership in the rapidly evolving AI landscape.

The AI market is projected to expand significantly, with estimates indicating growth from $390.9 billion in 2025 to nearly $3.5 trillion by 2033, representing a compound annual growth rate (CAGR) of 30.6%. Within this expansive market, spending on AI infrastructure, which includes essential components such as chips, storage solutions, and data centers, is expected to surge from $35.4 billion in 2023 to $223.4 billion by 2030, also reflecting a CAGR of 30.4%. Alphabet's investment underscores its strategic focus on capturing a larger share of this lucrative market.

Several companies are well-positioned to gain from Alphabet's investment. Nvidia and Broadcom have established long-term relationships with Alphabet, supplying critical chips that power various AI applications. Additionally, Taiwan Semiconductor Manufacturing Company (TSMC) dominates the foundry chip market, holding approximately 70% of the market share. Both Nvidia and Broadcom are expected to see increased demand for their products as Alphabet ramps up its AI infrastructure.

Furthermore, reports suggest that Alphabet is in discussions with Marvell Technology to supply two new chips tailored for Google's needs. This potential partnership could further solidify Alphabet's supply chain for AI-related technologies, enhancing its capabilities in the competitive AI arena. As the company moves forward with its plans, investors will be keenly watching how these semiconductor stocks perform in the wake of Alphabet's monumental investment.

In summary, Alphabet's ambitious $80 billion commitment to AI infrastructure not only signifies its dedication to advancing technology but also presents a unique opportunity for investors to explore semiconductor stocks likely to benefit from this trend. The evolving landscape of AI infrastructure promises substantial growth, and companies like Nvidia, Broadcom, and TSMC are well-positioned to capitalize on Alphabet's strategic initiatives.

Recent News 6 of 10, Source: HourlyBusinessNews

June 10 2026: Intel Shares Show Signs of Weakness Following Alphabet's AI Chip Order

Intel shares showed signs of weakness on Tuesday following a noteworthy rally triggered by news that Alphabet Inc. had placed a significant order for AI chips. The stock closed at $107.92, representing a decline of 2.1% after surging 11.2% on Monday. On 10th June 2026, investors reacted cautiously to the stock's drop, as they weighed the implications of Alphabet's order against a backdrop of declining tech stocks.

The sharp decline in Intel's share price on Tuesday came after a notable increase tied to Alphabet's reported order of over 3 million tensor processing units (TPUs) for 2028. These chips are specifically designed for artificial intelligence applications and could potentially bolster Intel's foundry business. Despite the excitement around the order, Intel did not provide any comments, and Reuters was unable to independently verify the details of the order.

Intel's foundry business is under scrutiny as it competes with industry leader Taiwan Semiconductor Manufacturing Co. Investors are increasingly focused on whether this order from Alphabet will translate into significant foundry revenue for Intel. Analyst Jacob Bourne from eMarketer emphasized that major players in AI are eager to diversify their supply chains away from TSMC, adding that backing Intel aligns with U.S. manufacturing initiatives.

Additionally, Intel Foundry's collaboration with Cadence Design Systems to optimize their 14A manufacturing process shows the company's commitment to improving its technology. Cadence CEO Anirudh Devgan described this partnership as a significant milestone for both firms, indicating that Intel is focused on expanding its customer ecosystem in the chip manufacturing space.

As broader market trends unfold, with the S&P 500 and Nasdaq Composite experiencing declines, Intel faces increased volatility. The upcoming inflation data from the U.S. may further influence investor sentiment towards semiconductor stocks. Michael O'Rourke, chief market strategist at JonesTrading, described the day's selling activity as a potential momentum unwind, raising questions about whether the dip in Intel's stock is merely profit-taking or indicative of deeper concerns regarding future foundry revenue.

Recent News 7 of 10, Source: HourlyBusinessNews

June 10 2026: Waymo Expands Testing Grounds with $220M Purchase Near Phoenix

Waymo has made a significant investment in the future of autonomous vehicles by acquiring a sprawling 5,458-acre site outside Phoenix for $220 million. The transaction, reported by the Phoenix Business Journal, was finalized on 10th June 2026, with the land located at the northwest corner of 211th Avenue and Dove Valley Road in Surprise. The seller, Route 14 Investment Partners LLC, is identified as a foreign entity in the state's business database.

The City of Surprise had previously entered into a development agreement with the former owner, allowing for the transfer of obligations to Waymo. This site has a history of use for vehicle testing; Chrysler initially utilized it, followed by Apple, which reportedly tested its own autonomous vehicles there. The extensive proving grounds are strategically situated on the border of Surprise and Wittmann, reinforcing the area as a key location for autonomous vehicle testing.

Waymo has been a fixture in the Phoenix region since launching its early rider program in 2018, establishing it as one of the premier locations for autonomous vehicle trials in the United States. The company began testing on Phoenix-area freeways in early 2024, further solidifying its presence. The newly acquired site features multiple circular tracks and grid-like streets, designed to simulate urban driving conditions while allowing for high-speed maneuvers without compromising safety.

In addition to this recent acquisition, Waymo is deepening its operational footprint in the Phoenix Valley with the opening of its first offices in the area. The company has secured a 40,300-square-foot sublease in Tempe and plans to introduce its new Ojai vehicles—electric four-seat robotaxis developed in collaboration with Chinese automaker Geely—exclusively in Phoenix. This move signals Waymo's commitment to expanding its autonomous vehicle offerings and enhancing local infrastructure.

The competition in the area is heating up, with Toyota also operating a proving ground that spans over 11,000 acres across Wittmann. Last year, Toyota announced a $50 million investment to upgrade its site, which includes a new oval track and off-road park, and began welcoming other companies to utilize the facility for testing. Notably, Waymo's new testing grounds are located near BNSF Railway's proposed $3.2 billion logistics park and intermodal facility, a project that has encountered local resistance and scrutiny from the City of Surprise.

Recent News 8 of 10, Source: HourlyBusinessNews

June 10 2026: Apple Expands Private Cloud Compute to Google Cloud with Nvidia Partnership

Apple Inc. has announced an expansion of its Private Cloud Compute (PCC) platform to Google Cloud, marking a significant milestone for the tech giant. This development, revealed at the Worldwide Developers Conference (WWDC) on 8th June 2026, represents the first instance where Apple's privacy-centric inference infrastructure will function outside its own data centers.

The collaboration involves a robust three-layer hardware trust stack, integrating Nvidia's Blackwell GPUs with confidential computing capabilities, Intel CPUs featuring Trust Domain Extensions (TDX), and Google's Titan security chip. Apple characterized this integration as the first comprehensive, end-to-end confidential inference pipeline that is scalable on a global level, capable of managing demanding workloads related to Apple Intelligence, including advanced reasoning tasks.

With a combined market capitalization exceeding $13.5 trillion, Apple, Alphabet Inc., and Nvidia are positioned at the forefront of the tech industry. As of 10th June 2026, Apple shares were trading at $294.40, while Alphabet's stock stood at $356.63 and Nvidia at $202.64. However, the financial specifics of the arrangement, including capacity commitments and the exact Google Cloud regions involved, remain undisclosed.

The PCC platform, introduced in 2024, serves as Apple's solution for processing AI workloads that surpass on-device capabilities while ensuring privacy. The deployment on Google Cloud retains PCC's five core security principles, including stateless computation and verifiable transparency, ensuring that computation is ephemeral and user data is not stored server-side. Apple maintains full software control over the PCC operating on Google Cloud, with software that is cryptographically approved by Apple.

The partnership underscores Apple's growing inference computing demands, particularly for complex tasks that exceed its existing data center capacities. While Apple has invested significantly in its own infrastructure, the collaboration with Google Cloud is seen as a strategic move to leverage Nvidia's advanced GPU technology and security architecture, essential for handling privacy-sensitive AI workloads effectively.

Recent News 9 of 10, Source: HourlyBusinessNews

June 10 2026: TSMC Sees 30% Sales Surge, Alphabet Inc's AI Ambitions in Focus

Taiwan Semiconductor Manufacturing Co (TSMC) reported a significant 30% rise in its monthly sales, driven by robust demand for artificial intelligence (AI) infrastructure. On the 10th of June 2026, TSMC disclosed revenue figures for May amounting to NT$416.98 billion (approximately US$13.2 billion or RM53.6 billion). This surge also reflects a combined sales increase of around 24% over the previous year for both April and May, as per calculations by Bloomberg.

As Asia's largest company, TSMC has emerged as a vital player in the global AI sector, supplying cutting-edge semiconductors to industry giants like Nvidia Corp and Advanced Micro Devices Inc. This surge comes at a time when companies such as Alphabet Inc, Amazon.com Inc, Meta Platforms Inc, and Microsoft Corp are collectively earmarking US$725 billion for AI-related investments this year, significantly higher than previous forecasts.

TSMC's optimism regarding the demand for AI chips is evident. CEO CC Wei recently informed shareholders that the global supply of chips is expected to lag behind the growing demand for several years. This statement follows Nvidia's Jensen Huang's remarks about ongoing supply constraints. In light of the increased demand, TSMC raised its full-year sales guidance and indicated that capital expenditures could reach the upper limit of an existing forecast, potentially hitting US$56 billion in 2026.

However, TSMC's business is not solely tied to the AI boom. The company also provides chips to smartphone and consumer electronics manufacturers facing challenges such as soaring memory chip costs and adverse consumer sentiment due to rising living expenses. This duality in TSMC's client base underscores the complexity of its market position as it navigates both the high-demand AI segment and the struggling consumer electronics sector.

As TSMC continues to bolster its capabilities and expand its market share in the AI chip domain, the implications for companies like Alphabet Inc are significant. The ongoing investments in AI infrastructure by major tech players indicate a sustained growth trajectory for TSMC and a possible reshaping of the semiconductor landscape.

Recent News 10 of 10, Source: HourlyBusinessNews

June 10 2026: Google Unveils DiffusionGemma: A Leap in Text Generation Speed

Google has officially launched DiffusionGemma, an experimental open model designed to generate text at speeds up to four times faster than traditional language models. This announcement comes on 11th June 2026, marking a significant advancement in the field of artificial intelligence and natural language processing.

The new model, equipped with 26 billion parameters, employs a Mixture of Experts architecture that utilizes text diffusion to generate entire blocks of text simultaneously, rather than processing tokens in a sequential manner. During inference, DiffusionGemma activates only 3.8 billion parameters and is optimized to fit within the 18GB VRAM limitations of high-end consumer GPUs when quantized.

DiffusionGemma can achieve impressive performance metrics, generating over 1,000 tokens per second on a single NVIDIA H100 GPU and over 700 tokens per second on the NVIDIA GeForce RTX 5090 hardware. By generating 256 tokens in parallel with each forward pass, the model allows for bi-directional attention, enabling every token to attend to all others. However, Google has noted that the overall output quality of DiffusionGemma is lower than that of its standard Gemma 4 models.

Released under an Apache 2.0 license on Hugging Face, DiffusionGemma is tailored for researchers and developers who require speed-critical, interactive local workflows for applications such as in-line editing, rapid iteration, and generating non-linear text structures. The model is compatible with various platforms, including MLX, vLLM with Red Hat integration, Hugging Face Transformers, Unsloth, and NVIDIA NeMo.

In collaboration with NVIDIA, Google has optimized DiffusionGemma's performance across multiple hardware setups, including consumer-grade GeForce RTX 5090 and 4090 GPUs, as well as enterprise-grade Hopper and Blackwell systems utilizing NVFP4 kernels. This strategic partnership aims to enhance the capabilities of developers and researchers in leveraging AI for their text generation needs.

SECTION 7 10-Q: 13 CONSEQUENTIAL MANAGEMENT DECISIONS

7.1 Alphabet Inc 10-Q: 13 Consequential Management Decisions

http://www.buysellsignals.com/bst/014991971011106261065

SECTION 8 BULLISH SIGNALS

8.1 Rank in the top 12% by Price Performance in the NASDAQ market

DescriptionValueRank

PV1000 [1 yr] $2,023In Top 12%

Source: Alphabet Inc's, 10-K filing dated February 05, 2026, available at the U.S. Securities and Exchange Commission website: https://www.sec.gov/Archives/edgar/data/1652044/000165204426000018/goog-20251231.htm.company (Alphabet Inc), Ticker(GOOGL)

8.2 Uptrend

Beta > 1 combined with price rise. The Beta of the stock is 1.2.

Price/Moving Average Price of 1.17:

- The Price/MAP 200 for Alphabet Inc is 1.17. Being higher than 1 is a bullish indicator. It is higher than the Price/MAP 200 for the NASDAQ-100 Index of 1.15, a second bullish indicator. The stock is trading above both its MAPs and the 50-day MAP of $361.05 is higher than the 200-day MAP of $305.63, a third bullish indicator. The 200-day MAP has increased to $305.63, a fourth bullish indicator.

Past Quarter:

- In the last three months the stock has hit a new 52-week high eleven times, pointing to a significant uptrend.

8.3 Other Bullish Signals

- Total Liabilities/EBITDA of 1.1 is less than 5, this compares favourably with the Joseph Piotroski benchmark of 5.

- Over the last 3 years average annual compound growth rate of earnings per share was 11.3%. This is considered moderate.

- Net profit margin has averaged 28.5% in the last 3 years. This is considered superior and suggests a high margin of safety.

- As per the Du Pont analysis, Return on Equity is high at 31.8%. This is computed as net profit margin of 32.8% times asset turnover [sales/assets] of 0.68 times leverage factor [total assets/shareholders' equity] of 1.4. Also, this has improved from 30.8% last year.

ROE (%)Profit Margin (%)Asset TurnoverLeverage factor

Current Year31.832.80.681.4

Previous Year30.828.60.781.4

Source: Alphabet Inc's, 10-K filing dated February 05, 2026, available at the U.S. Securities and Exchange Commission website: https://www.sec.gov/Archives/edgar/data/1652044/000165204426000018/goog-20251231.htm.company (Alphabet Inc), Ticker(GOOGL)

8.4 Oversold/Bullish Signals:

- The Relative Strength Index (RSI) of 29.9 has breached the oversold line of 30, suggesting the price decrease of 6.5% in the last 14 days is unusually high.

- The Stochastic indicator of 15.3 has pierced the oversold line of 20; this indicates the price is close to its 14-day low and is likely to revert to an uptrend.

Source: Nasdaq Stock Exchange: https://www.nasdaq.com/market-activity/stocks/GOOGL, company (Alphabet Inc), Ticker(GOOGL)

SECTION 9 ONGOING BULLISH PARAMETERS

9.1 Growth in annual dividends per share and earnings per share

- Alphabet Inc sees dividend rise for a second consecutive year

Alphabet Inc reported dividends per share of 85.0c in the past year, up 4.9% from the previous year. This is the second consecutive dividend increase. In the past 2 years average annual compound growth rate of dividends was 106.2%.

Source: Nasdaq Stock Exchange: https://www.nasdaq.com/market-activity/stocks/GOOGL/dividend-history, company (Alphabet Inc), Ticker(GOOGL)

- EPS growth [FY2025 vs FY2024] of 34.2%:

FYEPS ($)Growth %

202510.9134.2

20248.1339.2

Source: Alphabet Inc's, 10-K filing dated February 05, 2026, available at the U.S. Securities and Exchange Commission website: https://www.sec.gov/Archives/edgar/data/1652044/000165204426000018/goog-20251231.htm.company (Alphabet Inc), Ticker(GOOGL)

9.2 Rule of 40

The stock scores a favorable score exceeding 40 when using the Rule of 40 (Revenue Growth plus EBITDA margin). Y.o.y revenue growth of 15%, EBITDA margin is 39.4% and the sum of the two 54.5% needs to exceed 40%.

Source: Alphabet Inc's, 10-K filing dated February 05, 2026, available at the U.S. Securities and Exchange Commission website: https://www.sec.gov/Archives/edgar/data/1652044/000165204426000018/goog-20251231.htm.company (Alphabet Inc), Ticker(GOOGL)

9.3 Past four-years

- Alphabet Inc rose for a fourth consecutive year. In the past four years it has risen $247.59 (224.7%).

9.4 Rank in the top 95% by Liquidity in the NASDAQ market

DescriptionValueRank

Ave daily turnover$8 billionIn top 95%

Source: Alphabet Inc's, 10-K filing dated February 05, 2026, available at the U.S. Securities and Exchange Commission website: https://www.sec.gov/Archives/edgar/data/1652044/000165204426000018/goog-20251231.htm.company (Alphabet Inc), Ticker(GOOGL)

9.5 Rank in the top 4% by Size in the NASDAQ market

DescriptionValueRank

Tr 12 months Revenue$405.1 billionIn Top 1%

Turnover$10.5 billionIn Top 1%

MCap$2,082 billionIn Top 4%

Source: Alphabet Inc's, 10-K filing dated February 05, 2026, available at the U.S. Securities and Exchange Commission website: https://www.sec.gov/Archives/edgar/data/1652044/000165204426000018/goog-20251231.htm.company (Alphabet Inc), Ticker(GOOGL)

9.6 Rank in the top 13% by Performance in the NASDAQ market

DescriptionValueRank

Net Profit Margin %32.8In Top 12%

EBITDA Margin %39.4In Top 13%

Source: Alphabet Inc's, 10-K filing dated February 05, 2026, available at the U.S. Securities and Exchange Commission website: https://www.sec.gov/Archives/edgar/data/1652044/000165204426000018/goog-20251231.htm.company (Alphabet Inc), Ticker(GOOGL)

9.7 Rank in the top 7% by Productivity in the NASDAQ market

DescriptionValueRank

Return on Assets [ROA] %22.2In Top 4%

Return on Capital Employed [ROCE] %32.2In Top 5%

Return on Equity [ROE] %31.8In Top 7%

Source: Alphabet Inc's, 10-K filing dated February 05, 2026, available at the U.S. Securities and Exchange Commission website: https://www.sec.gov/Archives/edgar/data/1652044/000165204426000018/goog-20251231.htm.company (Alphabet Inc), Ticker(GOOGL)

9.8 Present Value of $1000 Invested in the Past [3 Mo, 1 Yr, 3 Yrs]; The Best Periods with PV$1000 > 1,159

PV$1,0003 mo ago1 yr ago3 yrs ago

GOOGL.NASDAQ$1,160$2,029$2,979

Internet sector$1,232$2,106$2,833

NASDAQ-100 Index$1,181$1,347$2,027

9.9 The Best Periods [1 Yr, 3 Yrs] with Price Change % > 102.2

3-Year price change of 195.3% for Alphabet Inc outperformed the change of 102.7% in the NASDAQ-100 Index for a relative price change of 92.6%.

Price Change %Year3 Years

Alphabet Inc102.3195.3

Internet sector109.2183.3

NASDAQ-100 Index34.2102.7

9.10 Moving Annual Return of 102.8% in the past year:

Moving Annual Return was 102.8% in the past year. Based on a dynamic start date of 5 years ago, the real rate of return has averaged 30%. The Moving Annual Return has been positive in 4 of the last 5 years.

GOOGLClose ($)Dividends ($)Capital Gain / (Loss) %% YieldAnnual Return %

Jun 11357.780.85102.30.5102.8

1 Yr ago176.850.811.80.52.3

2 Yrs ago173.670.243.30.243.5

3 Yrs ago121.16-10-10.0

4 Yrs ago110.19-(8.7)-(8.7)

Close 5 years ago $120.69

Prices are adjusted for a share split. On July 18, 2022 shareholders received 20 shares for every 1 share held prior to that date.

9.11 Created Market Value [CMV] past 20 yrs of $1,663.5 billion

- Market Capitalization has increased by $1,985.5 billion from $96 billion to $2,081.6 billion in the last 20 years. This increase comprises cumulative retained earnings (RETE) of $322 billion and Created Market Value of $1,663.5 billion. The Created Market Value multiple, defined by the change in MCap for every $1 of retained earnings is exemplary at $6.17.

9.12 Sequential growth in EPS [Q1/2026 vs Q4/2025] of 138.2%:

The most recent quarter (Q1/2026) showed a rise of 138.2% in sequential growth of Quarterly EPS.

Quarterly ReportEPS ($)Growth %

Q1/20265.17138.2

Q4/20252.17-24.9

9.13 Annualised Period-based Total Shareholder Returns [TSR %]: The Best Periods with TSR > 19.8%

TSR %1 yr3 yrs5 yrs10 yrs20 yrs

GOOGL.NASDAQ102.943.424.525.819.9

9.14 P/E/G < 1

The price earnings ratio of 28.5 divided by trailing twelve months eps growth of 34.2% corresponds to an attractive P/E/G of 0.8 times; being less than the value benchmark of 1.0.

EPS Growth (%)34.2

P/E/G0.8

P/E28.5

Source: Alphabet Inc's, 10-K filing dated February 05, 2026, available at the U.S. Securities and Exchange Commission website: https://www.sec.gov/Archives/edgar/data/1652044/000165204426000018/goog-20251231.htm.company (Alphabet Inc), Ticker(GOOGL)

9.15 Improved EBIT Margins:

EBIT margin is positive and has seen consecutive rises in the last 3 years.

FYEBIT Margins (%)

202539.4

202434.2

202327.9

202225.2

202135.2

Source: Alphabet Inc's, 10-K filing dated February 05, 2026, available at the U.S. Securities and Exchange Commission website: https://www.sec.gov/Archives/edgar/data/1652044/000165204426000018/goog-20251231.htm.company (Alphabet Inc), Ticker(GOOGL)

9.16 Low Debt to Equity (%)

The debt to equity ratio of 11.2% is under a safe benchmark figure of 50%. However, it has deteriorated from 3.3% a year ago.

YearsDebt to Equity (%)

Dec 202511.21

Dec 20243.35

Dec 20234.19

Dec 20225.74

Dec 20215.89

Source: Alphabet Inc's, 10-K filing dated February 05, 2026, available at the U.S. Securities and Exchange Commission website: https://www.sec.gov/Archives/edgar/data/1652044/000165204426000018/goog-20251231.htm.company (Alphabet Inc), Ticker(GOOGL)

9.17 % Growth in EPS > RPS

EPS growth has consistently exceeded growth in RPS [Revenue Per Share].

EPS growth: Sequential EPS growth (Q1 2026 vs Q4 2025) was up 138.2% and PCP EPS growth (Q1 2026 vs Q1 2025) was up 82.0%. FY EPS growth (FY2025 vs FY2024) was up 34.2%.

RPS growth: Sequential growth in Revenue per share (Q1 2026 vs Q4 2025) was up 15.1% and PCP growth in Revenue per share (Q1 2026 vs Q1 2025) was up 22.6%. FY growth in Revenue per share (FY2025 vs FY2024) was up 17.1%.

(All figures in %)

Sequential growth in EPS (Q1 2026 vs Q4 2025)138.2

Sequential growth in RPS (Q1 2026 vs Q4 2025)15.1

PCP growth in EPS (Q1 2026 vs Q1 2025)82.0

PCP growth in RPS (Q1 2026 vs Q1 2025)22.6

FY growth in EPS (FY2025 vs FY2024)34.2

FY growth in RPS (FY2025 vs FY2024)17.1

9.18 Increased Volume, up 1,633% in 5 years

In the past five years, Average Daily Volume of Trading (ADVT) has increased 1632.7% to 28.2 million shares.

Avg. Daily Volume Traded 12 months ended Jun 11, million shares

YearADVT

202628.2

202530.0

202428.8

202330.6

20221.6

9.19 Increased VWAP, up 104% in 5 years

In the past five years Volume Weighted Average Price (VWAP) has increased by 104.5% to $270.0. Based on a dynamic start date of five years ago, there have been declines in VWAP in 2 out of 5 years.

Past five years, 12 months ended Jun 11 (USD)

YearHigh PriceVWAPLow Price

2026408.37270.0161.54

2025205.97170.03139.96

2024177.2138.73114.34

2023127.91102.4682.61

2022150.22132.02100.99

9.20 Increased share turnover, up 76% in 5 years

In the past five years, average daily share turnover has increased 75.8% to $7.6 billion. This suggests increased liquidity.

Past five years, 12 months ended Jun 11 (USD billion)

YearAverage Daily Turnover

20267.6

20255.1

20244.0

20233.5

20224.3

9.21 Growth > 13% for Revenue and Net Profit:

- Net Profit margin is positive and has seen consecutive rises in recent quarters. [All figures in %]

Qtr-endedRevenue GrowthNet Profit GrowthNet Profit Margin

Mar 26 [Q1 vs Q4]13.9135.862.4

Dec 25 [Q4 vs Q3]-5.7-24.157.9

9.22 Revenue, EPS, and EBITDA:

5-years average annualized earnings growth rate of 29.8%

- Revenue growth rate is positive and has seen consecutive rises in recent years. [compared with previous year, all figures in %]

FYRevenue GrowthEPS GrowthEBITDA Growth

2025153433

2024143940

202392720

202210-19-21

Source: Alphabet Inc's, 10-K filing dated February 05, 2026, available at the U.S. Securities and Exchange Commission website: https://www.sec.gov/Archives/edgar/data/1652044/000165204426000018/goog-20251231.htm.company (Alphabet Inc), Ticker(GOOGL)

9.23 Satisfies four criteria of Benjamin Graham

-""Total debt less than tangible book value""; total debt of USD46.5 billion is less than tangible book value of USD381.9 billion.

-""Current ratio of two or more""; current assets are 2.0 times current liabilities.

-""Total debt equal or less than twice the net quick liquidation value""; total debt of USD46.5 billion is 0.3 times the net liquidation value of USD159.49 billion.

-""Stability of growth in earnings over the last 5 years, defined as no more than two declines of 5% or greater in year-end earnings""; there has been only 1 decline in earnings in the last 5 years.

Source: Alphabet Inc's, 10-K filing dated February 05, 2026, available at the U.S. Securities and Exchange Commission website: https://www.sec.gov/Archives/edgar/data/1652044/000165204426000018/goog-20251231.htm.company (Alphabet Inc), Ticker(GOOGL)

9.24 Satisfies 6 out of 9 criteria of Joseph Piotroski [pass mark 5]:

- Positive net income.

- Positive operating cashflow.

- Good quality of earnings [operating cashflow exceeds net income].

- Improvement in current ratio from 1.8 to 2.0.

- Reduction in total shares on issue.

- Improvement in gross margin [from 58.2% to 59.7%].

But does not meet the following 3 criteria of Joseph Piotroski:

- Return on Assets improvement.

- Improvement in long-term debt to total assets.

- Improvement in asset turnover.

Source: Alphabet Inc's, 10-K filing dated February 05, 2026, available at the U.S. Securities and Exchange Commission website: https://www.sec.gov/Archives/edgar/data/1652044/000165204426000018/goog-20251231.htm.company (Alphabet Inc), Ticker(GOOGL)

9.25 Year-over-year (%) Change in Dividend:

Quarterly dividend for Q1/2026 was 22.0c, up 4.8% sequentially from 21.0c in Q4/2025. The year-on-year change was up 4.8% from 21.0c in the previous corresponding period Q1/2025.

QuarterQ1/2025Q4/2025Q1/2026

Dividend ($ Cents)21.021.022.0

Source: Nasdaq Stock Exchange: https://www.nasdaq.com/market-activity/stocks/GOOGL/dividend-history, company (Alphabet Inc), Ticker(GOOGL)

Source: Nasdaq Stock Exchange: https://www.nasdaq.com/market-activity/stocks/GOOGL, company (Alphabet Inc), Ticker(GOOGL)

SECTION 10 BEARISH SIGNALS

10.1 3-DAY: MODERATE MOMENTUM DOWN

GOOGL dips 1.5% on average volume 0.9 times average. Compared with the NASDAQ-100 Index which rose 31.9 points (or 0.1%) in the 3-days, the relative price change was -1.6%.

The price ranged between a low of $356.38 on Wednesday Jun 10 and a high of $363.96 on Tuesday Jun 09.

10.2 Rank in the bottom 23% by Relative Valuation in the NASDAQ market

DescriptionValueRank

Price to Book Value5.5In Bottom 23%

Price to Sales5.1In Bottom 19%

P/E * P/NTA155.27In Bottom 15%

Dividend Yield %0.2%In Bottom 2%

Source: Alphabet Inc's, 10-K filing dated February 05, 2026, available at the U.S. Securities and Exchange Commission website: https://www.sec.gov/Archives/edgar/data/1652044/000165204426000018/goog-20251231.htm.company (Alphabet Inc), Ticker(GOOGL)

10.3 Downtrend

Negative MACD:

- The Moving Average Convergence Divergence (MACD) indicator of 12-day Exponential Moving Average (EMA) of 368.21 minus the 26-day EMA of 369.94 is negative, suggesting a bearish signal. Both the 12-day EMA as well as the 26-day EMA are falling, another bearish signal.

Past Month:

- Falls to Rises: In the past month the number of falls outnumbered rises 15:8 or 1.9:1.

Past Quarter:

The Worst 3 weeks in the past quarter

The past month witnessed the worst 2 weeks in the past quarter. In the past quarter the steepest fall of 8.9% took place in the week beginning Monday March 23.

Mon-FriChange %NASDAQ-100 Index Change %Vol Ind [1 is avg]

Mar 23-27-8.9-3.20.7

May 18-22-3.51.20.7

Jun 01-05-3-4.51.3

10.4 Other Bearish Signals

- Return on Assets of 22.2% versus sector average of 25.2%.

MCap/Total Assets:

- Tobin's Q Ratio, defined as MCap divided by Total Assets, is 3.5. Compared with the rest of the market the stock is overvalued and ranks in the bottom quartile of stocks by value of Q Ratio.

Source: Alphabet Inc's, 10-K filing dated February 05, 2026, available at the U.S. Securities and Exchange Commission website: https://www.sec.gov/Archives/edgar/data/1652044/000165204426000018/goog-20251231.htm.company (Alphabet Inc), Ticker(GOOGL)

Source: Nasdaq Stock Exchange: https://www.nasdaq.com/market-activity/stocks/GOOGL, company (Alphabet Inc), Ticker(GOOGL)

SECTION 11 CORPORATE PROFILE AND INDEPENDENT RATINGS

11.1 Activities

Alphabet Inc., headquartered in Mountain View, California, is a global technology conglomerate and the parent company of Google, specializing in internet-related services and products. Its core business activities encompass online advertising through Google's search engine, which generates the majority of its revenue; cloud computing via Google Cloud, which has emerged as one of the fastest-growing segments due to increasing demand for scalable infrastructure and AI-driven solutions; digital content platforms like YouTube, where advertising and subscriptions are expanding rapidly; and hardware innovations such as Pixel devices and Nest smart home products. Additionally, Alphabet invests in emerging technologies through ventures like Waymo in autonomous vehicles and Verily in life sciences, further diversifying its portfolio. This strategic focus on innovation and data analytics positions Alphabet as a leader in the digital economy, consistently driving growth in high-potential areas like cloud services and AI applications. It is the NASDAQ's largest Internet company by market capitalisation.

Alphabet Inc (NASDAQ:GOOGL) is a global leader in technological innovation, strategically positioned at the forefront of the burgeoning artificial intelligence and cloud computing markets. The company's massive $190B equity raise underscores its aggressive investment in AI infrastructure, highlighted by ongoing Google AI CapEx and Google data center expansion initiatives. Alphabet's diverse AI portfolio includes Vertex AI, Gemini AI, Bard AI, DeepMind AI, and the powerful Google TPU and Cloud TPU v4, all underpinning the advanced capabilities of the Google Cloud Platform. The strength of Google Cloud AI and Google Cloud GPUs drives superior Google Cloud compute performance, further enhancing competitive advantage. Additionally, Alphabet's robust advertising ecosystem, encompassing Google Ads, YouTube Ads, AdSense, and Google Search ads, continues to generate substantial revenue streams. The company's innovative ventures in Waymo autonomous vehicles, Google Pixel AI, and Nest smart home technology reinforce its market leadership and expansive growth potential for investors.

11.2 Independent Ratings and Relative Value Indicators

+ Clarivate 100:

Alphabet Inc is ranked 12 in the Top 100 innovators by Clarivate Analytics.

+ Brand Finance 500:

It is in the Brand Finance list of the world's 500 Valuable Banking brands by brand value in 2025, ranked 3.

+ PwC 100:

It is in PwC's list of Top 100 Global companies; ranked 5th by market capitalization in 2025.

11.3 Contact Details

Website: www.abc.xyz

Physical Address: 1600 Amphitheatre Parkway, Mountain View, CA,94043

Phone: +1 650 253-0000

Fax: +1 650 253-0001

Email: investor-relations@abc.xyz

11.4 U.S. Industry & Sector

Classification Level: Name of Sector

Economic Sector: Technology

Business Sector: Software & IT Services

Industry Group: Software & IT Services

Industry: Internet Services

SECTION 12 STOCK IDENTIFIERS

ISIN: US02079K3059

PermID: 5030853586

Central Index Key (CIK): 1652044

CUSIP: 02079K305

RIC: GOOGL.O

FIGI: BBG009S4MT03

LEI: 5493006MHB84DD0ZWV18

Created by: www.BuySellSignals.com",984453e2e705e49ac48a8bedeb0c8340adbd7859b75c9dafffa03480cba1b368,ok,,68374,52819,0,week4_lseg_html_v1,True,True
2026-06-15 23:27:23.947,2026-06-15,2026-06-15T00:00:00,2026-06-15T23:59:59,AAPL,AAPL.O,R:AAPL.O and Language:LEN,urn:newsml:newsroom:20260615:nNRA0w92i2:0,newsroom,NS:GLOSTP,"Apple Inc. climbs 8.7% in 2026, but lagging Technology sector",,"NASDAQ END-OF-MONTH STOCK REPORT

Apple Inc.'s (NASDAQ: AAPL) stock price has now climbed $23.75 (or 8.7%) year-to-date (YTD) in 2026 to close at $295.34.

Compared with the NASDAQ-100 Index which has risen 16.6% YTD, this is a relative price change of -7.9% for Apple Inc. shareholders.

Apple Inc. is the NASDAQ's largest Technology company by market cap.

The stock rose the least in the Technology sector which is up 11.5% in 2026.

Apple Inc. (NASDAQ:AAPL) stands as a global leader in technology innovation, driving its ecosystem through the iPhone, MacBook, and Apple Watch product lines. Core offerings such as the iPhone 18 Pro and affordable MacBook Neo highlight Apple's commitment to sleek design and robust performance. The imminent launch of the foldable iPhone signifies the company's strategic push into advanced mobility devices. Innovations like Apple Arcade and the Safari Technology Preview enable richer user experiences, while initiatives in Taiwan chips assembly bolster supply chain resilience. Apple's stronghold in AI, software, and its recycling program underpin its long-term competitive edge and sustainability efforts.

Period-based % Price change, compared with benchmarks

Price Change %1-month3-month3-year

AAPL0.8%13.3%65.5%

Technology sector2%14.3%91.4%

NASDAQ-100 Index0.4%20.8%102.7%

Past quarter momentum up: Apple Inc. surges 13% on below average volume 0.8 times average.

Past month toHighLowVWAPVolume Index *

11 Jun 2026317.40287.38303.860.9

11 May 2026294.49255.83274.920.9

10 Apr 2026261.95258.20253.190.6

[*Volume Index of 0.9 means volume for the month was 0.9 times its 12-month average]

[VWAP is defined as the Volume Weighted Average Price; High Low prices and VWAP are shown in USD]

Financial News

Quarterly Report (Q2/2026):

Release Date: May 06, 2026

Quarterly Report Analysis Quarter ending 31 March 2026: Apple reports 30% sequential fall in Quarterly Net Profit

Apple (NASDAQ:AAPL), announced net profit of $29.6b for the quarter-ended 31 March 2026 [Q2/2026], down 30% from the previous quarter and down 52% from the year-earlier period [Q2/2025].

Sequential comparison and comparison with previous corresponding quarter:

QuarterlyMar 31, 2026Dec 27, 2025Mar 31, 2025Change %Change %

Description$ m$ m$ mQ-on-Q [sequential comparison]Y-on-Y [Quarter vs previous corresponding quarter]

Total Revenue111,184143,75695,359Down 22.7Up 16.6

EBIT35,83351,00229,310Down 29.7Up 22.3

Pre Tax Profit/(Loss)35,83351,00229,310Down 29.7Up 22.3

Profit/(Loss) after Tax29,57842,09724,780Slumped 29.7Up 19.4

Net Assets106,49188,19073,733Up 20.8Up 44.4

APPLE INC. (AAPL) Stock Dashboard [traded in US Dollars, USD] End-of-Day Thu, Jun 11

P/E35.6

EPS (FY2025)$7.49

DPS (past 12 months)$1.02 or 102c

Shares Outstanding14,681,000,000

Last$295.34

AAPL in IndicesNASDAQ-100 [of 100 stocks]

EPS Growth (Q2 2026 vs Q1 2026)-29.1%

Past month's Volume775,819,538

Ave Daily Volume39,812,869 shares

52-Week Price Range$194.30 - $317.40

Trailing Month's Range (In USD)287.38 - 317.40

Dividend Yield % (TTM)0.36

Market Cap$4,335.9 billion

ExchangeNASDAQ [BATS, NSX, NYSE ARCA, Nasdaq]

% of shares outstanding52.4%

SectorTechnology [Rank by MCap 1 of 216 stocks]

VI0.9

PVUSD1000 (10 yr) and TRS$13,494; 29.7%$13,127; 29.4%

Ten years ago the Apple Inc. share price was $22.50. $1,000 would have bought 44.4 Apple Inc. Shares on that day. Those 44.4 Shares would be worth $13,127.0 at today's Share price of $295.34. PV$1000=$13,127. This corresponds to annualized returns (TRS) of 29.4% per annum for an investment in USD ten years ago.

VI* Volume Index = Number of shares traded today/Average number of shares traded per day.

A year ago the Apple Inc. share price was $197.99. $1,000 would have bought 5.1 Apple Inc. shares on that day. Those 5.1 Shares would be worth $1,492 at today's share price of $295.47. PV$1000= $1,492.

Source: Nasdaq Stock Exchange: https://www.nasdaq.com/market-activity/stocks/AAPL, company (Apple Inc.), Ticker(AAPL)

The Past Month

Week 23 of 2026: Up 0.4%; the price ranged between a low of $306.31 on Monday, Jun 01 and a high of $315.20 on Tuesday, Jun 02.

JuneHeadlineClose price [USD]Price change %Relative change %Comment

Mon 01Loses $85 billion (1.8%) in MCap; Chairman Arthur D. Levinson discloses sale306.31-1.8-2.4VI*=1.2

Tue 02Hits year-high 11th time in one month315.22.92.4Top Rise; VI*=1.1

Wed 03Loses $73 billion (1.6%) in MCap, steepest heavyweight fall in Technology sector310.39-1.5-1.2

Thu 04Top gainer in Fund Evaluation Group jumps 22.8% in 64 days311.230.30.8VI*=1.1

Fri 05Top gainer in Fund Evaluation Group jumps 23.1% in 65 days307.39-1.23.5Price rise on beating relative strength

VI= Volume Index, 1 is avg.

Week 24 of 2026: Down 2.1%; the price ranged between a low of $290.36 on Tuesday, Jun 09 and a high of $301.58 on Monday, Jun 08.

JuneHeadlineClose price [USD]Price change %Relative change %Comment

Mon 08Drops 1.9%, 2 days' volume in a day301.58-1.9-3.5VI*=1.4

Tue 09Accelerates decline, down 5.5% in 2 days290.36-3.7-2.6Steepest Fall; VI*=1.2

Wed 10Up 0.4% after an upgrade this week291.580.42.4VI*=1.3

Thu 11In 2nd consecutive rise295.341.3-2Price/MAP50 above 1 and rising

VI= Volume Index, 1 is avg.

Primary Exchange and Other Listings: Trading Currency and Volume

ExchangeTickerCurrencyLastADVTVol % of TotalToday's VI

NasdaqAAPLUSD295.4741,016,65099.90.8

XetraAPCEUR251.240,5640.10.7

Total100.00

1 USD= 0.8659 EUR

DATA & ARCHIVE DOWNLOAD CENTER

AAPL: EXPORT DATA TO EXCEL:

+ PRICE VOLUME - 5-YEAR HISTORY

+ FINANCIALS - 10-YEAR HISTORY [INCLUDING Q2/2026]:

+ SHAREHOLDERS - COMPLETE LIST OF 6015 INSTITUTIONS

+ PEER COMPARISON

AAPL: OTHER INFORMATION:

+ PRICE VOLUME CHARTS

+ SEC FILINGS

+ X POSTS

+ NOTES to ACCOUNTS

+ INSIDER OWNERSHIP AND SELLING IN THE PAST 10 YEARS

+ BOARD OF DIRECTORS

Highlights in this Monthly Report:

SECTION 1 AAPL PAST MONTH PRICE VOLUME DYNAMICS 11TH JUN TO 12TH MAY, 2026

SECTION 2 THE PAST QUARTER: SEC FILINGS

SECTION 3 THE PAST QUARTER: FINANCIALS, ANALYST RATINGS, ESG

SECTION 4 THE PAST YEAR: PRESS RELEASES

SECTION 5 THE PAST QUARTER: X POSTS BY TIM COOK, CEO

SECTION 6 THE PAST QUARTER: NEWS AND BUZZ

SECTION 7 RECENT NEWS

SECTION 8 10-Q: 12 CONSEQUENTIAL MANAGEMENT DECISIONS

SECTION 9 BULLISH SIGNALS

SECTION 10 ONGOING BULLISH PARAMETERS

SECTION 11 BEARISH SIGNALS

SECTION 12 ONGOING BEARISH PARAMETERS

SECTION 13 CORPORATE PROFILE AND INDEPENDENT RATINGS

SECTION 14 STOCK IDENTIFIERS

SECTION 1 AAPL PAST MONTH PRICE VOLUME DYNAMICS 11TH JUN TO 12TH MAY, 2026

(Prices in $)

Average Monthly Volume = 875.9 million shares

Average Monthly Turnover = $10.7 billion

Click here

SECTION 2 THE PAST QUARTER: SEC FILINGS

2.1 The Past Quarter: SEC Filings

http://www.buysellsignals.com/bst/012991971011106267

SECTION 3 THE PAST QUARTER: FINANCIALS, ANALYST RATINGS, ESG

3.1 Quarterly Financials (Quarter ending 31 March 2026)

Apple reports 30% sequential fall in Quarterly Net Profit

Release Date: May 06, 2026

Apple (NASDAQ:AAPL), announced net profit of $29.6b for the quarter-ended 31 March 2026 [Q2/2026], down 30% from the previous quarter and down 52% from the year-earlier period [Q2/2025].

Sequential comparison and comparison with previous corresponding quarter:

QuarterlyMar 31, 2026Dec 27, 2025Mar 31, 2025Change %Change %

Description$ m$ m$ mQ-on-Q [sequential comparison]Y-on-Y [Quarter vs previous corresponding quarter]

Total Revenue111,184143,75695,359Down 22.7Up 16.6

EBIT35,83351,00229,310Down 29.7Up 22.3

Pre Tax Profit/(Loss)35,83351,00229,310Down 29.7Up 22.3

Profit/(Loss) after Tax29,57842,09724,780Slumped 29.7Up 19.4

Net Assets106,49188,19073,733Up 20.8Up 44.4

Per Share figures

Mar 31, 2026Dec 27, 2025Mar 31, 2025Change (%)Change (%)

Description$$$

EPS22.9165cSlumped 29.1Up 22.4

EPS Growth Factor*1.16

* EPS Growth Factor = EPS growth / Net Profit growth

3.2 Analyst Recommendations: Past 34 days

2026BrokerageCurrent RatingPrev TargetPrice Target

Jun 09TD CowenBuy335350

Jun 09Morgan StanleyOverweight330360

Jun 09Maxim GroupBuy310350

May 26Bank of AmericaBuy330380

May 08WedbushOutperform350400

Since December 15, Apple Inc. has had fifty-three analyst rating changes with thirty-nine being upgrades. Apple Inc. is up 8% since December 15.

3.3 STOCK SNIPPETS - ESG

http://www.buysellsignals.com/bst/017991971011106267

SECTION 4 THE PAST YEAR: PRESS RELEASES

4.1 The Past Year: Press Releases

http://www.buysellsignals.com/bst/015991971011106267

SECTION 5 THE PAST QUARTER: X POSTS BY TIM COOK, CEO

5.1 The Past Quarter: X Posts by Tim Cook, CEO

http://www.buysellsignals.com/bst/011991971011106267

SECTION 6 THE PAST QUARTER: NEWS AND BUZZ

6.1 Stock Buzz

Source: Other Publishers

Jun/MayHeadlinePublisher

Thu 11Apple Just Delivered Bad News for OpenAI and Anthropic, but Alphabet Could Be a WinnerAOL

Wed 10Bank of America sends clear message on Apple stock after key eventTheStreet

Wed 10Apple (AAPL) Declined Defies Strong FundamentalsInsider Monkey

Wed 10Apple Unveils AI Reset As Siri Gets Major UpgradeYahoo Finance

Mon 08Flash Heard: Apple s Valuation Sets a High Bar for Its AI UpdateThe Wall Street Journal

Fri 08Nvidia, Apple reset record highs as US stocks melt ever higherAustralian Financial Review

SECTION 7 RECENT NEWS

Recent News 1 of 10, Source: HourlyBusinessNews

June 11 2026: Apple's AI Strategy Sparks Interest in Google and NVIDIA

Apple Inc.'s latest advancements in artificial intelligence have stirred significant discussions on Wall Street, particularly regarding the implications for its partnerships with industry rivals. The unveiling of a revamped Siri during Apple's WWDC event on 11th June 2026 has raised questions about whether the company is poised for a new phase of AI adoption or increasingly reliant on partners like Alphabet Inc. and NVIDIA Corporation to maintain its competitive edge.

Following the keynote, analysts pointed out that Apple's performance has lagged behind the Nasdaq, with some citing the lack of a robust Siri demonstration as a missed opportunity to catalyze a new iPhone upgrade cycle. While the generative AI capabilities are impressive, they will only be available in beta later this year and will initially exclude major markets such as Europe and China. The muted response from investors indicates a growing concern over Apple's strategic positioning in the rapidly evolving AI landscape.

Investor focus has shifted towards Apple's reliance on cloud services and advanced models from Google and NVIDIA. Analysts noted that Apple's nearly 50% gross margin could be impacted if more advanced Siri functionalities and image-generation processes shift to Google Cloud systems and NVIDIA chips. The company's admission that its private cloud cannot handle heavier AI workloads has further fueled this sentiment, positioning Alphabet as an unexpected winner from Apple's recent announcements.

Despite some skepticism, JPMorgan's senior analyst Samik Chatterjee remains optimistic about the long-term potential of Apple's Siri overhaul. He believes that this strategic shift could enhance Siri's integration across Apple's ecosystem, utilizing context from various apps and aligning with proprietary models. Chatterjee has maintained an Overweight rating on Apple, projecting a price target of $325, emphasizing that Apple's investment in software and its extensive device base could support future growth.

As the debate over Apple's AI strategy unfolds, analysts like Gabelli Funds' John Belton and Bernstein's Mark Newman have weighed in on the implications of Apple's capital-light approach. While some argue that Apple must demonstrate that Siri can evolve into a true platform, others contend that its partnerships with Google and NVIDIA allow access to advanced AI models without incurring the massive capital expenditures seen at other tech giants. As the landscape shifts, investors are keenly observing how Apple's AI initiatives will influence its market position and future growth.

Recent News 2 of 10, Source: HourlyBusinessNews

June 11 2026: Apple Inc. Shifts Focus to AI and Services as iPhone Trends Evolve

Apple Inc. has re-emerged as a focal point in the technology sector, intensifying its reliance on artificial intelligence, service offerings, and the imminent iPhone launch to propel its next growth chapter. This shift follows a succession of product and software revelations made during the recent Worldwide Developers Conference (WWDC) held on 11th June 2026.

The discussion is further accentuated by ongoing investor deliberations regarding the robustness of global smartphone demand, as reported by leading business media outlets in early June 2026 alongside recent corporate disclosures. The 2026 WWDC served as a pivotal platform for Apple, showcasing profound AI integration across its operating systems and enhanced on-device processing capabilities.

Apple Inc. positions itself as a vertically integrated technology powerhouse, skillfully designing hardware while developing proprietary software platforms, complemented by an expanding array of digital services. The iPhone remains the linchpin of its ecosystem strategy, as delineated in the company's latest annual report and recent investor presentations spanning 2025 and 2026.

The cornerstone of this business model is to encase users within a tightly knit hardware-software ecosystem that encompasses iPhone, Mac, iPad, Apple Watch, AirPods, and services like iCloud, Apple Music, Apple TV+, and the App Store. This strategy has facilitated the creation of a substantial base of active devices and recurring revenue streams, as evidenced by data from Apple's disclosures and financial media summaries from 2025.

Apple Inc.continues to be one of the most scrutinized technology stocks within the US market, thanks to its integrated model encompassing hardware, software, and services, which engenders diverse revenue streams responsive to varying economic conditions and product life cycles. Recent disclosures regarding AI functionalities and software enhancements have bolstered the strategic emphasis on enriching user engagement across devices and services.

Recent News 3 of 10, Source: HourlyBusinessNews

June 11 2026: Apple Contests Epic's Move to Block Supreme Court Appeal

Apple has filed a detailed 12-page response to Epic Games' attempt to have its Supreme Court petition dismissed, arguing that Epic's own filing 'confirms the need for review.' This development comes on 11th June 2026, as the legal dispute between the two companies continues to unfold.

In its response, Apple takes aim at two central arguments presented by Epic in a 35-page opposition filed on June 4, 2026. The first issue concerns anti-steering practices, where Apple asserts that Epic is mischaracterizing the scope of the injunction. According to Apple, the order only restricts specific anti-steering practices and does not address App Store commissions, thus framing Epic's interpretation as an attempt to rewrite the ruling.

The second point of contention involves the 2025 Supreme Court precedent, 'Trump v. CASA, Inc.' Epic claims that Apple is incorrectly asserting an exemption from this ruling. Apple counters that the earlier decision explicitly states that CASA 'has no bearing' on antitrust cases, rendering Epic's argument moot. This back-and-forth highlights the complexities of antitrust law as it pertains to digital marketplaces.

The ongoing dispute dates back to 2020 when Epic deliberately triggered a conflict with Apple over App Store payment rules. While Apple secured a majority of the original case in 2021, it lost on anti-steering issues, prompting Judge Yvonne Gonzalez Rogers to order Apple to allow developers to link to external payment options. Although Apple complied, it charged a 27% commission on these transactions, which few developers adopted.

In April 2025, the judge found Apple in willful violation of the injunction, leading to a ban on charging any commission on external links. The judge's criticisms of Apple VP of finance Alex Roman for allegedly misleading testimony further complicated the case, resulting in a referral to federal prosecutors for potential criminal contempt. Apple subsequently dropped the link fees and filed an appeal. The Supreme Court is expected to decide whether to accept Apple's appeal as early as June, though a conclusive ruling may take several months.

Recent News 4 of 10, Source: HourlyBusinessNews

June 10 2026: Apple Inc. Steps Into the AI Arena with Strategic Partnerships

Apple Inc. (AAPL) has finally rolled out its full-fledged AI strategy at the Worldwide Developers Conference, leaving investors debating whether the tech giant has secured a seat at Wall Street's booming AI table. On 10th June 2026, Apple unveiled a revamped Siri powered by Apple Intelligence, delivering major upgrades to the voice assistant's conversational capabilities and overall functionality.

Instead of building its AI infrastructure from scratch, Apple has partnered with Google Cloud and Nvidia to accelerate its AI ambitions. The company's proprietary foundation models run on Google Cloud and leverage Nvidia's Blackwell B200 GPUs, while drawing on technologies from Google's Gemini AI suite to form a hybrid on-device and cloud architecture. Basic AI tasks are processed locally on Apple devices, while complex reasoning and advanced agentic functions rely on enhanced private cloud computing via Google's platform.

Sticking to its long-standing privacy priorities, Apple has also adopted Nvidia's hardware-based ambiguous confidential compute to encrypt data during processing, setting it apart from rivals with a security-focused AI approach. The AI debut has split Wall Street analysts, triggering intense market divergence. Bullish analysts remain optimistic about Apple's AI prospects, with Wedbush maintaining an outperform rating and lifting its price target to $400, based on the company's 2.5 billion iOS users creating a massive user base for AI monetization.

Conversely, several financial institutions hold a cautious stance. Barclays has kept an underweight rating with a price target of $253, while UBS maintains a neutral view with a $296 target. Both firms acknowledge the improvements to Siri and Apple Intelligence but caution that the new features are unlikely to drive meaningful growth in iPhone sales in the near term. Market sentiment was clearly reflected in Apple's stock performance, with shares tumbling more than 4.5% following the WWDC announcements.

Apple has a proven record of thriving as a late mover in new industries, having defied bearish outlooks to become the first public company to reach $1 trillion, $2 trillion, and $3 trillion market valuations. Now, armed with a complete AI roadmap, Apple has officially stepped into the mainstream AI arena. However, skepticism lingers for now, as it will take time for its AI technologies to gain traction and deliver sustained share price gains.

Recent News 5 of 10, Source: HourlyBusinessNews

June 10 2026: Apple Inc. Enhances iOS 27 Messages with AI-Powered Features

Apple Inc. has unveiled an update to its iOS Messages feature, integrating advanced artificial intelligence capabilities designed to streamline user interactions and enhance overall functionality. On 11th June 2026, Apple announced that the iOS 27 update will introduce smarter reply suggestions, richer contextual understanding, and improved integration with Siri AI and other iPhone functionalities.

The update does not overhaul the existing iMessage experience but enriches it by making conversations more actionable. The standout feature is the AI-powered reply suggestions that provide users with contextually relevant responses, allowing for quicker communication without the need to leave the conversation. This integration into Apple's broader AI ecosystem aims to make messaging more efficient, particularly in everyday tasks like planning and coordinating events.

Apple's approach to enhancing the Messages app under iOS 27 focuses on practicality rather than novelty. The AI features are intended to assist users in managing their daily communications more effectively. For instance, if a user discusses dinner plans or travel arrangements, the app can suggest replies that align with the conversation's context, thereby minimizing typing and increasing responsiveness.

Privacy remains a key consideration for Apple as it implements these AI-driven features. The company emphasizes its commitment to user privacy, ensuring that the intelligence model aligns with its established privacy standards. Users will have the ability to control how the AI interacts with their messages, keeping the experience personal and secure.

As part of the iOS 27 upgrade, Messages will also interface smoothly with other apps within the Apple ecosystem, enhancing functionality with tools like Calendar and Maps. This interconnectedness ensures that users can access relevant information during phone calls or reminders without manual searching, thereby making the iPhone experience more cohesive and efficient. Overall, the enhancements to iOS 27 Messages signify Apple's commitment to integrating AI thoughtfully and effectively, ensuring that users remain at the center of the experience.

Recent News 6 of 10, Source: HourlyBusinessNews

June 10 2026: Apple Inc. Sets Stricter Standards for App Store Quality Control

Apple Inc. has announced an update to its App Store Review Guidelines, introducing stricter language aimed at filtering out low-quality, low-value, and low-engagement applications. This update, effective from 11th June 2026, expands on existing policies regarding spam and minimum functionality, particularly for apps competing in crowded categories. The revisions grant Apple more authority to reject or remove apps that fail to demonstrate sufficient user engagement or value.

The revised guidelines build upon Apple's longstanding rules against submitting multiple similar apps or flooding saturated categories with low-effort software. While guideline 4.3 previously cautioned developers against such practices, the new language introduces a clear mandate: apps in already saturated categories may face rejection or removal if they do not attract users, retain customers, or provide meaningful value. This shift is significant in a mature App Store where user expectations have evolved beyond mere availability to a demand for quality.

This policy update comes on the heels of WWDC26, where Apple unveiled new tools for developers, including enhancements in Apple Intelligence and cross-platform experiences. Apple is now signaling that developers must not only launch apps but also continuously improve them. The company's message is clear: a submission that once gained approval does not guarantee a permanent place in the App Store if it becomes outdated or functionally redundant.

The implications of these updated guidelines are profound, particularly for developers in crowded categories such as utilities, photo tools, and simple games. Apple is now considering not just whether an app functions but also whether it genuinely adds value to users. This raises new questions for developers about what constitutes sufficient engagement and how Apple will assess the value of niche applications that may serve smaller audiences.

As Apple Inc.continues to refine its App Store policies, the challenge will be ensuring that the enforcement of these new guidelines does not inadvertently penalize smaller developers or those creating specialized apps. The ultimate goal is to foster a healthier App Store environment, free from clutter and low-quality applications, while still encouraging innovation and diversity among developers. The updated rules signal a commitment to maintaining a trusted marketplace where users can find valuable applications that enhance their digital experience.

Recent News 7 of 10, Source: HourlyBusinessNews

June 10 2026: Apple Inc. Enhances Child Safety Features Amid Growing Social Media Concerns

Apple Inc. is taking significant steps to enhance online safety for children as global concerns about social media's impact on youth continue to mount. On 10th June 2026, at its Worldwide Developers Conference, the tech giant previewed a suite of new features designed to give parents greater control over their children's online activities. This initiative aligns with a broader trend of governments implementing stricter regulations on social media use among minors.

The newly introduced tools will allow parents to manage when their children can access certain applications, what content they can view, and with whom they can communicate on their devices. Apple has already established a framework for parental controls, including special accounts for minors, which are mandatory for users under 13. These updates aim to further empower parents in navigating the complexities of digital safety.

The growing scrutiny of social media platforms stems from increasing evidence linking excessive online exposure to mental health challenges, including cyberbullying and anxiety disorders. As a result, tech companies, including Apple, are facing mounting pressure to implement more robust protective measures for young users. The recent moves by various governments to restrict social media access for children reflect a significant shift in regulatory attitudes towards these platforms.

Apple's proactive approach to child safety may also serve to bolster its reputation in an increasingly competitive tech landscape. By prioritizing the well-being of younger audiences, the company is positioning itself as a responsible leader in digital innovation. As more jurisdictions consider or enact legislation to limit social media use among children, Apple's expanded safety features could become a critical differentiator in its product offerings.

As the conversation around child safety and social media continues to evolve, investors may find it prudent to monitor how Apple Inc. adapts to these changing dynamics. The company's commitment to enhancing child safety tools could not only impact its market position but also resonate positively with parents and guardians seeking responsible technology solutions.

Recent News 8 of 10, Source: HourlyBusinessNews

June 10 2026: Apple Inc. Unveils Camp Snoopy Season 2, Premiering June 26

Apple Inc. is gearing up for the premiere of the highly anticipated second season of Camp Snoopy, featuring beloved characters like Snoopy, Charlie Brown, and the Peanuts gang. The season is set to debut globally on June 26, 2026, as confirmed in a trailer released by Apple TV on 11th June 2026.

Following the success of the first season, Camp Snoopy Season 2 will continue to deliver outdoor adventures at Camp Spring Lake. The series, which is based on the iconic Peanuts comic strip by Charles M. Schulz, showcases Snoopy and the Beagle Scouts engaging in activities like hiking, swimming, and the whimsical search for a hedge toad, all while maintaining the familiar charm of the Peanuts universe.

The outdoor setting of Camp Snoopy provides a refreshing take on the Peanuts narrative, allowing for a focus on physical comedy and light-hearted problem-solving. Apple Inc. aims to leverage this engaging content to attract both long-time fans of the franchise and new audiences, as the light-hearted adventures resonate well across various age groups.

As part of its strategy, Apple Inc. has secured an exclusive partnership with WildBrain, Peanuts Worldwide, and Lee Mendelson Film Productions, ensuring that the Peanuts brand remains a cornerstone of its streaming service through 2030. This collaboration has already resulted in a rich catalog of content, including other Peanuts specials and a forthcoming animated feature film, Snoopy Unleashed.

The release of Camp Snoopy Season 2 aligns with Apple Inc.'s broader initiative to enhance its children's programming portfolio. By offering a mix of original series and classic content, Apple TV aims to create a family-friendly viewing experience that encourages repeat engagement, especially during the summer months when audiences seek light-hearted entertainment.

Recent News 9 of 10, Source: HourlyBusinessNews

June 10 2026: Apple's Revamped Siri AI: What It Means for Investors

Apple Inc. has unveiled a significant upgrade to its Siri AI, a move that could reshape the user experience across its product ecosystem. This announcement comes at a time when the tech giant is navigating a complex landscape of market challenges and opportunities. On the 10th of June 2026, investors are keenly assessing whether this new iteration of Siri can translate into tangible benefits that enhance user engagement and, consequently, Apple's competitive position in the market.

The effectiveness of the new Siri AI will hinge on user adoption and execution. Investors are advised to keep a close eye on how well this upgrade integrates into the daily lives of iPhone users. While the initial reception of the Siri AI upgrade has been positive, the real test will be its ability to drive increased engagement among Apple's vast user base, which currently stands at approximately 2.5 billion devices. Analysts note that without effective implementation, the anticipated growth story may falter.

Despite the hype surrounding its technological advancements, Apple was notably absent from the list of the top ten recommended stocks by analysts, reflecting a cautious outlook on its immediate market performance. Concerns regarding Apple's premium valuation, with a P/E ratio near 35, further complicate the sentiment. The Motley Fool's analysts suggest that investors may want to explore alternative stocks that could offer higher returns, underscoring the competitive pressure Apple faces.

In the context of its AI strategy, Apple is actively collaborating with industry giants like Nvidia and Google Cloud. This partnership aims to enhance the capabilities of Siri through advanced technologies, potentially positioning Apple more favorably in the growing AI market. Wedbush analyst Dan Ives has voiced optimism regarding Apple's AI initiatives, setting a price target of $400 for the stock, which indicates a potential upside of 38%. However, investors should remain cautious as market dynamics continue to evolve.

As Apple prepares for the debut of its first foldable iPhone, priced above $2,000, the company is poised to capitalize on a new segment of the smartphone market. The anticipated demand for upgraded devices could provide a boost to revenue, especially as Apple aims to sustain the momentum from its record iPhone sales. In summary, while Apple's new Siri AI presents an exciting opportunity, the path forward will depend on user adoption and market execution, making it vital for investors to monitor these developments closely.

Recent News 10 of 10, Source: HourlyBusinessNews

June 10 2026: Nvidia Gains Apple AI Backing, Yet Shares Remain Stagnant

Nvidia gains a significant endorsement from Apple Inc. as the tech giant announced plans to utilize Nvidia GPUs for its most demanding AI tasks. However, despite this positive development, Nvidia's stock closed at $208.19 on 10th June 2026, down 45 cents, reflecting a broader weakness in tech shares.

On this day, Nvidia's stock performance mirrored the broader tech sector, which saw the Nasdaq Composite decline by 1% and the Philadelphia semiconductor index fall by 1.9%. Investor sentiment appears to be shifting away from AI stocks, with Nvidia being no exception to this trend, even after receiving Apple's nod for its AI initiatives.

The collaboration marks a notable shift for Apple, as the company has traditionally relied on in-house hardware solutions. By opting for Nvidia's GPUs hosted on Google Cloud, Apple is venturing outside its established data center infrastructure for the first time. The new AFM 3 Cloud Pro model, designed for advanced AI tasks, will run on Nvidia hardware, although the extent of business this partnership will generate for Nvidia remains uncertain.

Analysts have noted that while Apple's move can be interpreted as a validation of Nvidia's capabilities in the AI space, it does not guarantee substantial revenue gains. With Apple sourcing Nvidia chips through Google Cloud, Alphabet finds itself positioned as both a competitor and a customer in the AI-chip market. Furthermore, recent reports suggest that Google is expanding its own capabilities by ordering millions of tensor processing units from Intel, further complicating Nvidia's standing in the competitive landscape.

Despite the current fluctuations in stock prices, Nvidia continues to demonstrate robust financial performance, recently reporting fiscal first-quarter revenues of $81.6 billion, reflecting an 85% increase year-over-year. CEO Jensen Huang emphasized the rapid expansion of Nvidia's AI infrastructure, but the market's reaction to Apple's collaboration raises questions about whether this partnership will translate into significant demand or merely serve as a fleeting piece of positive news amid a crowded AI investment landscape.

SECTION 8 10-Q: 12 CONSEQUENTIAL MANAGEMENT DECISIONS

8.1 Apple Inc. 10-Q: 12 Consequential Management Decisions

http://www.buysellsignals.com/bst/014991971011106267

SECTION 9 BULLISH SIGNALS

9.1 Rank in the top 22% by Price Performance in the NASDAQ market

DescriptionValueRank

PV1000 [1 yr] $1,492In Top 22%

Source: Apple Inc.'s, 10-K filing dated October 31, 2025, available at the U.S. Securities and Exchange Commission website: https://www.sec.gov/Archives/edgar/data/320193/000032019325000079/aapl-20250927.htm and Apple Inc.'s website: https://investor.apple.com/investor-relations/default.aspx.company (Apple Inc.), Ticker(AAPL)

9.2 Uptrend

Price/Moving Average Price of 1.13 and positive MACD:

- The Price/MAP 200 for Apple Inc. is 1.13. Being higher than 1 is a bullish indicator. The stock is trading above both its MAPs and the 50-day MAP of $284.88 is higher than the 200-day MAP of $261.72, a second bullish indicator. The 200-day MAP has increased to $261.72, a third bullish indicator.

- The Moving Average Convergence Divergence (MACD) indicator of 12-day Exponential Moving Average (EMA) of 301.14 minus the 26-day EMA of 297.63 is positive, suggesting a bullish signal.

Past Quarter:

- In the last three months the stock has hit a new 52-week high thirteen times, pointing to a significant uptrend.

9.3 Other Bullish Signals

- Total Liabilities/EBITDA of 2.2 is less than 5, this compares favourably with the Joseph Piotroski benchmark of 5.

- Return on Assets of 31.2% versus sector average of 19.7% and market average of 8.0%.

- Net profit margin has averaged 25.4% in the last 3 years. This is considered superior and suggests a high margin of safety.

Source: Apple Inc.'s, 10-K filing dated October 31, 2025, available at the U.S. Securities and Exchange Commission website: https://www.sec.gov/Archives/edgar/data/320193/000032019325000079/aapl-20250927.htm and Apple Inc.'s website: https://investor.apple.com/investor-relations/default.aspx.company (Apple Inc.), Ticker(AAPL)

Source: Nasdaq Stock Exchange: https://www.nasdaq.com/market-activity/stocks/AAPL, company (Apple Inc.), Ticker(AAPL)

SECTION 10 ONGOING BULLISH PARAMETERS

10.1 Growth in annual dividends per share and earnings per share

- Apple Inc. sees dividend rise for a thirteenth consecutive year

Apple Inc. reported dividends per share of $1.05 in the past year, up 4.0% from the previous year. This is the thirteenth consecutive dividend increase. In the past 13 years average annual compound growth rate of dividends was 7.9%.

Source: Nasdaq Stock Exchange: https://www.nasdaq.com/market-activity/stocks/AAPL/dividend-history, company (Apple Inc.), Ticker(AAPL)

- EPS growth [FY2025 vs FY2024] of 22.6%:

FYEPS ($)Growth %

20257.4922.6

20246.11-0.8

Source: Apple Inc.'s, 10-K filing dated October 31, 2025, available at the U.S. Securities and Exchange Commission website: https://www.sec.gov/Archives/edgar/data/320193/000032019325000079/aapl-20250927.htm and Apple Inc.'s website: https://investor.apple.com/investor-relations/default.aspx.company (Apple Inc.), Ticker(AAPL)

10.2 Rank in the top 98% by Liquidity in the NASDAQ market

DescriptionValueRank

Ave daily turnover$10 billionIn top 98%

Source: Apple Inc.'s, 10-K filing dated October 31, 2025, available at the U.S. Securities and Exchange Commission website: https://www.sec.gov/Archives/edgar/data/320193/000032019325000079/aapl-20250927.htm and Apple Inc.'s website: https://investor.apple.com/investor-relations/default.aspx.company (Apple Inc.), Ticker(AAPL)

10.3 Rank in the top 2% by Size in the NASDAQ market

DescriptionValueRank

Turnover$9.3 billionIn Top 1%

Tr 12 months Revenue$451.4 billionIn Top 1%

MCap$4,338 billionIn Top 2%

Source: Apple Inc.'s, 10-K filing dated October 31, 2025, available at the U.S. Securities and Exchange Commission website: https://www.sec.gov/Archives/edgar/data/320193/000032019325000079/aapl-20250927.htm and Apple Inc.'s website: https://investor.apple.com/investor-relations/default.aspx.company (Apple Inc.), Ticker(AAPL)

10.4 Past quarter momentum up: Apple Inc. surges 13% on below average volume 0.8 times average.

Past month toHighLowVWAPVolume Index *

11 Jun 2026317.40287.38303.810.9

11 May 2026294.49255.83274.920.9

10 Apr 2026261.95258.20253.190.6

[*Volume Index of 0.9 means volume for the month was 0.9 times its 12-month average]

[VWAP is defined as the Volume Weighted Average Price; High Low prices and VWAP are shown in USD]

10.5 Rank in the top 19% by Performance in the NASDAQ market

DescriptionValueRank

Net Profit Margin %26.9In Top 17%

EBITDA Margin %31.9In Top 19%

Source: Apple Inc.'s, 10-K filing dated October 31, 2025, available at the U.S. Securities and Exchange Commission website: https://www.sec.gov/Archives/edgar/data/320193/000032019325000079/aapl-20250927.htm and Apple Inc.'s website: https://investor.apple.com/investor-relations/default.aspx.company (Apple Inc.), Ticker(AAPL)

10.6 Rank in the top 2% by Productivity in the NASDAQ market

DescriptionValueRank

Return on Assets [ROA] %31.2In Top 2%

Source: Apple Inc.'s, 10-K filing dated October 31, 2025, available at the U.S. Securities and Exchange Commission website: https://www.sec.gov/Archives/edgar/data/320193/000032019325000079/aapl-20250927.htm and Apple Inc.'s website: https://investor.apple.com/investor-relations/default.aspx.company (Apple Inc.), Ticker(AAPL)

10.7 Present Value of $1000 Invested in the Past [3 Mo, 1 Yr, 3 Yrs]; The Best Periods with PV$1000 > 1,134

PV$1,0003 mo ago1 yr ago3 yrs ago

AAPL.NASDAQ$1,135$1,498$1,679

Technology sector$1,142$1,358$1,913

NASDAQ-100 Index$1,181$1,347$2,027

10.8 Past year: price rise of 49.2%

1-Year price change of 49.2% for Apple Inc. outperformed the change of 34.2% in the NASDAQ-100 Index for a relative price change of 15%.

Price Change %Year

Apple Inc.49.2

Technology sector34.2

NASDAQ-100 Index34.2

10.9 Moving Annual Return of 49.8% in the past year:

Moving Annual Return was 49.8% in the past year. Based on a dynamic start date of 5 years ago, the real rate of return has averaged 21%. The Moving Annual Return has consistently exceeded 3%.

AAPLClose ($)Dividends ($)Capital Gain %% YieldAnnual Return %

Jun 11295.471.0549.20.549.8

1 Yr ago197.991.013.40.53.9

2 Yrs ago191.460.977.30.57.8

3 Yrs ago178.460.9332.80.733.4

4 Yrs ago134.430.899.40.710.1

Close 5 years ago $122.93

10.10 MCap: 5-Year Increase of $2,227 B (106%)

In the past 5 years Market Capitalization has increased by $2,227 billion (106%) from $2,110.8 billion to $4,337.8 billion. Based on a dynamic start date of 5 years ago, there has been no decline in MCap over the last 5 years.

PriceMCap ($ B)

Last$295.474,337.8

1 Year ago$197.992,969.8

2 Years ago$191.462,960.5

3 Years ago$178.462,863.1

4 Years ago$134.432,220.1

5 Years ago$122.932,110.8

10.11 AAPL.NASDAQ Annualised Period-based Total Shareholder Returns [TSR %]: The Best Periods with TSR > 18.5%

1 yr3 yrs5 yrs10 yrs20 yrs30 yrs

49.818.619.829.729.327.8

10.12 Improved EBIT Margins:

EBIT margin is positive and has seen consecutive rises in the last 4 years.

FYEBIT Margins (%)

202531.9

202431.6

202329.7

202228.6

202128.3

Source: Apple Inc.'s, 10-K filing dated October 31, 2025, available at the U.S. Securities and Exchange Commission website: https://www.sec.gov/Archives/edgar/data/320193/000032019325000079/aapl-20250927.htm and Apple Inc.'s website: https://investor.apple.com/investor-relations/default.aspx.company (Apple Inc.), Ticker(AAPL)

10.13 Low Debt to Equity (%) and Reducing

The debt to equity ratio of 10.8% is under a safe benchmark figure of 50%. Moreover, it has improved from 17.5% a year ago.

YearsDebt to Equity (%)

Sep 202510.82

Sep 202417.5

Sep 20239.63

Sep 202219.7

Sep 20219.51

Source: Apple Inc.'s, 10-K filing dated October 31, 2025, available at the U.S. Securities and Exchange Commission website: https://www.sec.gov/Archives/edgar/data/320193/000032019325000079/aapl-20250927.htm and Apple Inc.'s website: https://investor.apple.com/investor-relations/default.aspx.company (Apple Inc.), Ticker(AAPL)

10.14 A 72.8% Decrease in Insider Selling

In the past 5 years a total of 8,530,046 Apple Inc. shares worth $1.5 billion were sold by insiders. Based on a dynamic start date of 5 years ago, insider selling has averaged 1,706,009 shares per year. In the past year, insiders sold 527,108 shares, a decrease of 72.8% from the previous year.

YearNo. of SharesValue, $

Jun 11, 2026527,108145,118,775

1 Yr ago1,941,221438,004,813

2 Yrs ago1,735,867304,871,903

3 Yrs ago1,239,101194,224,029

4 Yrs ago3,086,749461,133,251

Total8,530,0461,543,352,772

Source: U.S. Securities and Exchange Commission (SEC Form 4) https://www.sec.gov/edgar/browse/?CIK=320193, company (Apple Inc.), Ticker(AAPL)

10.15 Increased VWAP, up 63% in 5 years

In the past five years Volume Weighted Average Price (VWAP) has increased by 63.0% to $249.68. Based on a dynamic start date of five years ago, there have been declines in VWAP in 2 out of 5 years.

Past five years, 12 months ended Jun 11 (USD)

YearHigh PriceVWAPLow Price

2026317.4249.68194.3

2025258.45219.52168.32

2024205.38180.49162.45

2023182.39148.75122.68

2022178.85153.2123.86

10.16 Satisfies two criteria of Benjamin Graham

-""Total debt less than tangible book value""; total debt of USD8.0 billion is less than tangible book value of USD73.7 billion.

-""Total debt equal or less than twice the net quick liquidation value""; total debt of USD8.0 billion is 0.1 times the net liquidation value of USD139.98 billion.

Source: Apple Inc.'s, 10-K filing dated October 31, 2025, available at the U.S. Securities and Exchange Commission website: https://www.sec.gov/Archives/edgar/data/320193/000032019325000079/aapl-20250927.htm and Apple Inc.'s website: https://investor.apple.com/investor-relations/default.aspx.company (Apple Inc.), Ticker(AAPL)

10.17 Satisfies 5 out of 9 criteria of Joseph Piotroski [pass mark 5]:

- Positive net income.

- Positive operating cashflow.

- Return on Assets improvement [from 25.7% to 31.2%].

- Reduction in total shares on issue.

- Improvement in gross margin [from 46.2% to 46.9%].

But does not meet the following 4 criteria of Joseph Piotroski:

- Good quality of earnings [operating cashflow exceeds net income].

- Improvement in long-term debt to total assets.

- Improvement in current ratio.

- Improvement in asset turnover.

Source: Apple Inc.'s, 10-K filing dated October 31, 2025, available at the U.S. Securities and Exchange Commission website: https://www.sec.gov/Archives/edgar/data/320193/000032019325000079/aapl-20250927.htm and Apple Inc.'s website: https://investor.apple.com/investor-relations/default.aspx.company (Apple Inc.), Ticker(AAPL)

10.18 Year-over-year (%) Change in Dividend:

Quarterly dividend for Q2/2026 was 27.0c, up 3.8% sequentially from 26.0c in Q1/2026. The year-on-year change was up 3.8% from 26.0c in the previous corresponding period Q2/2025.

QuarterQ2/2025Q1/2026Q2/2026

Dividend ($ Cents)26.026.027.0

Source: Nasdaq Stock Exchange: https://www.nasdaq.com/market-activity/stocks/AAPL/dividend-history, company (Apple Inc.), Ticker(AAPL)

Source: Nasdaq Stock Exchange: https://www.nasdaq.com/market-activity/stocks/AAPL, company (Apple Inc.), Ticker(AAPL)

SECTION 11 BEARISH SIGNALS

11.1 3-DAY: MODERATE MOMENTUM DOWN

AAPL decreases 2.0% on firm volume 1.1 times average. Compared with the NASDAQ-100 Index which rose 31.9 points (or 0.1%) in the 3-days, the relative price change was -2.1%.

The price ranged between a high of $295.47 on Thursday Jun 11 and a low of $290.36 on Tuesday Jun 09.

11.2 Rank in the bottom 24% by Relative Valuation in the NASDAQ market

DescriptionValueRank

Price/Earnings/Growth1.58In Bottom 24%

Price to Sales9.6In Bottom 7%

Dividend Yield %0.4%In Bottom 5%

Source: Apple Inc.'s, 10-K filing dated October 31, 2025, available at the U.S. Securities and Exchange Commission website: https://www.sec.gov/Archives/edgar/data/320193/000032019325000079/aapl-20250927.htm and Apple Inc.'s website: https://investor.apple.com/investor-relations/default.aspx.company (Apple Inc.), Ticker(AAPL)

11.3 Downtrend

Trailing Relative Strength (6 months) at 46 percentile:

- The stock has a 6-month relative strength of 46 in the NASDAQ market of 2,849 stocks and 2 ADRs which means it has underperformed 54% of the market.

11.4 Other Bearish Signals

MCap/Total Assets:

- Tobin's Q Ratio, defined as MCap divided by Total Assets, is 12.1. Compared with the rest of the market the stock is overvalued and ranks in the bottom 3% of stocks by value of Q Ratio.

Source: Apple Inc.'s, 10-K filing dated October 31, 2025, available at the U.S. Securities and Exchange Commission website: https://www.sec.gov/Archives/edgar/data/320193/000032019325000079/aapl-20250927.htm and Apple Inc.'s website: https://investor.apple.com/investor-relations/default.aspx.company (Apple Inc.), Ticker(AAPL)

Source: Nasdaq Stock Exchange: https://www.nasdaq.com/market-activity/stocks/AAPL, company (Apple Inc.), Ticker(AAPL)

SECTION 12 ONGOING BEARISH PARAMETERS

12.1 Sequential EPS growth [Q2/2026 vs Q1/2026] of -29.1%:

The most recent quarter (Q2/2026) showed a decline of 29.1% in sequential growth of Quarterly EPS.

Quarterly ReportEPS ($)Growth %

Q2/20262.02-29.1

Q1/20262.8554.1

12.2 P/E/G > 1

The price earnings ratio of 35.6 divided by trailing twelve months eps growth of 22.6% corresponds to P/E/G of 1.6 times.

EPS Growth (%)22.6

P/E/G1.6

P/E35.6

Source: Apple Inc.'s, 10-K filing dated October 31, 2025, available at the U.S. Securities and Exchange Commission website: https://www.sec.gov/Archives/edgar/data/320193/000032019325000079/aapl-20250927.htm and Apple Inc.'s website: https://investor.apple.com/investor-relations/default.aspx.company (Apple Inc.), Ticker(AAPL)

12.3 % Growth in EPS & RPS

EPS growth: Sequential EPS growth (Q2 2026 vs Q1 2026) was down 29.1% and PCP EPS growth (Q2 2026 vs Q2 2025) was down 50.2%. FY EPS growth (FY2025 vs FY2024) was up 22.6%.

RPS growth: Sequential growth in Revenue per share (Q2 2026 vs Q1 2026) was down 22.2% and PCP growth in Revenue per share (Q2 2026 vs Q2 2025) was down 48.1%. FY growth in Revenue per share (FY2025 vs FY2024) was up 9.3%.

(All figures in %)

Sequential growth in EPS (Q2 2026 vs Q1 2026)-29.1

Sequential growth in RPS (Q2 2026 vs Q1 2026)-22.2

PCP growth in EPS (Q2 2026 vs Q2 2025)-50.2

PCP growth in RPS (Q2 2026 vs Q2 2025)-48.1

FY growth in EPS (FY2025 vs FY2024)22.6

FY growth in RPS (FY2025 vs FY2024)9.3

12.4 Declining Volume, down 55% in 5 years

In the past five years, Average Daily Volume of Trading (ADVT) has decreased 55.0% to 39.8 million shares.

Avg. Daily Volume Traded 12 months ended Jun 11, million shares

YearADVT

202639.8

202554.3

202457.8

202373.2

202288.6

12.5 Declining share turnover, down 27% in 5 years

In the past five years, average daily share turnover has decreased 27.0% to $10 billion. This suggests decreased liquidity.

Past five years, 12 months ended Jun 11 (USD billion)

YearAverage Daily Turnover

202610.0

202511.9

202410.5

202310.9

202213.7

Source: Nasdaq Stock Exchange: https://www.nasdaq.com/market-activity/stocks/AAPL, company (Apple Inc.), Ticker(AAPL)

SECTION 13 CORPORATE PROFILE AND INDEPENDENT RATINGS

13.1 Activities

Apple Inc., a leading technology company listed on the Nasdaq (ticker: AAPL), specializes in designing, manufacturing, and marketing a wide range of consumer electronics, software, and online services. At its core, the company focuses on innovative hardware products such as the iPhone, iPad, Mac computers, Apple Watch, and accessories, alongside software ecosystems like iOS and macOS, and services including the App Store, iCloud, Apple Music, and Apple Pay. These offerings drive seamless user experiences and ecosystem loyalty. The fastest-growing segments include services, which have expanded rapidly through digital subscriptions and content delivery, generating increasing revenue from app transactions, streaming, and cloud storage. Additionally, wearables and accessories, led by the Apple Watch and AirPods, have seen strong growth due to health features and wireless technology advancements. Apple's commitment to innovation and sustainability continues to solidify its position as a global leader in technology. It is the NASDAQ's largest Technology company by market capitalisation.

Apple Inc. (NASDAQ:AAPL) is advancing its strategic endeavors with the recent acquisition of the Animato animation studio, a key player in avatar design and technology. The Animato acquisition underlines Apple's commitment to enhancing its software capabilities by integrating cutting-edge avatar technology into its offerings. Apple looks to amplify its market position through immersive Apple AR avatars and Apple Vision Pro avatars, leveraging technology developed by Animato founders. By incorporating the Animato avatar studio's expertise, Apple is poised to scale its Apple avatar tools for developers, supporting a robust Apple developer avatar SDK. This integration offers a competitive advantage in the burgeoning fields of metaverse and spatial computing, where Apple's personalized avatars facilitate innovative user interactions. Through the Apple iOS avatar feature and Apple avatar integration iOS, Apple is creating a seamless user experience poised to drive growth in the AR/VR sector.

13.2 Independent Ratings and Relative Value Indicators

+ Clarivate 100:

Apple Inc. is ranked 10 in the Top 100 innovators by Clarivate Analytics.

+ Brand Finance 500:

It is in the Brand Finance list of the world's 500 Valuable Banking brands by brand value in 2025, ranked 1.

+ PwC 100:

It is in PwC's list of Top 100 Global companies; ranked 1st by market capitalization in 2025.

+ Corporate Knights:

It is ranked 69 by Corporate Knights Capital in the World's 100 most sustainable corporations 2025.

+ Fortune 500:

It is in the Fortune list of Top 500 Global companies by Revenues in 2025, ranked 7.

13.3 Contact Details

Website: http://www.apple.com

Physical Address: 1 Infinite Loop, Cupertino, CA,95014

Phone: +1 408 996-1010

Fax: +1 408 974-2483

Email: investor_relations@apple.com

13.4 U.S. Industry & Sector

Classification Level: Name of Sector

Economic Sector: Technology

SECTION 14 STOCK IDENTIFIERS

ISIN: US0378331005

PermID: 4295905573

Central Index Key (CIK): 320193

CUSIP: 037833100

RIC: AAPL.O

FIGI: BBG000B9Y5X2

LEI: HWUPKR0MPOU8FGXBT394

Created by: www.BuySellSignals.com",30184b59cb5a8f11a7e40b72fb6102888e116159540f036511096eacc199b874,ok,,70045,51847,0,week4_lseg_html_v1,True,True
2026-06-15 23:18:15.269,2026-06-15,2026-06-15T00:00:00,2026-06-15T23:59:59,AAPL,AAPL.O,R:AAPL.O and Language:LEN,urn:newsml:newsroom:20260615:nNRA0w8y4z:0,newsroom,NS:TRADAJ,Apple (NASDAQ:AAPL) Stock Price Up 1.8% – Here's Why,,"Jun 14, 2026

Apple Inc. (NASDAQ:AAPL - Get Free Report)'s share price rose 1.8% during trading on Monday . The company traded as high as $297.78 and last traded at $296.42. Approximately 45,258,439 shares traded hands during trading, a decline of 5% from the average daily volume of 47,783,438 shares. The stock had previously closed at $291.13.

Here are the key news stories impacting Apple this week:

Trending Headlines about Apple

Positive Sentiment: Apples iOS 27 and Siri updates suggest its AI strategy is taking shape, which could help reassure investors looking for stronger AI execution and support the stocks recent strength. Apples AI Plans Are Finally Taking Shape. Heres What That Means for AAPL Stock.

Positive Sentiment: Reports that iOS 27 makes older iPhones run faster and last longer could encourage users to keep devices longer, while still reinforcing Apples software advantage and Services ecosystem. How Apple Is Making Your Older iPhone Run Faster and Stay Alive Longer - WIRED

Positive Sentiment: Wall Street commentary remains broadly constructive, with analyst targets clustered above the current trading range and several firms reiterating buy/outperform views. Is Apple (AAPL) a Buy as Wall Street Analysts Look Optimistic?

Analyst Upgrades and Downgrades

AAPL has been the subject of a number of research analyst reports. The Goldman Sachs Group reiterated a ""buy"" rating on shares of Apple in a report on Monday, March 2nd. Maxim Group restated a ""buy"" rating and set a $350.00 price objective (up from $310.00) on shares of Apple in a research report on Tuesday, June 9th. Barclays restated an ""underweight"" rating on shares of Apple in a research report on Tuesday, June 9th. Monness Crespi & Hardt raised their price objective on shares of Apple from $315.00 to $335.00 and gave the stock a ""buy"" rating in a research report on Friday, May 1st. Finally, Tigress Financial restated a ""strong-buy"" rating and set a $375.00 price objective (up from $305.00) on shares of Apple in a research report on Thursday, May 14th. One investment analyst has rated the stock with a Strong Buy rating, twenty-three have given a Buy rating, ten have assigned a Hold rating and one has assigned a Sell rating to the stock. According to data from MarketBeat, the company has a consensus rating of ""Moderate Buy"" and an average price target of $314.59.

View Our Latest Stock Analysis on Apple

Apple Price Performance

The company's 50-day simple moving average is $285.64 and its 200-day simple moving average is $272.25. The company has a debt-to-equity ratio of 0.70, a current ratio of 1.07 and a quick ratio of 1.02. The stock has a market capitalization of $4.35 trillion, a price-to-earnings ratio of 35.84, a P/E/G ratio of 2.53 and a beta of 1.09.

Apple (NASDAQ:AAPL - Get Free Report) last issued its quarterly earnings data on Thursday, April 30th. The iPhone maker reported $2.01 earnings per share (EPS) for the quarter, topping the consensus estimate of $1.95 by $0.06. Apple had a net margin of 27.15% and a return on equity of 146.69%. The firm had revenue of $111.18 billion during the quarter, compared to the consensus estimate of $109.46 billion. During the same period last year, the business posted $1.65 earnings per share. The business's revenue for the quarter was up 16.6% compared to the same quarter last year. Research analysts forecast that Apple Inc. will post 8.75 earnings per share for the current fiscal year.

Apple Increases Dividend

The firm also recently declared a quarterly dividend, which was paid on Thursday, May 14th. Stockholders of record on Monday, May 11th were given a $0.27 dividend. The ex-dividend date was Monday, May 11th. This is a positive change from Apple's previous quarterly dividend of $0.26. This represents a $1.08 dividend on an annualized basis and a dividend yield of 0.4%. Apple's dividend payout ratio (DPR) is presently 13.06%.

Insider Buying and Selling at Apple

In other news, insider Ben Borders sold 1,274 shares of Apple stock in a transaction that occurred on Friday, May 8th. The shares were sold at an average price of $290.00, for a total value of $369,460.00. Following the completion of the sale, the insider directly owned 38,713 shares in the company, valued at approximately $11,226,770. The trade was a 3.19% decrease in their ownership of the stock. The transaction was disclosed in a filing with the Securities & Exchange Commission, which is accessible through this link. Also, CFO Kevan Parekh sold 1,534 shares of Apple stock in a transaction that occurred on Thursday, April 23rd. The shares were sold at an average price of $275.00, for a total transaction of $421,850.00. Following the completion of the sale, the chief financial officer owned 13,366 shares of the company's stock, valued at approximately $3,675,650. The trade was a 10.30% decrease in their ownership of the stock. Additional details regarding this sale are available in the official SEC disclosure. Insiders have sold a total of 97,759 shares of company stock valued at $24,964,305 in the last three months. Corporate insiders own 0.06% of the company's stock.

Institutional Investors Weigh In On Apple

Hedge funds and other institutional investors have recently made changes to their positions in the business. Overbrook Management Corp grew its position in shares of Apple by 57.4% in the 4th quarter. Overbrook Management Corp now owns 104,648 shares of the iPhone maker's stock valued at $28,449,000 after buying an additional 38,174 shares during the last quarter. Tufton Capital Management grew its position in shares of Apple by 4.3% in the 3rd quarter. Tufton Capital Management now owns 100,130 shares of the iPhone maker's stock valued at $25,496,000 after buying an additional 4,157 shares during the last quarter. Torren Management LLC bought a new stake in shares of Apple in the 4th quarter valued at about $1,178,000. KBC Group NV grew its position in shares of Apple by 3.1% in the 4th quarter. KBC Group NV now owns 7,044,697 shares of the iPhone maker's stock valued at $1,915,172,000 after buying an additional 214,215 shares during the last quarter. Finally, Adventist Health System Sunbelt Healthcare Corp bought a new stake in shares of Apple in the 4th quarter valued at about $105,482,000. 67.73% of the stock is currently owned by institutional investors and hedge funds.

Apple Company Profile

(Get Free Report)

Apple Inc (NASDAQ: AAPL) is a multinational technology company headquartered in Cupertino, California, founded in 1976 by Steve Jobs, Steve Wozniak and Ronald Wayne. The company designs, develops and sells consumer electronics, software and services. Over its history Apple has evolved from personal computers to a broad portfolio that spans mobile devices, wearables, home entertainment and digital services.

Apple's principal hardware products include the iPhone smartphone, iPad tablet, Mac personal computers, Apple Watch wearable devices and a range of accessories such as AirPods and HomePod.

Further Reading

Five stocks we like better than Apple

These 5 Companies Just Made a Massive Bet on Themselves

5 Stocks Built to Thrive in a Higher-for-Longer Economy

RHs Strong Q1 Still Leaves Investors With One Big Question

Iran Ceasefire or Not, These 3 Companies Could Win",0e962c98499ed85ecf9e806f806aa634b888483343475f381148eb5597379cff,ok,,7974,7313,0,week4_lseg_html_v1,True,True
2026-06-16 23:58:09.457,2026-06-16,2026-06-16T00:00:00,2026-06-16T23:59:59,AAPL,AAPL.O,R:AAPL.O and Language:LEN,urn:newsml:newsroom:20260616:nNRA0wr7x3:0,newsroom,NS:MDTECH,"Patent Issued for Creation of optimal working, learning, and resting environments on electronic devices (USPTO 12638920)",,"2026 JUN 16-- By a News Reporter-Staff News Editor at NewsRx Medical Devices Daily-- Apple Inc. has been issued patent number 12638920, according to news reporting originating out of Alexandria, Virginia, by NewsRx editors. The patent' s inventors are Crispin, Sterling R., Estep, Mikaela D., Guglielmone, Jr., Ronald J., Mulliken, Grant H., Pyc, Mary A., Yildiz, Izzet B.. 2026 JUN 16 (NewsRx) -- By a News Reporter-Staff News Editor at NewsRx Medical Devices Daily -- Apple Inc. (Cupertino, California, United States) has been issued patent number 12638920, according to news reporting originating out of Alexandria, Virginia, by NewsRx editors.

The patent's inventors are Crispin, Sterling R. (Santa Cruz, CA, US), Estep, Mikaela D. (Sunnyvale, CA, US), Guglielmone, Jr., Ronald J. (Redwood City, CA, US), Mulliken, Grant H. (Los Gatos, CA, US), Pyc, Mary A. (Campbell, CA, US), Yildiz, Izzet B. (Sunnyvale, CA, US).

This patent was filed on August 16, 2024 and was published online on May 26, 2026.

From the background information supplied by the inventors, news correspondents obtained the following quote: ""A user's cognitive state while viewing content on an electronic device can have a significant effect on the user's ability to work or learn. For example, staying focused and engaged while using a head-mounted device (HMD) in a computer-generated reality (CGR) environment may be required for meaningful experiences, such as learning a new skill, watching educational or entertaining content, or reading a document. Improved techniques for assessing and promoting the cognitive state of a user viewing and interacting with content may enhance the user's productivity and ability to interact with the content. Consequently, content creators and display systems may be able to provide better user experiences that a user is more likely to enjoy, comprehend, and learn from based on being able to determine the user's cognitive state.""

Supplementing the background information on this patent, NewsRx reporters also obtained the inventors' summary information for this patent: ""Attributes of content may result in particular types of physiological responses in users viewing the content. For example, users may have different preferences when it comes to optimal working, learning, and resting conditions. Some users may like to work in a quiet environment with low light, whereas other users may prefer to work with music and bright light. Clutter in a room or on a desk may increase creativity for some, but may be distracting for others. Similarly, the optimal resting environment is both individualized and contextual. In some cases, users may not even be aware that they need a break, or they may not realize the most restorative environment for themselves. Creating optimal, individualized environments for users to work, learn and rest in a computer-generated reality (CGR) environment, and presenting them at the right time, can benefit users by increasing their productivity and learning efficiency while also providing them with the necessary resting opportunity when such an environment is not readily available in their surroundings.

""Implementations herein recognize that the physiological response (e.g., heart rate, breath rate, brain activity, user satisfaction, facial expressions, body language, etc.) of a user over time, or in response to a change in CGR environment, may be indicative of the user's cognitive state or preference in CGR environment. For example, the pupils of users may experience dilation or constriction at different rates for different cognitive states. By presenting a user participating in an activity with multiple surrounding environments (e.g., living room, library, office, forest, coffee shop, ocean, waterfall, babbling brook, etc.), obtaining data regarding the user's body, and assessing the obtained data for each surrounding environment, implementations may identify a particular surrounding environment that promotes a positive, or otherwise desirable, cognitive state of the user for the activity (e.g., identifying the optimal environment that puts the user in a most relaxed or most restful state).

""Moreover, implementations may identify a cognitive state of the user and suggest a change in user activity. For example, implementations may detect fatigue while the user is working, or may detect that the user has relaxed while the user activity is relaxing or taking a break. Based on the detection, implementations may then show the user's favorite calm forest when the user is fatigued, or show a working/learning inspiring environment when the user is rested.

""In some implementations, parameters of the surrounding environment, such as colors, light level, decor, sound, music, volume, etc., are changed in order to identify particular parameters that promote the cognitive state of the user for the activity. In some implementations, physiological data of the user is obtained via a heart rate sensor, pulse oximeter, blood pressure sensor, temperature sensor, electrocardiogram (EKG) sensor, electroencephalography (EEG) sensor, electromyography (EMG) sensor, functional near infrared spectroscopy signal (fNIRS) sensor, galvanic skin response (GSR) sensor, etc. Furthermore, inward facing cameras may record eye characteristics (e.g., eye tracking or pupillary response) or downward-facing cameras may record facial expressions. Image-based or sensor-based hand/body tracking may be used to identify movements associated with stress, relaxation, etc.

""In some implementations, a context of the content or activity is used to identify a present cognitive state of the user or a desired cognitive state of the user. For example, if the user activity consists of working, implementations may identify that the user desires a productive, calm, or relaxed cognitive state. In some implementations, information about the user's preferences and past activities, and attributes of the content may be used to identify or promote the cognitive state of the user. In some implementations, a message is displayed to the user to make the user aware of his or her cognitive state, suggest a break, or provide an option to change environments, and in some implementations, an action may take place automatically (e.g., automatically changing environments based on the cognitive state of the user). In some implementations, the content creator collects or receives data, based on privacy settings, in order to optimize the environment of the user. For example, the content creator may save associated data, modify content, or update the environment of other similar users performing similar activities.""

The claims supplied by the inventors are:

""1. A method comprising: at a device comprising a processor: obtaining sensor data regarding a body via a sensor during an activity while presenting content; determining a type of the activity based on the sensor data and data associated with the content, wherein determining the type of the activity comprises selecting one activity from a group comprising working, learning, and resting; and modifying the content that promotes a particular cognitive state based on the determined type of the activity.

""2. The method of claim 1, wherein modifying the content comprises changing parameters that promote the particular cognitive state for the type of the activity.

""3. The method of claim 2, wherein changing the parameters comprises changing at least one of colors, light level, decor, sound or music, and volume.

""4. The method of claim 1, wherein determining the type of the activity comprises determining a current cognitive state.

""5. The method of claim 4, wherein the current cognitive state is determined based on assessing physiological signals that comprise at least one of an eye-tracking signal, a pupil diameter signal, a heart rate signal, and a respiratory rate signal.

""6. The method of claim 4, wherein the current cognitive state is determined based on assessing physiological signals that comprise at least one of neural signals and behavioral signals.

""7. The method of claim 1, wherein the sensor is selected from a group consisting of a heart rate sensor, a pulse oximeter, a blood pressure sensor, a temperature sensor, an electro-cardiogram (EKG) sensor, an electroencephalography (EEG) sensor, an electromyography (EMG) sensor, a functional near infrared spectroscopy signal (fNIRS) sensor, and a galvanic skin response (GSR) sensor.

""8. The method of claim 1, wherein the sensor is selected from a group consisting of an inward facing camera and a downward-facing camera.

""9. The method of claim 1, wherein the data regarding the body includes hand/body tracking, wherein the method further comprises using the hand/body tracking to identify movements associated with the particular cognitive state.

""10. The method of claim 1, wherein the content is presented in a computer-generated reality (CGR) environment.

""11. The method of claim 10, further comprising: presenting multiple surrounding environments in the CGR environment at different times during participation in the activity.

""12. The method of claim 1, further comprising providing a recommendation and receiving an input.

""13. The method of claim 1, wherein determining the particular cognitive state comprises comparing current physiological data to the user's prior responses to similar content or environments.

""14. The method of claim 1, wherein determining the type of the activity is further based on a context of the content and information about the user's preferences and past activities.

""15. The method of claim 1, wherein obtaining sensor data comprises using hand/body tracking to detect movements indicative of stress, relaxation, or fatigue.

""16. The method of claim 1, further comprising aggregating cognitive state data across multiple users for a portion of the content and providing feedback to a content creator to revise that portion.

""17. A device comprising: a non-transitory computer-readable storage medium; and one or more processors coupled to the non-transitory computer-readable storage medium, wherein the non-transitory computer-readable storage medium comprises program instructions that, when executed on the one or more processors, cause the one or more processors to perform operations comprising: obtaining sensor data regarding a body via a sensor during an activity while presenting content; determining a type of the activity based on the sensor data and data associated with the content, wherein determining the type of the activity comprises selecting one activity from a group comprising working, learning, and resting; and modifying the content that promotes a particular cognitive state based on the determined type of the activity.

""18. The device of claim 17, wherein modifying the content comprises changing parameters that promote the particular cognitive state for the type of the activity.

""19. The device of claim 18, wherein changing the parameters comprises changing at least one of colors, light level, decor, sound or music, and volume.

""20. The device of claim 17, wherein determining the type of the activity comprises determining a current cognitive state.

""21. The device of claim 20, wherein the current cognitive state is determined based on assessing physiological signals that comprise at least one of an eye-tracking signal, a pupil diameter signal, a heart rate signal, and a respiratory rate signal.

""22. The device of claim 20, wherein the current cognitive state is determined based on assessing physiological signals that comprise at least one of neural signals and behavioral signals.

""23. The device of claim 17, wherein the sensor is selected from a group consisting of a heart rate sensor, a pulse oximeter, a blood pressure sensor, a temperature sensor, an electro-cardiogram (EKG) sensor, an electroencephalography (EEG) sensor, an electromyography (EMG) sensor, a functional near infrared spectroscopy signal (fNIRS) sensor, and a galvanic skin response (GSR) sensor.

""24. A non-transitory computer-readable storage medium storing program instructions on a device that are computer-executable to perform operations comprising: obtaining sensor data regarding a body via a sensor during an activity while presenting content; determining a type of the activity based on the sensor data and data associated with the content, wherein determining the type of the activity comprises selecting one activity from a group comprising working, learning, and resting; and modifying the content that promotes a particular cognitive state based on the determined type of the activity.""

For the URL and additional information on this patent, see: Crispin, Sterling R. Creation of optimal working, learning, and resting environments on electronic devices. U.S. Patent Number 12638920, filed August 16, 2024, and published online on May 26, 2026. Patent URL (for desktop use only): https://ppubs.uspto.gov/pubwebapp/external.html?q=(12638920)&db=USPAT&type=ids",a253c1b97c709f8587ef303ca75106e07740d8e2bfc5f516de288375155f4796,ok,,13557,13045,1,week4_lseg_html_v1,True,True
2026-06-16 23:22:03.297,2026-06-16,2026-06-16T00:00:00,2026-06-16T23:59:59,AAPL,AAPL.O,R:AAPL.O and Language:LEN,urn:newsml:newsroom:20260616:nNRA0wqwwv:0,newsroom,NS:CNBSTR,Apple Inc (ETR:APC) higher with 1.1% gain today's session; +EUR2.75 [+1.1%],,"GERMAN END-OF-DAY STOCK REPORT

CUPERTINO, Monday, June 15 2026 - Apple Inc's (ETR: APC EUR255.60) stock price gained EUR2.75 (1.1%) from its previous trading session to close at EUR255.60.

Compared with the DAX Index which rose 290.9 points (1.2%) in the day, the relative price change was -0.1%.

There were 20,815 shares worth EUR5.3 million ($6.2 million) traded today; the volume was 0.5 times the average daily trading volume of 40,177 shares.

INDEX

SECTION 1 TODAY'S BULLISH SIGNALS

SECTION 2 ONGOING BULLISH PARAMETERS

SECTION 3 TODAY'S BEARISH SIGNALS

SECTION 4

Read more...

ANNEXURE

APPENDIX I DATA & ARCHIVE DOWNLOAD CENTER

GLOSSARY

SECTION 1 TODAY'S BULLISH SIGNALS

1.1 Uptrend

Price/Moving Average Price of 1.16 and positive MACD:

- The Price/MAP 200 for Apple Inc is 1.16. Being higher than 1 is a bullish indicator. It is higher than the Price/MAP 200 for the DAX Index of 1.03, a second bullish indicator. The stock is trading above both its MAPs and the 50-day MAP of EUR245.50 is higher than the 200-day MAP of EUR220.56, a third bullish indicator. The 200-day MAP has increased to EUR220.56, a fourth bullish indicator.

- The Moving Average Convergence Divergence (MACD) indicator of 12-day Exponential Moving Average (EMA) of 259.08 minus the 26-day EMA of 256.89 is positive, suggesting a bullish signal.

Past Quarter:

- In the last three months the stock has hit a new 52-week high fourteen times, pointing to a significant uptrend.

1.2 Oversold/Bullish Signals:

- The Stochastic indicator of 14.8 has pierced the oversold line of 20; this indicates the price is close to its 14-day low and is likely to revert to an uptrend.

SECTION 2 ONGOING BULLISH PARAMETERS

2.1 Present Value of EUR1000 Invested in the Past [3 Mo, 1 Yr, 3 Yrs]; The Best Periods with PVEUR1000 > 1,157

PVEUR1,0003 mo ago1 yr ago3 yrs ago

APC.ETREUR1,158EUR1,498EUR1,507

Computers sectorEUR1,182EUR1,499EUR1,418

DAX IndexEUR1,063EUR1,060EUR1,528

2.2 The Best Periods [3 Mo, 1 Yr] with Price Change % > 15.7

1-Year price change of 49.8% for Apple Inc outperformed the change of 6% in the DAX Index for a relative price change of 43.8%.

Price Change %QuarterYear

Apple Inc15.849.8

Computers sector18.249.9

DAX Index56

SECTION 3 TODAY'S BEARISH SIGNALS

3.1 Downtrend

Trailing Relative Strength (6 months) at 48 percentile:

- The stock has a 6-month relative strength of 48 in the German market of 4,672 stocks, 65 ADRs and 24 preference stocks which means it has underperformed 52% of the market.

SECTION 4

APPENDIX I DATA & ARCHIVE DOWNLOAD CENTER

APC: OTHER INFORMATION:

+ PRICE VOLUME CHARTS

+ USD vs EUR EXCHANGE RATE CHARTS IN HTML

GLOSSARY

Disclaimer:",20f9647751714028a2fdb1e7d960a460cb3cf932ac30b65e6a591b72607b63b4,ok,,4304,2689,0,week4_lseg_html_v1,True,True
2026-06-16 22:23:09.600,2026-06-16,2026-06-16T00:00:00,2026-06-16T23:59:59,AAPL,AAPL.O,R:AAPL.O and Language:LEN,urn:newsml:newsroom:20260616:nNRA0wqi5t:0,newsroom,NS:ELEBUS,Patent Issued for User eye model match detection (USPTO 12639980),,"2026 JUN 16-- By a News Reporter-Staff News Editor at Electronics Business Daily-- Apple Inc. has been issued patent number 12639980, according to news reporting originating out of Alexandria, Virginia, by NewsRx editors. The patent' s inventors are Gao, Hua, Qin, Hao, Sengelaub, Tom, Zhong, Jie. This patent was filed on September 19, 2023 and was published online on May... 2026 JUN 16 (NewsRx) -- By a News Reporter-Staff News Editor at Electronics Business Daily -- Apple Inc. (Cupertino, California, United States) has been issued patent number 12639980, according to news reporting originating out of Alexandria, Virginia, by NewsRx editors.

The patent's inventors are Gao, Hua (San Jose, CA, US), Qin, Hao (Saratoga, CA, US), Sengelaub, Tom (Oakland, CA, US), Zhong, Jie (Kornwestheim, DE).

This patent was filed on September 19, 2023 and was published online on May 26, 2026.

From the background information supplied by the inventors, news correspondents obtained the following quote:

""Technical Field

""Embodiments described herein relate to eye modelling systems. More particularly, embodiments described herein relate to systems and methods for matching eye models based on captured images of a user's eye.

""Description of the Current Art

""Virtual reality (VR) allows users to experience and/or interact with an immersive artificial environment, such that the user feels as if they were physically in that environment. For example, virtual reality systems may display stereoscopic scenes to users in order to create an illusion of depth, and a computer may adjust the scene content in real-time to provide the illusion of the user moving within the scene. When the user views images through a virtual reality system, the user may thus feel as if they are moving within the scenes from a first-person point of view. Similarly, mixed reality (MR) combines computer generated information (referred to as virtual content) with real world images or a real world view to augment, or add content to, a user's view of the world. The simulated environments of VR and/or the mixed environments of MR may thus be utilized to provide an interactive user experience for multiple applications, such as applications that add virtual content to a real-time view of the viewer's environment, interacting with virtual training environments, gaming, remotely controlling drones or other mechanical systems, viewing digital media content, interacting with the Internet, or the like.

""An eye or gaze tracker is a device for estimating eye positions and eye movement. Eye or gaze tracking processes and systems have been used in research on the visual system, in psychology, psycholinguistics, marketing, and as input devices for human-computer interaction. In the latter application, typically the intersection of a person's point of gaze with a desktop monitor is considered. An eye model is a mathematical representation of a human eye that may be used in processes and systems including but not limited to gaze tracking processes and systems.

""This specification includes references to ""one embodiment"" or ""an embodiment."" The appearances of the phrases ""in one embodiment"" or ""in an embodiment"" do not necessarily refer to the same embodiment. Particular features, structures, or characteristics may be combined in any suitable manner consistent with this disclosure.

""""Comprising."" This term is open-ended. As used in the claims, this term does not foreclose additional structure or steps. Consider a claim that recites: ""An apparatus comprising one or more processor units . . . ."" Such a claim does not foreclose the apparatus from including additional components (e.g., a network interface unit, graphics circuitry, etc.).

""""Configured To."" Various units, circuits, or other components may be described or claimed as ""configured to"" perform a task or tasks. In such contexts, ""configured to"" is used to connote structure by indicating that the units/circuits/components include structure (e.g., circuitry) that performs those task or tasks during operation. As such, the unit/circuit/component can be said to be configured to perform the task even when the specified unit/circuit/component is not currently operational (e.g., is not on). The units/circuits/components used with the ""configured to"" language include hardware-for example, circuits, memory storing program instructions executable to implement the operation, etc. Reciting that a unit/circuit/component is ""configured to"" perform one or more tasks is expressly intended not to invoke 35 U.S.C. 112, paragraph (f), for that unit/circuit/component. Additionally, ""configured to"" can include generic structure (e.g., generic circuitry) that is manipulated by software or firmware (e.g., an FPGA or a general-purpose processor executing software) to operate in manner that is capable of performing the task(s) at issue. ""Configure to"" may also include adapting a manufacturing process (e.g., a semiconductor fabrication facility) to fabricate devices (e.g., integrated circuits) that are adapted to implement or perform one or more tasks.

""""First,"" ""Second,"" etc. As used herein, these terms are used as labels for nouns that they precede, and do not imply any type of ordering (e.g., spatial, temporal, logical, etc.). For example, a buffer circuit may be described herein as performing write operations for ""first"" and ""second"" values. The terms ""first"" and ""second"" do not necessarily imply that the first value must be written before the second value.

""""Based On"" or ""Dependent On."" As used herein, these terms are used to describe one or more factors that affect a determination. These terms do not foreclose additional factors that may affect a determination. That is, a determination may be solely based on those factors or based, at least in part, on those factors. Consider the phrase ""determine A based on B."" While in this case, B is a factor that affects the determination of A, such a phrase does not foreclose the determination of A from also being based on C. In other instances, A may be determined based solely on B.

""""Or."" When used in the claims, the term ""or"" is used as an inclusive or and not as an exclusive or. For example, the phrase ""at least one of x, y, or z"" means any one of x, y, and z, as well as any combination thereof.""

Supplementing the background information on this patent, NewsRx reporters also obtained the inventors' summary information for this patent: ""Various embodiments of methods and apparatus for matching a user's eye to an eye model stored in the apparatus are described. In certain embodiments, eye models are generated during user eye enrollment on a device such as a head-mounted device (HMD). An imaging system, as described herein, may include two or more illumination sources (e.g., point light sources such as light-emitting diodes (LEDs)) that illuminate a person's eye or eye region, and at least one camera configured to capture images of light from the illumination sources reflected by the eye when illuminated. During an enrollment process, images of the eye captured when the eye is in two or more different orientations and with two or more different levels of display brightness may be processed by a controller to generate an eye model. The eye model may include, for example a model of the eye's cornea and pupil features. In some embodiments, the enrollment process may be performed as an initial process when the device is used by the user (e.g., when the user places the HMD on their head). Alternatively, the enrollment process may be a continuous or iterative process that constructs and improves the eye model as the user is using the device.

""Embodiments of methods and apparatus for user eye enrollment and user eye model matching as described herein may, for example, be used in head-mounted devices (HMD), for example HMDs of computer-generated reality (XR) systems such as a mixed or augmented reality (MR) systems or virtual reality (VR) systems. In conventional systems, a generic human eye model is typically used as a base. In various disclosed embodiments, however, an eye model specific to a user (which may be referred to as a user-aware eye model) is constructed from images of the user's eyes captured during the enrollment process and used instead of a generic human eye model. Accordingly, subsequent to enrollment, eye model matching may be implemented when a user activates the device (e.g., when a user's eye is positioned and detected in the device such as when the HMD is placed on the user's head).

""In various embodiments, eye model matching may be implemented for a single user that uses the device in different situations (e.g., with glasses or without, with different glasses, with or without contact lenses, with or without clip-on lenses, etc.). In some embodiments, a user may enroll themselves for each of the different situations and eye model matching may be implemented to automatically select the eye model best suited for a particular situation when the user activates the device. In some instances, the user may attempt to operate the device in a new, unenrolled situation. In such instances, eye model matching may determine whether an enrolled eye model is satisfactory for use of the device or whether the user needs to enroll for the new situation. Additional embodiments may be contemplated where eye model matching is used to differentiate between different users of a single device when there are detectable differences between the various users' eye models.

""In certain embodiments, eye model matching is implemented using images of a user's eye captured in similar conditions to those implemented during eye enrollment. For instance, a user may put on a device (e.g., an HMD) and a stimulus or guide may be displayed on the display to cause the user to look in different directions. Brightness of the display, or other display characteristics, may be modulated to stimulate different pupil responses. Images of the user's eye may be captured at two or more different orientations (e.g., poses) and at two or more levels of brightness by one or more eye cameras. From these images, the system determines features of the user's eye. Examples of features of the user's eye that may be determined include, but are not limited to, cornea contour features and pupil features. User eye model matching may be performed for one eye, or for both eyes.

""In various instances, eye model matching is implemented in combination gaze tracking. A gaze tracking system may, for example, be used to compute gaze direction and a visual axis using glints and eye features based on the three-dimensional (3D) geometric model of the eye. Eye model matching may be implemented before gaze tracking to select an eye model to be used in the gaze tracking process. In certain instances, eye model matching selects the best matched eye model to a user's eye for the gaze tracking process when the device is activated by the user. Accordingly, implementing eye model matching to select the eye model for gaze tracking when the user activates the device may ensure the quality and accuracy of the gaze tracking process is maintained between uses of the device. Additionally, implementing eye model matching reduces the need to have the user enroll his/her eyes before every use. Thus, the user may have a more satisfactory experience using the device. The disclosed embodiments of the eye model matching process may be used in any additional application or system in which models of a user's eyes are used beyond those described herein.""

The claims supplied by the inventors are:

""1. A system, comprising: one or more cameras configured to capture images of an eye; a memory storing a set of eye models; and a controller comprising one or more processors configured to: capture one or more images of the eye by the one or more cameras; determine one or more properties of the eye from the captured images; determine a best match eye model from the set of eye models, wherein the best match eye model is the eye model determined to be a best match to the eye based on assessment of the determined eye properties against eye properties of the eye models; and implement the best match eye model in a gaze tracking process in which features of the eye are derived from one or more images of the eye captured by the one or more cameras and a gaze direction is estimated based on the derived features and the implemented best match eye model.

""2. The system of claim 1, wherein the controller is configured to implement the best match eye model in the gaze tracking process when the best match eye model satisfies a threshold.

""3. The system of claim 1, wherein the best match eye model is the eye model with a highest matching score that satisfies a threshold.

""4. The system of claim 3, wherein a matching score for the eye model is determined based on residual errors between the eye properties of the eye model and the eye properties of the eye determined from the captured images.

""5. The system of claim 1, wherein the controller is further configured to implement an eye model enrollment process when the best match eye model does not satisfy a threshold.

""6. The system of claim 1, wherein the controller is configured to determine the best match eye model in the set of eye models in response to detecting a presence of the eye in the captured images.

""7. The system of claim 1, wherein the one or more properties of the eye determined from the captured images include eye features.

""8. The system of claim 7, wherein the one or more processors are configured to: determine two or more eye poses from two or more images captured of the eye in different orientations by the one or more cameras, wherein an eye pose indicates a current eye location and orientation with respect to the one or more cameras; and calculate the eye features based at least in part on two or more eye poses.

""9. The system of claim 7, wherein the eye features include cornea contour and pupil features of the eye.

""10. The system of claim 1, wherein the system is a head-mounted device (HMD), a handheld device, or a wall-mounted device.

""11. The system of claim 1, further comprising: one or more second cameras configured to capture images of a second eye; wherein the controller is further configured to: capture one or more second images of the second eye by the second cameras; determine one or more properties of the second eye from the captured second images; determine a best match second eye model in the set of eye models, wherein the best match second eye model is the eye model determined to be a best match to the second eye based on assessment of the determined second eye properties against eye properties of the eye models; and implement the best match second eye model in a second gaze tracking process in which features of the second eye are derived from one or more second images of the second eye captured by the one or more second cameras and a second gaze direction is estimated based on the derived features and the implemented best match second eye model.

""12. A method, comprising: capturing one or more images of an eye using one or more cameras positioned in front of the eye, the cameras being located on an apparatus configured to be positioned proximate a head; determining, by a computer processor coupled to the head-mounted apparatus, one or more features of the eye from the captured images; determining, by the computer processor, a matching score for each eye model in a set of eye models stored in a memory coupled to the computer processor, wherein the matching score is determined from a comparison of the determined eye features from the captured images and eye features in the eye model; determining, by the computer processor, a best match eye model from the set of eye models, wherein the best match eye model is the eye model determined to have a highest matching score; and implementing, by the cameras in the apparatus, a gaze tracking process, wherein the gaze tracking process utilizes the best match eye model, and wherein the gaze tracking process derives features of the eye from one or more images of the eye captured by the one or more cameras and a gaze direction is estimated based on the derived features and the best match eye model.

""13. The method of claim 12, further comprising utilizing the best match eye model in the gaze tracking process when a matching score of the best match eye model satisfies a threshold.

""14. The method of claim 12, wherein the eye features include cornea contour and pupil features of the eye.

""15. The method of claim 12, wherein the matching score for each eye model is determined based on residual errors between the eye features in the eye model and the eye features determined from the captured images.

""16. The method of claim 12, wherein determining the one or more features of the eye from the captured images includes: determining two or more eye poses from two or more captured images of the eye in different orientations, wherein an eye pose indicates a current eye location and orientation with respect to the one or more cameras; and calculating the eye features based at least in part on two or more eye poses.

""17. A system, comprising: one or more cameras configured to capture images of a right eye and a left eye; a memory storing a set of eye models for the right eye and the left eye; and a controller comprising one or more processors configured to: capture one or more images of the right eye and the left eye by the one or more cameras; determine one or more eye features of the right eye from the captured images; determine a first matching score for each eye model for the right eye in the set of eye models, wherein the matching score is determined from a comparison of the determined eye features of the right eye from the captured images and eye features of the right eye in the eye model; determine a best match eye model for the right eye from the set of eye models, wherein the best match eye model for the right eye is the eye model determined to have a highest first matching score; implement a first gaze tracking process for the right eye utilizing the best match eye model for the right eye, wherein the first gaze tracking process derives features of the right eye from one or more images of the right eye captured by the one or more cameras and a gaze direction is estimated based on the derived features and the best match eye model for the right eye; determine one or more eye features of the left eye from the captured images; determine a second matching score for each eye model for the left eye in the set of eye models, wherein the matching score is determined from a comparison of the determined eye features of the left eye from the captured images and eye features of the left eye in the eye model; determine a best match eye model for the left eye from the set of eye models, wherein the best match eye model for the left eye is the eye model determined to have a highest second matching score; and implement a second gaze tracking process for the left eye utilizing the best match eye model for the left eye, wherein the second gaze tracking process derives features of the left eye from one or more images of the left eye captured by the one or more cameras and a gaze direction is estimated based on the derived features and the best match eye model for the left eye.

""18. The system of claim 17, wherein the one or more cameras includes at least a first camera and a second camera, the first camera being configured to capture a first image of the right eye and the second camera being configured to capture a second, separate image of the left eye.

""19. The system of claim 17, further comprising an illumination source comprising a plurality of light-emitting elements configured to emit light towards the right eye and the left eye to be imaged by the camera.

""20. The system of claim 19, wherein the light-emitting elements include infrared (IR) light sources, and wherein the one or more cameras are infrared cameras.""

For the URL and additional information on this patent, see: Gao, Hua. User eye model match detection. U.S. Patent Number 12639980, filed September 19, 2023, and published online on May 26, 2026. Patent URL (for desktop use only): https://ppubs.uspto.gov/pubwebapp/external.html?q=(12639980)&db=USPAT&type=ids",0f74ca9fe21546c6d78cfd809330d7ac351137b6ad3ffc2e0b983e3f06220218,ok,,20988,20441,1,week4_lseg_html_v1,True,True
2026-06-16 22:22:09.095,2026-06-16,2026-06-16T00:00:00,2026-06-16T23:59:59,AAPL,AAPL.O,R:AAPL.O and Language:LEN,urn:newsml:newsroom:20260616:nNRA0wqj7j:0,newsroom,NS:ELEBUS,Patent Issued for System and method for background sensing of peripheral oxygen saturation (USPTO 12635958),,"2026 JUN 16-- By a News Reporter-Staff News Editor at Electronics Business Daily-- Apple Inc. has been issued patent number 12635958, according to news reporting originating out of Alexandria, Virginia, by NewsRx editors. The patent' s inventors are Bodington, Dashiell R., Brouse, Christopher J., Dua, Aditya, Le, Mai Tuyet, Saha, Sankalita. This patent was filed on... 2026 JUN 16 (NewsRx) -- By a News Reporter-Staff News Editor at Electronics Business Daily -- Apple Inc. (Cupertino, California, United States) has been issued patent number 12635958, according to news reporting originating out of Alexandria, Virginia, by NewsRx editors.

The patent's inventors are Bodington, Dashiell R. (Palo Alto, CA, US), Brouse, Christopher J. (Saratoga, CA, US), Dua, Aditya (Santa Cruz, CA, US), Le, Mai Tuyet (Sunnyvale, CA, US), Saha, Sankalita (Saratoga, CA, US).

This patent was filed on September 10, 2021 and was published online on May 26, 2026.

From the background information supplied by the inventors, news correspondents obtained the following quote:

""Information or characteristics (e.g., pulse rate or arterial oxygen saturation) of a user's physiological signals can be determined by pulse oximetry systems and methods. In a basic form, pulse oximetry systems and methods can utilize one or more light emitters to illuminate a user's tissue and one or more light detectors to receive light that enters and probes a subsurface volume of tissue. The light emitters and light detectors can be in contact with the tissue or can be remote (i.e., not in contact) to the tissue surface. For example, arterial oxygen saturation can be estimated based on a perfusion index ratio for two different wavelengths of light. However, the estimates of information or characteristics of a user's physiological signals may be inaccurate when the light emitters or light detectors are not in good contact, the light emitters or detectors are oriented differently with respect to the tissue surface than expected, there are other anomalies in the path of light from light emitters to light detectors, or under other conditions that results in measurements that are incompatible with assumptions of pulse oximetry.""

Supplementing the background information on this patent, NewsRx reporters also obtained the inventors' summary information for this patent: ""This relates to systems and methods for background sensing of a characteristic of a user's physiological signals. For example, the physiological characteristic can be oxygen saturation of the hemoglobin in arterial blood (SaO2) as estimated by a pulse oximeter (peripheral oxygen saturation SpO2). In some examples, sensing of peripheral oxygen saturation may be performed opportunistically using optical sensor in the background without user intervention. The estimates of SpO2 can be used to monitor trends and/or provide notifications regarding SpO2 readings (e.g., if an SpO2 reading falls below a threshold). For example, measurements of physiological signals by the optical sensor may be made when one or more criteria are satisfied that indicate conditions for a reliable SpO2 reading (e.g., when the user is stationary, in a favorable posture, and/or not interacting with the device including the optical sensor). In some examples, to reduce power consumption and/or to estimate a user's SpO2 readings throughout the day, the measurements by the optical sensor can be spaced out in time. In some examples, a background measurement by the optical sensor can include multiple windows of data (e.g., physiological signals) that can be processed, and the results of processing can be combined to determine the SpO2 estimate. In some examples, a background measurement can be terminated earlier and/or processing of some of the windows of data can be skipped to save power when sufficient physiological signals (e.g., a threshold number of windows of data) have been collected to generate an estimate of SpO2 or when the conditions during the measurement(s) indicate that the physiological signals are unlikely to yield a reliable estimate of SpO2.

""This also relates to systems and methods for background sensing of a characteristic of a user's physiological signals using different sampling rates. For example, the physiological characteristic can be oxygen saturation of the hemoglobin in arterial blood as estimated by a pulse oximeter. In some examples, sensing of peripheral oxygen saturation may be performed opportunistically using optical sensor in the background without user intervention. In some examples, the optical sensor can be configured to measure a first plurality of physiological signals at a first sampling rate in a first mode and can be configured to measure a second plurality of physiological signals at a second sampling rate, greater than the first sampling rate, in a second mode. The optical sensor can transition (or not transition) from the first mode to the second mode based on one or more first criteria (e.g., including a criterion that is satisfied when a first threshold number of the first plurality of SpO2 estimates falls below a first SpO2 estimate threshold without an intervening one of the first plurality of estimates exceeding a second SpO2 estimate threshold) and can transition (or not transition) from the second mode to the first mode based on one or more second criteria (e.g., termination criteria). In some examples, the systems can alert a user regarding a characteristic of a user's physiological signals using measurements for an optical sensor operating using one or multiple sampling rates. For example, a user can be alerted to sustained low SpO2 measurements based on opportunistic sensing using the optical sensor in the background without user intervention. The alert can be generated when one or more third criteria are satisfied. The one or more third criteria can include a criterion that is satisfied when a threshold number of SpO2 estimates have values below a threshold from measurement of the optical sensing in the first and/or in the second operating mode. In some examples, the measurements from the optical sensor operating at a higher sampling rate in the second mode can be used to confirm low oxygen saturation (e.g., when insufficient number of low oxygen saturation measurements are recorded at the first sampling rate). In some examples, the alert can include a notification (e.g., displayed on the display, can be stored on the device or transmitted to another device, or can be reported with other feedback mechanisms (e.g., audio feedback, visual feedback, haptic feedback, etc.)).""

The claims supplied by the inventors are:

""1. A wearable device comprising: an optical sensor including a plurality of channels and configured to measure physiological signals from the plurality of channels; and a processor coupled to the optical sensor and programmed to: in accordance with a determination that two or more first criteria are satisfied, the two or more first criteria including a motion criterion that is satisfied when a measure of motion is less than a motion threshold and a timing criteria including a first timing criterion that is satisfied when a threshold period of time has passed since a prior measurement of the physiological signals of threshold quality and without termination, by the optical sensor to compute a prior SpO2 estimate: measure first physiological signals using the optical sensor; and process the first physiological signals to compute an SpO2 estimate using the first physiological signals.

""2. The wearable device of claim 1, wherein the processor is further programmed to: in accordance with a determination that two or more first criteria are not satisfied: forgo measuring the first physiological signals; and forgo processing the first physiological signals to compute the SpO2 estimate.

""3. The wearable device of claim 1, wherein the two or more first criteria include a posture criterion that is satisfied when predetermined postures are excluded based on motion data.

""4. The wearable device of claim 1, wherein the two or more first criteria include an on-wrist criterion that is satisfied when the optical sensor is detected in proximity to or contact with a user's tissue.

""5. The wearable device of claim 4, wherein the two or more first criteria include a settling time criterion that is satisfied a second threshold period of time after satisfying the on-wrist criterion.

""6. The wearable device of claim 1, wherein the timing criteria further include a second timing criterion that is satisfied when fewer than a threshold number of prior measurement of the physiological signals by the optical sensor have been performing within a second threshold period of time.

""7. The wearable device of claim 1, wherein measuring the first physiological signals using the optical sensor includes measuring data for a plurality of windows, including a first window of first data from the plurality of channels, a second window of second data from the plurality of channels.

""8. The wearable device of claim 7, wherein the first window and the second window partially overlap.

""9. The wearable device of claim 7, wherein processing the first physiological signals to compute the SpO2 estimate using the first physiological signals comprises: computing a plurality of window SpO2 estimates, each of the plurality of window SpO2 estimates computed using the data corresponding to one of the plurality of windows; and computing the SpO2 estimate using the plurality of window SpO2 estimates.

""10. The wearable device of claim 1, the processor further programmed to: in accordance with a determination that one or more second criteria are satisfied, the second criteria including a motion criterion that is satisfied when the measure of motion is greater than a threshold for a second threshold period of time after measuring the first physiological signals: measure second physiological signals using the optical sensor; and process the second physiological signals to compute a second SpO2 estimate using the second physiological signals.

""11. The wearable device of claim 1, wherein the processor is programmed to measure and process the first physiological signals without user intervention.

""12. The wearable device of claim 1, wherein the processor is further programmed to: in accordance with a determination that one or more termination criteria are satisfied while measuring the first physiological signals using the optical sensor, cease measuring the first physiological signals; and in accordance with a determination that one or more termination criteria are not satisfied while measuring the first physiological signals using the optical sensor, continue measuring at least a portion of the first physiological signals.

""13. The wearable device of claim 12, wherein the termination criteria include a motion criterion that is satisfied when the measure of motion is greater than the motion threshold.

""14. The wearable device of claim 12, wherein the termination criteria include a motion criterion that is satisfied when the measure of motion is greater than the motion threshold for at least a portion of each window of the first physiological signals.

""15. The wearable device of claim 12, wherein the processor is further programmed to: in accordance with a determination that one or more termination criteria are satisfied while measuring the first physiological signals using the optical sensor: in accordance with a determination that the first physiological signals measured before ceasing measuring the first physiological signals includes more than a threshold amount of data, compute the SpO2 estimate; and in accordance with a determination that the first physiological signals measured before ceasing measuring the first physiological signals includes less than the threshold amount of data, forgo computing the SpO2 estimate.

""16. A method comprising: in accordance with a determination that two or more first criteria are satisfied, the two or more first criteria including a motion criterion that is satisfied when a measure of motion is less than a motion threshold and a timing criteria including a first timing criterion that is satisfied when a threshold period of time has passed since a prior measurement of physiological signals of threshold quality and without termination, by an optical sensor to compute a prior SpO2 estimate: measuring first physiological signals using the optical sensor including a plurality of channels and configured to measure physiological signals from the plurality of channels; and processing the first physiological signals to compute an SpO2 estimate using the first physiological signals.

""17. The method of claim 16, further comprising: in accordance with a determination that two or more first criteria are not satisfied: forgoing measuring the first physiological signals; and forgoing processing the first physiological signals to compute the SpO2 estimate.

""18. The method of claim 16, wherein the two or more first criteria include a posture criterion that is satisfied when predetermined postures are excluded based on motion data.

""19. A non-transitory computer readable storage medium storing instructions, which when executed by an electronic device including processing circuitry, cause the processing circuitry to: in accordance with a determination that two or more first criteria are satisfied, the two or more first criteria including a motion criterion that is satisfied when a measure of motion is less than a motion threshold and a timing criteria including a first timing criterion that is satisfied when a threshold period of time has passed since a prior measurement of physiological signals of threshold quality and without termination, by an optical sensor to compute a prior SpO2 estimate: measure first physiological signals using the optical sensor including a plurality of channels and configured to measure physiological signals from the plurality of channels; and process the first physiological signals to compute an SpO2 estimate using the first physiological signals.""

For the URL and additional information on this patent, see: Bodington, Dashiell R. System and method for background sensing of peripheral oxygen saturation. U.S. Patent Number 12635958, filed September 10, 2021, and published online on May 26, 2026. Patent URL (for desktop use only): https://ppubs.uspto.gov/pubwebapp/external.html?q=(12635958)&db=USPAT&type=ids",5b64a7c3eeec705d1ebd385731f4a16c7fab38383ce42d1e7af69bb9a8dcbdb7,ok,,14998,14521,1,week4_lseg_html_v1,True,True
2026-06-16 21:02:11.282,2026-06-16,2026-06-16T00:00:00,2026-06-16T23:59:59,AAPL,AAPL.O,R:AAPL.O and Language:LEN,urn:newsml:newsroom:20260616:nNRA0wpu3o:0,newsroom,NS:GLORDP,HUAWEI TECHNOLOGIES CO LTD - INDUSTRY NEWS: INSIGHTS FROM APPLE INC. AND OTHERS,,"DASHBOARD: HUAWEI TECHNOLOGIES CO LTD

ACTIVITIES:

PermID4296309931

Websitehttps://www.huawei.com/en/

IndustryTelecommunications Equipment

AddressBantian Huawei Base Longgang District Shenzhen, 518129 China

Huawei Technologies Co., Ltd. is a leading global provider of information and communications technology (ICT) infrastructure and smart devices, founded in 1987 and headquartered in Shenzhen, China. With approximately 213,000 employees operating in over 170 countries and regions, the company serves more than 3 billion people and is dedicated to building a fully connected, intelligent world through digital innovation. Its core business activities span ICT infrastructure (including networks, 5G/5.5G, and computing), consumer devices (smartphones, wearables, and HarmonyOS ecosystem), cloud computing, digital power solutions, and intelligent automotive solutions. Huawei emphasizes heavy R&D investment-CNY 192.3 billion in 2025 (21.8% of revenue)-driving advancements in AI, connectivity, and sustainable technologies. Fastest-growing segments include Intelligent Automotive Solutions, which surged 72.1% in revenue to CNY 45 billion in 2025, alongside Digital Power (up 12.7%). These areas, together with AI-driven computing initiatives, represent key growth engines amid steady performance in core infrastructure and consumer businesses. In 2025, Huawei reported total revenue of CNY 880.9 billion, underscoring its commitment to quality, ecosystem partnerships, and intelligent transformation across industries.

+ HUAWEI TECHNOLOGIES CO LTD [3 News That Matters]

+ HUAWEI-BACKED YINWANG JOINS FORCES WITH CHERY TO SCALE AUTONOMOUS DRIVING TECH

On the 11th of June, 2026, Chery Automobile Co., Ltd. and Huawei-backed Yinwang Intelligent Technology signed a strategic cooperation agreement aimed at accelerating the development and deployment of advanced driving technologies. The agreement centers on the joint development of Level 3 (L3) and Level 4 (L4) autonomous driving technologies, with a focus on breakthroughs and mass production during the 15th Five-Year Plan in China.

The partners intend to combine Chery's manufacturing capabilities with Yinwang's smart vehicle technologies, reinforced by Huawei's innovations, to push the commercialization of intelligent mobility solutions that emphasize safety, compliance, and efficiency.

They aim to promote global adoption of smart mobility, presenting a 'China solution' to the evolving automotive landscape. The wider auto sector is already moving toward similar strategic collaborations, as shown by Aptiv and CORNEX focusing on co-developing smart cockpit domain controllers, highlighting the importance of integrated technology.

As Chery and Yinwang deepen their ties, they join a growing network aiming to redefine mobility in the automation era, with potential influence beyond China.

+ HUAWEI ICT COMPETITION 10TH GLOBAL FINAL DELIVERS UNPRECEDENTED TURNOUT

SHENZHEN, China — The Closing & Awards Ceremony of the 10th Huawei ICT Competition Global Final underscored the scale of this edition. A record 220,000 university students and faculty members from more than 2,000 institutions across over 100 countries and regions participated, and 177 teams from 49 countries advanced to the final and received awards.

Ritchie Peng, President of Huawei ICT Strategy & Business Development, outlined Huawei's aim to use technology for sustainable development and noted that the competition provides a practical learning platform that addresses real-world challenges. He also announced a new Ascend AI Operator Development Track for the Chinese mainland in future editions, designed to engage young developers with emerging technologies through task-based challenges.

Dr. Shafika Isaacs, acting Director of the UNESCO Institute for Information Technologies in Education, praised the UNESCO-Huawei collaboration and highlighted the importance of partnerships among governments, academia, and industry in shaping AI's future. She cited AI capacity-building programs in Arab countries and ICT education partnerships in Central Asia and the Caucasus as examples of efforts to cultivate future-ready talent.

The 10th edition also recognized 18 Grand Prize-winning teams from eight countries across various tracks. Notable winners included teams from Algeria, Egypt and Brazil in the Practice Competition, as well as Wuhan University of Technology and the National University of Singapore in the Innovation Competition.

In addition, special awards were presented, including the Women in Tech Award to all-female teams, the Green Development Award to teams from Ghana and China, and Fast Passes for promising students in Huawei's Future Business Leader Track. The event underscored the ongoing demand for talent in AI, computing, big data, and cybersecurity and reinforced Huawei's commitment to education and global industry collaboration.

+ KENYAN TEAMS SWEEP GRAND PRIZE AT HUAWEI ICT COMPETITION 2025-2026 GLOBAL FINAL

Kenya marked a historic achievement at the Huawei ICT Competition 2025-2026 Global Final in Shenzhen on 5th June 2026, joining the ranks of the world's top tech teams. The event attracted more than 220,000 participants from over 2,000 institutions across 100 countries, with 177 teams advancing to the Global Final and 18 teams receiving Grand Prize recognition.

In the Cloud Category, Team Kenya—Kevin Tuei (Tharaka University), Catherine Atieno (Jomo Kenyatta University of Agriculture and Technology), Brian Ngugi Kamau (Mt. Kenya University) and Salem Kim (Machakos University)—clinched the Grand Prize.

The Network Category saw another Kenyan victory, as Denzel Nzinga (Multimedia University of Kenya), Robert Wambua (Kenyatta University) and Joy Wairimu (The Cooperative University of Kenya) claimed first prize.

An all-female Kenyan team—Joan Nkatha, Melane Minayo and Faith Mosonik—earned the Special Women in Tech Award in Computing, guided by lecturer Esther Wairimu, finishing as runners-up.

Diplomatic representatives from 11 countries attended the ceremony, and Huawei's Ritchie (Honghua) Peng announced new AI and industry-collaboration initiatives as part of the company's strategy to grow local tech talent and cement Kenya's status as East Africa's leading tech hub.

++++++++++++++++++++++++++++++++++++++++++++++++++++++++++++++++++++++++++++++++++++

+ APPLE [3 News That Matters]

+ APPLE INC. (NASDAQ:AAPL) INTRODUCES AI-DRIVEN TAB ORGANIZATION AND NOTIFY ME IN SAFARI ON MACOS 27

Apple Inc. (NASDAQ:AAPL) announced that macOS 27, scheduled for 15th June 2026, will include AI-powered tab management in Safari to help users organize their browsing sessions more effectively.

AI-driven tab organization automatically groups open webpages into related topics, reducing tab clutter and helping users focus on relevant information.

The update introduces a Notify Me feature that alerts users when monitored pages change, covering product restocks and job listings.

macOS 27 also enables users to create custom Safari extensions using natural language, enabling users without coding skills to tailor how websites behave or appear.

Apple emphasizes privacy, prioritizing local processing and transparency about data usage as these AI tools enhance Safari's utility as a workspace.

+ APPLE INC. (NASDAQ:AAPL) WEIGHS HOMEOS AS FUTURE APPLE TV AND HOMEKIT STRATEGY

Apple Inc. (NASDAQ:AAPL) is examining the possibility of a homeOS for its Apple TV lineup, a topic that gained momentum after the WWDC keynote on 8th June 2026 where Apple highlighted advances in its flagship operating systems and gave relatively less emphasis to tvOS. The discussion centers on whether a homeOS could unify the user experience across an expanding set of devices

The case for a homeOS rests on Apple's prior smart home work through HomeKit and the Home app, which has progressed but still trails rivals such as Amazon Alexa and Google Home in adoption. As Apple prepares to refresh HomePods and introduce a smart display, a homeOS could provide a consistent interface for managing all devices

Proponents argue that a homeOS would consolidate functions currently spread across tvOS and the Home app, enabling smoother control from Apple TV and other screens. A potential hardware upgrade could also widen the reach of Apple Intelligence and Siri AI across the ecosystem

Still, some see continued reliance on tvOS as a safer path, given Apple's history of delaying software features until paired hardware ships. The current tvOS iteration may be incomplete ahead of the next-generation Apple TV 4K, leaving room for further refinement before any homeOS move

+ APPLE INC. (NASDAQ:AAPL) WEIGHS OPENCLAW-STYLE AI AGENTS AND A POTENTIAL BUNDLED PRICING STRATEGY

Apple Inc. (NASDAQ:AAPL) is evaluating an OpenClaw-like AI agent that could run across iOS, iPadOS and macOS, leveraging Apple's unified memory architecture to weave the agent into Siri.

On 14th June 2026, industry watchers noted the potential cross-platform rollout and cited a possible subscription-free model tied to Apple One.

The article notes that existing agents such as OpenClaw operate under user quotas and require ongoing subscriptions for extended use, and Apple has not provided concrete development plans.

Analysts caution that while a no-subscription approach could improve uptake, it would raise privacy and security concerns if the agent runs indefinitely or gains deeper system access.

Any effort would demand substantial investment in data centers and chip design, with privacy protections at the center of the strategy as Apple seeks to offer a seamlessly integrated AI experience across its device lineup

++++++++++++++++++++++++++++++++++++++++++++++++++++++++++++++++++++++++++++++++++++

+ CISCO [3 News That Matters]

+ CISCO SYSTEMS, INC. (NASDAQ:CSCO) ATTRACTS INVESTOR ATTENTION AMID AI-DRIVEN NETWORKING DEMAND

Cisco Systems, Inc. (NASDAQ:CSCO) is drawing sustained investor attention as demand for AI networking solutions intensifies. As of 11th June 2026, the company maintains a broad portfolio that spans networking infrastructure, security solutions, collaboration platforms, and observability technologies.

The NYSE Composite serves as a broad market indicator, highlighting Cisco's significance in networking operations and cybersecurity solutions amid the AI adoption cycle. Enterprises are increasingly seeking advanced network capabilities that can manage complex data workloads while ensuring secure communications, and Cisco's offerings support digital transformation initiatives.

Cisco's offerings play a critical role in digital transformation initiatives. The company develops a broad array of products designed to facilitate connectivity between devices, applications, and cloud platforms.

As businesses adapt to AI demands, the need for reliable connectivity and robust cybersecurity remains central to technology operations. In a competitive landscape populated by Microsoft and NVIDIA, Cisco's focus on networking and security continues to resonate with enterprises navigating AI deployment.

With ongoing demand for scalable networking solutions and integrated infrastructure, Cisco remains a key player shaping the future of enterprise technology

+ CISCO SYSTEMS, INC. (NASDAQ:CSCO) PARTNERS NETAPP, AT&T ON QUANTUM-SAFE AI SECURITY ROADMAP

Cisco Systems, Inc. (NASDAQ:CSCO) Posts Cloud Control to unify management and security across its networking and security products, and on 11th June 2026 adds Live Protect, a real-time runtime security solution that guards applications and workloads as they operate. Cloud Control serves as a central control plane that coordinates Cisco's routers, switches, security portfolio and cloud-management tools, enabling consistent policy enforcement across hybrid and multi-cloud environments. Live Protect delivers runtime protections at the point of execution, complementing Cisco's existing security stack.

The company also expands its quantum-safe security initiatives with a roadmap for integrating quantum-resistant protections throughout its core offerings, and collaborates with NetApp and AT&T to advance secure AI infrastructure and the development of next-generation connected car entertainment systems.

From an investor perspective, Cisco stock is priced at US$118.80, about 6% below the consensus target of US$126.50 and about 26.9% above its estimated fair value, underscoring valuation dynamics as adoption of these capabilities unfolds.

+ CISCO SYSTEMS, INC. (NASDAQ:CSCO) JOINS UK DSIT IN AI AND DIGITAL SKILLS COLLABORATION

Cisco Systems, Inc. (NASDAQ:CSCO) has entered into a strategic collaboration with the UK Department for Science, Innovation and Technology (DSIT) to accelerate AI adoption and widen access to digital-skills programs across the UK and Ireland. The memorandum of understanding, announced on June 10, 2026, establishes a framework that runs through 2030 to turn AI ambition into practical deployment, aligning Cisco's technology and skills initiatives with DSIT's national policy priorities

The partnership aims to support the government's AI opportunities action plan by combining Cisco's technology leadership with DSIT's public policy framework, creating scalable programs for businesses, schools, and local communities

The collaboration designates Barnsley as the UK's first Tech Town, where AI will be applied to integrate infrastructure, public services and skills development in an 18-month pilot that could serve as a blueprint for other towns. A healthcare Living Lab in Barnsley will test outpatient appointment management and virtual care delivery

In support of TechFirst, Cisco will help provide technology and AI learning experiences to 1,000,000 secondary school students by 2030; the company will contribute 8,000 hours of employee volunteering over four years and offer work experience and pathways placements in London, Manchester, and other major cities

Sarah Walker, Cisco UK & Ireland chief executive, stated, ""We believe a digital society that works for everyone isn't out of reach. That is why collaboration matters."" UK AI minister Kanishka Narayan emphasized the importance of public-private partnerships in driving AI-led growth that benefits schools and communities

++++++++++++++++++++++++++++++++++++++++++++++++++++++++++++++++++++++++++++++++++++",799cd53ae449079a13a9c338512f9a8a8811fa0f25f6fbf3368ca94ed0a5e79e,ok,,15034,14387,0,week4_lseg_html_v1,True,True
2026-06-17 23:56:58.819,2026-06-17,2026-06-17T00:00:00,2026-06-17T23:59:59,AAPL,AAPL.O,R:AAPL.O and Language:LEN,urn:newsml:newsroom:20260617:nNRA0xaft2:0,newsroom,NS:CNBSTR,Apple Inc (ETR:APC) increases on weak volume; +90c [+0.4%],,"GERMAN END-OF-DAY STOCK REPORT

CUPERTINO, Tuesday, June 16 2026 - Apple Inc's (ETR: APC EUR256.50) stock price increased 90.0c (0.4%) from its previous trading session to close at EUR256.50.

Compared with the DAX Index which rose 11.3 points (0.05%) in the day, the relative price increase was 0.3%.

There were 12,868 shares worth EUR3.3 million ($3.8 million) traded today; the volume was 0.3 times the average daily trading volume of 39,967 shares.

In the past three days trading has been on consistently low volumes; Volume Index (VI) has been 0.5 or lower.

INDEX

SECTION 1 TODAY'S BULLISH SIGNALS

SECTION 2 ONGOING BULLISH PARAMETERS

SECTION 3

Read more...

ANNEXURE

APPENDIX I DATA & ARCHIVE DOWNLOAD CENTER

GLOSSARY

SECTION 1 TODAY'S BULLISH SIGNALS

1.1 Uptrend

Price/Moving Average Price of 1.16 and positive MACD:

- The Price/MAP 200 for Apple Inc is 1.16. Being higher than 1 is a bullish indicator. It is higher than the Price/MAP 200 for the DAX Index of 1.03, a second bullish indicator. The stock is trading above both its MAPs and the 50-day MAP of EUR246.22 is higher than the 200-day MAP of EUR220.85, a third bullish indicator. The 200-day MAP has increased to EUR220.85, a fourth bullish indicator.

- The Moving Average Convergence Divergence (MACD) indicator of 12-day Exponential Moving Average (EMA) of 258.68 minus the 26-day EMA of 256.86 is positive, suggesting a bullish signal.

Past Quarter:

- In the last three months the stock has hit a new 52-week high fourteen times, pointing to a significant uptrend.

- The shares had their best quarter in three quarters since the quarter ended September 16, 2025.

1.2 Oversold/Bullish Signals:

- The Stochastic indicator of 19.9 has pierced the oversold line of 20; this indicates the price is close to its 14-day low and is likely to revert to an uptrend.

SECTION 2 ONGOING BULLISH PARAMETERS

2.1 Present Value of EUR1000 Invested in the Past [3 Mo, 1 Yr, 3 Yrs]; The Best Periods with PVEUR1000 > 1,166

PVEUR1,0003 mo ago1 yr ago3 yrs ago

APC.ETREUR1,167EUR1,506EUR1,508

Computers sectorEUR1,192EUR1,508EUR1,430

DAX IndexEUR1,057EUR1,052EUR1,521

2.2 The Best Periods [3 Mo, 1 Yr] with Price Change % > 16.6

1-Year price change of 50.6% for Apple Inc outperformed the change of 6% in the DAX Index for a relative price change of 44.6%.

Price Change %QuarterYear

Apple Inc16.750.6

Computers sector19.250.7

DAX Index5.96

SECTION 3

APPENDIX I DATA & ARCHIVE DOWNLOAD CENTER

APC: OTHER INFORMATION:

+ PRICE VOLUME CHARTS

+ USD vs EUR EXCHANGE RATE CHARTS IN HTML

GLOSSARY

Disclaimer:",7edc3a79b668b414a9ce94748453e30d38fc1f9259943bbac77f5dc92a0c65e8,ok,,4187,2587,0,week4_lseg_html_v1,True,True
2026-06-17 23:07:40.432,2026-06-17,2026-06-17T00:00:00,2026-06-17T23:59:59,AAPL,AAPL.O,R:AAPL.O and Language:LEN,urn:newsml:newsroom:20260617:nNRA0x9vo5:0,newsroom,NS:GURCOM,Apple (AAPL) Plans Price Increases Amid Rising Chip Costs,,"Jun 17, 2026

On June 17, 2026, Apple Inc. AAPL announced plans to raise prices on select products due to rising expenses associated with memory and storage chips. CEO Tim Cook indicated that specific products and price details would be disclosed later, but the increases could precede the anticipated iPhone 18 launch in September. The company is facing significant cost pressures driven by heightened demand from AI sectors, which may lead to a potential $270 hike for the iPhone Pro.

Current P/E ratio stands at 35.79, indicating how much investors are willing to pay for each dollar of earnings.

GF ScoreTM is 95/100, suggesting a strong overall performance relative to peers.

Insider activity shows significant selling, with $111.7 million in shares sold over the past three months.

What's Behind the News?

The announcement of price increases comes at a critical time for Apple, as the company prepares for the launch of its latest iPhone model. Rising costs for memory and storage chips, largely driven by increased demand from the AI sector, are forcing Apple to adjust its pricing strategy to maintain profit margins. This move reflects the broader trends in the technology industry, where supply chain disruptions and increased material costs have become more common.

Apple Inc. is one of the largest companies globally, primarily known for its innovative hardware and software products. With a market capitalization of approximately $4.35 trillion, Apple operates in the technology sector, specifically within the hardware industry. The iPhone remains the cornerstone of Apple's sales, complemented by products like the Mac, iPad, and Apple Watch, all designed to integrate seamlessly within Apple's expansive software ecosystem. The company's ability to adapt to market pressures will be crucial as it navigates these pricing changes.

How Is AAPL Valued?

While GF ValueTM data is not available for Apple, the current P/E ratio of 35.79x indicates that investors are paying a premium for the stock compared to its earnings. This valuation suggests that the market has high expectations for Apple's future growth, particularly in light of the upcoming product launches and the company's strong brand loyalty. For more detailed information, visit the AAPL stock page.

What Does AAPL's GF ScoreTM Tell Us?

The GF ScoreTM ranks stocks from 0 to 100 based on five key aspects: Financial Strength, Profitability, Growth, Valuation, and Momentum. Stocks with higher GF ScoreTM values have been found to generate higher long-term returns (backtested 2006-2021).

MetricRating

GF ScoreTM95

Financial Strength5/10

Profitability10/10

Growth10/10

Apple's strengths lie in its exceptional profitability and growth rankings, both rated 10 out of 10. However, its financial strength is moderate at 5 out of 10, indicating some caution in its balance sheet management. Overall, the high GF ScoreTM reflects Apple's solid position in the market and its potential for long-term returns. For further insights, visit the AAPL stock page.

What Are Insiders Doing with AAPL Stock?

Recent insider activity has shown a notable trend of selling, with insiders selling $111.7 million worth of shares over the past three months and no purchases reported during the same period. This could indicate a lack of confidence among insiders regarding the stock's short-term performance.

What This Means for Investors

Investors should consider the implications of Apple's price adjustments in light of its strong GF ScoreTM and high profitability and growth rankings. While the company faces rising costs and insider selling, its robust market position and upcoming product launches may provide opportunities for growth. For the complete analysis, visit the AAPL stock page. You can also use the GuruFocus Stock Screener to find similar opportunities.

Frequently Asked Questions

What is AAPL's GF ScoreTM?

AAPL's GF ScoreTM is 95/100, indicating a strong performance relative to its peers and suggesting potential for long-term returns.

How is AAPL valued?

AAPL's current P/E ratio is 35.79, reflecting a premium valuation based on its earnings, which suggests high market expectations for future growth.

What is AAPL's P/E ratio compared to historical?

While historical P/E data is not provided, AAPL's current P/E ratio of 35.79 indicates that investors are currently valuing the stock at a premium compared to its earnings.

This stock alert was generated using automated technology and GuruFocus financial data to provide readers with timely and accurate market reporting. This content was reviewed by GuruFocus editorial team prior to publication. Please send any questions or comments about this story to [email protected].",d849af2b893e3b4edaa60bdc7e315f33ee21c184241067c64179e4dd2adb46a2,ok,,6718,4730,0,week4_lseg_html_v1,True,True
2026-06-17 23:07:02.417,2026-06-17,2026-06-17T00:00:00,2026-06-17T23:59:59,AAPL,AAPL.O,R:AAPL.O and Language:LEN,urn:newsml:newsroom:20260617:nNRA0x9ua6:0,newsroom,NS:GURCOM,"Apple Plans Price Hike to Offset Chip Costs, Stock Up 0.5%",,"Jun 17, 2026

On June 17, 2026, Apple's stock AAPL rose by 0.5% in after-hours trading following the company's announcement of plans to increase product prices. This decision aims to counteract rising costs associated with memory and storage chips. CEO Tim Cook indicated that the company is prepared to utilize its cash reserves to enhance memory supply, ensuring that it can meet demand while managing expenses effectively.

GF ValueTM verdict: Current Price $295.95 vs GF ValueTM $265.42 = 11.5% overvalued

GF ScoreTM 95/100 indicates strong overall performance and potential for long-term returns.

Insider activity shows significant selling, with $111.7M in shares sold over the last three months.

What's Behind the News?

Apple's recent decision to raise product prices is a strategic response to the increasing costs of essential components like memory and storage chips. This move is significant as it reflects the company's proactive approach to managing its profit margins amidst fluctuating component costs. By leveraging its cash reserves, Apple aims to secure a stable supply of these critical components, ensuring that it can continue to meet consumer demand without compromising on quality.

As one of the largest companies globally, Apple Inc. operates in the Technology sector, specifically within the Hardware industry. With a market capitalization of approximately $4.35 trillion, Apple has a diverse portfolio that includes the iPhone, Mac, iPad, and Apple Watch, all designed to work seamlessly within its expansive software ecosystem. The company's ability to innovate and adapt to market challenges is crucial for maintaining its competitive edge.

Is AAPL Overvalued or Undervalued?

According to the GF ValueTM, Apple's intrinsic value is estimated at $265.42, which indicates that the stock is currently overvalued by approximately 11.5% given its current price of $295.95. This overvaluation suggests that investors may need to exercise caution, as the margin of safety is limited. The P/E ratio (TTM) stands at 35.79, significantly higher than its 5-year median P/E of 29.97, further supporting the notion of overvaluation. For more details, visit the GF ValueTM page.

What Does AAPL's GF ScoreTM Tell Us?

The GF ScoreTM ranks stocks from 0 to 100 based on five key aspects: Financial Strength, Profitability, Growth, Valuation, and Momentum. Stocks with higher GF ScoreTM values have been found to generate higher long-term returns (backtested 2006-2021).

MetricRating

GF ScoreTM95

Financial Strength5/10

Profitability10/10

Growth10/10

Valuation6/10

Momentum9/10

Apple's strengths lie in its exceptional profitability and growth rankings, both rated 10/10, indicating robust financial performance and potential for future expansion. However, its financial strength is rated lower at 5/10, suggesting some vulnerability in its balance sheet. For more insights, visit the AAPL stock page.

What Are Insiders Doing with AAPL Stock?

Recent insider activity reveals a significant selling trend, with insiders selling $111.7 million worth of shares over the past three months. This could indicate a lack of confidence among insiders regarding the stock's future performance or a strategic decision to liquidate holdings.

What This Means for Investors

Given the current overvaluation of Apple's stock, as indicated by the GF ValueTM analysis, investors should carefully consider their positions. The strong GF ScoreTM reflects the company's solid fundamentals, but the high P/E ratio and insider selling may warrant a cautious approach. For the complete analysis, visit the AAPL stock page. You can also use the GuruFocus Stock Screener to find similar opportunities.

Frequently Asked Questions

What is AAPL's GF ScoreTM?

AAPL's GF ScoreTM is 95/100, indicating strong overall performance and potential for long-term returns.

Is AAPL overvalued or undervalued?

AAPL is currently overvalued by approximately 11.5%, with a GF ValueTM of $265.42 compared to its current price of $295.95.

What is AAPL's P/E ratio compared to historical?

AAPL's P/E ratio (TTM) is 35.79, which is significantly higher than its 5-year median P/E of 29.97, indicating potential overvaluation.

This stock alert was generated using automated technology and GuruFocus financial data to provide readers with timely and accurate market reporting. This content was reviewed by GuruFocus editorial team prior to publication. Please send any questions or comments about this story to [email protected].",12195937c54077bff6f9013c4d14850c8b214d460e2a1144567409ec871956f4,ok,,6554,4516,0,week4_lseg_html_v1,True,True
2026-06-17 22:53:08.540,2026-06-17,2026-06-17T00:00:00,2026-06-17T23:59:59,AAPL,AAPL.O,R:AAPL.O and Language:LEN,urn:newsml:newsroom:20260617:nNRA0x9slx:0,newsroom,NS:ELEBUS,Patent Issued for Unified TCI framework (USPTO 12641599),,"2026 JUN 17-- By a News Reporter-Staff News Editor at Electronics Business Daily-- Apple Inc. has been issued patent number 12641599, according to news reporting originating out of Alexandria, Virginia, by NewsRx editors. The patent' s inventors are Chen, Xiang, Cui, Jie, Li, Qiming, Niu, Huaning, Raghavan, Manasa, Tang, Yang, Zhang, Dawei. This patent was filed on September... 2026 JUN 17 (NewsRx) -- By a News Reporter-Staff News Editor at Electronics Business Daily -- Apple Inc. (Cupertino, California, United States) has been issued patent number 12641599, according to news reporting originating out of Alexandria, Virginia, by NewsRx editors.

The patent's inventors are Chen, Xiang (Campbell, CA, US), Cui, Jie (San Jose, CA, US), Li, Qiming (Beijing, China), Niu, Huaning (San Jose, CA, US), Raghavan, Manasa (Sunnyvale, CA, US), Tang, Yang (San Jose, CA, US), Zhang, Dawei (Saratoga, CA, US).

This patent was filed on September 25, 2023 and was published online on May 26, 2026.

From the background information supplied by the inventors, news correspondents obtained the following quote: ""BACKGROUND INFORMATION

""A transmission configuration indicator (TCI) state contains parameters for configuring a quasi co-location (QCL) relationship between one or more reference signals (RS) and corresponding antenna ports. For example, the demodulation reference signal (DMRS) ports of the physical downlink shared channel (PDSCH), the DMRS port of the physical downlink control channel (PDCCH), or the channel state indicator reference signal (CSI-RS) port(s) of a CSI-RS resource set may be associated with a QCL relationship. Two quasi co-located signals experience very similar channel conditions, such that determining the channel properties of one of the signals will substantially aid the channel property determination of the other signal. A TCI state change may be implemented by a network and indicated to a user equipment (UE) in the network. The US is expected to complete the switch from the former (current) TCI state to the new (target) TCI state within a specified delay time.""

Supplementing the background information on this patent, NewsRx reporters also obtained the inventors' summary information for this patent: ""Some exemplary embodiments are related to a processor of a user equipment (US) configured to perform operations. The operations include receiving a command for a transmission configuration indicator (TCI) state change for a joint TCI state including uplink (UL) and downlink (DL) signals, decoding the joint TCI state command and performing measurements necessary to receive and transmit with the target TCI state, the measurements including a pathloss (PL) measurement for an UL channel and switching to receive the DL signals and transmit the UL signals with the target TCI state no later than a time duration for a switching delay.

""Other exemplary embodiments are related to a user equipment (UE) having a transceiver configured to communicate with a network and a processor communicatively coupled to the transceiver and configured to perform operations. The operations include receiving a command for a transmission configuration indicator (TCI) state change for a joint TCI state including uplink (UL) and downlink (DL) signals, decoding the joint TCI state command and performing measurements necessary to receive and transmit with the target TCI state, the measurements including a pathloss (PL) measurement for an UL channel and switching to receive the DL signals and transmit the UL signals with the target TCI state no later than a time duration for a switching delay.

""Still further exemplary embodiments are related to a processor of a user equipment (UE) configured to perform operations. The operations include receiving a command for a transmission configuration indicator (TCI) state change for a separate uplink (UL) TCI state including UL signals and not including downlink (DL) signals, decoding the separate UL TCI state command and performing measurements necessary to receive and transmit with the target TCI state, the measurements including a pathloss (PL) measurement for an UL channel and switching to transmit the UL signals with the target TCI state no later than a time duration for a switching delay.

""Additional exemplary embodiments are related to a user equipment (UE) having a transceiver configured to communicate with a network and a processor communicatively coupled to the transceiver and configured to perform operations. The operations include receiving a command for a transmission configuration indicator (TCI) state change for a separate uplink (UL) TCI state including UL signals and not including downlink (DL) signals, decoding the separate UL TCI state command and performing measurements necessary to receive and transmit with the target TCI state, the measurements including a pathloss (PL) measurement for an UL channel and switching to transmit the UL signals with the target TCI state no later than a time duration for a switching delay.""

The claims supplied by the inventors are:

""1. A processor of a base station configured to perform operations, comprising: generating, for transmission to a user equipment (UE), a beam switch time parameter; configuring a joint TCI state command for a transmission configuration indicator (TCI) state change for a joint TCI state including uplink (UL) and downlink (DL) signals; and generating, for transmission to the UE, the joint TCI state command, wherein the command is transmitted via one of a medium access control (MAC) control element (CE) or a downlink control information (DCI), wherein the UE switches to receive DL signals and transmit UL signals with a target TCI state within a time duration for a switching delay, wherein when the command is transmitted via the DCI, the time duration is based on at least the beam switch time parameter, wherein the UE switches from a first pathloss reference signal (PL-RS) to a target PL-RS and the switching from the first PL-RS to the target PL-RS is completed at a same time as the switching to receive the DL signals and transmit the UL signals with the target TCI state.

""2. The processor of claim 1, wherein, when the command is transmitted via the MAC CE, the time duration includes a MAC CE parsing time and an acknowledgement time for the command.

""3. The processor of claim 1, wherein the time duration is further based on a time for receive (Rx) beam refinement when the Rx beam of the target TCI state is unknown.

""4. The processor of claim 1, wherein the time duration is further based on a time for time and frequency offset tracking for DL signals of the target TCI state when the target TCI state is not tracked by the UE.

""5. The processor of claim 1, wherein the time duration does not include a time for performing a pathloss (PL) measurement.

""6. The processor of claim 1, wherein a source reference signal (RS) for the target TCI state is a synchronization signal block (SSB) or channel state information (CSI) RS.

""7. A user equipment (UE), comprising: a transceiver configured to communicate with a network; and a processor communicatively coupled to the transceiver and configured to perform operations comprising: receiving a beam switch time parameter from the network; receiving a command for a transmission configuration indicator (TCI) state change for a separate UL TCI state including uplink (UL) signals and not including downlink (DL) signals, wherein the command is transmitted via one of a medium access control (MAC) control element (CE) or a downlink control information (DCI); decoding the separate UL TCI state command and performing measurements necessary to receive and transmit with a target TCI state, the measurements including a pathloss (PL) measurement for an UL channel; switching to transmit the UL signals with the target TCI state within a time duration for a switching delay, wherein when the command is transmitted via the DCI, the time duration is based on at least the beam switch time parameter; and switching from a first PL reference signal (PL-RS) to a target PL-RS, wherein the switching from the first PL-RS to the target PL-RS is completed at a same time as the switching to transmit the UL signals with the target TCI state.

""8. The UE of claim 7, wherein a source reference signal (RS) for the target TCI state is a synchronization signal block (SSB) or channel state information (CSI) RS.

""9. A processor of a base station configured to perform operations comprising: generating, for transmission to a user equipment (UE), a beam switch time parameter; configuring a separate UL TCI state command for a transmission configuration indicator (TCI) state change for a separate uplink (UL) TCI state including UL signals and not including downlink (DL) signals; and generating, for transmission to the UE, the separate UL TCI state command, wherein the command is transmitted via one of a medium access control (MAC) control element (CE) or a downlink control information (DCI), wherein the UE switches to transmit the UL signals with the target TCI state within a time duration for a switching delay, wherein when the command is transmitted via the DCI, the time duration is based on at least the beam switch time parameter, wherein the UE switches from a first pathloss reference signal (PL-RS) to a target PL-RS and the switching from the first PL-RS to the target PL-RS is completed at the same time as the switching to transmit the UL signals with the target TCI state.

""10. The processor of claim 9, wherein, when the command is transmitted via the MAC CE, the time duration includes a MAC CE parsing time and an acknowledgement time for the command.

""11. The processor of claim 9, wherein the time duration is further based on a time for receive (Rx) beam refinement when the Rx beam of the target TCI state is unknown and a source reference signal (RS) for the target TCI state is a DL RS.

""12. The processor of claim 9, wherein the time duration does not include a time for receive beam refinement when the Tx beam of the target TCI state is unknown and a source reference signal (RS) for the target TCI state is a UL RS, wherein the UE uses a best known beam without additional Tx beam refinement.

""13. The processor of claim 9, wherein the time duration does not include a time for performing a pathloss (PL) measurement.""

For the URL and additional information on this patent, see: Chen, Xiang. Unified TCI framework. U.S. Patent Number 12641599, filed September 25, 2023, and published online on May 26, 2026. Patent URL (for desktop use only): https://ppubs.uspto.gov/pubwebapp/external.html?q=(12641599)&db=USPAT&type=ids",bb0809eb7d91268a5f8c748d4ba4c3f8c55aa0d7cf7980f3fa25a16866fbe7f6,ok,,11161,10704,1,week4_lseg_html_v1,True,True
2026-06-17 22:47:36.313,2026-06-17,2026-06-17T00:00:00,2026-06-17T23:59:59,AAPL,AAPL.O,R:AAPL.O and Language:LEN,urn:newsml:newsroom:20260617:nNRA0x9s1l:0,newsroom,NS:DAILYQ,Apple (NASDAQ:AAPL) Stock Price Down 1.1% – Should You Sell?,,"Jun 16, 2026

(Get Free Report)

Apple Inc. (NASDAQ:AAPL - Get Free Report) shares were down 1.1% during trading on Wednesday . The stock traded as low as $294.36 and last traded at $295.95. Approximately 41,805,550 shares were traded during trading, a decline of 12% from the average daily volume of 47,664,961 shares. The stock had previously closed at $299.24.

Key Stories Impacting Apple

Here are the key news stories impacting Apple this week:

Positive Sentiment: Analysts remain constructive after WWDC, with TD Cowen, Maxim, and others reiterating bullish views and raising price targets, citing Apples AI roadmap and long-term ecosystem advantages.

Positive Sentiment: Apple is reportedly planning a larger 2027 product cycle, including camera-equipped AirPods and a foldable iPhone, which could open new growth avenues and support sentiment around future hardware upgrades.

Positive Sentiment: Some reports say Apple may be better positioned than peers to handle the AI memory crunch because it has built up inventory, which could help protect margins if component costs rise.

Positive Sentiment: Longer-term commentary continues to argue that Apples installed base and services model could make its AI strategy profitable without the heavy infrastructure spending facing many rivals.

Neutral Sentiment: Coverage in recent articles also highlighted Apple as a long-term compounder and as a core holding in broad tech and AI-focused investment themes, reinforcing its defensive quality but not changing near-term fundamentals.

Negative Sentiment: Apple is facing fresh regulatory scrutiny in Europe, including an Italy probe into cloud interoperability under the Digital Markets Act, which adds legal and compliance risk.

Negative Sentiment: Rising memory chip costs and the need for more hardware to support advanced AI features could pressure hardware margins in coming quarters.

Analyst Ratings Changes

Several research analysts have commented on AAPL shares. Needham & Company LLC restated a ""hold"" rating on shares of Apple in a report on Tuesday, June 9th. DA Davidson restated a ""neutral"" rating and set a $270.00 price objective on shares of Apple in a report on Friday, May 1st. BNP Paribas Exane upgraded Apple from a ""neutral"" rating to an ""outperform"" rating and set a $300.00 price objective on the stock in a report on Friday, April 17th. Barclays restated an ""underweight"" rating on shares of Apple in a report on Tuesday, June 9th. Finally, UBS Group reiterated a ""buy"" rating on shares of Apple in a report on Tuesday, June 9th. One analyst has rated the stock with a Strong Buy rating, twenty-three have given a Buy rating, ten have issued a Hold rating and one has issued a Sell rating to the company's stock. Based on data from MarketBeat, Apple currently has an average rating of ""Moderate Buy"" and a consensus price target of $314.59.

Get Our Latest Report on AAPL

Apple Price Performance

The stock has a fifty day moving average price of $287.32 and a 200-day moving average price of $272.54. The firm has a market capitalization of $4.35 trillion, a PE ratio of 35.79, a P/E/G ratio of 2.58 and a beta of 1.09. The company has a debt-to-equity ratio of 0.70, a quick ratio of 1.02 and a current ratio of 1.07.

Apple (NASDAQ:AAPL - Get Free Report) last announced its quarterly earnings results on Thursday, April 30th. The iPhone maker reported $2.01 earnings per share (EPS) for the quarter, beating analysts' consensus estimates of $1.95 by $0.06. Apple had a return on equity of 146.69% and a net margin of 27.15%.The business had revenue of $111.18 billion for the quarter, compared to the consensus estimate of $109.46 billion. During the same period last year, the business posted $1.65 EPS. The business's revenue was up 16.6% compared to the same quarter last year. Sell-side analysts forecast that Apple Inc. will post 8.75 EPS for the current fiscal year.

Apple Increases Dividend

The firm also recently disclosed a quarterly dividend, which was paid on Thursday, May 14th. Stockholders of record on Monday, May 11th were given a $0.27 dividend. This represents a $1.08 dividend on an annualized basis and a dividend yield of 0.4%. The ex-dividend date of this dividend was Monday, May 11th. This is a positive change from Apple's previous quarterly dividend of $0.26. Apple's payout ratio is 13.06%.

Insiders Place Their Bets

In other news, insider Ben Borders sold 1,274 shares of the firm's stock in a transaction on Friday, May 8th. The stock was sold at an average price of $290.00, for a total value of $369,460.00. Following the completion of the sale, the insider owned 38,713 shares of the company's stock, valued at $11,226,770. This trade represents a 3.19% decrease in their position. The transaction was disclosed in a document filed with the Securities & Exchange Commission, which is available through this hyperlink. Also, CFO Kevan Parekh sold 1,534 shares of the firm's stock in a transaction on Thursday, April 23rd. The stock was sold at an average price of $275.00, for a total value of $421,850.00. Following the completion of the sale, the chief financial officer directly owned 13,366 shares of the company's stock, valued at $3,675,650. The trade was a 10.30% decrease in their position. The SEC filing for this sale provides additional information. Insiders sold 97,759 shares of company stock worth $24,964,305 over the last quarter. Company insiders own 0.06% of the company's stock.

Institutional Trading of Apple

A number of institutional investors have recently made changes to their positions in AAPL. First National Bank of Hutchinson lifted its position in Apple by 24.6% during the 4th quarter. First National Bank of Hutchinson now owns 35,319 shares of the iPhone maker's stock worth $8,845,000 after acquiring an additional 6,982 shares during the period. Eagle Capital Management LLC lifted its position in Apple by 0.5% during the 4th quarter. Eagle Capital Management LLC now owns 54,085 shares of the iPhone maker's stock worth $13,544,000 after acquiring an additional 272 shares during the period. Brighton Jones LLC lifted its position in Apple by 14.8% during the 4th quarter. Brighton Jones LLC now owns 537,314 shares of the iPhone maker's stock worth $134,554,000 after acquiring an additional 69,207 shares during the period. Revolve Wealth Partners LLC lifted its position in Apple by 4.2% during the 4th quarter. Revolve Wealth Partners LLC now owns 66,857 shares of the iPhone maker's stock worth $16,742,000 after acquiring an additional 2,695 shares during the period. Finally, Highview Capital Management LLC DE lifted its position in Apple by 2.4% during the 4th quarter. Highview Capital Management LLC DE now owns 50,264 shares of the iPhone maker's stock worth $12,587,000 after acquiring an additional 1,155 shares during the period. Institutional investors and hedge funds own 67.73% of the company's stock.

Apple Company Profile

Apple Inc (NASDAQ: AAPL) is a multinational technology company headquartered in Cupertino, California, founded in 1976 by Steve Jobs, Steve Wozniak and Ronald Wayne. The company designs, develops and sells consumer electronics, software and services. Over its history Apple has evolved from personal computers to a broad portfolio that spans mobile devices, wearables, home entertainment and digital services.

Apple's principal hardware products include the iPhone smartphone, iPad tablet, Mac personal computers, Apple Watch wearable devices and a range of accessories such as AirPods and HomePod.

See Also

Five stocks we like better than Apple

Cheap Thrills: Why These 3 Entertainment Stocks Are Soaring

CoreWeave Insider Sales Look Big, But Should Investors Worry?

Critical Metals: Sizing Up This Tiny Rare-Earth Stock Making Big Moves

Meta and Cloud Computing: Real Potential, or a Shot in the Dark?",3d9caa743fb5be37758f30eebc7e69dc51bf5dd82d2cabab51cc70c1e1a5c549,ok,,9758,7867,0,week4_lseg_html_v1,True,True
2026-06-18 23:47:28.178,2026-06-18,2026-06-18T00:00:00,2026-06-18T23:59:59,AAPL,AAPL.O,R:AAPL.O and Language:LEN,urn:newsml:newsroom:20260618:nNRA0xt65g:0,newsroom,NS:CNBSTR,Apple Inc (ETR:APC) stock decreases 0.1%; -20c [-0.1%],,"GERMAN END-OF-DAY STOCK REPORT

CUPERTINO, Wednesday, June 17 2026 - Apple Inc's (ETR: APC EUR256.30) stock price decreased 20.0c (0.1%) from its previous trading session to close at EUR256.30.

Compared with the DAX Index which rose 16.8 points (0.07%) in the day, the relative price change was -0.1%.

There were 11,763 shares worth EUR3 million ($3.5 million) traded today; the volume was 0.3 times the average daily trading volume of 39,896 shares.

In the past four days trading has been on consistently low volumes; Volume Index (VI) has been 0.5 or lower.

INDEX

SECTION 1 TODAY'S BULLISH SIGNALS

SECTION 2 ONGOING BULLISH PARAMETERS

SECTION 3 TODAY'S BEARISH SIGNALS

SECTION 4

Read more...

ANNEXURE

APPENDIX I DATA & ARCHIVE DOWNLOAD CENTER

GLOSSARY

SECTION 1 TODAY'S BULLISH SIGNALS

1.1 Uptrend

Price/Moving Average Price of 1.16 and positive MACD:

- The Price/MAP 200 for Apple Inc is 1.16. Being higher than 1 is a bullish indicator. It is higher than the Price/MAP 200 for the DAX Index of 1.03, a second bullish indicator. The stock is trading above both its MAPs and the 50-day MAP of EUR247.07 is higher than the 200-day MAP of EUR221.14, a third bullish indicator. The 200-day MAP has increased to EUR221.14, a fourth bullish indicator.

- The Moving Average Convergence Divergence (MACD) indicator of 12-day Exponential Moving Average (EMA) of 258.31 minus the 26-day EMA of 256.82 is positive, suggesting a bullish signal.

SECTION 2 ONGOING BULLISH PARAMETERS

2.1 Present Value of EUR1000 Invested in the Past [3 Mo, 1 Yr, 3 Yrs]; The Best Periods with PVEUR1000 > 1,158

PVEUR1,0003 mo ago1 yr ago3 yrs ago

APC.ETREUR1,159EUR1,495EUR1,510

Computers sectorEUR1,185EUR1,499EUR1,432

DAX IndexEUR1,051EUR1,063EUR1,522

2.2 The Best Periods [3 Mo, 1 Yr] with Price Change % > 15.8

1-Year price change of 49.5% for Apple Inc outperformed the change of 5.2% in the DAX Index for a relative price change of 44.3%.

Price Change %QuarterYear

Apple Inc15.949.5

Computers sector18.551.1

DAX Index9.15.2

SECTION 3 TODAY'S BEARISH SIGNALS

3.1 Downtrend

Past Quarter:

The Worst 3 weeks in the past quarter

The past month witnessed the worst 2 weeks in the past quarter. In the past quarter the steepest fall of 7.0% took place in the week beginning Monday June 08.

Mon-FriChange %DAX Index Change %Vol Ind [1 is avg]

Jun 08-12-7-0.60.9

Mar 16-20-2.7-4.41.8

May 25-29-0.40.70.6

SECTION 4

APPENDIX I DATA & ARCHIVE DOWNLOAD CENTER

APC: OTHER INFORMATION:

+ PRICE VOLUME CHARTS

+ USD vs EUR EXCHANGE RATE CHARTS IN HTML

GLOSSARY

Disclaimer:",e416f90f64d37afbe8651311bc082e56d1007c6704877f8e76d3c2fe73651a4f,ok,,4459,2579,0,week4_lseg_html_v1,True,True
2026-06-18 23:39:02.136,2026-06-18,2026-06-18T00:00:00,2026-06-18T23:59:59,AAPL,AAPL.O,R:AAPL.O and Language:LEN,urn:link:webnews:20260618:nNRA0xt46l:0,webnews,NS:YAHNEX,"Apple seen as well-positioned to navigate rising memory costs, Bank of America says",,,,missing,story body is empty,0,0,0,week4_lseg_html_v1,False,False
2026-06-18 23:06:10.869,2026-06-18,2026-06-18T00:00:00,2026-06-18T23:59:59,AAPL,AAPL.O,R:AAPL.O and Language:LEN,urn:link:webnews:20260618:nNRA0xss96:0,webnews,NS:FINSWI,IPhone 18 Pro Rumored To Feature Larger Camera Bump For Advanced Imaging Upgrades,,,,missing,story body is empty,0,0,0,week4_lseg_html_v1,False,False
2026-06-18 22:09:08.969,2026-06-18,2026-06-18T00:00:00,2026-06-18T23:59:59,AAPL,AAPL.O,R:AAPL.O and Language:LEN,urn:newsml:newsroom:20260618:nNRA0xsei3:0,newsroom,NS:MARDAJ,American Trust Has $18.50 Million Position in Apple Inc. $AAPL,,"Jun 17, 2026

American Trust reduced its stake in shares of Apple Inc. (NASDAQ:AAPL - Free Report) by 5.1% in the 4th quarter, Holdings Channel.com reports. The institutional investor owned 68,055 shares of the iPhone maker's stock after selling 3,680 shares during the quarter. Apple comprises about 1.6% of American Trust's investment portfolio, making the stock its 14th largest position. American Trust's holdings in Apple were worth $18,501,000 as of its most recent SEC filing.

Several other institutional investors also recently modified their holdings of the stock. Vanguard Group Inc. grew its position in shares of Apple by 1.9% during the 4th quarter. Vanguard Group Inc. now owns 1,426,283,914 shares of the iPhone maker's stock worth $387,749,545,000 after buying an additional 26,856,752 shares during the period. State Street Corp grew its stake in Apple by 1.1% in the fourth quarter. State Street Corp now owns 604,056,505 shares of the iPhone maker's stock valued at $164,218,801,000 after acquiring an additional 6,555,392 shares during the period. Geode Capital Management LLC grew its stake in Apple by 0.5% in the fourth quarter. Geode Capital Management LLC now owns 358,032,517 shares of the iPhone maker's stock valued at $97,031,587,000 after acquiring an additional 1,866,103 shares during the period. Morgan Stanley grew its stake in Apple by 0.6% in the fourth quarter. Morgan Stanley now owns 230,483,035 shares of the iPhone maker's stock valued at $62,659,118,000 after acquiring an additional 1,379,651 shares during the period. Finally, Norges Bank acquired a new position in Apple in the fourth quarter valued at about $52,266,468,000. 67.73% of the stock is currently owned by institutional investors and hedge funds.

Key Apple News

Here are the key news stories impacting Apple this week:

Positive Sentiment: Apple is reportedly preparing a second-generation iPhone Air for spring 2027, with upgrades including a second rear camera and better battery life, reinforcing the companys longer-term product pipeline. Article Title

Positive Sentiment: Several analysts reiterated bullish views after WWDC, arguing Apples AI strategy, ecosystem integration, and premium-services monetization could support further upside in AAPL. Article Title

Positive Sentiment: One report said Apple is well positioned to navigate the AI memory crunch because it built up inventory, which could help protect margins versus rivals facing the same component shortage. Article Title

Neutral Sentiment: Apple insider Ben Borders sold a small number of shares, but the filing says the sale was mainly to cover tax withholding tied to equity vesting, making it less concerning for investors. Article Title

Negative Sentiment: CEO Tim Cook said price hikes across Apples lineup are unavoidable because AI-driven demand is pushing up memory and storage chip costs, raising concerns about margin pressure and possible consumer backlash. Article Title

Negative Sentiment: Investors remain frustrated with Apples slower-than-expected AI rollout, and some coverage says the company still has to prove tangible progress after WWDC rather than just promise future updates. Article Title

Negative Sentiment: Italy opened a Digital Markets Act probe into Apples cloud interoperability practices, adding a new regulatory overhang in Europe. Article Title

Insider Transactions at Apple

In other news, CEO Timothy D. Cook sold 64,949 shares of the business's stock in a transaction dated Thursday, April 2nd. The stock was sold at an average price of $254.23, for a total value of $16,511,984.27. Following the sale, the chief executive officer directly owned 3,280,418 shares in the company, valued at $833,980,668.14. The trade was a 1.94% decrease in their ownership of the stock. The sale was disclosed in a document filed with the SEC, which is available at the SEC website. The transaction was executed under a pre-arranged Rule 10b5-1 trading plan. Also, SVP Deirdre O'brien sold 30,002 shares of the business's stock in a transaction dated Thursday, April 2nd. The shares were sold at an average price of $255.35, for a total value of $7,661,010.70. Following the completion of the sale, the senior vice president owned 136,810 shares in the company, valued at approximately $34,934,433.50. This trade represents a 17.99% decrease in their ownership of the stock. Additional details regarding this sale are available in the official SEC disclosure. The transaction was executed under a pre-arranged Rule 10b5-1 trading plan. In the last ninety days, insiders have sold 97,875 shares of company stock valued at $24,998,541. 0.06% of the stock is currently owned by company insiders.

Apple Stock Performance

Shares of Apple stock opened at $295.95 on Thursday. The firm has a market cap of $4.35 trillion, a price-to-earnings ratio of 35.79, a price-to-earnings-growth ratio of 2.61 and a beta of 1.09. The stock's 50-day moving average is $288.06 and its 200-day moving average is $272.66. Apple Inc. has a one year low of $195.07 and a one year high of $317.40. The company has a debt-to-equity ratio of 0.70, a current ratio of 1.07 and a quick ratio of 1.02.

Apple (NASDAQ:AAPL - Get Free Report) last issued its quarterly earnings results on Thursday, April 30th. The iPhone maker reported $2.01 EPS for the quarter, beating analysts' consensus estimates of $1.95 by $0.06. The company had revenue of $111.18 billion for the quarter, compared to analyst estimates of $109.46 billion. Apple had a return on equity of 146.69% and a net margin of 27.15%.The company's quarterly revenue was up 16.6% compared to the same quarter last year. During the same period in the previous year, the company posted $1.65 earnings per share. Equities analysts predict that Apple Inc. will post 8.75 earnings per share for the current fiscal year.

Apple Increases Dividend

The company also recently declared a quarterly dividend, which was paid on Thursday, May 14th. Stockholders of record on Monday, May 11th were issued a $0.27 dividend. This represents a $1.08 dividend on an annualized basis and a dividend yield of 0.4%. This is a positive change from Apple's previous quarterly dividend of $0.26. The ex-dividend date was Monday, May 11th. Apple's dividend payout ratio is presently 13.06%.

Analysts Set New Price Targets

A number of research analysts have issued reports on the company. TD Cowen boosted their target price on Apple from $335.00 to $350.00 and gave the company a ""buy"" rating in a research note on Tuesday, June 9th. Tigress Financial reissued a ""strong-buy"" rating and issued a $375.00 target price (up from $305.00) on shares of Apple in a research note on Thursday, May 14th. Rosenblatt Securities reissued a ""neutral"" rating and issued a $276.00 target price on shares of Apple in a research note on Tuesday, June 9th. Stifel Nicolaus set a $330.00 target price on Apple in a research note on Monday, March 2nd. Finally, Maxim Group reissued a ""buy"" rating and issued a $350.00 target price (up from $310.00) on shares of Apple in a research note on Tuesday, June 9th. One research analyst has rated the stock with a Strong Buy rating, twenty-three have issued a Buy rating, ten have issued a Hold rating and one has assigned a Sell rating to the company. According to data from MarketBeat.com, the company has an average rating of ""Moderate Buy"" and an average price target of $314.59.

Read Our Latest Stock Report on AAPL

Apple Company Profile

(Free Report)

Apple Inc (NASDAQ: AAPL) is a multinational technology company headquartered in Cupertino, California, founded in 1976 by Steve Jobs, Steve Wozniak and Ronald Wayne. The company designs, develops and sells consumer electronics, software and services. Over its history Apple has evolved from personal computers to a broad portfolio that spans mobile devices, wearables, home entertainment and digital services.

Apple's principal hardware products include the iPhone smartphone, iPad tablet, Mac personal computers, Apple Watch wearable devices and a range of accessories such as AirPods and HomePod.

Further Reading

Five stocks we like better than Apple

Cheap Thrills: Why These 3 Entertainment Stocks Are Soaring

CoreWeave Insider Sales Look Big, But Should Investors Worry?

Critical Metals: Sizing Up This Tiny Rare-Earth Stock Making Big Moves

Meta and Cloud Computing: Real Potential, or a Shot in the Dark?

Want to see what other hedge funds are holding AAPL? Visit HoldingsChannel.com to get the latest 13F filings and insider trades for Apple Inc. (NASDAQ:AAPL - Free Report).",5bc88db3f3bcf6122b0642937194a149cb19c2f230012c58c0cba9f58c93154d,ok,,9313,8592,0,week4_lseg_html_v1,True,True
2026-06-18 21:52:12.000,2026-06-18,2026-06-18T00:00:00,2026-06-18T23:59:59,AAPL,AAPL.O,R:AAPL.O and Language:LEN,urn:newsml:social:20260618:nTWT3JWw6x:1,social,NS:X,"@CNBCFastMoney: ""Intel wants a seat at the big person table,"" says @munster_gene of @deepwatermgmt on what the new partnership with Apple could mean.

$INTC $AAPL

https://t.co/HEXJQ6BEV6",,"CNBC's Fast Money

@CNBCFastMoney

""Intel wants a seat at the big person table,"" says

@munster_gene

of

@deepwatermgmt

on what the new partnership with Apple could mean.

$INTC

$AAPL

cnbc.com/video/2026/06/…",0b5b1c8e5bebe69907586d197595667f3c12fb47c1abcb4c6c0fda386a8ba68a,ok,,6410,212,0,week4_lseg_html_v1,False,False
2026-06-19 23:22:16.971,2026-06-19,2026-06-19T00:00:00,2026-06-19T23:59:59,AAPL,AAPL.O,R:AAPL.O and Language:LEN,urn:newsml:newsroom:20260619:nNRA0y8kaz:0,newsroom,NS:CNBSTR,Apple Inc (ETR:APC) shares rise 1.1%; +EUR2.85 [+1.1%],,"GERMAN END-OF-DAY STOCK REPORT

CUPERTINO, Thursday, June 18 2026 - Apple Inc's (ETR: APC EUR259.15) stock price rose EUR2.85 (1.1%) from its previous trading session to close at EUR259.15.

Compared with the DAX Index which rose 96.5 points (0.4%) in the day, the relative price increase was 0.7%.

There were 15,143 shares worth EUR3.9 million ($4.6 million) traded today; the volume was 0.4 times the average daily trading volume of 39,832 shares.

In the past five days trading has been on consistently low volumes; Volume Index (VI) has been 0.5 or lower.

INDEX

SECTION 1 TODAY'S BULLISH SIGNALS

SECTION 2 ONGOING BULLISH PARAMETERS

SECTION 3 TODAY'S BEARISH SIGNALS

SECTION 4

Read more...

ANNEXURE

APPENDIX I DATA & ARCHIVE DOWNLOAD CENTER

GLOSSARY

SECTION 1 TODAY'S BULLISH SIGNALS

1.1 Uptrend

Today's Volatility:

The 5% discount to 12-month high of EUR273.10 against the 53% premium to 12-month low of EUR169.0 suggests the stock continues to push for new highs.

Today its volatility (highest price minus lowest price/lowest price) of 1.7% was 0.9 times the average daily volatility of 1.8%, up from 1.5% on Wednesday and 1.4% on Tuesday. Price/Moving Average Price of 1.17 and positive MACD:

- The Price/MAP 200 for Apple Inc is 1.17. Being higher than 1 is a bullish indicator. It is higher than the Price/MAP 200 for the DAX Index of 1.03, a second bullish indicator. The stock is trading above both its MAPs and the 50-day MAP of EUR247.84 is higher than the 200-day MAP of EUR221.45, a third bullish indicator. The 200-day MAP has increased to EUR221.45, a fourth bullish indicator.

- The Moving Average Convergence Divergence (MACD) indicator of 12-day Exponential Moving Average (EMA) of 258.44 minus the 26-day EMA of 256.99 is positive, suggesting a bullish signal. Both the 12-day EMA as well as the 26-day EMA are rising, another bullish signal.

Past Quarter:

- In the last three months the stock has hit a new 52-week high fourteen times, pointing to a significant uptrend.

- The shares had their best quarter in six quarters since the quarter ended December 18, 2024.

SECTION 2 ONGOING BULLISH PARAMETERS

2.1 Present Value of EUR1000 Invested in the Past [3 Mo, 1 Yr, 3 Yrs]; The Best Periods with PVEUR1000 > 1,188

PVEUR1,0003 mo ago1 yr ago3 yrs ago

APC.ETREUR1,189EUR1,519EUR1,527

Computers sectorEUR1,211EUR1,520EUR1,446

DAX IndexEUR1,064EUR1,072EUR1,528

2.2 The Best Periods [3 Mo, 1 Yr] with Price Change % > 18.8

1-Year price change of 51.9% for Apple Inc outperformed the change of 6.7% in the DAX Index for a relative price change of 45.2%.

Price Change %QuarterYear

Apple Inc18.951.9

Computers sector21.151.4

DAX Index11.86.7

SECTION 3 TODAY'S BEARISH SIGNALS

3.1 Downtrend

Past Quarter:

The Worst 3 weeks in the past quarter

The past month witnessed the worst 2 weeks in the past quarter. In the past quarter the steepest fall of 7.0% took place in the week beginning Monday June 08.

Mon-FriChange %DAX Index Change %Vol Ind [1 is avg]

Jun 08-12-7-0.60.9

Mar 16-20-2.7-4.41.8

May 25-29-0.40.70.6

SECTION 4

APPENDIX I DATA & ARCHIVE DOWNLOAD CENTER

APC: OTHER INFORMATION:

+ PRICE VOLUME CHARTS

+ USD vs EUR EXCHANGE RATE CHARTS IN HTML

GLOSSARY

Disclaimer:",28981b9631037322e3169ec78b31ca9cc9f0ad5c9c8fa81673764b27e9171877,ok,,5140,3235,0,week4_lseg_html_v1,True,True
2026-06-19 22:53:48.839,2026-06-19,2026-06-19T00:00:00,2026-06-19T23:59:59,AAPL,AAPL.O,R:AAPL.O and Language:LEN,urn:newsml:newsroom:20260619:nNRA0y8dna:0,newsroom,NS:MARDAJ,Apple (NASDAQ:AAPL) Stock Price Down 1.1% on Insider Selling,,"Jun 18, 2026

Apple Inc. (NASDAQ:AAPL - Get Free Report)'s stock price was down 1.1% during mid-day trading on Wednesday following insider selling activity. The stock traded as low as $294.36 and last traded at $295.95. Approximately 41,805,550 shares changed hands during mid-day trading, a decline of 12% from the average session volume of 47,664,961 shares. The stock had previously closed at $299.24.

Specifically, insider Ben Borders sold 116 shares of the stock in a transaction dated Tuesday, June 16th. The stock was sold at an average price of $295.14, for a total value of $34,236.24. Following the completion of the transaction, the insider directly owned 38,713 shares in the company, valued at approximately $11,425,754.82. This trade represents a 0.30% decrease in their ownership of the stock. The transaction was disclosed in a document filed with the Securities & Exchange Commission, which can be accessed through this link. The sale was made to cover tax withholding obligations related to the vesting of equity awards.

Analysts Set New Price Targets

Several analysts have recently weighed in on the company. Jefferies Financial Group restated a ""hold"" rating on shares of Apple in a report on Tuesday, June 9th. Wells Fargo & Company reiterated an ""overweight"" rating and set a $310.00 target price (up from $300.00) on shares of Apple in a research report on Friday, May 1st. Monness Crespi & Hardt boosted their target price on shares of Apple from $315.00 to $335.00 and gave the stock a ""buy"" rating in a report on Friday, May 1st. The Goldman Sachs Group restated a ""buy"" rating on shares of Apple in a research report on Monday, March 2nd. Finally, KeyCorp reaffirmed a ""sector weight"" rating on shares of Apple in a research note on Tuesday, June 9th. One research analyst has rated the stock with a Strong Buy rating, twenty-three have assigned a Buy rating, ten have assigned a Hold rating and one has issued a Sell rating to the company. Based on data from MarketBeat, the stock has a consensus rating of ""Moderate Buy"" and an average target price of $314.59.

Get Our Latest Stock Analysis on AAPL

More Apple News

Here are the key news stories impacting Apple this week:

Positive Sentiment: Apple is reportedly building a new wave of products, including AI-enabled AirPods with cameras and a foldable iPhone, which supports its longer-term innovation pipeline and could open new revenue streams. Article Title

Positive Sentiment: Bank of America reiterated a Buy rating and a $380 price target on Apple, saying the company still has strong pricing power and supply-chain advantages despite higher component costs. Article Title

Positive Sentiment: Apple is being viewed as relatively well positioned to navigate the memory shortage because of its scale and inventory planning, which could help protect margins versus smaller device makers. Article Title

Neutral Sentiment: Tim Cook said Apple will likely raise prices on some products because memory and storage chip costs are becoming unavoidable, which may offset costs but also raise concern about demand. Article Title

Neutral Sentiment: Reports that Apple may shift more chip manufacturing to Intel in the U.S. were not confirmed by either company, so the potential impact remains speculative for now. Article Title

Negative Sentiment: The memory-chip shortage is creating cost pressure across Apples hardware lineup, raising the risk of margin compression if price increases do not fully offset higher input costs. Article Title

Apple Price Performance

The company has a debt-to-equity ratio of 0.70, a quick ratio of 1.02 and a current ratio of 1.07. The firm's 50 day moving average price is $288.95 and its two-hundred day moving average price is $272.80. The company has a market cap of $4.38 trillion, a P/E ratio of 36.04, a price-to-earnings-growth ratio of 2.58 and a beta of 1.09.

Apple (NASDAQ:AAPL - Get Free Report) last issued its earnings results on Thursday, April 30th. The iPhone maker reported $2.01 earnings per share (EPS) for the quarter, topping the consensus estimate of $1.95 by $0.06. Apple had a net margin of 27.15% and a return on equity of 146.69%. The business had revenue of $111.18 billion for the quarter, compared to analyst estimates of $109.46 billion. During the same period in the prior year, the firm earned $1.65 earnings per share. Apple's revenue was up 16.6% on a year-over-year basis. Equities research analysts anticipate that Apple Inc. will post 8.75 EPS for the current fiscal year.

Apple Increases Dividend

The business also recently disclosed a quarterly dividend, which was paid on Thursday, May 14th. Stockholders of record on Monday, May 11th were given a dividend of $0.27 per share. This is a boost from Apple's previous quarterly dividend of $0.26. The ex-dividend date of this dividend was Monday, May 11th. This represents a $1.08 dividend on an annualized basis and a dividend yield of 0.4%. Apple's payout ratio is currently 13.06%.

Institutional Trading of Apple

Hedge funds and other institutional investors have recently added to or reduced their stakes in the company. Isthmus Partners LLC raised its holdings in Apple by 6.4% during the third quarter. Isthmus Partners LLC now owns 97,177 shares of the iPhone maker's stock worth $25,000 after buying an additional 5,808 shares during the last quarter. Sellwood Investment Partners LLC lifted its stake in shares of Apple by 110.9% in the third quarter. Sellwood Investment Partners LLC now owns 135 shares of the iPhone maker's stock valued at $34,000 after buying an additional 71 shares in the last quarter. Lifetime Wealth Management P.C. acquired a new position in shares of Apple during the fourth quarter valued at about $41,000. ROSS JOHNSON & Associates LLC increased its position in shares of Apple by 1,800.0% during the first quarter. ROSS JOHNSON & Associates LLC now owns 190 shares of the iPhone maker's stock worth $42,000 after acquiring an additional 180 shares in the last quarter. Finally, LSV Asset Management bought a new stake in shares of Apple during the fourth quarter worth about $65,000. 67.73% of the stock is owned by institutional investors.

Apple Company Profile

(Get Free Report)

Apple Inc (NASDAQ: AAPL) is a multinational technology company headquartered in Cupertino, California, founded in 1976 by Steve Jobs, Steve Wozniak and Ronald Wayne. The company designs, develops and sells consumer electronics, software and services. Over its history Apple has evolved from personal computers to a broad portfolio that spans mobile devices, wearables, home entertainment and digital services.

Apple's principal hardware products include the iPhone smartphone, iPad tablet, Mac personal computers, Apple Watch wearable devices and a range of accessories such as AirPods and HomePod.

Recommended Stories

Five stocks we like better than Apple

Why Palantirs Google Cloud Deal Could Change the Debate

AIs Power Problem Is Turning Nuclear Stocks Into a Bigger Market Story

American Eagles Q1 Beat Leaves Investors With a Bigger Question

VMware: Broadcom's Second Biggest Business Set to Accelerate",e424d90db51f14a3b4ea0df9e2650f0012df2c6673ed62c5dcb0ea423f701e04,ok,,7853,7151,0,week4_lseg_html_v1,True,True
2026-06-19 21:44:10.648,2026-06-19,2026-06-19T00:00:00,2026-06-19T23:59:59,AAPL,AAPL.O,R:AAPL.O and Language:LEN,urn:link:webnews:20260619:nNRA0y7wq4:0,webnews,NS:ITNEWS,Xiao-I Corporation Provides Update on First-Instance Rulings in Patent Litigation Against Apple; Company Intends to Appeal to the Supreme People's ...,,,,missing,story body is empty,0,0,0,week4_lseg_html_v1,False,False
2026-06-19 21:30:12.948,2026-06-19,2026-06-19T00:00:00,2026-06-19T23:59:59,AAPL,AAPL.O,R:AAPL.O and Language:LEN,urn:link:webnews:20260619:nNRA0y7rnh:0,webnews,NS:YAHNEX,Xiao-I Corporation Provides Update on First-Instance Rulings in Patent Litigation Against Apple; Company Intends to Appeal to the Supreme People's ...,,,,missing,story body is empty,0,0,0,week4_lseg_html_v1,False,False
2026-06-19 21:25:13.986,2026-06-19,2026-06-19T00:00:00,2026-06-19T23:59:59,AAPL,AAPL.O,R:AAPL.O and Language:LEN,urn:link:webnews:20260619:nNRA0y7rid:0,webnews,NS:WNCOMA,Xiao-I Corporation Provides Update on First-Instance Rulings in Patent Litigation Against Apple; Company Intends to Appeal to the Supreme People's ...,,,,missing,story body is empty,0,0,0,week4_lseg_html_v1,False,False
2026-06-20 16:02:49.646,2026-06-20,2026-06-20T00:00:00,2026-06-20T23:59:59,AAPL,AAPL.O,R:AAPL.O and Language:LEN,urn:newsml:newsroom:20260620:nNRA0yh1kx:0,newsroom,NS:USOFFI,"Insider Trading: SVP, GC and Secretary, Newstead Jennifer sells 16,238 shares of Apple Inc. [ AAPL ]",,"Washington: Apple Inc. [ AAPL ] has filed a Form 4 with The Securities and Exchange Commission on June 17, 2026.

SVP, GC and Secretary, Newstead Jennifer sells 16,238 shares of Apple Inc. [ AAPL ] at the rate of $296.42 per share on June 15, 2026.",86a75b15c3d011793d3501b1c61e1dd6dccb2cf64b531fc275f7163d798b0e67,ok,,317,248,0,week4_lseg_html_v1,True,True
2026-06-20 16:02:45.968,2026-06-20,2026-06-20T00:00:00,2026-06-20T23:59:59,AAPL,AAPL.O,R:AAPL.O and Language:LEN,urn:newsml:newsroom:20260620:nNRA0yh1yb:0,newsroom,NS:USOFFI,"Insider Trading: Newstead Jennifer, SVP, GC and Secretary acquires 30,104 shares of Apple Inc. [ AAPL ]",,"Washington: Apple Inc. [ AAPL ] has filed a Form 4 with The Securities and Exchange Commission on June 17, 2026.

Newstead Jennifer, SVP, GC and Secretary acquired 30,104 shares of Apple Inc. [ AAPL ] at the rate of $0 per share on June 15, 2026.

Note: Each restricted stock unit (""RSU"") represents the right to receive, at settlement, one share of common stock. This transaction represents the settlement of RSUs in shares of common stock on their scheduled vesting date.",c9d34b6c8662df8b9603f5a195e5727854fe86b18cc30e7ecc526cb612cc2aa7,ok,,552,473,0,week4_lseg_html_v1,True,True
2026-06-20 16:02:45.754,2026-06-20,2026-06-20T00:00:00,2026-06-20T23:59:59,AAPL,AAPL.O,R:AAPL.O and Language:LEN,urn:newsml:newsroom:20260620:nNRA0yh1yc:0,newsroom,NS:USOFFI,"Insider Trading: Newstead Jennifer, SVP, GC and Secretary dispose of 30,104 shares of Apple Inc. [ AAPL ]",,"Washington: Apple Inc. [ AAPL ] has filed a Form 4 with The Securities and Exchange Commission on June 17, 2026.

Newstead Jennifer, SVP, GC and Secretary disposed of 30,104 shares of Apple Inc. [ AAPL ] at the rate of $0 per share on June 15, 2026.

Note: Each restricted stock unit (""RSU"") represents the right to receive, at settlement, one share of common stock. This transaction represents the settlement of RSUs in shares of common stock on their scheduled vesting date.",475a366daa3b9138220a5a546dae8661a18352a95185318ad4be646662e6ae8f,ok,,555,476,0,week4_lseg_html_v1,True,True
2026-06-20 13:16:07.821,2026-06-20,2026-06-20T00:00:00,2026-06-20T23:59:59,AAPL,AAPL.O,R:AAPL.O and Language:LEN,urn:link:webnews:20260620:nNRA0yf21x:0,webnews,NS:YAHNEX,"After Nvidia And Tesla, Trump Confirms Apple Has Agreed To Build Chips With Intel Amid US Manufacturing Push: 'When Was The Last Time...'",,,,missing,story body is empty,0,0,0,week4_lseg_html_v1,False,False
2026-06-20 13:07:45.139,2026-06-20,2026-06-20T00:00:00,2026-06-20T23:59:59,AAPL,AAPL.O,R:AAPL.O and Language:LEN,urn:newsml:newsroom:20260620:nNRA0yf01j:0,newsroom,NS:TRADAJ,Wealth Preservation Advisors LLC Cuts Position in Apple Inc. $AAPL,,"Jun 19, 2026

Wealth Preservation Advisors LLC lowered its holdings in shares of Apple Inc. (NASDAQ:AAPL - Free Report) by 5.5% in the 4th quarter, HoldingsChannel reports. The firm owned 34,771 shares of the iPhone maker's stock after selling 2,038 shares during the period. Apple makes up approximately 4.8% of Wealth Preservation Advisors LLC's holdings, making the stock its 7th largest holding. Wealth Preservation Advisors LLC's holdings in Apple were worth $9,453,000 at the end of the most recent reporting period.

A number of other hedge funds have also added to or reduced their stakes in the business. Reyes Financial Architecture Inc. increased its stake in shares of Apple by 0.4% in the 3rd quarter. Reyes Financial Architecture Inc. now owns 9,898 shares of the iPhone maker's stock valued at $2,520,000 after acquiring an additional 37 shares in the last quarter. WESPAC Advisors LLC lifted its position in shares of Apple by 0.3% during the 4th quarter. WESPAC Advisors LLC now owns 12,326 shares of the iPhone maker's stock valued at $3,351,000 after acquiring an additional 39 shares during the period. Interactive Financial Advisors Inc. boosted its stake in Apple by 4.0% during the fourth quarter. Interactive Financial Advisors Inc. now owns 1,051 shares of the iPhone maker's stock worth $286,000 after acquiring an additional 40 shares in the last quarter. Orion Investment Co boosted its stake in Apple by 0.3% during the fourth quarter. Orion Investment Co now owns 14,354 shares of the iPhone maker's stock worth $3,902,000 after acquiring an additional 41 shares in the last quarter. Finally, Seven Springs Wealth Group LLC grew its holdings in Apple by 0.3% in the third quarter. Seven Springs Wealth Group LLC now owns 15,451 shares of the iPhone maker's stock worth $3,934,000 after purchasing an additional 42 shares during the period. 67.73% of the stock is currently owned by institutional investors.

Apple Stock Performance

Shares of Apple stock opened at $298.01 on Friday. The company has a market cap of $4.38 trillion, a PE ratio of 36.04, a price-to-earnings-growth ratio of 2.59 and a beta of 1.09. Apple Inc. has a 52 week low of $196.85 and a 52 week high of $317.40. The business has a 50 day moving average price of $289.73 and a 200-day moving average price of $272.98. The company has a quick ratio of 1.02, a current ratio of 1.07 and a debt-to-equity ratio of 0.70.

Apple (NASDAQ:AAPL - Get Free Report) last posted its earnings results on Thursday, April 30th. The iPhone maker reported $2.01 earnings per share for the quarter, beating analysts' consensus estimates of $1.95 by $0.06. The company had revenue of $111.18 billion for the quarter, compared to analyst estimates of $109.46 billion. Apple had a return on equity of 146.69% and a net margin of 27.15%.The company's revenue for the quarter was up 16.6% on a year-over-year basis. During the same quarter last year, the company earned $1.65 earnings per share. Equities analysts anticipate that Apple Inc. will post 8.75 earnings per share for the current fiscal year.

Apple Increases Dividend

The business also recently disclosed a quarterly dividend, which was paid on Thursday, May 14th. Shareholders of record on Monday, May 11th were paid a dividend of $0.27 per share. This is a boost from Apple's previous quarterly dividend of $0.26. The ex-dividend date was Monday, May 11th. This represents a $1.08 annualized dividend and a yield of 0.4%. Apple's dividend payout ratio (DPR) is 13.06%.

Analysts Set New Price Targets

AAPL has been the subject of several research analyst reports. Stifel Nicolaus set a $330.00 price target on shares of Apple in a research note on Monday, March 2nd. Monness Crespi & Hardt increased their price objective on shares of Apple from $315.00 to $335.00 and gave the stock a ""buy"" rating in a research report on Friday, May 1st. Sanford C. Bernstein restated an ""outperform"" rating on shares of Apple in a research note on Monday, June 8th. TD Cowen raised their target price on Apple from $335.00 to $350.00 and gave the company a ""buy"" rating in a research note on Tuesday, June 9th. Finally, BNP Paribas Exane raised Apple from a ""neutral"" rating to an ""outperform"" rating and set a $300.00 target price for the company in a research report on Friday, April 17th. One analyst has rated the stock with a Strong Buy rating, twenty-three have issued a Buy rating, ten have assigned a Hold rating and one has issued a Sell rating to the stock. According to data from MarketBeat.com, Apple currently has an average rating of ""Moderate Buy"" and an average target price of $314.59.

Read Our Latest Report on AAPL

Insider Buying and Selling

In other Apple news, SVP Deirdre O'brien sold 30,002 shares of Apple stock in a transaction on Thursday, April 2nd. The shares were sold at an average price of $255.35, for a total transaction of $7,661,010.70. Following the transaction, the senior vice president directly owned 136,810 shares of the company's stock, valued at $34,934,433.50. The trade was a 17.99% decrease in their position. The transaction was disclosed in a legal filing with the Securities & Exchange Commission, which is available through the SEC website. The transaction was executed under a pre-arranged Rule 10b5-1 trading plan. Also, insider Ben Borders sold 1,274 shares of the company's stock in a transaction on Friday, May 8th. The stock was sold at an average price of $290.00, for a total transaction of $369,460.00. Following the completion of the sale, the insider owned 38,713 shares of the company's stock, valued at approximately $11,226,770. The trade was a 3.19% decrease in their position. The SEC filing for this sale provides additional information. Insiders have sold a total of 97,875 shares of company stock valued at $24,998,541 in the last 90 days. Insiders own 0.06% of the company's stock.

Apple News Summary

Here are the key news stories impacting Apple this week:

Positive Sentiment: Apples planned price increases could protect margins as memory and storage costs rise, and Bank of America reiterated a Buy rating with a $380 target, citing Apples pricing power and supply-chain strength. Article Title

Positive Sentiment: Reports of upcoming AI-focused devices and a second-generation iPhone Air support confidence in Apples product pipeline and longer-term growth story. Article Title

Neutral Sentiment: Apples planned price hikes may help earnings, but they could also pressure demand if consumers balk at higher handset prices. Article Title

Neutral Sentiment: Apple opening Brazils App Store to alternative marketplaces reduces regulatory friction there, but it also underscores ongoing global platform scrutiny. Article Title

Apple Profile

(Free Report)

Apple Inc (NASDAQ: AAPL) is a multinational technology company headquartered in Cupertino, California, founded in 1976 by Steve Jobs, Steve Wozniak and Ronald Wayne. The company designs, develops and sells consumer electronics, software and services. Over its history Apple has evolved from personal computers to a broad portfolio that spans mobile devices, wearables, home entertainment and digital services.

Apple's principal hardware products include the iPhone smartphone, iPad tablet, Mac personal computers, Apple Watch wearable devices and a range of accessories such as AirPods and HomePod.

Recommended Stories

Five stocks we like better than Apple

Aehr Spikes on New Order, But Has Stock Gotten Ahead of Itself?

Rackspaces AI Land Grab: Plugging Into the Next Compute Boom

Satellogic Is Tiny But Its Revenue Growth Is Hard to Ignore

Why Krogers Pullback Could Be a Gift for Patient Investors

Want to see what other hedge funds are holding AAPL? Visit HoldingsChannel.com to get the latest 13F filings and insider trades for Apple Inc. (NASDAQ:AAPL - Free Report).",c8eb4cfdf31e500e2e20079c22c3979f4c1692bf97f0d3ffd6ee773953886cf7,ok,,8515,7849,0,week4_lseg_html_v1,True,True
2026-06-21 22:52:25.223,2026-06-21,2026-06-21T00:00:00,2026-06-21T23:59:59,AAPL,AAPL.O,R:AAPL.O and Language:LEN,urn:newsml:newsroom:20260621:nNRA0yr9xl:0,newsroom,NS:GLORDP,HUAWEI TECHNOLOGIES CO LTD - THE RECENT NEWS IN THE INDUSTRY AND ITS PEERS,,"DASHBOARD: HUAWEI TECHNOLOGIES CO LTD

ACTIVITIES:

PermID4296309931

Websitehttps://www.huawei.com/en/

IndustryTelecommunications Equipment

AddressBantian Huawei Base Longgang District Shenzhen, 518129 China

Huawei Technologies Co., Ltd. is a leading global provider of information and communications technology (ICT) infrastructure and smart devices, founded in 1987 and headquartered in Shenzhen, China. With approximately 213,000 employees operating in over 170 countries and regions, the company serves more than 3 billion people and is dedicated to building a fully connected, intelligent world through digital innovation. Its core business activities span ICT infrastructure (including networks, 5G/5.5G, and computing), consumer devices (smartphones, wearables, and HarmonyOS ecosystem), cloud computing, digital power solutions, and intelligent automotive solutions. Huawei emphasizes heavy R&D investment-CNY 192.3 billion in 2025 (21.8% of revenue)-driving advancements in AI, connectivity, and sustainable technologies. Fastest-growing segments include Intelligent Automotive Solutions, which surged 72.1% in revenue to CNY 45 billion in 2025, alongside Digital Power (up 12.7%). These areas, together with AI-driven computing initiatives, represent key growth engines amid steady performance in core infrastructure and consumer businesses. In 2025, Huawei reported total revenue of CNY 880.9 billion, underscoring its commitment to quality, ecosystem partnerships, and intelligent transformation across industries.

+ HUAWEI TECHNOLOGIES CO LTD [3 News That Matters]

+ CHERY, HUAWEI-BACKED YINWANG FORGE NEW PATHS IN AUTONOMOUS DRIVING

Chery Automobile Co., Ltd. and Huawei-backed Yinwang Intelligent Technology have taken significant steps to enhance their collaboration in the realm of autonomous driving. On the 11th of June, 2026, the two companies signed a strategic cooperation agreement that is poised to accelerate the development and deployment of advanced driving technologies.

The agreement focuses on the joint development of Level 3 (L3) and Level 4 (L4) autonomous driving technologies, with an emphasis on technological breakthroughs and mass production during the upcoming 15th Five-Year Plan period in China. This partnership signifies a pivotal moment in the relationship between Chery and Yinwang, as they aim to leverage their combined expertise to facilitate the commercialization of intelligent mobility solutions that emphasize safety, compliance, and efficiency.

Chery and Yinwang's strategic goal is to promote the global adoption of smart mobility solutions, positioning themselves as key contributors to the transformation and upgrading of the automotive industry. By combining Chery's automotive manufacturing capabilities with Yinwang's advanced smart vehicle technologies—backed by Huawei's cutting-edge innovations—the partnership seeks to offer a comprehensive 'China solution' to the evolving automotive landscape.

In a related development, other companies in the automotive sector are also forging strategic agreements aimed at enhancing vehicle intelligence and connectivity. For instance, Aptiv and CORNEX recently entered into a strategic cooperation agreement to co-develop smart cockpit domain controllers. This collaboration underscores the importance of integrating advanced technology into vehicles to improve performance and user experience, further illustrating the dynamic nature of the automotive industry.

As Chery and Yinwang deepen their strategic cooperation, they join a growing network of companies striving to redefine mobility in the age of automation. The implications of this partnership extend beyond the Chinese market, potentially influencing global trends in smart mobility and autonomous driving technology.

+ HUAWEI ICT COMPETITION CELEBRATES 10TH EDITION WITH RECORD PARTICIPATION

SHENZHEN, China — The Closing & Awards Ceremony of the 10th Huawei ICT Competition Global Final took place today, marking a significant milestone for the event. This year, the competition attracted an unprecedented 220,000 university students and faculty members from over 2,000 institutions across more than 100 countries and regions, making it the largest edition in its history. Following national and regional rounds, 177 teams from 49 countries and regions advanced to the Global Final and received awards.

During the ceremony, Ritchie (Honghua) Peng, President of Huawei ICT Strategy & Business Development Department, emphasized the company's commitment to leveraging technology for sustainable development. He remarked that the competition serves as a platform for students to learn through competition while addressing real-world challenges. Looking ahead, Peng announced the addition of a new Ascend AI Operator Development Track for the Chinese mainland in future editions, aimed at engaging young developers with emerging technologies through task-based challenges.

Dr. Shafika Isaacs, acting Director of the UNESCO Institute for Information Technologies in Education, praised the collaboration between UNESCO and Huawei. She highlighted the importance of partnerships among governments, academia, and industry in shaping the future of AI. Dr. Isaacs noted that initiatives like AI capacity building programs in Arab countries and ICT education partnerships in Central Asia and the Caucasus have been instrumental in developing future-ready talent. The students showcased their ability to tackle real-world challenges and apply emerging technologies creatively and responsibly, aligning with the educational goals of both organizations.

The competition's 10th edition saw 18 outstanding teams from eight countries awarded the Grand Prize across various tracks. Notable winners included teams from Algeria, Egypt, and Brazil in the Practice Competition, as well as Wuhan University of Technology and National University of Singapore in the Innovation Competition. Special awards were also given, including the Women in Tech Award to all-female teams from several countries and the Green Development Award to teams from Ghana and China. Additionally, Huawei recognized exceptional instructors and presented Fast Passes to promising students for its Future Business Leader Track.

As demand for talent in AI, computing, big data, and cybersecurity continues to grow, the Huawei ICT Competition provides a vital international platform for students to develop skills and prepare for the digital economy. The event underscores Huawei's commitment to education and innovation, fostering collaboration between academia and industry to address global challenges.

+ KENYAN STUDENTS SHINE AT HUAWEI ICT COMPETITION, CLAIM GRAND PRIZE

Kenyan university students have achieved a remarkable milestone at the Huawei ICT Competition 2025-2026 Global Final, securing the Grand Prize for the first time in the competition's ten-year history. The event took place on 5th June 2026 in Shenzhen, China, marking a significant achievement for Kenya in the global technology arena.

The competition attracted over 220,000 students and faculty members from more than 2,000 institutions across 100 countries, making this year's edition the largest to date. Among the 177 teams that advanced to the Global Final from 49 countries, 18 teams were awarded the Grand Prize, with Kenya proudly standing among them.

In the Cloud Category, Team Kenya, featuring members Kevin Tuei from Tharaka University, Catherine Atieno from Jomo Kenyatta University of Agriculture and Technology, Brian Ngugi Kamau from Mt. Kenya University, and Salem Kim from Machakos University, clinched the Grand Prize. Additionally, Kenya's performance continued to impress in the Network Category, where a team comprising Denzel Nzinga from Multimedia University of Kenya, Robert Wambua from Kenyatta University, and Joy Wairimu from The Cooperative University of Kenya secured the first prize.

Moreover, an all-female team from Kenya garnered the Special Women in Tech Award in the Computing Category, finishing with a commendable second prize. This team included Joan Nkatha, Melane Minayo, and Faith Mosonik, who were mentored by lecturer Esther Wairimu. The awards ceremony was attended by diplomatic representatives from 11 countries, highlighting the global recognition of Kenya's achievements.

Huawei Technologies Co Ltd's ICT Strategy and Business Development President Ritchie (Honghua) Peng used the occasion to announce new initiatives focused on AI and industry collaboration. The competition has become a crucial pipeline for technology talent, emphasizing Kenya's position as East Africa's leading hub in this sector. This year's sweeping victories across three categories mark a significant advancement for Kenyan students in the global technology landscape.

++++++++++++++++++++++++++++++++++++++++++++++++++++++++++++++++++++++++++++++++++++

+ APPLE [3 News That Matters]

+ APPLE INC. SIGNALS PRICE HIKES AMID RISING COMPONENT COSTS

Apple Inc. is preparing its customers for imminent price hikes across its key hardware lines, as Chief Executive Tim Cook addresses the impact of rising memory and storage chip costs. Speaking to investors, Cook noted that these escalating costs can no longer be fully absorbed by the company. As of 18th June 2026, Apple shares are trading near historic highs on the Nasdaq, prompting many investors to reassess the company's earnings potential and valuation.

In a TradingView market update, it was reported that Apple's stock ticked up in after-hours trading following Cook's remarks about unavoidable price increases for future devices. The stock has remained resilient, recently hovering around the high $280s, which places its market capitalization above $4 trillion. Analysts suggest that the price adjustments, driven by component inflation, may push the cost of upcoming premium iPhone models up by an estimated $270 if these costs are fully passed through to consumers.

Technical analysts have identified short-term support for Apple shares in the low $270 range, while resistance is seen near the recent peak zone. This indicates that trading activity for Apple, a large-cap stock, is concentrated within a relatively narrow band despite the company's significant market presence. The stock's performance reflects a broader trend within the technology hardware sector, where companies are grappling with supply chain challenges and rising production costs.

Apple generates a substantial portion of its revenue from its iPhone line, particularly the latest flagship models in the iPhone 16 family. Additionally, services such as the App Store, iCloud, and Apple Music contribute recurring, higher-margin income, further supporting the company's financial stability. As these price hikes are anticipated, investors will be keenly observing how this will influence Apple's margins and overall profitability in the coming quarters.

As of 18th June 2026 at 10:50 ET, Apple shares traded at approximately $289.00, valuing the company at roughly $4.4 trillion. With the next earnings date scheduled for 28th July 2026, market participants are watching closely to see how these developments will play out and what they could mean for Apple's financial outlook amidst rising costs.

+ APPLE PARTNERS WITH INTEL IN DOMESTIC CHIP MANUFACTURING INITIATIVE

U.S. President Donald Trump announced that Apple Inc. has agreed to collaborate with Intel Corporation to design and manufacture chips in the United States. This statement was made on the 18th of June, 2026, highlighting the administration's ongoing efforts to boost domestic semiconductor production.

In his announcement, Trump emphasized the significance of this partnership, stating that it aligns with the government's objective to revitalize American manufacturing. Although specifics regarding the agreement were not disclosed, the collaboration is expected to enhance Apple's chip development capabilities while supporting Intel's initiatives in the semiconductor sector.

This partnership comes on the heels of a preliminary deal reached between Apple and Intel in early May to create chips for Apple's devices, as reported by industry insiders. The collaboration is seen as a strategic move to strengthen both companies' positions in the competitive chip market, particularly as Intel seeks to regain its status as a leading chipmaker amidst fierce competition from companies like TSMC and Samsung Electronics.

Intel has faced challenges in recent years, falling behind in advanced chip manufacturing technologies. However, recent reports indicate that the company has begun production on its latest 18A-P chip node, a critical step towards reclaiming its competitive edge. Trump's administration has placed Intel at the forefront of its domestic chipmaking revival efforts, highlighting its partnerships with other tech leaders such as Nvidia and Elon Musk's TerraFab venture.

As the landscape of semiconductor manufacturing continues to evolve, the collaboration between Apple and Intel could serve as a catalyst for reshaping the U.S. chip industry. Investors will be keen to monitor how this partnership develops and its potential impact on both companies' market positions in the coming months.

+ APPLE'S SIRI AI EXPANSION FUELS DEMAND FOR DRAM, BENEFITING SAMSUNG AND SK HYNIX

Apple Inc. is poised to face an escalating challenge as the memory requirements for its Siri AI features expand, potentially exacerbating the ongoing DRAM crisis. By 16th June 2026, analysts predict that the upcoming iPhone 18 lineup will necessitate at least 12GB of LPDDR5X RAM, which could significantly impact the broader semiconductor industry while rewarding a select group of suppliers like Samsung and SK hynix.

Current estimates suggest that Apple will ship approximately 250 million iPhones by 2027, solidifying its position as a dominant force in the smartphone market. Despite the company's waning negotiating power against hyperscalers for DRAM orders, Apple continues to command significant priority from memory manufacturers. Companies such as Samsung, SK hynix, and Micron are expected to prioritize Apple's needs, ensuring that it can meet its ambitious shipment goals while also navigating the tight memory supply constraints.

The increasing demand for Siri AI features will likely lead to heightened memory requirements, creating an even tighter supply environment than previously anticipated. As Apple is obligated to maintain a high production rate, the introduction of Siri AI signals a move away from lower specifications for the iPhone 18, compelling the company to adopt a minimum of 12GB of DRAM. This significant upgrade could lead to rising device prices, particularly as Apple's DRAM reserves dwindle, pushing the tech giant to make difficult decisions in response to the evolving market landscape.

However, Apple has a strategic advantage that may shield it from the adverse effects of rising memory costs. According to TF International Securities analyst Ming-Chi Kuo, the company's robust 'Services' division is expected to provide a financial buffer, allowing Apple to absorb higher DRAM prices more effectively than its competitors. Unlike Apple, many rivals lack substantial revenue streams to offset the impacts of increased DRAM costs, which could position Apple favorably amid an industry-wide upheaval.

As Siri AI becomes a prominent marketing tool, Apple may benefit from heightened consumer interest, potentially driving upgrades despite the rising costs. The future of Apple's operations in a constrained memory market poses both challenges and opportunities, with the company's strong financial foundation offering a competitive edge that could solidify its leadership in the smartphone sector while creating ripple effects for DRAM suppliers like Samsung and SK hynix.

++++++++++++++++++++++++++++++++++++++++++++++++++++++++++++++++++++++++++++++++++++

+ CISCO [3 News That Matters]

+ CISCO ENHANCES NEXUS DASHBOARD FABRIC CONTROLLER TO ALLEVIATE DATA CENTER BOTTLENECKS

Cisco is sharpening its data center story with fresh AI-focused capabilities in Nexus Dashboard Fabric Controller, aiming to ease network bottlenecks in GPU-heavy environments without forcing enterprises into a full architecture overhaul. This update was officially released on the 16th of June, 2026, and is framed as an evolution of Cisco's AI-ready network portfolio rather than a rip-and-replace approach, giving existing Nexus customers a more incremental path to optimizing for large-scale machine learning workloads.

The latest version of Nexus Dashboard Fabric Controller seeks to address a significant challenge in modern data centers: maintaining consistent network bandwidth for AI training clusters and GPU farms. The software automates and monitors networks built on Nexus switches, covering both IP fabric for media and modern spine-leaf topologies common in cloud-native and AI deployments. Enhanced with prescriptive AI networking blueprints, this version aligns interface policies and Quality of Service settings to reduce congestion and latency specifically for Nvidia-based GPU clusters, thereby streamlining operations within existing infrastructure.

Cisco's new solution bundles validated designs into templates, minimizing the manual tuning network teams typically perform around advanced networking concepts such as RDMA over Converged Ethernet (RoCE). This targeted approach significantly reduces the complexity of adjusting configurations for AI training tasks. By aggregating flow telemetry and health data, the updated controller provides operators with actionable insights, allowing them to optimize network performance based on real-time conditions rather than making reactive adjustments.

Strategically, the Nexus Dashboard Fabric Controller is a crucial element of Cisco's broader strategy to align its data center networking solutions with the increasing demand for AI infrastructure investments. This update positions Cisco's Nexus switches as a viable alternative to proprietary or InfiniBand-based architectures, catering to cloud providers, colocation data centers, and large enterprises that require efficient interconnection of GPU racks. The focus on AI-optimized network designs is intended to support enterprises as they evolve their networking capabilities without incurring disruptive overhead associated with complete architecture overhauls.

As part of Cisco's data center operations segment, the Nexus Dashboard Fabric Controller contributes significantly to the company's networking revenue. With shares of Cisco Systems (ISIN US17275R1023) trading around $47.60 on the 14th of June, 2026, the company is witnessing stable investor sentiment as it intensifies its focus on AI-ready networking narratives. This evolution within Cisco's product lineup reflects the growing enterprise demand for efficient AI solutions and signifies a core growth vector in the company's strategy.

+ NETAPP AND CISCO ENHANCE CYBER RESILIENCE WITH NEW SOAR PLAYBOOK

NetApp® (NASDAQ: NTAP) and Cisco (NASDAQ: CSCO) have announced an expansion of their collaboration aimed at bolstering defense-in-depth strategies for enterprise cyber resilience. This partnership combines NetApp's Intelligent Data Infrastructure with Cisco's advanced analytics and observability capabilities, delivering real-time visibility into storage and infrastructure health. The announcement, made on 16th June 2026, highlights the introduction of the NetApp Splunk Security Orchestration, Automation, and Response (SOAR) playbook, which is designed to help organizations contain ransomware attacks and limit data loss.

As cyberattacks become increasingly sophisticated due to the rise of artificial intelligence, the urgency for organizations to respond effectively has never been greater. Sandeep Singh, Senior Vice President and General Manager at NetApp, emphasized the necessity for immediate action upon detecting a threat, advocating for the integration of security automation within the storage layer where data resides. The collaboration with Cisco allows Splunk SOAR workflows to directly interact with data stored in NetApp ONTAP®, transforming storage into an active participant in an organization's defense strategy.

The NetApp Splunk SOAR playbook aims to provide organizations with the resilience and flexibility required to safeguard their data. By integrating Splunk Enterprise Security with NetApp's Ransomware Resilience, the playbook enhances incident triage and prioritization. It enables Splunk SOAR users to take automated incident response actions on NetApp ONTAP storage, such as blocking suspicious users and taking snapshots of data to prevent further infection. This integration not only helps limit data loss but also strengthens the collaboration between security and storage teams, making incident response more efficient.

Automating response actions against cyber threats is a key advantage of the new playbook, which improves security team metrics like mean time to contain (MTTC) while reducing the manual effort needed to protect data. David Dalling, GVP of Splunk Security at Cisco, noted that visibility and action across the entire technology stack, including the data layer, are essential for effective security strategies. By connecting NetApp storage into Splunk SOAR workflows, organizations can respond to incidents with enhanced speed and confidence.

Dallas Olson, Chief Commercial Officer at NetApp, highlighted the importance of real-time visibility into operational environments, stating that the partnership with Splunk empowers customers to run their businesses more securely and efficiently. The NetApp Splunk SOAR playbook is now available for download from SplunkBase, offering enterprises a strategic tool to minimize disruption and optimize performance while driving measurable business outcomes.

+ EQUINIX, INC. TEAMS UP WITH CISCO SYSTEMS, INC. TO LAUNCH AI FACTORIES

Equinix, Inc. has announced an expanded collaboration with Cisco Systems, Inc. and NVIDIA Corporation aimed at accelerating enterprise artificial intelligence (AI) capabilities. On 17th June 2026, the company revealed that it would enable customers to deploy the Cisco Secure AI Factory with NVIDIA across its extensive global network of high-performance data centers. This initiative is designed to provide customers with standardized AI factory blueprints and automation tools that simplify the deployment process.

As part of this collaboration, Equinix, Inc. will also partner with Presidio, Inc. to introduce their Programmable AI Technology Hub (P.A.T.H.) Lab. This innovative lab will offer customers a real-world environment within Equinix, Inc.'s data centers, allowing them to test, validate, and refine their AI infrastructure before a full enterprise-wide rollout. By integrating the Cisco Secure AI Factory with NVIDIA's advanced technology into its global data centers, Equinix, Inc. is enhancing accessibility to essential resources such as interconnection density, specialized power, and advanced cooling systems necessary for deploying cutting-edge AI hardware and software at scale.

The deployment framework leverages NVIDIA Corporation's reference architectures, which are specifically designed to align with how enterprises typically purchase and implement technology—through trusted partners and existing infrastructure platforms. This strategic approach is expected to streamline the process for organizations looking to adopt AI solutions efficiently while minimizing operational disruptions.

Additionally, the P.A.T.H. Lab developed in collaboration with Presidio, Inc. is a fully integrated, production-grade AI environment tailored for enterprises. It enables organizations to rigorously assess and refine their AI strategies before committing to widespread implementation. Through the combined expertise of Equinix, Inc., Cisco Systems, Inc., NVIDIA Corporation, and Presidio, Inc., businesses will have access to a turnkey AI infrastructure capable of supporting hybrid workloads across various environments, including public cloud, neocloud, on-premises, and colocation.

The collaboration not only reinforces Equinix, Inc.'s commitment to advancing AI infrastructure but also positions it as a pivotal player in the evolving landscape of enterprise technology. By providing a robust platform for AI innovation, the company is poised to attract significant interest from businesses eager to leverage AI for competitive advantage.

++++++++++++++++++++++++++++++++++++++++++++++++++++++++++++++++++++++++++++++++++++",3ae02d5ba0db678e562b321b935ddb57b185c95c8b22b83c22522d06a05ed7b6,ok,,25301,24646,0,week4_lseg_html_v1,True,True
2026-06-21 22:52:13.457,2026-06-21,2026-06-21T00:00:00,2026-06-21T23:59:59,AAPL,AAPL.O,R:AAPL.O and Language:LEN,urn:newsml:newsroom:20260621:nNRA0yr85i:0,newsroom,NS:GLORDP,HUAWEI TECHNOLOGIES CO LTD - UPDATED INSIGHTS FROM APPLE INC. AND INDUSTRY PEERS,,"DASHBOARD: HUAWEI TECHNOLOGIES CO LTD

ACTIVITIES:

PermID4296309931

Websitehttps://www.huawei.com/en/

IndustryTelecommunications Equipment

AddressBantian Huawei Base Longgang District Shenzhen, 518129 China

Huawei Technologies Co., Ltd. is a leading global provider of information and communications technology (ICT) infrastructure and smart devices, founded in 1987 and headquartered in Shenzhen, China. With approximately 213,000 employees operating in over 170 countries and regions, the company serves more than 3 billion people and is dedicated to building a fully connected, intelligent world through digital innovation. Its core business activities span ICT infrastructure (including networks, 5G/5.5G, and computing), consumer devices (smartphones, wearables, and HarmonyOS ecosystem), cloud computing, digital power solutions, and intelligent automotive solutions. Huawei emphasizes heavy R&D investment-CNY 192.3 billion in 2025 (21.8% of revenue)-driving advancements in AI, connectivity, and sustainable technologies. Fastest-growing segments include Intelligent Automotive Solutions, which surged 72.1% in revenue to CNY 45 billion in 2025, alongside Digital Power (up 12.7%). These areas, together with AI-driven computing initiatives, represent key growth engines amid steady performance in core infrastructure and consumer businesses. In 2025, Huawei reported total revenue of CNY 880.9 billion, underscoring its commitment to quality, ecosystem partnerships, and intelligent transformation across industries.

+ HUAWEI TECHNOLOGIES CO LTD [3 News That Matters]

+ HUAWEI-BACKED YINWANG JOINS FORCES WITH CHERY TO SCALE AUTONOMOUS DRIVING TECH

On the 11th of June, 2026, Chery Automobile Co., Ltd. and Huawei-backed Yinwang Intelligent Technology signed a strategic cooperation agreement aimed at accelerating the development and deployment of advanced driving technologies. The agreement centers on the joint development of Level 3 (L3) and Level 4 (L4) autonomous driving technologies, with a focus on breakthroughs and mass production during the 15th Five-Year Plan in China.

The partners intend to combine Chery's manufacturing capabilities with Yinwang's smart vehicle technologies, reinforced by Huawei's innovations, to push the commercialization of intelligent mobility solutions that emphasize safety, compliance, and efficiency.

They aim to promote global adoption of smart mobility, presenting a 'China solution' to the evolving automotive landscape. The wider auto sector is already moving toward similar strategic collaborations, as shown by Aptiv and CORNEX focusing on co-developing smart cockpit domain controllers, highlighting the importance of integrated technology.

As Chery and Yinwang deepen their ties, they join a growing network aiming to redefine mobility in the automation era, with potential influence beyond China.

+ HUAWEI ICT COMPETITION 10TH GLOBAL FINAL DELIVERS UNPRECEDENTED TURNOUT

SHENZHEN, China — The Closing & Awards Ceremony of the 10th Huawei ICT Competition Global Final underscored the scale of this edition. A record 220,000 university students and faculty members from more than 2,000 institutions across over 100 countries and regions participated, and 177 teams from 49 countries advanced to the final and received awards.

Ritchie Peng, President of Huawei ICT Strategy & Business Development, outlined Huawei's aim to use technology for sustainable development and noted that the competition provides a practical learning platform that addresses real-world challenges. He also announced a new Ascend AI Operator Development Track for the Chinese mainland in future editions, designed to engage young developers with emerging technologies through task-based challenges.

Dr. Shafika Isaacs, acting Director of the UNESCO Institute for Information Technologies in Education, praised the UNESCO-Huawei collaboration and highlighted the importance of partnerships among governments, academia, and industry in shaping AI's future. She cited AI capacity-building programs in Arab countries and ICT education partnerships in Central Asia and the Caucasus as examples of efforts to cultivate future-ready talent.

The 10th edition also recognized 18 Grand Prize-winning teams from eight countries across various tracks. Notable winners included teams from Algeria, Egypt and Brazil in the Practice Competition, as well as Wuhan University of Technology and the National University of Singapore in the Innovation Competition.

In addition, special awards were presented, including the Women in Tech Award to all-female teams, the Green Development Award to teams from Ghana and China, and Fast Passes for promising students in Huawei's Future Business Leader Track. The event underscored the ongoing demand for talent in AI, computing, big data, and cybersecurity and reinforced Huawei's commitment to education and global industry collaboration.

+ KENYAN TEAMS SWEEP GRAND PRIZE AT HUAWEI ICT COMPETITION 2025-2026 GLOBAL FINAL

Kenya marked a historic achievement at the Huawei ICT Competition 2025-2026 Global Final in Shenzhen on 5th June 2026, joining the ranks of the world's top tech teams. The event attracted more than 220,000 participants from over 2,000 institutions across 100 countries, with 177 teams advancing to the Global Final and 18 teams receiving Grand Prize recognition.

In the Cloud Category, Team Kenya—Kevin Tuei (Tharaka University), Catherine Atieno (Jomo Kenyatta University of Agriculture and Technology), Brian Ngugi Kamau (Mt. Kenya University) and Salem Kim (Machakos University)—clinched the Grand Prize.

The Network Category saw another Kenyan victory, as Denzel Nzinga (Multimedia University of Kenya), Robert Wambua (Kenyatta University) and Joy Wairimu (The Cooperative University of Kenya) claimed first prize.

An all-female Kenyan team—Joan Nkatha, Melane Minayo and Faith Mosonik—earned the Special Women in Tech Award in Computing, guided by lecturer Esther Wairimu, finishing as runners-up.

Diplomatic representatives from 11 countries attended the ceremony, and Huawei's Ritchie (Honghua) Peng announced new AI and industry-collaboration initiatives as part of the company's strategy to grow local tech talent and cement Kenya's status as East Africa's leading tech hub.

++++++++++++++++++++++++++++++++++++++++++++++++++++++++++++++++++++++++++++++++++++

+ APPLE [3 News That Matters]

+ APPLE INC. (NASDAQ:AAPL) SEEKS DOMESTIC CHIP GROWTH THROUGH INTEL COLLABORATION

Trump Says Apple Inc. (NASDAQ:AAPL) and Intel Corporation (NASDAQ:INTC) will design and manufacture chips in the United States, a move tied to the administration's push to bolster domestic semiconductor production on 18th June 2026. The terms were not disclosed, but the partnership is positioned to support Apple's chip development and advance Intel's domestic initiatives as part of the broader policy effort. The arrangement follows a preliminary deal reached in early May to create chips for Apple's devices. Intel has begun production on its 18A-P chip node, a development cited as part of regaining competitiveness against rivals such as TSMC and Samsung. The administration has highlighted Intel's partnerships with Nvidia and Elon Musk's TerraFab venture as examples of steps in the domestic revival plan. Investors will monitor how the collaboration unfolds and its potential impact on market positions of both companies in the coming months.

+ APPLE INC. (NASDAQ:AAPL) PLANS PRICE INCREASES ON PREMIUM IPHONES AMID RISING COMPONENT COSTS

Apple Inc. (NASDAQ:AAPL) is preparing customers for imminent price hikes across its hardware lines as Chief Executive Tim Cook addresses the impact of rising memory and storage chip costs. Cook told investors that these escalating costs can no longer be fully absorbed by the company. As of 18th June 2026, Apple shares are trading near historic highs on the Nasdaq, with after-hours activity supporting Cook's remarks about unavoidable price increases for future devices. A TradingView market update shows the stock ticked up in after-hours trading and has hovered around the high $280s, leaving the company with a market capitalization above $4 trillion.

Analysts estimate that price adjustments driven by component inflation could lift the cost of upcoming premium iPhone models by as much as $270 if costs are fully passed to consumers. Apple generates a substantial portion of revenue from the iPhone line, especially the latest iPhone 16 family, and benefits from recurring higher-margin income from Services such as the App Store, iCloud, and Apple Music.

Technical analysts place short-term support for Apple shares in the low $270s and see resistance near the recent peak, indicating trading activity within a relatively narrow band despite Apple's size. As of 18th June 2026 at 10:50 ET, Apple shares traded around $289.00, valuing the company at roughly $4.4 trillion. The next earnings date is scheduled for 28th July 2026.

+ APPLE INC. (NASDAQ:AAPL) SIRI AI PUSH EXPANDS RAM TO 12GB, WITH SAMSUNG AND SK HYNIX IN POSITION

Apple Inc. (NASDAQ:AAPL) faces increasing DRAM demand as Siri AI features expand the memory footprint for the upcoming iPhone 18, with industry estimates calling for at least 12GB LPDDR5X RAM per device. With shipments projected at roughly 250 million iPhones by 2027, Apple remains a central driver of DRAM consumption, prompting memory manufacturers to secure production capacity for the period ahead.

The company's positioning vis-a-vis hyperscalers has cooled, but Apple still secures prioritized access to memory from leading suppliers. Samsung Electronics, SK hynix, and Micron are expected to place Apple's orders ahead of other customers to support the anticipated volume.

The expansion of Siri AI could tighten the memory market further as Apple sustains a high production cadence. The minimum 12GB RAM requirement signals a shift away from lower-spec configurations for the iPhone 18, with potential implications for unit costs as Apple depletes its DRAM reserves.

TF International Securities analyst Ming-Chi Kuo argues Apple's strong Services business may act as a buffer against rising DRAM costs, helping the company absorb price increases more effectively than rivals lacking substantial recurring revenue. As Siri AI becomes a more prominent marketing feature, Apple could see stronger upgrade momentum even as memory prices rise, with Samsung and SK hynix positioned to benefit from the higher demand.

++++++++++++++++++++++++++++++++++++++++++++++++++++++++++++++++++++++++++++++++++++

+ CISCO [3 News That Matters]

+ CISCO SYSTEMS, INC. (NASDAQ:CSCO) ROLLS OUT AI DRIVEN ENHANCEMENTS FOR NEXUS DASHBOARD FABRIC CONTROLLER TO BOOST GPU CLUSTER PERFORMANCE

Cisco Systems, Inc. (NASDAQ:CSCO) tightens its data center narrative with a new AI-forward release of the Nexus Dashboard Fabric Controller, issued on the 16th of June, 2026, as part of an incremental approach rather than rip-and-replace

The updated controller automates and monitors networks built on Nexus switches, spanning IP fabric and spine-leaf topologies used in cloud-native AI environments

It adds prescriptive AI networking blueprints that align interface policies and QoS to reduce congestion and latency for Nvidia-based GPU clusters

Cisco bundles validated designs into templates, reducing manual tuning around RoCE and other advanced networking concepts, and aggregates flow telemetry and health data to provide real-time, actionable insights

The Nexus Dashboard Fabric Controller forms a core element of Cisco's strategy to align data center networking with rising AI infrastructure investments, offering Nexus switches as an alternative to InfiniBand in data centers serving cloud providers, colocations, and large enterprises

Shares traded around $47.60 on the 14th of June, 2026

+ NETAPP, INC. (NASDAQ: NTAP) AND CISCO SYSTEMS, INC. (NASDAQ: CSCO) LAUNCH NETAPP SPLUNK SOAR PLAYBOOK TO ACCELERATE RANSOMWARE CONTAINMENT

NetApp, Inc. (NASDAQ: NTAP) and Cisco Systems, Inc. (NASDAQ: CSCO) Partner on a NetApp Splunk SOAR playbook to bolster cyber resilience for enterprise environments. The joint effort, dated 16th June 2026, combines NetApp Intelligent Data Infrastructure with Cisco analytics and observability capabilities to deliver real-time visibility into storage and infrastructure health. The NetApp Splunk SOAR playbook posts a unified view of operational data to speed threat detection and response across the environment. Sandeep Singh, Senior Vice President and General Manager at NetApp, emphasizes the urgency of immediate action when threats are detected and supports security automation at the storage layer where data resides

+ EQUINIX, INC. (NASDAQ:EQIX) PARTNERS WITH CISCO, NVIDIA AND PRESIDIO TO LAUNCH THE P.A.T.H. LAB WITHIN EQUINIX DATA CENTERS

On June 17, 2026, Equinix, Inc. (NASDAQ:EQIX) expanded its collaboration with Cisco Systems, Inc. (NASDAQ:CSCO) and NVIDIA Corporation (NASDAQ:NVDA) to accelerate enterprise AI capabilities. The arrangement will enable customers to deploy the Cisco Secure AI Factory with NVIDIA across Equinix's global network of high performance data centers, delivering standardized AI factory blueprints and automation tools to streamline deployment.

In addition, Equinix will partner with Presidio, Inc. to introduce the Programmable AI Technology Hub (P.A.T.H.) Lab inside its facilities. This lab provides a production grade environment for customers to test, validate, and refine their AI infrastructure prior to a full enterprise rollout, leveraging Equinix's interconnection density, power capacity, and advanced cooling capabilities to support AI workloads at scale.

The deployment framework utilizes NVIDIA Corporation's reference architectures, designed to match enterprise procurement through trusted partners and existing platforms. The P.A.T.H. Lab, created with Presidio, serves as a production ready environment for evaluating AI strategies and validating implementations before broad deployment. Together, Equinix, Cisco, NVIDIA, and Presidio aim to deliver a turnkey AI infrastructure that supports hybrid workloads across public cloud, neocloud, on-premises, and colocation.

++++++++++++++++++++++++++++++++++++++++++++++++++++++++++++++++++++++++++++++++++++",21dd87fafd37717247fd15fe820b4caf0f5c560c26968404792ba5025e8d5035,ok,,14911,14321,0,week4_lseg_html_v1,True,True
2026-06-21 21:02:45.000,2026-06-21,2026-06-21T00:00:00,2026-06-21T23:59:59,AAPL,AAPL.O,R:AAPL.O and Language:LEN,urn:newsml:social:20260621:nTWT21bjdD:1,social,NS:X,"@alphatrends: Notes for End of Week Video
$SPY
$QQQ
$IWM
$SMH
$XBI
$XLF
$TLT
$AAPL
$AMZN
$META
$MSFT
$NFLX
$TSLA
$GOOG
$FCEL
$BLDP
$PLUG
$OKTA
$DAVE
etc https://t.co/FZHhwQBpMk https://t.co/TiThRBue9d | @alphatrends Stock Market Analysis for Week Ending 6/18/26

$SPY $QQQ $IWM $SMH $XBI $XLF $TLT $AAPL $AMZN $META $MSFT $NFLX $TSLA $GOOG $FCEL $BLDP $PLUG $OKTA $DAVE etc https://t.co/OKajdCrdwp",,"Brian Shannon, CMT

@alphatrends

Notes for End of Week Video

$SPY

$QQQ

$IWM

$SMH

$XBI

$XLF

$TLT

$AAPL

$AMZN

$META

$MSFT

$NFLX

$TSLA

$GOOG

$FCEL

$BLDP

$PLUG

$OKTA

$DAVE

etc

pic.x.com/FZHhwQBpMk

x.com/alphatrends/st…

Brian Shannon, CMT

@alphatrends

Stock Market Analysis for Week Ending 6/18/26

$SPY

$QQQ

$IWM

$SMH

$XBI

$XLF

$TLT

$AAPL

$AMZN

$META

$MSFT

$NFLX

$TSLA

$GOOG

$FCEL

$BLDP

$PLUG

$OKTA

$DAVE

etc

pic.x.com/OKajdCrdwp",ebeac5f31ef9ec930634818532d0eb2536802861c71a44828b9b9851db9f98c5,ok,,17027,471,0,week4_lseg_html_v1,False,False
2026-06-21 18:40:17.000,2026-06-21,2026-06-21T00:00:00,2026-06-21T23:59:59,AAPL,AAPL.O,R:AAPL.O and Language:LEN,urn:newsml:social:20260621:nTWTc3TRVb:1,social,NS:X,"@StockMKTNewz: THIS IS EVERYTHING APPLE $AAPL IS EXPECTED TO RELEASE OVER THE NEXT 2 YEARS

2026:

- iPhone 18 Pro, Pro Max, and the foldable iPhone Ultra
- Apple Watch Series 12 and Ultra 4
- Multiple new Macs
- New entry-level iPad with Apple Intelligence
- iPad mini with OLED screen
- Smart https://t.co/0SfCbQ8whr",,"Evan

@StockMKTNewz

THIS IS EVERYTHING APPLE

$AAPL

IS EXPECTED TO RELEASE OVER THE NEXT 2 YEARS

2026:

- iPhone 18 Pro, Pro Max, and the foldable iPhone Ultra

- Apple Watch Series 12 and Ultra 4

- Multiple new Macs

- New entry-level iPad with Apple Intelligence

- iPad mini with OLED screen

- Smart

pic.x.com/0SfCbQ8whr",91db4c24b9bc9888e1e1f857cccd43eae814903e8d1ff9b13acb117ad2d330dc,ok,,6036,329,0,week4_lseg_html_v1,False,False
2026-06-21 17:31:27.630,2026-06-21,2026-06-21T00:00:00,2026-06-21T23:59:59,AAPL,AAPL.O,R:AAPL.O and Language:LEN,urn:newsml:reuters.com:20260621:nNRA0ypv9s:1,reuters,NS:BUSSTA,iPhones fuelled 47% surge in smartphone exports to US in April,,"India, led by Apple Inc, exported over $2.43 billion worth of smartphones to the US in April this year, a staggering growth of 47.24 per cent year-on-year (Y-o-Y). This came despite losing the duty advantage it had over China — which was 10 per cent earlier but has now come down to zero.

In April 2025, export of smartphones to the US from India was at $1.65 billion. In April 2026, smartphones accounted for 29 per cent of the total exports from India to the US, pegged at $8.47 billion. And for the US, India accounted for nearly 70 per cent of its total import of smartphones during April.

The move by the Cupertino-headquartered company to continue ramping up US exports from India is significant. It is because there were growing concerns that the huge scale-up of iPhone exports from India — by shifting capacity from China — would end as there was no duty arbitrage in favour of India now. Instead, it is cheaper to make the phones in China now than in India.

India had seen a huge rise in smartphone exports to the US in FY26 — figures went up from $10.56 billion in FY25 to $19.67 billion in FY26, a surge of 86.2 percent.

In FY26, as much as 78 per cent of the value of exports of iPhones produced in India was shipped to the US (other players to export from India to the US include Lenovo).

In President Donald Trump's second term, China was imposed a 20 per cent fentanyl duty on import of smartphones from the country while India had zero duty.

Despite a 6-8 per cent cost disadvantage in making iPhones in India versus China, after financial incentives by the Indian government, shifting export capacity from China to India became very attractive.

However, the US and China came to an interim agreement at the end of last year in which the fentanyl duty was reduced to half. Despite this, India was still cost attractive.

However, with the US Supreme Court declaring the fentanyl duty illegal this year and with Trump making peace with China, currently, there is no import duty on smartphones for both China and India.

The April figures clearly show that Apple's plan to grow its India manufacturing base for its global needs is intact.

The Ministry of Electronics and Information Technology (Meity) had estimated that Apple will shift more than 30 per cent of its production value of iPhones to India in a few years from 25 per cent in FY26.

Apple is also poised to become foreign exchange positive in India in FY27 — which will be achieved when it ensures that 85 per cent of iPhone production value from India is exported, which was 83 per cent in FY26.

Besides, analysts say the company would be able to double its production value in India within the next three financial years from $70 billion achieved in the first five financial years (FY22-FY26). This would happen if it is able to continue with the same production value it achieved in FY26.",fded2d101c7f69768bb0faa8cbbe8a7ca61b1b2c5e0af5d543ecd7d5fa3b1f52,ok,,3063,2878,0,week4_lseg_html_v1,True,True
2026-06-22 23:52:33.651,2026-06-22,2026-06-22T00:00:00,2026-06-22T23:59:59,AAPL,AAPL.O,R:AAPL.O and Language:LEN,urn:newsml:newsroom:20260622:nNRA0z77z0:0,newsroom,NS:NEWWIR,Apple Inc. (NASDAQ:AAPL (ADR)) and Intel Corp. (NASDAQ:INTC (ADR)) Advance Semiconductor Partnership Amid Samsung Foundry Push,,"NEWS BITES - CORPORATE WIRE

UNITED STATES EDITION

22 June 2026 19:46 EDT

As of 22nd June 2026, Apple Inc. (NASDAQ:AAPL (ADR)) and Intel Corp. (NASDAQ:INTC (ADR)) deepen their semiconductor collaboration as Samsung Electronics Co., Ltd. (OTC:SSNLF (ADR)) expands its foundry footprint, a move that could recalibrate industry competition. The expansion reflects Samsung's intent to broaden capacity and capabilities while Apple and Intel seek to strengthen their own manufacturing options

Taiwan Semiconductor Manufacturing Stock Dashboard Adr:TSM

Last$467.62EPS Growth (Q1 2026 vs Q1 2025)58.3%

52-Week Price Range$203.94 - $478.0Shares Outstanding5,190,000,000

Ave Daily Volume10,702,170 ADRsInstitutional Ownership% of shares outstanding 14.4%

Today's Volume [VI]9,240,873 [0.9]TSM in IndicesBNY Mellon Composite ADR [of 194 stocks]

Market Cap$2,427 billionDPS (past 12 months)$3.04 or 304c

ExchangeINTERNATIONAL DEPOSITORY RECEIPTS [USNYSE, Frankfurt, Stuttgart]SectorSemiconductors [Rank by MCap 1 of 13 stocks]

EPS (FY2025)$66.26PV$1000 (1 yr) and TRS$2,282; 125.7%

IN TODAY'S REPORT:

SECTION 1 TAIWAN SEMICONDUCTOR MANUFACTURING ACTIVITIES

SECTION 1 Taiwan Semiconductor Manufacturing Activities

Activities

Taiwan Semiconductor Manufacturing Company Ltd. (TSMC), founded in 1987 and headquartered in Taiwan, is the world's leading dedicated semiconductor foundry, specializing in the design and manufacturing of integrated circuits for technology companies worldwide. Its core business revolves around wafer fabrication using advanced process technologies, producing custom chips for applications in smartphones, computers, automotive systems, and emerging fields like artificial intelligence and 5G networks. TSMC's fastest-growing segments include high-performance computing and AI-related semiconductors, driven by surging demand for 5nm and 3nm nodes, which enhance efficiency and speed in data centers and edge devices. The company's commitment to innovation, with investments in R&D exceeding $6 billion annually, positions it as a key enabler in the global tech ecosystem, supporting clients like Apple and Nvidia while maintaining a strong focus on operational excellence and supply chain resilience. It is the International Depository Receipt (IDR) market's largest Semiconductors company by market capitalisation.

COMPANY IDENTIFIERS

Contact: 886-3-5636688

Physical Address: No. 8, Li-Hsin Rd. 6 Hsinchu Science Park Hsinchu, Taiwan

State/Province/Country: Taiwan

Country of Incorporation: Taiwan

Exchange: NYSE

Taiwan Semiconductor Manufacturing Company Ltd.

ISIN: US8740391003

RIC: TSM.N

CIK: 1046179

CUSIP: 874039100",0a86cdae6bf96bbcac9e1950bab8fe56df692916cc7fcef1d97771638ff795e3,ok,,3299,2661,1,week4_lseg_html_v1,True,True
2026-06-22 23:29:08.069,2026-06-22,2026-06-22T00:00:00,2026-06-22T23:59:59,AAPL,AAPL.O,R:AAPL.O and Language:LEN,urn:newsml:newsroom:20260622:nNRA0z71ny:0,newsroom,NS:ELEBUS,Patent Issued for Head mountable display (USPTO 12645292),,"2026 JUN 22-- By a News Reporter-Staff News Editor at Electronics Business Daily-- Apple Inc. has been issued patent number 12645292, according to news reporting originating out of Alexandria, Virginia, by NewsRx editors. The patent' s inventors are Bergig, Oriel Y., Chen, Cheng, Franklin, Jeremy C., Hobson, Phil M., Kaufmann, Peter, Lin, Wey-Jiun, Maric, Ivan S., Meursing, Marinus,... 2026 JUN 22 (NewsRx) -- By a News Reporter-Staff News Editor at Electronics Business Daily -- Apple Inc. (Cupertino, California, United States) has been issued patent number 12645292, according to news reporting originating out of Alexandria, Virginia, by NewsRx editors.

The patent's inventors are Bergig, Oriel Y. (Shoham, CA, US), Chen, Cheng (San Jose, CA, US), Franklin, Jeremy C. (San Francisco, CA, US), Hobson, Phil M. (Menlo Park, CA, US), Kaufmann, Peter (Zurich, CH), Lin, Wey-Jiun (Los Altos Hills, CA, US), Maric, Ivan S. (Campbell, CA, US), Meursing, Marinus (Poway, CA, US), Myhre, Graham B. (Campbell, CA, US), Najafi, Hesam (Mountain View, CA, US), Petljanski, Branko (Neubiberg, DE), Quijalvo, Jan K. (San Jose, CA, US), Rockwell, Michael J. (Palo Alto, CA, US), Rothkopf, Fletcher R. (Los Altos, CA, US), Sauers, Jason C. (Sunnyvale, CA, US), Sengelaub, Tom (Oakland, CA, US), Slupeiks, Jason L. (Sunnyvale, CA, US), Stahl, Geoffrey (San Jose, CA, US), Tao, Jia (San Jose, CA, US), Tsin, Yanghai (Palo Alto, CA, US), Weise, Thibaut (Munich, DE), Zhang, Arthur Y. (San Jose, CA, US).

This patent was filed on May 13, 2024 and was published online on June 2, 2026.

From the background information supplied by the inventors, news correspondents obtained the following quote: ""The development of computer systems for augmented reality, including head mountable computer systems, has increased significantly in recent years. Example augmented reality environments include at least some virtual elements that replace or augment the physical world. Input devices, such as cameras, controllers, joysticks, touch-sensitive surfaces, and touch-screen displays for computer systems and other electronic computing devices are used to interact with virtual/augmented reality environments. Example virtual elements include virtual objects, such as digital images, video, text, icons, and control elements such as buttons and other graphics.""

Supplementing the background information on this patent, NewsRx reporters also obtained the inventors' summary information for this patent: ""In at least one example of the present disclosure, a head-mountable display device includes a housing defining a front opening and a rear opening, a display screen disposed in the front opening, a display assembly disposed in the rear opening, a first securement strap coupled to the housing, the first securement strap including a first electronic component, a second securement strap coupled to the housing, the second securement strap including a second electronic component, and a securement band extending between and coupled to the first securement strap and the second securement strap.

""In one example of the present disclosure, the display assembly is a first display assembly; and the head-mountable display device further includes a second display assembly disposed in the rear opening and including a second display screen and a third display screen

""In one example of the present disclosure, the first display screen is oriented to project light in a first direction and the second display screen and the third display screen are oriented to direct light in a second direction opposite the first direction.

""In one example of the present disclosure, the first electronic component includes a speaker.

""In one example of the present disclosure, the second electronic component includes a computing component.""

The claims supplied by the inventors are:

""1. A head-mountable electronic device, comprising: a housing; a display secured within the housing; a first optical sensor disposed adjacent the display, the first optical sensor oriented inward to face a user donning the head-mountable electronic device, the first optical sensor comprising a camera and a light-emitting diode (LED); a second optical sensor oriented outward and away from the face of the user; a processor communicatively coupled to the first optical sensor and the second optical sensor; and a memory device storing instructions that, when executed by the processor, cause the processor to: identify user gaze data from the first optical sensor; identify user hand gesture data from the second optical sensor; and modify a user interface presented by the display based on at least one of the user gaze data or the hand gesture data, the user interface including a virtual object.

""2. The head-mountable electronic device of claim 1, wherein: the camera is a first camera; and the first optical sensor further comprises a second camera disposed adjacent to the display.

""3. The head-mountable electronic device of claim 2, wherein the first optical sensor further comprises an LED array including the LED, the LED array disposed around a perimeter of the display.

""4. The head-mountable electronic device of claim 1, wherein the gaze data includes eye-tracking data from the first optical sensor.

""5. The head-mountable electronic device of claim 4, wherein the first optical sensor is configured to gather the eye-tracking data by receiving, via the camera, light from the LED reflected off an eye of the user.

""6. The head-mountable electronic device of claim 1, wherein modifying the user interface includes changing a level of virtual reality immersion presented by the display.

""7. The head-mountable electronic device of claim 6, wherein: the level of virtual reality immersion includes an amount of virtual content superimposed over real world content; and changing the level of virtual reality immersion includes changing the amount of virtual content superimposed over the real world content.

""8. The head-mountable electronic device of claim 7, wherein the real world content includes a visual representation of an environment external to the user and the head-mountable electronic device captured by the second optical sensor.

""9. The head-mountable electronic device of claim 1, wherein modifying the user interface includes moving the virtual object.

""10. A wearable electronic device, comprising: a display frame; a display secured to the display frame and oriented in a rearward direction toward a user donning the wearable electronic device; an LED disposed adjacent the display and oriented in the rearward direction to project light to an eye of the user; a first camera positioned adjacent the display and oriented in the rearward direction to detect, via the light projected by the LED and reflected off the eye, a gaze of the user; and a second camera secured to the display frame and oriented in an outward direction to detect a hand gesture of the user, the outward direction is away from the display frame and different than the rearward direction; wherein: the display is configured to present virtual content superimposed over real world content; and an amount of the virtual content presented is based on at least one of the gaze or the hand gesture.

""11. The wearable electronic device of claim 10, further comprising a user input mechanism that includes at least one of a lever, a button, a dial, a rocker, a slider, or a toggle.

""12. The wearable electronic device of claim 11, wherein the amount of virtual content presented is based on a manipulation of the user input mechanism.

""13. The wearable electronic device of claim 10, further comprising a plurality of LEDs including the LED, the plurality of LEDs disposed around a perimeter of the display.

""14. The wearable electronic device of claim 10, wherein the outward direction is opposite the rearward direction.

""15. The wearable electronic device of claim 10, wherein the outward direction includes a downward direction relative to the face of the user.

""16. A head-mountable electronic device, comprising: a housing; a camera configured to capture content external to the housing; an optical module secured to the housing, the optical module comprising: a display; a LED disposed adjacent the display; and an inward facing sensor configured to detect a gaze direction of a user donning the head-mountable electronic device based on light generated by the LED and reflected off an eye of the user; and a processor electrically coupled to the camera, the inward facing sensor, the LED, and the display; wherein: the processor is configured to cause the display to project mixed reality content including a first amount of video passthrough content captured by the camera and a second amount of virtual reality content including a virtual object; and the camera is configured to capture a hand gesture; and the virtual object is configured to be manipulated based on the hand gesture.

""17. The head-mountable electronic device of claim 16, wherein the camera is oriented downward toward the hand when the user is donning the head-mountable electronic device.

""18. The head-mountable electronic device of claim 17, wherein: the camera is a first camera; and the head-mountable electronic device further comprises a second camera configured to capture the video passthrough content external to the housing.

""19. The head-mountable electronic device of claim 16, wherein the hand gesture includes a movement of the hand.

""20. The head-mountable electronic device of claim 16, wherein the inward facing sensor comprises a visual camera.""

For the URL and additional information on this patent, see: Bergig, Oriel Y. Head mountable display. U.S. Patent Number 12645292, filed May 13, 2024, and published online on June 2, 2026. Patent URL (for desktop use only): https://ppubs.uspto.gov/pubwebapp/external.html?q=(12645292)&db=USPAT&type=ids",3a06ef0ebedcfdbd136a9b8d7fa2b7d4125cc1bf25ccfea94a761b8d4c400b5a,ok,,10404,9912,1,week4_lseg_html_v1,True,True
2026-06-22 22:07:06.955,2026-06-22,2026-06-22T00:00:00,2026-06-22T23:59:59,AAPL,AAPL.O,R:AAPL.O and Language:LEN,urn:newsml:newsroom:20260622:nNRA0z63ci:0,newsroom,NS:NEWBIZ,NOTHING TECHNOLOGY LIMITED - RECENT DEVELOPMENTS IN INDUSTRY FROM APPLE INC. AND PEERS,,"NEWS BITES - PRIVATE COMPANIES

DASHBOARD: NOTHING

PermID5083853850

Websitein.nothing.tech

IndustryElectronic Equipment and Parts

ACTIVITIES:

Nothing Technology Limited, founded in 2020 by Carl Pei, the co-founder of OnePlus, is a London-based consumer technology company dedicated to innovating in the realms of hardware, software, and services. Its core business activities revolve around the design, development, and distribution of premium consumer electronics that emphasize minimalist aesthetics, seamless user experiences, and sustainable practices. Key product lines include the Nothing Phone series-featuring transparent designs and Glyph Interface for notifications-and the Ear series of true wireless earbuds, complemented by the CMF sub-brand targeting accessible yet stylish accessories like budget smartphones, smartwatches, and audio devices. The company has rapidly expanded into wearables and budget tech segments, with the CMF line emerging as its fastest-growing area, driven by strong global sales, particularly in emerging markets, and positive reception for affordable innovation. As of 2025, Nothing operates in over 50 countries, prioritizing transparency in supply chains and eco-friendly materials to foster long-term customer loyalty and market differentiation.

+ NOTHING [3 News That Matters]

+ NOTHING 4A PRO MAY SWAP GLYPH MATRIX FOR LOW-POWER E-INK DISPLAY

Nothing is proposing an e-ink back display for the 4a Pro, a design shift unveiled on 15th June 2026, intended to increase everyday usefulness rather than rely on flair.

Criticism of the Glyph Matrix has centered on its limited practical value, with the Taweros Reddit post advocating that a low power e-ink panel could provide a secondary screen for alerts and QR codes.

The updated concept would keep the original hardware shell, including the triple camera layout and Snapdragon 7 Gen 4, but replace the visible glyph grid with the e-ink panel.

The e-ink approach would dramatically reduce energy consumption, enabling the panel to display information throughout the day without significantly draining battery life.

There could be pushback from Nothing founder Carl Pei who has positioned the Glyph Matrix as a signature feature, but supporters say the change aligns with Nothing branding while boosting usability.

Industry watchers will be watching whether this concept can translate into a real device, with questions about a potential Nothing 5 and the direction of future devices.

+ NOTHING LEVERAGES EARLY PRIME DAY PRICING ON PHONES AND HEADPHONES

As of 18th June 2026, Nothing is running early Prime Day promotions that center on its latest devices. The Nothing Headphone (a) is now available at its lowest price ever on Amazon, with the white variant at $151.05 and other colors, including yellow, at $159. The headphones normally fetch around $200, and the date-stamped discounts come as part of a broader push toward graduates and fathers shopping for gifts this season.

Similarly, the Nothing Phone (4a) is marked down, including an unlocked 12GB/256GB model priced at $494.99 on Amazon, down from $599, and Best Buy offering the 128GB version for $419.99. These price points represent the lowest observed to date for the Phone (4a) and underscore Nothing's willingness to compete on price as reviews highlight its value in a crowded market.

The discounts coincide with Samsung's own early Prime Day offers, including a $475 reduction on the Galaxy S26 Ultra when bundled with Galaxy Buds 4 Pro. The wave of deals across major brands indicates intense competition ahead of Prime Day and offers consumers a range of options for smartphones and accessories.

Nothing's aggressive pricing strategy could bolster its market position during this seasonal window, as the company leverages Prime Day momentum to attract new customers and reward existing fans with compelling price stamps on both headphones and smartphones.

+ NOTHING UNVEILS EAR (3A) A COLORFUL, WALLET-CONSCIOUS ADDITION

Nothing is gearing up to reveal the Ear (3a), a new entry in its wireless-ear lineup, with information emerging on 18th June 2026. The plan follows the earlier Ear (3) launch this year, which has been praised for its overall performance and solid battery life.

Earlier, Nothing released the Ear (a) in 2024 as a budget-friendly option, priced at $99 and noted for delivering audio quality and battery performance on par with the more premium Ear (3) at a markedly lower cost.

Industry reports suggest the Ear (3a) will arrive in four colors, including black, yellow, and a new pink option, underscoring Nothing's emphasis on personalization. The color strategy mirrors the recent Nothing Headphones (a) rollout, which also targets budget-minded buyers.

Pricing is a standout feature: the Ear (3a) is expected to retail around €99 in France, with US pricing anticipated to be similar, positioning the device roughly $80 below the Nothing Ear (3).

If realized, the Ear (3a) could bolster Nothing's footprint in the growing budget-earbuds market, pairing attractive aesthetics with a price that appeals to cost-conscious consumers while maintaining the brand's signature style.

++++++++++++++++++++++++++++++++++++++++++++++++++++++++++++++++++++++++++++++++++++

+ APPLE [3 News That Matters]

+ APPLE INC. (NASDAQ:AAPL) NAVIGATES RISING MEMORY COSTS AMID GLOBAL SUPPLY CHAIN CHALLENGES

Apple Inc. (NASDAQ:AAPL) is navigating a memory pricing surge and broader supply chain constraints that have drawn investor attention. On 19th June 2026, Tim Cook stressed the scale of industry-wide pressures affecting memory components and related supply issues. To offset higher costs, Apple is preparing for potential price hikes and is leveraging its pricing power across devices and services to protect margins. The company remains focused on its product roadmap and upcoming upgrade cycles to sustain margins. The reactions to Apple's WWDC strategy regarding its AI initiatives have been mixed, yet the firm stays committed to a long-term vision to improve user experiences. Analysts continue to rate the stock Buy, citing resilience in its pricing flexibility and the potential for upside as the market digests the post-WWDC landscape. Investors are watching how Apple balances demand, innovation, and capital allocation as it nears new launches. As Apple manages these pressures, its emphasis on innovation and strategic pricing is expected to support growth, with the market closely tracking developments around its next hardware and software updates

+ INTEL CORP. (NASDAQ:INTC) REPORTS STOCK SURGE ON POTENTIAL APPLE DOMESTIC-CHIP COLLABORATION

Intel Corp. (NASDAQ:INTC) surged 13% to $133.99, while Apple Inc. (NASDAQ:AAPL) rose less than 1% to $298.01, after President Donald Trump asserted on Truth Social that Apple had agreed to collaborate with Intel to develop semiconductors in the United States. The event occurred on the 19th of June 2026. Trump's post underscored a push to boost U.S. chip manufacturing as global demand climbs. Specific terms of the Apple-Intel arrangement were not disclosed, making it a potential milestone rather than a finalized deal. The possible partnership could meaningfully bolster Intel's foundry business, a central pillar of CEO Lip-Bu Tan's strategy to revive the company. Intel has faced difficulty attracting external customers for manufacturing services, and having Apple as a client would be a notable win. Apple's stock rose less than 1% to $298.01, reflecting mixed market reaction to the news. Analysts are expected to assess the feasibility, scope, and timing of any alliance, as well as the implications for the U.S. semiconductor landscape. Overall, the market reaction highlighted investor optimism around Intel's foundry ambitions, even as the path to execution remains uncertain amid a competitive environment and rapid technological change.

+ APPLE INC. (NASDAQ:AAPL) POSTS REVENUE GROWTH AS MEMORY COSTS SET PRICING PATH

On 19th June 2026, Apple Inc. (NASDAQ:AAPL) signaled price adjustments on its devices as memory and storage costs rise in line with artificial intelligence demand, signaling that higher memory expenses will be reflected in pricing though product targets and timing remain unspecified. Analysts project memory prices to move higher in the second quarter, with DRAM contract prices seen rising 58% to 63% and NAND Flash prices climbing 70% to 75%. DRAM remains a focal point as supply shifts toward high bandwidth memory for AI servers, and Apple did not disclose which products would see changes or when they would take effect

++++++++++++++++++++++++++++++++++++++++++++++++++++++++++++++++++++++++++++++++++++",818156bc1a723ba8226bfda801730ccf902085e414cb7da49972e4f925329982,ok,,9159,8697,0,week4_lseg_html_v1,True,True
2026-06-22 21:22:02.180,2026-06-22,2026-06-22T00:00:00,2026-06-22T23:59:59,AAPL,AAPL.O,R:AAPL.O and Language:LEN,urn:newsml:newsroom:20260622:nNRA0z5iit:0,newsroom,NS:PIVSOU,Apple Distribution International Ltd. secures contract for Acquisition Of Scientific Equipment Macbook Pro 16 Wiring And Accessories,,Portugal based Apple Distribution International Ltd. has secured contract from Associacao Laboratorio Colaborativo Em Transformacao Digital - Dtx for Acquisition Of Scientific Equipment Macbook Pro 16 Wiring And Accessories . The value of the contract is worth 1122758.0 EUR .,6ad739d296544ca4839e78011237f098dbbdf58528ed34df4b149d1372741964,ok,,484,276,1,week4_lseg_html_v1,True,True
2026-06-22 21:02:04.733,2026-06-22,2026-06-22T00:00:00,2026-06-22T23:59:59,AAPL,AAPL.O,R:AAPL.O and Language:LEN,urn:newsml:newsroom:20260622:nNRA0z5c5q:0,newsroom,NS:GLORDP,HUAWEI TECHNOLOGIES CO LTD - RECENT DEVELOPMENTS IN INDUSTRY FROM APPLE INC. AND PEERS,,"DASHBOARD: HUAWEI TECHNOLOGIES CO LTD

ACTIVITIES:

PermID4296309931

Websitehttps://www.huawei.com/en/

IndustryTelecommunications Equipment

AddressBantian Huawei Base Longgang District Shenzhen, 518129 China

Huawei Technologies Co., Ltd. is a leading global provider of information and communications technology (ICT) infrastructure and smart devices, founded in 1987 and headquartered in Shenzhen, China. With approximately 213,000 employees operating in over 170 countries and regions, the company serves more than 3 billion people and is dedicated to building a fully connected, intelligent world through digital innovation. Its core business activities span ICT infrastructure (including networks, 5G/5.5G, and computing), consumer devices (smartphones, wearables, and HarmonyOS ecosystem), cloud computing, digital power solutions, and intelligent automotive solutions. Huawei emphasizes heavy R&D investment-CNY 192.3 billion in 2025 (21.8% of revenue)-driving advancements in AI, connectivity, and sustainable technologies. Fastest-growing segments include Intelligent Automotive Solutions, which surged 72.1% in revenue to CNY 45 billion in 2025, alongside Digital Power (up 12.7%). These areas, together with AI-driven computing initiatives, represent key growth engines amid steady performance in core infrastructure and consumer businesses. In 2025, Huawei reported total revenue of CNY 880.9 billion, underscoring its commitment to quality, ecosystem partnerships, and intelligent transformation across industries.

+ HUAWEI TECHNOLOGIES CO LTD [3 News That Matters]

+ HUAWEI AND STC UNVEIL SUSTAINABLE CLOUD PLATFORM TO CUT ENERGY USE

Saudi telecommunications group stc and Huawei announced the launch of Green Telco Cloud on 17th June 2026, a cloud-based platform intended to enhance service quality while reducing energy use and the physical footprint of network infrastructure. The system is built on Huawei's cloud-native architecture, integrating energy-efficient servers with dynamic power management and adaptive CPU scaling to enable more efficient operation across the network.

A centralized management dashboard provides full-stack telemetry, carbon impact analytics, and automated shutdowns of idle resources, enabling operators to consolidate network functions on a single intelligent platform for faster service delivery and lower emissions. The concept aligns with next-generation technologies such as 5G-A, as stc aims to capture gains in efficiency and sustainability across its rollout.

In comments, stc Infrastructure VP Bader A. Allhieb said the project represents a shift in how networks are designed for long-term impact, embedding sustainability into core operations to support growth and customers, while Huawei's Linwei, president of the Intelligent Telco Cloud, highlighted the drive toward low-carbon ICT transformation.

+ HUAWEI CROWNED NO. 1 IN GARTNER'S CRITICAL CAPABILITIES FOR ENTERPRISE WIRED AND WIRELESS LAN

Huawei Technologies Co Ltd has been ranked No. 1 by Gartner in its Critical Capabilities for Enterprise Wired and Wireless LAN, for the Hands-Off NetOps use case, the company announced on 15th June 2026. The feat highlights Huawei's progress in intelligent O&M, anchored by the Xinghe AI Campus platform.

The O&M system uses the iMaster NCE Network Digital Map and NetMaster to provide experience visualization and automatic fault rectification, delivering an AI-guarded campus network. The four-dimensional digital map offers visibility across networks, users, terminals and applications, shifting away from a device-centric O&M approach and enabling operators to make informed operational decisions.

Huawei tackles traditional O&M pain points such as high false positives and evaluating real user experiences. A self-learning scoring algorithm adjusts performance indicators based on user scenarios, allowing accurate monitoring of user experiences across varying conditions.

In addition, a packet-conservation algorithm together with in-situ flow telemetry enables quick fault identification and WAN issue detection with over 80% accuracy. The LAN-WAN integration speeds fault demarcation from hours to minutes, reducing downtime and accelerating troubleshooting.

The NetMaster O&M agent further enhances efficiency by automatically diagnosing and resolving about 80% of wireless faults. Real-time monitoring of more than 15 terminal-experience indicators supports proactive issue detection without on-site checks, helping to push campus networks toward autonomous operation.

+ HUAWEI-BACKED YINWANG JOINS FORCES WITH CHERY TO SCALE AUTONOMOUS DRIVING TECH

On the 11th of June, 2026, Chery Automobile Co., Ltd. and Huawei-backed Yinwang Intelligent Technology signed a strategic cooperation agreement aimed at accelerating the development and deployment of advanced driving technologies. The agreement centers on the joint development of Level 3 (L3) and Level 4 (L4) autonomous driving technologies, with a focus on breakthroughs and mass production during the 15th Five-Year Plan in China.

The partners intend to combine Chery's manufacturing capabilities with Yinwang's smart vehicle technologies, reinforced by Huawei's innovations, to push the commercialization of intelligent mobility solutions that emphasize safety, compliance, and efficiency.

They aim to promote global adoption of smart mobility, presenting a 'China solution' to the evolving automotive landscape. The wider auto sector is already moving toward similar strategic collaborations, as shown by Aptiv and CORNEX focusing on co-developing smart cockpit domain controllers, highlighting the importance of integrated technology.

As Chery and Yinwang deepen their ties, they join a growing network aiming to redefine mobility in the automation era, with potential influence beyond China.

++++++++++++++++++++++++++++++++++++++++++++++++++++++++++++++++++++++++++++++++++++

+ APPLE [3 News That Matters]

+ INTEL CORP. (NASDAQ:INTC) REPORTS STOCK SURGE ON POTENTIAL APPLE DOMESTIC-CHIP COLLABORATION

Intel Corp. (NASDAQ:INTC) surged 13% to $133.99, while Apple Inc. (NASDAQ:AAPL) rose less than 1% to $298.01, after President Donald Trump asserted on Truth Social that Apple had agreed to collaborate with Intel to develop semiconductors in the United States. The event occurred on the 19th of June 2026. Trump's post underscored a push to boost U.S. chip manufacturing as global demand climbs. Specific terms of the Apple-Intel arrangement were not disclosed, making it a potential milestone rather than a finalized deal. The possible partnership could meaningfully bolster Intel's foundry business, a central pillar of CEO Lip-Bu Tan's strategy to revive the company. Intel has faced difficulty attracting external customers for manufacturing services, and having Apple as a client would be a notable win. Apple's stock rose less than 1% to $298.01, reflecting mixed market reaction to the news. Analysts are expected to assess the feasibility, scope, and timing of any alliance, as well as the implications for the U.S. semiconductor landscape. Overall, the market reaction highlighted investor optimism around Intel's foundry ambitions, even as the path to execution remains uncertain amid a competitive environment and rapid technological change.

+ APPLE INC. (NASDAQ:AAPL) NAVIGATES RISING MEMORY COSTS AMID GLOBAL SUPPLY CHAIN CHALLENGES

Apple Inc. (NASDAQ:AAPL) is navigating a memory pricing surge and broader supply chain constraints that have drawn investor attention. On 19th June 2026, Tim Cook stressed the scale of industry-wide pressures affecting memory components and related supply issues. To offset higher costs, Apple is preparing for potential price hikes and is leveraging its pricing power across devices and services to protect margins. The company remains focused on its product roadmap and upcoming upgrade cycles to sustain margins. The reactions to Apple's WWDC strategy regarding its AI initiatives have been mixed, yet the firm stays committed to a long-term vision to improve user experiences. Analysts continue to rate the stock Buy, citing resilience in its pricing flexibility and the potential for upside as the market digests the post-WWDC landscape. Investors are watching how Apple balances demand, innovation, and capital allocation as it nears new launches. As Apple manages these pressures, its emphasis on innovation and strategic pricing is expected to support growth, with the market closely tracking developments around its next hardware and software updates

+ APPLE INC. (NASDAQ:AAPL) POSTS REVENUE GROWTH AS MEMORY COSTS SET PRICING PATH

On 19th June 2026, Apple Inc. (NASDAQ:AAPL) signaled price adjustments on its devices as memory and storage costs rise in line with artificial intelligence demand, signaling that higher memory expenses will be reflected in pricing though product targets and timing remain unspecified. Analysts project memory prices to move higher in the second quarter, with DRAM contract prices seen rising 58% to 63% and NAND Flash prices climbing 70% to 75%. DRAM remains a focal point as supply shifts toward high bandwidth memory for AI servers, and Apple did not disclose which products would see changes or when they would take effect

++++++++++++++++++++++++++++++++++++++++++++++++++++++++++++++++++++++++++++++++++++

+ CISCO [3 News That Matters]

+ CISCO SYSTEMS, INC. (NASDAQ:CSCO) INTEGRATES THOUSANDEYES TO DELIVER REAL-TIME INTERNET TELEMETRY ACROSS CLOUD APPS

Cisco Systems, Inc. (NASDAQ:CSCO) Integrates ThousandEyes to Deliver Real-Time Internet Telemetry Across Cloud Apps, strengthening visibility into SaaS and cloud connections. The service measures every hop between users and applications to help IT teams optimize performance during peak hours. On 19th June 2026, Cisco emphasized that even a single slow link can incur meaningful financial losses for organizations. ThousandEyes functions as an MRI scanner for internet routes, evaluating whether platforms such as Microsoft 365 and Salesforce operate smoothly. Cisco deploys small software agents that observe each connection point, enabling IT teams to trace delays through corporate LANs and ISPs rather than attributing issues to generic internet problems. These agents generate synthetic traffic that tests latency, packet loss, and DNS lookups, feeding results into a comprehensive dashboard that IT staff can monitor in real time. The approach helps enterprises diagnose issues across locally managed networks and external edges without shifting blame among teams. In SaaS environments, ThousandEyes measures performance across networks the enterprise does not own, identifying bottlenecks in local Wi Fi, ISP links, or cloud provider edges. The transparency supports faster issue resolution and adds accountability for service levels across vendors and networks. Cisco has embedded ThousandEyes into its portfolio as a cloud-based subscription, complementary to its routers and SD WAN offerings. Customers activate ThousandEyes agents via software licenses rather than adding hardware, simplifying management across multiple sites while expanding monitoring for dozens of applications. The arrangement aligns with Cisco's strategy to grow recurring software revenue alongside traditional hardware sales, targeting medium and large enterprises reliant on SaaS and cloud services.

+ CISCO SYSTEMS, INC. (NASDAQ:CSCO) DETAILS INITIATIVES TO STRENGTHEN CISCONIANS EXPERIENCE AND DEVELOPMENT

Cisco Systems, Inc. (NASDAQ:CSCO) posts its FY25 Purpose Report, dated June 19, 2026, outlining a continued focus on an inclusive and empowering employee experience. The report reaffirms Cisconians as central to the culture and presents Guiding Principles co created with input from the workforce and leadership. It details weekly check-ins, quarterly engagement pulses, and bi annual performance discussions to strengthen communication and accountability between staff and managers. On professional development, 89% of employees participate in offerings, with AI-focused training programs gaining momentum. Well-being remains a priority, with mental health initiatives including access to the Calm app and an expanded Well-Being Ambassador program. Cisco introduces an AI-powered assistant, Ask P&C, to streamline HR inquiries and improve employee satisfaction

+ CISCO SYSTEMS, INC. (NASDAQ:CSCO) SETS GUIDING PRINCIPLES FOR EMPLOYEE EXPERIENCE IN FY25 REPORT

Cisco Systems, Inc. (NASDAQ:CSCO) released its FY25 Purpose Report on 19th June 2026, detailing a renewed focus on the Cisconian workforce as a key driver of Cisco's innovation and community impact. It outlines a new set of Guiding Principles co-created with input from employees at all levels and the Executive Leadership Team, stressing that leaders directly influence employee experiences and that engagement and confidence in the company's strategic direction are essential in an AI-driven landscape. The report highlights learning and development, noting that 89% of employees voluntarily participated in training during fiscal 2025 and that more than 37,000 completed AI-focused courses, supported by industry-leading platforms such as Cisco Networking Academy to keep pace with change. Mental health and well-being feature prominently, with initiatives like the Calm app to help manage stress and the Well-Being Ambassador program expanding to broaden peer-to-peer well-being support. Cisco frames well-being as a business imperative that benefits both individuals and the organization. Additionally, the FY25 Purpose Report introduces the Ask P&C Assistant, an AI-powered tool designed to streamline interactions with HR services by delivering quick, personalized responses to common inquiries, illustrating how Cisco combines technology with empathetic leadership to foster a thriving workforce.

++++++++++++++++++++++++++++++++++++++++++++++++++++++++++++++++++++++++++++++++++++",c613d35b0001e2ca1c912f5646d81ecdfc91d400e175ff207b2d8ddc70507071,ok,,14492,13952,0,week4_lseg_html_v1,True,True
2026-06-23 23:21:08.704,2026-06-23,2026-06-23T00:00:00,2026-06-23T23:59:59,AAPL,AAPL.O,R:AAPL.O and Language:LEN,urn:newsml:newsroom:20260623:nNRA0zomsk:0,newsroom,NS:ELEBUS,Patent Issued for Object positioning and movement in three dimensional content (USPTO 12645284),,"2026 JUN 23-- By a News Reporter-Staff News Editor at Electronics Business Daily-- Apple Inc. has been issued patent number 12645284, according to news reporting originating out of Alexandria, Virginia, by NewsRx editors. The patent' s inventors are Burgoyne, Ryan S., Duquesne, Gregory, Germer, Austin C., Masood, Novaira. This patent was filed on August 3, 2021 and was... 2026 JUN 23 (NewsRx) -- By a News Reporter-Staff News Editor at Electronics Business Daily -- Apple Inc. (Cupertino, California, United States) has been issued patent number 12645284, according to news reporting originating out of Alexandria, Virginia, by NewsRx editors.

The patent's inventors are Burgoyne, Ryan S. (Sunnyvale, CA, US), Duquesne, Gregory (Belmont, CA, US), Germer, Austin C. (Novato, CA, US), Masood, Novaira (Sunnyvale, CA, US).

This patent was filed on August 3, 2021 and was published online on June 2, 2026.

From the background information supplied by the inventors, news correspondents obtained the following quote: ""Creating 3D content can be very time consuming, non-intuitive, and difficult. Such creation often requires using a mouse or other computer-based input device to painstakingly position and rotate 3D objects in precise positions and relative to other 3D objects.""

Supplementing the background information on this patent, NewsRx reporters also obtained the inventors' summary information for this patent: ""Various implementations disclosed herein include devices, systems, and methods that enable more intuitive and efficient positioning of an object in a 3D layout.

""In some implementations, an electronic device having a processor implements a method. The method obtains input initiating positioning of a displayed object at a position in a three dimensional (3D) graphical layout. After positioning the displayed object responsive to the obtained input, the method adjusts the position of the displayed object using at least one simulated physics model. As examples, the position of the displayed object may be translated in the 3D graphical layout according to simulated gravity and/or according to a collision of the displayed object with another object in the 3D graphical layout. After adjusting the position of the displayed object, the method disables the at least one simulated physics model for the displayed object.

""In some implementations, an electronic device having a processor implements a method to position an object in a 3D layout by selectively using physics. The electronic device obtains input initiating positioning of an object in a 3D layout displayed in a user interface. For example, in an enhanced reality (ER) setting providing on a device, a user may select a virtual table object to add to a 3D layout of an app being developed, reach out a hand virtually holding the table, and release, drop, or throw the table from that location.

""The electronic device enables simulated physics for the object during positioning of the object in the 3D layout. In some implementations, physics is enabled for only the object and not enabled for other objects. In some implementations, physics is enabled for the object and other selected objects that are selected based on selection criteria, e.g., to enable the user to use the table to push a sofa while preventing the user from unintentionally knocking over a floor vase.

""The electronic device positions the object in the 3D layout based on the input initiating positioning and the simulated physics. In one example, the user drops the table and the table will fall to a position on the floor based on simulated gravity. In another example, the user pushes a chair and the chair will stop moving when the chair hits a wall based on simulating the physical interaction between the chair and the wall. The movement of the object can be based on simulated physics alone or simulated physics and additional movement influencers, such as alignment criteria that results in the object moving to a position that aligns with another object. The electronic device disables the simulated physics for the object and any other objects for which simulated physics was enabled during the positioning process based on determining that the positioning of the object has concluded. For example, once the object has been placed, physics may be turned off for the object and related objects.""

The claims supplied by the inventors are:

""1. A method, comprising: at an electronic device having a processor: obtaining input selecting an object to be added to content being developed via a user interface of a 3D content development environment; displaying the object in a three dimensional (3D) graphical layout in the user interface of the 3D content development environment, wherein graphical indicators identify the displayed object and other objects with which the object can interact according to at least one simulated physics model; obtaining input initiating positioning of the displayed object at a position in the 3D graphical layout in the user interface of the 3D content development environment; adjusting the position of the displayed object using the at least one simulated physics model and an alignment criterion that results in the displayed object changing orientation to be directionally aligned with a second object; and after adjusting the position of the displayed object, disabling the at least one simulated physics model for the displayed object, wherein the at least one simulated physics model is disabled based on user input associated with a user interface element.

""2. The method of claim 1, wherein the obtaining the input initiating positioning of the displayed object in the 3D layout comprises obtaining 3D movement of an input object using an image sensor operatively coupled to the processor of the electronic device.

""3. The method of claim 1, wherein adjusting the position of the displayed object comprises translating in the 3D graphical layout according to simulated gravity.

""4. The method of claim 1, wherein adjusting the position of the displayed object comprises translating the displayed object according to a collision of the displayed object with another object in the 3D graphical layout.

""5. The method of claim 1, wherein adjusting the position of the displayed object comprises: determining whether the displayed object and a second displayed object share a common classification in an object taxonomy, and in accordance with a determination that the displayed object and the second displayed object share a common classification, translating at least one of the displayed object and the second displayed object towards one another.

""6. The method of claim 1, further comprising: identifying a plane in the 3D graphical layout, and wherein adjusting the position of the displayed object using at least one simulated physics model comprises moving the displayed object onto the plane.

""7. The method of claim 1 further comprising: grouping the displayed object and a second displayed object, wherein grouping the displayed object and the second displayed object comprises: moving the second displayed object together with the displayed object responsive to input representing movement of the displayed object; and maintaining the position of the displayed object responsive to input representing movement of the second displayed object.

""8. A non-transitory computer-readable storage medium, storing instructions executable on a device to perform operations comprising: obtaining input selecting an object to be added to content being developed via a user interface of a 3D content development environment; displaying the object in a three dimensional (3D) graphical layout in the user interface of the 3D content development environment, wherein graphical indicators identify the displayed object and other objects with which the object can interact according to at least one simulated physics model: obtaining input initiating positioning of the displayed object at a position in the a three dimensional (3D) graphical layout in the user interface of the 3D content development environment; adjusting the position of the displayed object using the at least one simulated physics model and an alignment criterion that results in the displayed object changing orientation to be directionally aligned with a second object; and after adjusting the position of the displayed object, disabling the at least one simulated physics model for the displayed object, wherein the at least one simulated physics model is disabled based on user input associated with a user interface element.

""9. The non-transitory computer-readable storage medium of claim 8, wherein the obtaining the input initiating positioning of the displayed object in the 3D layout comprises obtaining 3D movement of an input object using an image sensor.

""10. The non-transitory computer-readable storage medium of claim 8, wherein adjusting the position of the displayed object comprises translating in the 3D graphical layout according to simulated gravity.

""11. The non-transitory computer-readable storage medium of claim 8, wherein adjusting the position of the displayed object comprises translating the displayed object according to a collision of the displayed object with another object in the 3D graphical layout.

""12. The non-transitory computer-readable storage medium of claim 8, wherein adjusting the position of the displayed object comprises: determining whether the displayed object and a second displayed object share a common classification in an object taxonomy, and in accordance with a determination that the displayed object and the second displayed object share a common classification, translating at least one of the displayed object and the second displayed object towards one another.

""13. The non-transitory computer-readable storage medium of claim 8, wherein the operations further comprise: identifying a plane in the 3D graphical layout, and wherein adjusting the position of the displayed object using at least one simulated physics model comprises moving the displayed object onto the plane.

""14. The non-transitory computer-readable storage medium of claim 8, wherein the operations further comprise grouping the displayed object and a second displayed object, wherein grouping the displayed object and the second displayed object comprises: moving the second displayed object together with the displayed object responsive to input representing movement of the displayed object; and maintaining the position of the displayed object responsive to input representing movement of the second object.

""15. A system comprising: a non-transitory computer-readable storage medium; and one or more processors coupled to the non-transitory computer-readable storage medium, wherein the non-transitory computer-readable storage medium comprises program instructions that, when executed on the one or more processors, cause the system to perform operations comprising: obtaining input selecting an object to be added to content being developed via a user interface of a 3D content development environment; displaying the object in a three dimensional (3D) graphical layout in the user interface of the 3D content development environment, wherein graphical indicators identify the displayed object and other objects with which the object can interact according to at least one simulated physics model; obtaining input initiating positioning of the displayed object at a position in the 3D graphical layout in the user interface of the 3D content development environment; adjusting the position of the displayed object using the at least one simulated physics model and an alignment criterion that results in the displayed object changing orientation to be directionally aligned with a second object; and after adjusting the position of the displayed object, disabling the at least one simulated physics model for the displayed object, wherein the at least one simulated physics model is disabled based on user input associated with a user interface element.

""16. The system of claim 15, wherein the obtaining the input initiating positioning of the displayed object in the 3D layout comprises obtaining 3D movement of an input object using an image sensor.

""17. The system of claim 15, wherein adjusting the position of the displayed object comprises translating in the 3D graphical layout according to simulated gravity.

""18. The system of claim 15, wherein adjusting the position of the displayed object comprises translating the displayed object according to a collision of the displayed object with another object in the 3D graphical layout.

""19. The system of claim 15, wherein adjusting the position of the displayed object comprises: determining whether the displayed object and a second displayed object share a common classification in an object taxonomy, and in accordance with a determination that the displayed object and the second displayed object share a common classification, translating at least one of the displayed object and the second displayed object towards one another.

""20. The system of claim 15, wherein the operations further comprise: identifying a plane in the 3D graphical layout, and wherein adjusting the position of the displayed object using at least one simulated physics model comprises moving the displayed object onto the plane.

""21. The method of claim 1, wherein graphical indicators distinguish: a first set of objects with respect to which the displayed object can interact via physics-based interactions; and a second set of objects with respect to which the displayed object cannot interact via physics-based interactions.

""22. The method of claim 1, wherein the alignment criteria specify different alignment rules for different sides of the second object.

""23. The method of claim 1, wherein the alignment criteria specify an orientation of a directional vector associated with the displayed object relative to the second object.

""24. The method of claim 1, wherein the alignment criteria specify that the displayed object face a side of the second object.

""25. The method of claim 1, wherein the alignment criteria specify that the displayed object be positioned within a bounding box associated with the second object.""

There are additional claims. Please visit full patent to read further.

For the URL and additional information on this patent, see: Burgoyne, Ryan S. Object positioning and movement in three dimensional content. U.S. Patent Number 12645284, filed August 3, 2021, and published online on June 2, 2026. Patent URL (for desktop use only): https://ppubs.uspto.gov/pubwebapp/external.html?q=(12645284)&db=USPAT&type=ids",86870c2906f347931c0c033fb8208bb3e0a7de51d46312f7c1ddf8c37492cb71,ok,,15243,14721,1,week4_lseg_html_v1,True,True
2026-06-23 22:23:08.755,2026-06-23,2026-06-23T00:00:00,2026-06-23T23:59:59,AAPL,AAPL.O,R:AAPL.O and Language:LEN,urn:newsml:newsroom:20260623:nNRA0znyqp:0,newsroom,NS:TECDAI,Patent Issued for Compositing of images from virtual and physical cameras (USPTO 12646267),,"2026 JUN 23-- By a News Reporter-Staff News Editor at Technology Business Daily-- Apple Inc. has been issued patent number 12646267, according to news reporting originating out of Alexandria, Virginia, by NewsRx editors. The patent' s inventors are Brown, Travis W., Decoodt, Jerome, Glass, Michael A., Idstrom, Courtland M., McIlree, James C., Noorkami, Maneli, Taghavi... 2026 JUN 23 (NewsRx) -- By a News Reporter-Staff News Editor at Technology Business Daily -- Apple Inc. (Cupertino, California, United States) has been issued patent number 12646267, according to news reporting originating out of Alexandria, Virginia, by NewsRx editors.

The patent's inventors are Brown, Travis W. (Boulder, CO, US), Decoodt, Jerome (L'Etang-la-Ville, FR), Glass, Michael A. (Nyack, NY, US), Idstrom, Courtland M. (Cupertino, CA, US), McIlree, James C. (Santa Clara, CA, US), Noorkami, Maneli (Menlo Park, CA, US), Taghavi Nasrabadi, Afshin (Los Gatos, CA, US), Wilson, Jacob (San Francisco, CA, US), Zhou, Yi (Sunnyvale, CA, US).

This patent was filed on November 13, 2023 and was published online on June 2, 2026.

From the background information supplied by the inventors, news correspondents obtained the following quote: ""Augmented reality technology aims to bridge a gap between computer-generated environments and a physical environment by providing an enhanced physical environment that is augmented with electronic information. As a result, the electronic information appears to be part of the physical environment as perceived by a user. In an example, augmented reality technology further provides a user interface to interact with the electronic information that is overlaid in the enhanced physical environment.""

Supplementing the background information on this patent, NewsRx reporters also obtained the inventors' summary information for this patent: ""The detailed description set forth below is intended as a description of various configurations of the subject technology and is not intended to represent the only configurations in which the subject technology can be practiced. The appended drawings are incorporated herein and constitute a part of the detailed description. The detailed description includes specific details for the purpose of providing a thorough understanding of the subject technology. However, the subject technology is not limited to the specific details set forth herein and can be practiced using one or more other implementations. In one or more implementations, structures and components are shown in block diagram form in order to avoid obscuring the concepts of the subject technology.

""A challenge faced in augmented reality technology is the generation of recordings, from the perspective of a third person, of a physical environment that is being augmented with electronic information for a user. For example, one or more images of a user in a physical environment may be captured by one or more physical cameras while one or more images of the electronic information may be captured by one or more virtual cameras. However, in many instances, images captured from the physical cameras and/or the virtual cameras may not adequately reflect the augmented reality environment as perceived by a user via, e.g., a mixed reality headset. The inadequacy may be due to factors including differences between the intrinsic and/or extrinsic attributes of the physical and virtual cameras, inadequate synchronization between physical and virtual cameras, occlusion of electronic information by the physical environment, and the like.

""Aspects of the subject technology address such challenges by enabling real-time or near real-time compositing of images from virtual and physical cameras to more accurately portray an augmented reality experience from a third person perspective. In some aspects, the virtual and physical cameras may synchronize information (e.g., extrinsic and/or intrinsic attributes) such that changes in the physical camera (e.g., position or field of view) may similarly be reflected in the virtual camera, and vice versa. In some aspects, the images from the virtual and physical cameras may be associated with depth information to detect occlusion (e.g., by the physical environment) for generating composite images that accurately portray the position of the electronic information in the physical environment. In this manner, virtual camera images may be dynamically generated, accommodating movements of both physical and virtual cameras, and offering a range of perspectives, thus delivering a more precise representation of the user's experience within the enhanced physical environment.

""As discussed herein, a computer-generated reality (CGR) system refers to a system that enables physical and virtual environments to be combined in varying degrees to facilitate interactions from a user in a real-time manner. Such a CGR system, as described herein, therefore can include various possible combinations of physical and virtual environments, including augmented reality that primarily includes physical elements and is closer to a physical environment than a virtual environment (e.g., without physical elements). In this manner, a physical environment can be connected with a virtual environment by the CGR system. A user immersed in an CGR environment can navigate through such an environment and the CGR system can track the user's viewpoint to provide a visualization based on how the user is situated in the environment

""A physical environment refers to a physical world that people can sense and/or interact with without aid of electronic systems. Physical environments, such as a physical park, include physical articles, such as physical trees, physical buildings, and physical people. People can directly sense and/or interact with the physical environment, such as through sight, touch, hearing, taste, and smell.""

The claims supplied by the inventors are:

""1. A method comprising: determining, by a first device, a first position of a physical camera in a physical environment; transmitting, from the first device and to a second device, the first position; obtaining, by the first device, metadata of the physical camera, wherein the metadata comprises one or more intrinsic attributes of the physical camera; causing, by the first device, a modification of a virtual camera of the second device based on the metadata, wherein the causing the modification of the virtual camera comprises causing the virtual camera of the second device to move to a second position in a computer-generated environment that coincides to the first position of the physical camera from a third position corresponding to a first eye of a user of the second device; obtaining, by the first device and from the second device, at least one virtual image frame captured by the virtual camera placed at the second position; obtaining, by the first device and from the physical camera, at least one image frame captured from the physical environment; generating, by the first device, a composite image frame comprising at least a portion of the at least one virtual image frame composited with at least a portion of the at least one image frame; and displaying, by the first device, the composite image frame.

""2. The method of claim 1, further comprising: detecting, by the first device, a change in the metadata of the physical camera; transmitting, from the first device and to the second device, an indication of the change; and obtaining, by the first device and from the second device, another at least one virtual image frame of the computer-generated environment, the other at least one virtual image frame captured by the virtual camera after being modified based on the change in the metadata of the physical camera.

""3. The method of claim 1, further comprising: detecting, by the first device, a change in the first position of the physical camera in the physical environment; transmitting, from the first device and to the second device, an indication of the change; and obtaining, by the first device and from the second device, another at least one virtual image frame of the computer-generated environment, the other at least one virtual image frame captured by the virtual camera after being re-positioned to a fourth position that reflects the change in the first position of the physical camera.

""4. The method of claim 1, further comprising: obtaining, by the first device, metadata of the virtual camera, wherein the metadata comprises one or more intrinsic attributes of the virtual camera; and causing a modification of an attribute of the physical camera based on the metadata of the virtual camera.

""5. The method of claim 1, wherein the one or more intrinsic attributes comprises at least one of focal length, resolution, or bitrate.

""6. The method of claim 1, wherein the first device includes the physical camera.

""7. The method of claim 1, further comprising: determining, by the first device, a first latency between the physical camera and the first device and a second latency between the second device and the first device; and synchronizing, by the first device, the at least one virtual image frame with the at least one image frame based on the first latency and the second latency.

""8. The method of claim 1, wherein generating the composite image frame comprises: segmenting at least part of a subject from the at least one image frame; and compositing the at least part of the subject with the at least one virtual image frame.

""9. The method of claim 1, further comprising: providing, to the user of the second device, one or more virtual images corresponding to another virtual camera placed at a position in the computer-generated environment that corresponds to a second eye of the user.

""10. The method of claim 1, wherein causing the modification of the virtual camera of the second device based on the metadata comprises: transmitting one or more instructions to the second device to modify one or more attributes of the virtual camera such that attributes described by the metadata of the virtual camera align with attributes described by the metadata of the physical camera.

""11. A method comprising: determining, by a first device, a first position of a physical camera relative to a second device in a physical environment; obtaining, by the first device and from the second device, at least one virtual image frame captured by a virtual camera placed at a second position in a computer-generated environment, wherein the second position in the computer-generated environment coincides with the first position in the physical environment; obtaining, by the first device and from the physical camera, at least one image frame captured from the physical environment, the at least one image frame including a subject in the physical environment; determining, by the first device, a third position of the subject in the at least one image frame relative to the first position of the physical camera; obtaining, by the first device and from the second device, a fourth position of a virtual object in the at least one virtual image frame relative to the second position of the virtual camera; determining whether the subject occludes at least a portion of the virtual object based on the third position and the fourth position; generating, by the first device, a composite image frame comprising the subject occluding the at least the portion of the virtual object, in response to determining that the subject occludes at least part of the virtual object; and displaying, by the first device, the composite image frame.

""12. The method of claim 11, wherein the first device includes the physical camera.

""13. The method of claim 11, further comprising: determining, by the first device, a first latency between the physical camera and the first device and a second latency between the second device and the first device; and synchronizing, by the first device, the at least one virtual image frame with the at least one image frame based on the first latency and the second latency.

""14. The method of claim 11, wherein generating the composite image frame comprises: masking the at least the portion of the virtual object from the virtual object prior to generating the composite image frame.

""15. The method of claim 11, wherein determining the third position of the subject in the at least one image frame comprises: obtaining, by the first device, depth information corresponding to the at least one image frame.

""16. The method of claim 15, wherein the depth information is obtained using a depth sensor of the first device.

""17. The method of claim 15, wherein the depth information is derived from the at least one image frame.

""18. The method of claim 11, wherein determining the fourth position of the virtual object in the at least one virtual image frame comprises: obtaining, by the first device and from the second device, depth information corresponding to the at least one virtual image frame.

""19. The method of claim 11, wherein the third position and the fourth position each include depth information.

""20. A first device comprising: a processor configured to: determine, by the first device, a first position of a physical camera in a physical environment; transmit, from the first device and to a second device, the first position; obtain, by the first device, metadata of the physical camera, wherein the metadata comprises one or more intrinsic attributes of the physical camera, wherein the one or more intrinsic attributes comprises at least one of focal length, resolution, or bitrate; cause, by the first device, a modification of a virtual camera of the second device based on the metadata; obtain, by the first device and from the second device, at least one virtual image frame captured by the virtual camera placed at a second position in a computer-generated environment, wherein the second position in the computer-generated environment coincides with the first position in the physical environment; obtain, by the first device and from the physical camera, at least one image frame captured from the physical environment; generate, by the first device, a composite image frame comprising at least a portion of the at least one virtual image frame composited with at least a portion of the at least one image frame; and display, by the first device, the composite image frame.

""21. The first device of claim 20, wherein the processor is further configured to: detect, by the first device, a change in the metadata of the physical camera; transmit, from the first device and to the second device, an indication of the change; and obtain, by the first device and from the second device, another at least one virtual image frame of the computer-generated environment, the other at least one virtual image frame captured by the virtual camera after being modified based on the change in the metadata of the physical camera.""

For the URL and additional information on this patent, see: Brown, Travis W. Compositing of images from virtual and physical cameras. U.S. Patent Number 12646267, filed November 13, 2023, and published online on June 2, 2026. Patent URL (for desktop use only): https://ppubs.uspto.gov/pubwebapp/external.html?q=(12646267)&db=USPAT&type=ids",251c9da1be7f86f886edee5da51ebb55e3f91546ddc683033f5ca633a527a357,ok,,15812,15315,1,week4_lseg_html_v1,True,True
2026-06-23 22:12:29.374,2026-06-23,2026-06-23T00:00:00,2026-06-23T23:59:59,AAPL,AAPL.O,R:AAPL.O and Language:LEN,urn:newsml:newsroom:20260623:nNRA0znvca:0,newsroom,NS:NEWBIZ,NOTHING TECHNOLOGY LIMITED - APPLE INC. AND PEER NEWS: SECTOR AND INDUSTRY UPDATES,,"NEWS BITES - PRIVATE COMPANIES

DASHBOARD: NOTHING

PermID5083853850

Websitein.nothing.tech

IndustryElectronic Equipment and Parts

ACTIVITIES:

Nothing Technology Limited, founded in 2020 by Carl Pei, the co-founder of OnePlus, is a London-based consumer technology company dedicated to innovating in the realms of hardware, software, and services. Its core business activities revolve around the design, development, and distribution of premium consumer electronics that emphasize minimalist aesthetics, seamless user experiences, and sustainable practices. Key product lines include the Nothing Phone series-featuring transparent designs and Glyph Interface for notifications-and the Ear series of true wireless earbuds, complemented by the CMF sub-brand targeting accessible yet stylish accessories like budget smartphones, smartwatches, and audio devices. The company has rapidly expanded into wearables and budget tech segments, with the CMF line emerging as its fastest-growing area, driven by strong global sales, particularly in emerging markets, and positive reception for affordable innovation. As of 2025, Nothing operates in over 50 countries, prioritizing transparency in supply chains and eco-friendly materials to foster long-term customer loyalty and market differentiation.

+ NOTHING [3 News That Matters]

+ NOTHING 4A PRO MAY SWAP GLYPH MATRIX FOR LOW-POWER E-INK DISPLAY

Nothing is proposing an e-ink back display for the 4a Pro, a design shift unveiled on 15th June 2026, intended to increase everyday usefulness rather than rely on flair.

Criticism of the Glyph Matrix has centered on its limited practical value, with the Taweros Reddit post advocating that a low power e-ink panel could provide a secondary screen for alerts and QR codes.

The updated concept would keep the original hardware shell, including the triple camera layout and Snapdragon 7 Gen 4, but replace the visible glyph grid with the e-ink panel.

The e-ink approach would dramatically reduce energy consumption, enabling the panel to display information throughout the day without significantly draining battery life.

There could be pushback from Nothing founder Carl Pei who has positioned the Glyph Matrix as a signature feature, but supporters say the change aligns with Nothing branding while boosting usability.

Industry watchers will be watching whether this concept can translate into a real device, with questions about a potential Nothing 5 and the direction of future devices.

+ NOTHING LEVERAGES EARLY PRIME DAY PRICING ON PHONES AND HEADPHONES

As of 18th June 2026, Nothing is running early Prime Day promotions that center on its latest devices. The Nothing Headphone (a) is now available at its lowest price ever on Amazon, with the white variant at $151.05 and other colors, including yellow, at $159. The headphones normally fetch around $200, and the date-stamped discounts come as part of a broader push toward graduates and fathers shopping for gifts this season.

Similarly, the Nothing Phone (4a) is marked down, including an unlocked 12GB/256GB model priced at $494.99 on Amazon, down from $599, and Best Buy offering the 128GB version for $419.99. These price points represent the lowest observed to date for the Phone (4a) and underscore Nothing's willingness to compete on price as reviews highlight its value in a crowded market.

The discounts coincide with Samsung's own early Prime Day offers, including a $475 reduction on the Galaxy S26 Ultra when bundled with Galaxy Buds 4 Pro. The wave of deals across major brands indicates intense competition ahead of Prime Day and offers consumers a range of options for smartphones and accessories.

Nothing's aggressive pricing strategy could bolster its market position during this seasonal window, as the company leverages Prime Day momentum to attract new customers and reward existing fans with compelling price stamps on both headphones and smartphones.

+ NOTHING UNVEILS EAR (3A) A COLORFUL, WALLET-CONSCIOUS ADDITION

Nothing is gearing up to reveal the Ear (3a), a new entry in its wireless-ear lineup, with information emerging on 18th June 2026. The plan follows the earlier Ear (3) launch this year, which has been praised for its overall performance and solid battery life.

Earlier, Nothing released the Ear (a) in 2024 as a budget-friendly option, priced at $99 and noted for delivering audio quality and battery performance on par with the more premium Ear (3) at a markedly lower cost.

Industry reports suggest the Ear (3a) will arrive in four colors, including black, yellow, and a new pink option, underscoring Nothing's emphasis on personalization. The color strategy mirrors the recent Nothing Headphones (a) rollout, which also targets budget-minded buyers.

Pricing is a standout feature: the Ear (3a) is expected to retail around €99 in France, with US pricing anticipated to be similar, positioning the device roughly $80 below the Nothing Ear (3).

If realized, the Ear (3a) could bolster Nothing's footprint in the growing budget-earbuds market, pairing attractive aesthetics with a price that appeals to cost-conscious consumers while maintaining the brand's signature style.

++++++++++++++++++++++++++++++++++++++++++++++++++++++++++++++++++++++++++++++++++++

+ APPLE [3 News That Matters]

+ APPLE INC. (NASDAQ:AAPL) SETS COURSE TO RESTORE DESIGN AUTHORITY UNDER INCOMING CEO JOHN TERNUS

Apple Inc. (NASDAQ:AAPL) Incoming Chief Executive John Ternus faces an urgent mandate to revive the company's fragmented design culture as he prepares to succeed Tim Cook in Sept. 2026. Cook steps down on Sept. 1, transitioning to Executive Chairman. Ternus, currently Apple Inc.'s Senior Vice President of Hardware Engineering, inherits a company grappling with an internal identity crisis that goes beyond supply chain logistics or near-term revenue growth, centering on restoring a once-renowned design ethos. For more than a decade, Tim Cook's operational acumen has turned Apple into a prolific profit engine, expanding services and wearables. However, this emphasis has reportedly marginalized the industrial design teams that thrived under Steve Jobs and Jony Ive. As the industry shifts toward AI, Ternus must reestablish the prominence of product design, which had become overshadowed by financial and operational priorities. The succession marks the end of extensive speculation about Apple's leadership pipeline. Joining Apple in 2001, the 51-year-old executive has emerged as the likely successor after Jeff Williams began relinquishing responsibilities earlier this year. Ternus has already begun to assert authority by taking direct oversight of Apple Inc.'s industrial design team, a move interpreted as repudiating the prior era in which design was subordinate to operations. The realignment is viewed as a critical step toward mending the cultural rift post-Ive. Apple Inc.'s design supremacy has faced scrutiny since Ive's departure in 2019, with critics pointing to a decline in bold, innovative products and a shift toward incremental updates. Software design has suffered, as iOS becomes more complex and cohesion across macOS and iPadOS wanes. The drive to balance features with intuitive experiences contrasts with the minimalistic philosophy that once propelled Apple to global prominence. As Ternus seeks to restore design authority, he must confront the challenge of integrating artificial intelligence. Apple Inc.'s cautious approach to its Apple Intelligence suite has drawn mixed reactions. The seamless integration of generative AI into user experiences demands design coherence that Apple has yet to achieve. He also faces questions about the future of John Giannandrea, Apple Inc.'s senior vice president of machine learning and AI strategy, as he aligns AI innovations with the standards of a revitalized design organization. The outcome of Ternus's tenure will largely depend on Apple's ability to navigate these complexities and reclaim its legacy of aesthetic innovation.

+ APPLE INC. (NASDAQ:AAPL) SETS SIGHTS ON FOLDABLE IPHONE MARKET WITH FALL 2026 INTRODUCTION

Apple Inc. (NASDAQ:AAPL) Posts limited shipments for its first foldable iPhone, targeting a fall 2026 release, per a supply chain partner as of 22nd June 2026. The partner indicates a September deployment, despite earlier reports suggesting a delay to early 2027. The source maintains the fall 2026 timetable remains the focus. The foldable device marks a strategic entry into a market that has seen rising competition, and the move could reshape consumer expectations and bolster Apple's competitive position. Apple's market capitalization remains approximately $4.38 trillion, and the shares trade around $298.01, about 12.2% above GF Value(TradeMark) of $265.69. The trailing twelve months P/E ratio stands at 36.04x, well above the five-year median of 29.97x, while the GF Score(TradeMark) rates valuation at 6/10. Nearly half of Apple's sales come from flagship stores, with the remainder generated through partnerships and distribution channels. Insider activity shows insiders selling roughly $111.7 million of Apple stock in the period, with no reported insider purchases. Investors will weigh these signals against the potential upside from foldable adoption and the company's ongoing profitability.

+ APPLE INC. (NASDAQ:AAPL) TERNUS SIGNALS PRODUCT-FIRST AI PATH AHEAD OF CEO START

Apple Inc. (NASDAQ:AAPL) is navigating a leadership transition as John Ternus prepares to assume the CEO role on September 1, 2026. Ternus, who has led Hardware Engineering since 2021, outlined a product-centric approach to artificial intelligence in interviews conducted in April 2026.

He argues that technology should enhance the product experience rather than be an end in itself, a stance that positions Apple differently from peers pursuing AI revenue growth.

The March quarter revenue was $111.18 billion, up 17% year over year, with record service revenues alongside strong iPhone sales.

Apple's balance sheet remains robust, supported by a board-approved $100 billion buyback authorization and a 4% dividend increase, giving the incoming leader flexibility to fund product-related features. The period also saw ongoing scrutiny of AI initiatives, including delays to Siri upgrades, while investors await tangible progress around the iOS 27 update and its anticipated AI enhancements.

Industry peers are moving quickly on AI, with Microsoft reporting an AI business run rate around $37 billion and Alphabet highlighting cloud growth in Google Cloud. Investors will be watching Apple for progress that matches the pace of those rival efforts

++++++++++++++++++++++++++++++++++++++++++++++++++++++++++++++++++++++++++++++++++++",417dd6eb26e27f6e80a0373684ac240801a590fdd397d7272df4d720b767b3a8,ok,,11215,10733,0,week4_lseg_html_v1,True,True
2026-06-23 21:07:31.044,2026-06-23,2026-06-23T00:00:00,2026-06-23T23:59:59,AAPL,AAPL.O,R:AAPL.O and Language:LEN,urn:newsml:newsroom:20260623:nNRA0zn1hc:0,newsroom,NS:GLORDP,HUAWEI TECHNOLOGIES CO LTD - APPLE INC. AND PEER NEWS: SECTOR AND INDUSTRY UPDATES,,"DASHBOARD: HUAWEI TECHNOLOGIES CO LTD

ACTIVITIES:

PermID4296309931

Websitehttps://www.huawei.com/en/

IndustryTelecommunications Equipment

AddressBantian Huawei Base Longgang District Shenzhen, 518129 China

Huawei Technologies Co., Ltd. is a leading global provider of information and communications technology (ICT) infrastructure and smart devices, founded in 1987 and headquartered in Shenzhen, China. With approximately 213,000 employees operating in over 170 countries and regions, the company serves more than 3 billion people and is dedicated to building a fully connected, intelligent world through digital innovation. Its core business activities span ICT infrastructure (including networks, 5G/5.5G, and computing), consumer devices (smartphones, wearables, and HarmonyOS ecosystem), cloud computing, digital power solutions, and intelligent automotive solutions. Huawei emphasizes heavy R&D investment-CNY 192.3 billion in 2025 (21.8% of revenue)-driving advancements in AI, connectivity, and sustainable technologies. Fastest-growing segments include Intelligent Automotive Solutions, which surged 72.1% in revenue to CNY 45 billion in 2025, alongside Digital Power (up 12.7%). These areas, together with AI-driven computing initiatives, represent key growth engines amid steady performance in core infrastructure and consumer businesses. In 2025, Huawei reported total revenue of CNY 880.9 billion, underscoring its commitment to quality, ecosystem partnerships, and intelligent transformation across industries.

+ HUAWEI TECHNOLOGIES CO LTD [3 News That Matters]

+ CHINA'S GPU SHIFT GAINS MOMENTUM AS HUAWEI AND CAMBRICON DRIVE DOMESTIC SHARE

Huawei Technologies Co Ltd is at the forefront of a shift in China's domestic GPU market, as local players close the gap with overseas giants such as NVIDIA. On 18 June 2026, reports surfaced that ByteDance is in talks to buy at least 50,000 AI chips from Daysci for inference tasks, underscoring the rising traction of domestic AI infrastructure suppliers.

The move comes as the U.S. restricts some NVIDIA H200 imports under strict conditions and compliance headaches push firms to diversify away from reliance on foreign hardware. ByteDance's growth has accelerated with Doubao, its AI assistant, which reached 345 million monthly active users by March 2026, pushing up demand for chips that can handle both model training and inference.

ByteDance plans a capital expenditure exceeding 200 billion yuan on AI infrastructure in 2026, reflecting the scale of its ambitions and the need to manage costs amid tightening profit margins. Huawei's Ascend chips and Cambricon's high-end training cards are central to ByteDance's sourcing strategy, which now blends domestic and imported options to secure a broader ecosystem.

Beyond ByteDance, the domestic GPU landscape is seeing rapid progress. Biren Technology has earned recognition for matching more than 20 AI systems on the same day, positioning it alongside Huawei and Cambricon in shaping an expanding ecosystem. Enflame Technology and Moore Threads are also stepping up, signaling an industry-wide push to meet the AI sector's growing demands.

With Alibaba, Tencent and others ramping up AI infrastructure, the market is in an arms race. The window for domestic chips may be narrow, as competition and capacity constraints loom. Still, cost advantages and national certification could tilt the balance in favor of domestic players if production scales, enabling Huawei and its peers to reshape the competitive landscape.

+ IMMUNITY MAINTAINED FOR MEPS AS HUAWEI CASE STALLS

On 19th June 2026, the European Parliament upheld the immunity of Maltese MEP Daniel Attard, extending immunity to Bulgarian MEP Nikola Minchev and Italian EPP member Salvatore De Meo, and thereby bringing a Huawei linked bribery probe to a close. The decision followed Belgian prosecutors' concession that several flagged bank transactions were misattributed to Attard, belonging instead to a different Daniel Attard, the mayor of G asri and a practising lawyer.

The revelation significantly undermined the foundation of the police case that had tied Attard to gifts from Huawei in exchange for favourable positions.

The Parliament's committee had previously recommended against waiving immunity, citing a lack of substantial evidence in the police's request.

The case has fueled questions about the relationship between European lawmakers and foreign entities, particularly in debates about 5G security and telecoms policy.

It also underscores the risk that investigations can be swayed by political considerations or corporate interests, with earlier actions such as the lifting of Fulvio Martusciello's immunity illustrating the complex political landscape inside the Parliament.

+ HUAWEI AND STC UNVEIL SUSTAINABLE CLOUD PLATFORM TO CUT ENERGY USE

Saudi telecommunications group stc and Huawei announced the launch of Green Telco Cloud on 17th June 2026, a cloud-based platform intended to enhance service quality while reducing energy use and the physical footprint of network infrastructure. The system is built on Huawei's cloud-native architecture, integrating energy-efficient servers with dynamic power management and adaptive CPU scaling to enable more efficient operation across the network.

A centralized management dashboard provides full-stack telemetry, carbon impact analytics, and automated shutdowns of idle resources, enabling operators to consolidate network functions on a single intelligent platform for faster service delivery and lower emissions. The concept aligns with next-generation technologies such as 5G-A, as stc aims to capture gains in efficiency and sustainability across its rollout.

In comments, stc Infrastructure VP Bader A. Allhieb said the project represents a shift in how networks are designed for long-term impact, embedding sustainability into core operations to support growth and customers, while Huawei's Linwei, president of the Intelligent Telco Cloud, highlighted the drive toward low-carbon ICT transformation.

++++++++++++++++++++++++++++++++++++++++++++++++++++++++++++++++++++++++++++++++++++

+ APPLE [3 News That Matters]

+ APPLE INC. (NASDAQ:AAPL) SETS SIGHTS ON FOLDABLE IPHONE MARKET WITH FALL 2026 INTRODUCTION

Apple Inc. (NASDAQ:AAPL) Posts limited shipments for its first foldable iPhone, targeting a fall 2026 release, per a supply chain partner as of 22nd June 2026. The partner indicates a September deployment, despite earlier reports suggesting a delay to early 2027. The source maintains the fall 2026 timetable remains the focus. The foldable device marks a strategic entry into a market that has seen rising competition, and the move could reshape consumer expectations and bolster Apple's competitive position. Apple's market capitalization remains approximately $4.38 trillion, and the shares trade around $298.01, about 12.2% above GF Value(TradeMark) of $265.69. The trailing twelve months P/E ratio stands at 36.04x, well above the five-year median of 29.97x, while the GF Score(TradeMark) rates valuation at 6/10. Nearly half of Apple's sales come from flagship stores, with the remainder generated through partnerships and distribution channels. Insider activity shows insiders selling roughly $111.7 million of Apple stock in the period, with no reported insider purchases. Investors will weigh these signals against the potential upside from foldable adoption and the company's ongoing profitability.

+ APPLE INC. (NASDAQ:AAPL) SETS COURSE TO RESTORE DESIGN AUTHORITY UNDER INCOMING CEO JOHN TERNUS

Apple Inc. (NASDAQ:AAPL) Incoming Chief Executive John Ternus faces an urgent mandate to revive the company's fragmented design culture as he prepares to succeed Tim Cook in Sept. 2026. Cook steps down on Sept. 1, transitioning to Executive Chairman. Ternus, currently Apple Inc.'s Senior Vice President of Hardware Engineering, inherits a company grappling with an internal identity crisis that goes beyond supply chain logistics or near-term revenue growth, centering on restoring a once-renowned design ethos. For more than a decade, Tim Cook's operational acumen has turned Apple into a prolific profit engine, expanding services and wearables. However, this emphasis has reportedly marginalized the industrial design teams that thrived under Steve Jobs and Jony Ive. As the industry shifts toward AI, Ternus must reestablish the prominence of product design, which had become overshadowed by financial and operational priorities. The succession marks the end of extensive speculation about Apple's leadership pipeline. Joining Apple in 2001, the 51-year-old executive has emerged as the likely successor after Jeff Williams began relinquishing responsibilities earlier this year. Ternus has already begun to assert authority by taking direct oversight of Apple Inc.'s industrial design team, a move interpreted as repudiating the prior era in which design was subordinate to operations. The realignment is viewed as a critical step toward mending the cultural rift post-Ive. Apple Inc.'s design supremacy has faced scrutiny since Ive's departure in 2019, with critics pointing to a decline in bold, innovative products and a shift toward incremental updates. Software design has suffered, as iOS becomes more complex and cohesion across macOS and iPadOS wanes. The drive to balance features with intuitive experiences contrasts with the minimalistic philosophy that once propelled Apple to global prominence. As Ternus seeks to restore design authority, he must confront the challenge of integrating artificial intelligence. Apple Inc.'s cautious approach to its Apple Intelligence suite has drawn mixed reactions. The seamless integration of generative AI into user experiences demands design coherence that Apple has yet to achieve. He also faces questions about the future of John Giannandrea, Apple Inc.'s senior vice president of machine learning and AI strategy, as he aligns AI innovations with the standards of a revitalized design organization. The outcome of Ternus's tenure will largely depend on Apple's ability to navigate these complexities and reclaim its legacy of aesthetic innovation.

+ APPLE INC. (NASDAQ:AAPL) TERNUS SIGNALS PRODUCT-FIRST AI PATH AHEAD OF CEO START

Apple Inc. (NASDAQ:AAPL) is navigating a leadership transition as John Ternus prepares to assume the CEO role on September 1, 2026. Ternus, who has led Hardware Engineering since 2021, outlined a product-centric approach to artificial intelligence in interviews conducted in April 2026.

He argues that technology should enhance the product experience rather than be an end in itself, a stance that positions Apple differently from peers pursuing AI revenue growth.

The March quarter revenue was $111.18 billion, up 17% year over year, with record service revenues alongside strong iPhone sales.

Apple's balance sheet remains robust, supported by a board-approved $100 billion buyback authorization and a 4% dividend increase, giving the incoming leader flexibility to fund product-related features. The period also saw ongoing scrutiny of AI initiatives, including delays to Siri upgrades, while investors await tangible progress around the iOS 27 update and its anticipated AI enhancements.

Industry peers are moving quickly on AI, with Microsoft reporting an AI business run rate around $37 billion and Alphabet highlighting cloud growth in Google Cloud. Investors will be watching Apple for progress that matches the pace of those rival efforts

++++++++++++++++++++++++++++++++++++++++++++++++++++++++++++++++++++++++++++++++++++

+ CISCO [3 News That Matters]

+ CISCO SYSTEMS, INC. (NASDAQ:CSCO) SETS COURSE FOR ZERO TRUST AND CLOUD NATIVE SSE TO STRENGTHEN SECURITY

Cisco Systems, Inc. (NASDAQ:CSCO) On June 21, 2026, Cisco IT detailed how its SSE deployment reshapes security for a distributed workforce. By consolidating more than 20 legacy VPNs and modernizing VPN services, Cisco reduced operational complexity and improved user experiences as AI adoption accelerated. The effort produced measurable results, including an 18% decline in help desk cases and security incident rates driven toward near zero. The move marks the evolution from a hardware-heavy setup to a cloud-delivered, software-defined SSE fabric designed to scale with AI workloads. The transition extends Cisco's Zero Trust Access journey, emphasizing a unified service rather than fragmented tooling.

+ CISCO SYSTEMS, INC. (NASDAQ:CSCO) INTEGRATES THOUSANDEYES TO DELIVER REAL-TIME INTERNET TELEMETRY ACROSS CLOUD APPS

Cisco Systems, Inc. (NASDAQ:CSCO) Integrates ThousandEyes to Deliver Real-Time Internet Telemetry Across Cloud Apps, strengthening visibility into SaaS and cloud connections. The service measures every hop between users and applications to help IT teams optimize performance during peak hours. On 19th June 2026, Cisco emphasized that even a single slow link can incur meaningful financial losses for organizations. ThousandEyes functions as an MRI scanner for internet routes, evaluating whether platforms such as Microsoft 365 and Salesforce operate smoothly. Cisco deploys small software agents that observe each connection point, enabling IT teams to trace delays through corporate LANs and ISPs rather than attributing issues to generic internet problems. These agents generate synthetic traffic that tests latency, packet loss, and DNS lookups, feeding results into a comprehensive dashboard that IT staff can monitor in real time. The approach helps enterprises diagnose issues across locally managed networks and external edges without shifting blame among teams. In SaaS environments, ThousandEyes measures performance across networks the enterprise does not own, identifying bottlenecks in local Wi Fi, ISP links, or cloud provider edges. The transparency supports faster issue resolution and adds accountability for service levels across vendors and networks. Cisco has embedded ThousandEyes into its portfolio as a cloud-based subscription, complementary to its routers and SD WAN offerings. Customers activate ThousandEyes agents via software licenses rather than adding hardware, simplifying management across multiple sites while expanding monitoring for dozens of applications. The arrangement aligns with Cisco's strategy to grow recurring software revenue alongside traditional hardware sales, targeting medium and large enterprises reliant on SaaS and cloud services.

+ CISCO SYSTEMS, INC. (NASDAQ:CSCO) DETAILS INITIATIVES TO STRENGTHEN CISCONIANS EXPERIENCE AND DEVELOPMENT

Cisco Systems, Inc. (NASDAQ:CSCO) posts its FY25 Purpose Report, dated June 19, 2026, outlining a continued focus on an inclusive and empowering employee experience. The report reaffirms Cisconians as central to the culture and presents Guiding Principles co created with input from the workforce and leadership. It details weekly check-ins, quarterly engagement pulses, and bi annual performance discussions to strengthen communication and accountability between staff and managers. On professional development, 89% of employees participate in offerings, with AI-focused training programs gaining momentum. Well-being remains a priority, with mental health initiatives including access to the Calm app and an expanded Well-Being Ambassador program. Cisco introduces an AI-powered assistant, Ask P&C, to streamline HR inquiries and improve employee satisfaction

++++++++++++++++++++++++++++++++++++++++++++++++++++++++++++++++++++++++++++++++++++",25e0bf31299a17871901e6672da7556877cb724a10a93452e4109f44f376bfc7,ok,,16077,15536,0,week4_lseg_html_v1,True,True
2026-06-23 20:53:00.231,2026-06-23,2026-06-23T00:00:00,2026-06-23T23:59:59,AAPL,AAPL.O,R:AAPL.O and Language:LEN,urn:newsml:newsroom:20260623:nNRA0zmx85:0,newsroom,NS:NEWUSN,Apple Inc. top gainer in Fund Evaluation Group jumps 17.8% in 83 days; -$2.58 [-0.9%],,"NASDAQ END-OF-DAY STOCK REPORT

CUPERTINO, Tuesday, June 23 2026 - Apple Inc.'s (NASDAQ: AAPL $294.43) stock price is the top gainer, [ranked 1 out of 2] by % price gain, as per disclosure by Fund Evaluation Group to the SEC of their holdings as at Mar 31, 2026. It is assumed there has been no significant change in the holdings since that date.

AAPL has jumped $40.87 (or 17.8%) from $253.56 as at Mar 31 to $294.43 as at today's close. Market Capitalization has soared by $658.9 billion from $3,725.9 billion to $4,384.8 billion in the past 83 days since Mar 31.

APPLE INC. (AAPL) Stock Dashboard [traded in US Dollars, USD] End-of-Day Tue, Jun 23

http://www.apple.com

Last$294.43

52-Week Price Range$198.47 - $317.40

Ave Daily Volume39,777,447 shares

Today's Volume [VI]37,034,674 [0.9]

Market Cap$4,322.5 billion

ExchangeNASDAQ [BATS, NSX, NYSE ARCA, Nasdaq]

P/E35.5

EPS (FY2025)$7.49

EPS Growth (Q2 2026 vs Q1 2026)-29.1%

Shares Outstanding14,681,000,000

AAPL in IndicesNASDAQ-100 [of 100 stocks]

Dividend Yield % (TTM)0.36%

DPS (past 12 months)$1.02 or 102c

SectorTechnology [Rank by MCap 1 of 217 stocks]

PV$1000 (1 yr) and TRS$1,473; 46.7%

A year ago the Apple Inc. share price was $200.70. $1,000 would have bought 5 Apple Inc. shares on that day. Those 5 Shares would be worth $1,467 at today's share price of $294.43. PV$1000= $1,467.

Primary Exchange and Other Listings: Trading Currency and Volume

ExchangeTickerCurrencyLastADVTVol % of TotalToday's VI

NasdaqAAPLUSD294.4340,999,83299.90.9

XetraAPCEUR262.2539,6560.11

Total100.00

1 USD= 0.8747 EUR

Past quarter momentum up: Apple Inc. soars 17% on below average volume 0.8 times average.

Past month toHighLowVWAPVolume Index *

23 Jun 2026317.40287.38302.371.0

22 May 2026311.40264.83287.070.8

23 Apr 2026275.52270.98259.340.7

[*Volume Index of 1.0 means volume for the month was 1.0 times its 12-month average]

[VWAP is defined as the Volume Weighted Average Price; High Low prices and VWAP are shown in USD]

Stock Buzz

Other Publishers Buzz in the past week

JunHeadlinePublisher

Tue 23Jim Cramer Discusses President Trump s Big Announcement For Apple (AAPL)Insider Monkey

Mon 22Why Apple (AAPL) Is Tying Its AI Comeback to Devices, Services, and SiriYahoo Finance

Thu 18Intel Stock Rockets on Apple PartnershipThe Wall Street Journal

Wed 17Prediction: Apple Stock Will Go On a Bull Run in the Second Half of 2026AOL

Analyst Recommendations: Past 46 days

2026BrokerageCurrent RatingPrev TargetPrice Target

Jun 09Maxim GroupBuy310350

Jun 09Morgan StanleyOverweight330360

Jun 09TD CowenBuy335350

May 26Bank of AmericaBuy330380

May 08WedbushOutperform350400

Since December 29, Apple Inc. has had forty-nine analyst rating changes with thirty-seven being upgrades. Apple Inc. is up 7.8% since December 29.

INDEX

SECTION 1 RECENT NEWS AND RESEARCH

SECTION 2 THE PAST YEAR: PRESS RELEASES

SECTION 3 THE PAST QUARTER: X POSTS BY TIM COOK, CEO

SECTION 4 APPLE INC. 10-Q: 12 CONSEQUENTIAL MANAGEMENT DECISIONS

SECTION 5 INSTITUTIONAL OWNERSHIP UPDATED AFTER LAST SEC FILING Q1/2026 REPORTED ON MAY 18

SECTION 6 TODAY'S BULLISH SIGNALS

SECTION 7 ONGOING BULLISH PARAMETERS

SECTION 8 TODAY'S BEARISH SIGNALS

SECTION 9 ONGOING BEARISH PARAMETERS

SECTION 10 CORPORATE PROFILE AND INDEPENDENT RATINGS

SECTION 11 FINANCIALS FY 2025

SECTION 12 TAX & DIVIDEND

SECTION 13 TOP MANAGEMENT AND BOARD OF DIRECTORS

Read more...

ANNEXURE

APPENDIX I DATA & ARCHIVE DOWNLOAD CENTER

APPENDIX II STOCK IDENTIFIERS

GLOSSARY

SECTION 1 RECENT NEWS AND RESEARCH

Apple Inc. (NASDAQ:AAPL) stands as a global leader in technology innovation, driving its ecosystem through the iPhone, MacBook, and Apple Watch product lines. Core offerings such as the iPhone 18 Pro and affordable MacBook Neo highlight Apple's commitment to sleek design and robust performance. The imminent launch of the foldable iPhone signifies the company's strategic push into advanced mobility devices. Innovations like Apple Arcade and the Safari Technology Preview enable richer user experiences, while initiatives in Taiwan chips assembly bolster supply chain resilience. Apple's stronghold in AI, software, and its recycling program underpin its long-term competitive edge and sustainability efforts.

Source: Nasdaq Stock Exchange: https://www.nasdaq.com/market-activity/stocks/AAPL, company (Apple Inc.), Ticker(AAPL)

Financial News

Quarterly Report (Q2/2026):

Release Date: May 06, 2026

Quarterly Report Analysis Quarter ending 31 March 2026: Apple reports 30% sequential fall in Quarterly Net Profit

Apple (NASDAQ:AAPL), announced net profit of $29.6b for the quarter-ended 31 March 2026 [Q2/2026], down 30% from the previous quarter [Q1/2026] and down 52% from the year-earlier period [Q2/2025]. Earnings per share (EPS) were down 29.1% sequentially from $2.85 in Q1/2026 to $2.02 in Q2/2026.

Quarterly Report (Quarter ending 31 Mar 2026)

Quarter-ended31 Mar 202627 Dec 202527 Sep 2025

EPS, $2.02.91.9

Sequential growth in EPS %-295418

Revenue, $ billion111144102

Sequential growth in Revenue %-22.740.39.0

Net Profit, $ billion29.642.127.5

Sequential growth in Net Profit %-29.75317.2

Compared with the Previous Corresponding Period [PCP; Q2/2025], year-over-year [y.o.y.] EPS was down 50.2%, Revenue was down 49.4% and Net Profit was down 51.6%.

Quarter-ended31 Mar 202631 Mar 2025

EPS, $2.01.6

PCP growth in EPS %-507.8

Revenue, $ billion11195.4

PCP growth in Revenue %-49.45.1

Net Profit, $ billion29.624.8

PCP growth in Net Profit %-524.8

VI* Volume Index = Number of shares traded today/Average number of shares traded per day.

Source: Nasdaq Stock Exchange: https://www.nasdaq.com/market-activity/stocks/AAPL, company (Apple Inc.), Ticker(AAPL)

SECTION 2 THE PAST YEAR: PRESS RELEASES

2.1 Press Releases and Corporate Wire

Press Release article 1 of 14, Source: Apple, 321 words

June 18: Apple announces changes to iOS in Brazil

Apple today announced changes impacting iOS apps in Brazil that reflect a recent agreement with Brazils competition regulator, the Conselho Administrativo de Defesa Economica (CADE). These updates create new options for developers to distribute apps on alternative app marketplaces and to process app payments for digital goods and services outside of Apple In-App Purchase. Across these changes, Apple has worked to reduce the new privacy and security risks they create to provide users in Brazil the best and safest experience possible.

The new options for alternative app marketplaces and app payments open new avenues for malware, fraud, scams, and privacy and security risks. Apple has worked with the Brazilian regulator to introduce protections from these new threats including important safeguards for younger users. These protections include Notarization for iOS apps, an authorization process for app marketplaces, and requirements that help protect children from inappropriate content and scams.

While these safeguards do not eliminate the new risks, they are essential to Apples work to ensure iOS remains the best, most secure mobile platform available in Brazil. Apple will continue to engage with regulators on strengthening protections for iOS users.

Developers can learn about the new capabilities on the Apple Developer Support page and can integrate them into their apps beginning today as part of iOS 26.5.

New Options for Developers to Distribute Apps on iOS in Brazil

The App Store where every app is reviewed to meet a high bar for privacy and security remains the best place for iOS users in Brazil to discover and download the apps they love. This includes App Store features that protect users against fraud and scams and empower parents to help ensure their kids have age-appropriate experiences.

Under the agreement with CADE, developers will also have the option to distribute iOS apps in Brazil using alternative app marketplaces other than the App Store.

Press Release article 2 of 14, Source: Apple, 297 words

June 18: Apple TVs new comedy series Brothers, starring Matthew McConaughey and Woody Harrelson, to make global debut on Wednesday, September 23

Today, Apple TV announced that its new eight-episode comedy, Brothers, will make its global debut on Wednesday, September 23 with the first two episodes, followed by one new episode every Wednesday through November 4, 2026. Starring and executive produced by Academy Award winner Matthew McConaughey and Academy Award nominee Woody Harrelson, and produced by Paramount Television Studios, Brothers is showrun and executive produced by multi-Emmy Award nominee and Peabody Award winner Lee Eisenberg.

Brothers follows McConaughey and Harrelson, who play fictionalized versions of themselves, and whose lifelong friendship is thrown into chaos when they uncover a decades-old secret: they might actually be brothers. After Woodys daughters wedding falls apart, he loads up the family and heads to Austin for an extended stay at Matthews ranch. But what begins as a healing getaway quickly spirals when Matthews mother, Ma Mac (played by Holland Taylor), accidentally lets slip a long-buried secret that the two friends might actually be brothers. As Woody turns the ranch upside down in pursuit of the truth, Matthew finds himself juggling an entirely different identity crisis: a potential run for Governor of Texas. The result is a heartfelt, chaotic and wildly funny story about friendship, family, fame and the messy line between myth and reality.

The ensemble cast starring alongside Harrelson and McConaughey includes Natalie Martinez, Brittany Ishibashi, Nolan Almeida, Ella Grace Helton, Noah Carganilla, Highdee Kuan, Oona Yaffe and Holland Taylor.

Brothers is produced for Apple TV by Paramount Television Studios. Eisenberg, McConaughey and Harrelson executive produce alongside Natalie Sandy, David West Read, Trish Hofmann, Bill Bost, Jason Winer, David Finkel, Brett Baer and Jeremy Plager.

Press Release article 3 of 14, Source: Apple TV, 330 words

June 16: Apple TV announces fourth season for EmmyAward-nominated travel series The Reluctant Traveler With Eugene Levy

Today, Apple TV announced a fourth season renewal for the multi-Emmy Award-nominated travel series The Reluctant Traveler With Eugene Levy, hosted and executive produced by Emmy Award winner Eugene Levy (Schitts Creek). The new eight-episode season will follow Levy as he attempts to up the ante by saying yes to the kinds of travel experiences hes spent a lifetime carefully avoiding, even in previous seasons. Saying no used to be his happy place, but after three seasons on the road, hes discovered he may be more adventurous than he ever thought possible. This season, he pushes himself even further by embracing unfamiliar experiences, unexpected challenges and the kinds of adventures he once would have instantly and instinctively turned down.

After three seasons on the show I have just about accepted, albeit begrudgingly, that saying yes to new experiences is not necessarily a bad thing for me, said Eugene Levy. So, Ive committed to saying yes a little more often this season. Its a strategy Im approaching with considerable caution.

Since its debut, The Reluctant Traveler With Eugene Levy has received broad acclaim from critics and fans around the world. Hailed as dazzling, delightful and gorgeously filmed and perhaps the perfect blend of travel documentary and pure comedy, the series features host Levy as an absolute delight to watch and endlessly entertaining. Season three highlights included an episode with Prince William that became a global sensation, as headlines applauded the royal as youve never seen him, with an extraordinary set of revelations in a rare and very personal and emotional conversation with Levy, speaking as both heir to the throne and a father determined to do things differently. The third season also featured Grammy Award-winning superstar Michael Buble and adventures with Levys daughter, Sarah, with more very special guests to come in season four.

Press Release article 4 of 14, Source: Apple TV, 358 words

June 11: Apple TV unveils first look at season six of Emmy and BAFTA Award-winning espionage drama Slow Horses, starring Academy Award winner Sir Gary Oldman

Today, Apple TV revealed a first look at season six of Slow Horses, the Emmy Award and BAFTA TV Award-winning spy drama starring Academy Award winner Sir Gary Oldman, who has been honored with Golden Globe, Emmy Award, Actor Award and BAFTA TV Award nominations for his outstanding performance in the series. The highly anticipated six-episode sixth season will premiere globally on Wednesday, September 16, 2026 with the first episode, followed by one episode weekly until October 21, 2026.

Slow Horses is a darkly humorous espionage drama that follows a dysfunctional team of British intelligence agents who serve in a dumping ground department of MI5 known unaffectionately as Slough House. Oldman stars as Jackson Lamb, the brilliant but cantankerous leader of the spies who end up in Slough House due to their career-ending mistakes and who frequently find themselves blundering around the smoke and mirrors of the espionage world.

Season six sees the Slow Horses on the run as Diana Taverner embroils them all in a fatally high-stakes game of retaliation and revenge.

The ensemble cast includes Academy Award nominee Kristin Scott Thomas, Emmy Award nominee Jack Lowden, Saskia Reeves, BAFTA TV Award nominee Christopher Chung, Aimee-Ffion Edwards, Rosalind Eleazar, Joanna Scanlan, BAFTA Award nominee Samuel West, Ruth Bradley, Tom Brooke, Academy Award nominee Jonathan Pryce and Hugo Weaving, alongside new addition, BAFTA TV Award winner Lenny Rush.

Slow Horses has been celebrated as undoubtedly the best spy series on television, a truly epic espionage thriller that is utterly brilliant and just so damn good. All five seasons of Slow Horses hold a Certified Fresh score, with two seasons receiving a rare, perfect 100 percent critics score on Rotten Tomatoes, and the series continues to receive global accolades from critics and fans alike.

The series is produced for Apple TV by See-Saw Films, with Jamie Laurenson, Hakan Kousetta, Julian Stevens, Iain Canning, Emile Sherman, Adam Randall, Gail Mutrux, Douglas Urbanski and Oldman serving as executive producers.

Press Release article 5 of 14, Source: Apple, 341 words

June 11: Due to DMA, Siri AI delayed in EU for iOS 27 and iPadOS 27

Apple today introduced Siri AI, an entirely new version of Siri, powered by Apple Intelligence. Unfortunately, due to the Digital Markets Act (DMA), Apple will not be able to ship Siri AI in the European Union with the release of iOS 27 and iPadOS 27. Over the past several months, EU regulators did not accept any of Apples proposed solutions to bring Siri AI to the EU while safely supporting other virtual assistants.

Were deeply disappointed that our EU users wont have Siri AI on iPhone or iPad when we share our new software releases later this year, said Craig Federighi, Apples senior vice president of Software Engineering. Our hope is to eventually bring Siri AI to the EU, and we will continue to engage with EU regulators on a path forward. However, their refusal to engage constructively on solutions that preserve privacy and security means we do not currently have a timeline for Siri AIs availability on iOS and iPadOS in the EU.

When iOS 27 and iPadOS 27 launch later this year, users in the EU 1 will not have access to Siri AI and its advanced capabilities including the new dedicated app to revisit conversations, an expanded Visual Intelligence experience, integrated tools for writing, Siri mode in Camera on iOS, and other Siri AI capabilities announced at WWDC26. Because Siri AI on watchOS 27 requires a paired iPhone with Siri AI, EU users will not have access to Siri AI on watchOS 27.

EU users will be able to access Siri AI on macOS 27 and visionOS 27. Developers located in the EU will not be able to test or use the new Siri AI features for their apps on iOS 27, iPadOS 27, and watchOS 27.

Siri AI is private by design and deeply integrated across Apples platforms using on-device processing and Private Cloud Compute, which extends the privacy and security of iPhone into the cloud.

Press Release article 6 of 14, Source: Apple TV, 319 words

June 10: Apple TV debuts heartwarming trailer for fifth season of critically acclaimed comedy Trying starring Rafe Spall and Esther Smith

Today, Apple TV unveiled the trailer for the fifth season of acclaimed comedy series Trying, starring and executive produced by BAFTA Award nominee Esther Smith and Actor Award nominee Rafe Spall. The eight-episode comedy will make its global return to Apple TV with its first episode on Wednesday, July 8, followed by one episode weekly through Wednesday, August 26.

Season five finds Nikki (Smith) and Jason (Spall) dealing with the consequences of Princess (Scarlett Rayner) and Tylers (Cooper Turner) biological mother, Kat (Charlotte Riley), turning up at their doorstep, and the whirlwind of chaos she brings into their settled family life.

The ensemble cast also includes BAFTA Award winner Darren Boyd (Down Cemetery Road), BAFTA Award nominee Sian Brooke (Blue Lights), Actor Award nominee Celia Imrie (The Thursday Murder Club), BAFTA Award nominee Phil Davis (Harry Potter and the Half-Blood Prince), BAFTA Award winner Gbemisola Ikumelo (Black Ops) and Actor Award nominee Colin Morgan (Belfast).

Since its global debut, Trying has been hailed as a feel-good, poignant and addictive comedy that is one of Apple TVs sweetest treats. The series has achieved a 96 percent critics score on Rotten Tomatoes, as fans applaud standout performers, brilliant details and the heartwarming, critically acclaimed series that provides refreshing journeys we dont often see on television.

Trying is created, written and executive produced by Andy Wolton, and executive produced by BAFTA Award nominees Josh Cole and Sam Pinnell alongside International Emmy Award winner Chris Sussman, Smith and Spall. The series is produced by BBC Studios.

This seasons soundtrack is helmed by Ivor Novello Award-winning Dublin-born artist and producer Orla Gartland, with original songs set to debut each episode. Gartlands upcoming new single, At The End Of The Day, is also featured in the season five trailer.

Press Release article 7 of 14, Source: Apple, 374 words

June 10: Apple introduces innovative features and intelligence experiences across services

With the 2027 software releases coming this fall, Apple is bringing powerful new features to services users. New offerings include improved Flyover views and Local Lists in Apple Maps, flexible sharing options in Find My, the ability to use Visual Intelligence to split bills with Apple Cash, video podcast support across Mac and tvOS, revamped Shared Albums in iCloud, and a new program for Apple Fitness+.

Were excited to bring powerful new features and intelligence to hundreds of millions of users across Apple services, making their experiences even more useful and fun, said Eddy Cue, Apples senior vice president of Services. From new exploration tools with Flyover and Local Lists in Maps, to more convenient ways to pay and get paid in Apple Wallet, to the continued expansion of video podcasts in Apple Podcasts on Mac and in tvOS, and so much more these updates reflect our commitment to creating experiences that truly make a difference in peoples lives.

Apple Maps Introduces Enhanced Flyover and Local Lists

Apple Maps brings an enhanced Flyover experience, which combines aerial imagery with AI to enable users to view imagery in stunning detail for select cities around the world like never before. Whether scouting a location before a trip or simply exploring a city from a new perspective, the enhanced experience gives users a sharper and more lifelike glimpse into destinations across the globe.

With Local Lists, Apple Maps users in the U.S. can find the perfect spot for meeting friends, dining, and more. Using intelligent insights from whats trending, Maps surfaces locally relevant collections of places from trending restaurants to great spots to take kids so its easy for users to find what they are looking for. All insights are derived with privacy in mind and never tied to individual users.

Find My Gets Flexible Sharing Options and a Consolidated watchOS App

Coming this fall, users will have more control over how they share their location with friends and family using Find My, with new options to share for a custom duration either for a number of minutes, hours, or days or even set a date and time for when sharing will stop.

Press Release article 8 of 14, Source: Apple Intelligence, 332 words

June 09: Apple Intelligence brings powerful AI capabilities into everyday experiences

Apple today introduced the next generation of Apple Intelligence, powered by a bold new architecture that integrates the latest Apple Foundation Models deep into Apples platforms and is uniquely designed to protect users privacy. This makes the apps and experiences users rely on every day across iPhone, iPad, Mac, Apple Watch, AirPods, and Apple Vision Pro more personal and helpful than ever. Apps become smarter and more useful with powerful editing capabilities in Photos, intelligent tools to tailor browsing in Safari, the ability to upgrade security protections with Passwords, an all-new Image Playground that creates photorealistic imagery, and more. Across many of these features, users have the ability to simply describe what theyre looking for, so they can do the things that matter most to them even more easily. These features are available for developer testing starting today, and will be available to users this fall.

At Apple, our mission has always been to turn the potential of advanced technology into helpful and intuitive products for everyone, and that has never been more important than today, said Craig Federighi, Apples senior vice president of Software Engineering. Truly helpful AI must be centered on our users needs, deeply integrated into the products they rely on every day, grounded in personal context, and built with privacy at every step. That is our vision for Apple Intelligence. With useful features for browsing the web, expressing creativity, editing photos, and so much more, today marks a big step forward on our journey to integrate powerful AI into the core of our platforms and make our products even more personal and useful.

The next generation of Apple Intelligence also helps power Siri AI, an entirely new version of Siri.1 Siri AI is a profoundly more personal, capable, and conversational assistant that also offers a new dedicated app, along with integrated tools for writing and Visual Intelligence across platforms.

Press Release article 9 of 14, Source: Attention campers! Apple TV, 358 words

June 09: Attention campers! Apple TV debuts delightful trailer for Camp Snoopy season two, premiering globally Friday, June 26

Today, Apple TV unveiled the trailer for season two of Camp Snoopy, premiering globally on Friday, June 26. In season two, Snoopy and the Beagle Scouts are looking forward to carefree time in the majestic landscape of Camp Spring Lake. Along with Charlie Brown and the rest of the Peanuts gang, join Snoopy and the birds as they hike, swim and leap their way through another round of fun and adventure in the Great Outdoors, searching for the elusive hedge toad, building towering sandcastles and debating the merits of hot dogs versus hamburgers.

Produced for Apple TV by Peanuts and WildBrain, the series is based on the Peanuts comic strip by Charles M. Schulz and is directed by Rob Boutilier. Executive producers are Paige Braddock, Chris Bracco, Boutilier, Josh Scherba, Stephanie Betts and Logan McPherson.

Apple TV is the exclusive streaming home for all things Peanuts, including the classic Peanuts library, as well as more new original Peanuts series and specials, through an expanded partnership with WildBrain, Peanuts Worldwide and Lee Mendelson Film Productions until 2030. Apple has been home to the Peanuts classic library since 2020, alongside multiple original programming collaborations starting in 2018, and is currently in production with WildBrain and Peanuts on a brand-new animated feature film starring Snoopy, Charlie Brown and the Peanuts gang. In the upcoming feature Snoopy Unleashed, Snoopy runs away from home, and Charlie Brown and the Peanuts gang go on an emotional journey to the vibrant Big City as they search for Snoopy and discover that real friendship means loving each other just as they are.

Apple TVs award-winning original Peanuts series also include the Emmy and Annie Award-nominated Snoopy in Space and The Snoopy Show as well as new original specials under the Snoopy Presents banner including Emmy Award-nominated programs Its the Small Things, Charlie Brown, Lucys School, To Mom (and Dad), With Love, One-of-a-Kind Marcie, Welcome Home, Franklin, the Annie Award-nominated For Auld Lang Syne and A Summer Musical.

Press Release article 10 of 14, Source: Apple, 326 words

June 08: Apple expands App Store capabilities to help developers grow their businesses and reach new users

Apple continuously invests in new features and services to help developers succeed and users discover their next favorite app. New App Store capabilities rolling out this year will give developers more flexibility to market their apps, acquire new users, and offer brand-new business models for Apple In-App Purchase.

New Ways to Market Apps and Games

This year, developers will have more ways to showcase their apps on the App Store with Creative Assets, rich images and videos that appear in the product page header and search results. In addition to standard screenshots and previews, these assets can be used to highlight a brand, promote seasonal offerings, or showcase new content. They also work with custom product pages and product page optimization, so developers can test and learn what resonates best. App Store Connect also supports a product page preview so developers can see how their Creative Assets, descriptions, and screenshots appear on iPhone and iPad across languages, in Dark Mode, and in portrait or landscape.

The new Asset Library helps developers move faster across marketing workflows, with one place in App Store Connect to manage all Creative Assets, app preview videos, and screenshots. Developers can reuse assets across custom product pages and In-App Events, eliminating redundant uploads and streamlining their promotional campaigns across the App Store. Developers can also submit assets for App Review approval independent of an app update, ideal for rolling out seasonal imagery or coordinating with an Apple Ads campaign without delay.

Enhanced Discovery and Engagement

To complement these new marketing capabilities, the App Store is getting new ways to connect users with experiences they are looking for. To help more people find apps and games they will love, the App Store will introduce new Personalized Collections based on user interests, along with App Notes that explain why specific apps are recommended.

Press Release article 11 of 14, Source: Apple s Schmigadoon! , 317 words

June 08: Apples Schmigadoon! wins Best Musical at the 79th Annual Tony Awards

Tonight, Apple is honored with its first-ever Tony Award wins, including Best Musical, Best Original Score, Best Book of a Musical and Best Orchestrations for Schmigadoon!, co-produced by Apple TV and inspired by the Apple TV series of the same name. With these wins, Apple TV has earned multiple Emmy Awards, a Grammy, Oscars and Tony Awards just six and a half years after its launch.

Since its global debut, Apple Original series Schmigadoon! has been recognized with an Emmy Award, an AFI Award TV Program of the Year honor, a Dorian TV Award and a ReFrame Stamp Award. The series has also earned nominations from the Critics Choice Awards, Grammy Awards, Art Directors Guild Awards, American Society of Cinematographers Awards, Motion Picture Sound Editors Awards, Imagen Awards and many more. In addition to this evenings Tony Awards for Schmigadoon!, the musical has also been honored with wins from the Drama Desk Awards, the Outer Critics Circle Awards and the Chita Rivera Awards, as well as with nominations from the Drama League Awards, among others.

From Saturday Night Live creator Lorne Michaels and based on the award-winning Apple Original series, the delightfully hilarious musical is directed by Tony Award winner Christopher Gattelli (Death Becomes Her, Newsies) with a book and Emmy Award-winning score by Cinco Paul (Despicable Me, The Secret Life of Pets). Schmigadoon! the musical is produced by Michaels, Micah Frank and Caroline Maroney on behalf of Broadway Video, and Christine Schwarzman and Megan OKeefe on behalf of No Guarantees Productions. It made its Broadway debut at the Nederlander Theatre in April 2026, and is currently set to run through January 3, 2027.

The North American tour of Schmigadoon! will launch in September 2027, kicking off at Baltimores historic Hippodrome Theatre before traveling across the U.S.

Press Release article 12 of 14, Source: Apple Inc., 333 words

June 08: Apple accelerates app development with new intelligence frameworks and advanced tools

CUPERTINO, Calif.----Apple today introduced new intelligence capabilities, expanded productivity features in Xcode, and platform improvements that make apps faster, more adaptive, and easier to build.

Developers are at the heart of the Apple ecosystem, and our goal is to provide them with the best possible tools and technologies to build the future, said Susan Prescott, Apples vice president of Worldwide Developer Relations. With new intelligence frameworks and agentic coding in Xcode 27, developers have the tools they need to focus on what they do best: bringing their incredible ideas to life.

Intelligence Frameworks

With the latest enhancements to Apple Intelligence and the introduction of Siri AI, developers can make their apps content and capabilities more discoverable and accessible across the system. Updates to the App Intents framework enable developers to connect their apps to Siri AI capabilities like personal context understanding, app actions, and onscreen awareness to help their users get more done.

New intelligence frameworks allow developers to build AI features into their apps more easily and flexibly, tapping into powerful models from Apple and others. Building on the Foundation Models framework introduced last year, developers gain new options to integrate AI into their apps. The framework now serves as a single native Swift API that supports more powerful on-device models with image input, support for server models, and the ability to build custom skills.

Using this API, developers can tap into the next generation of Apple Foundation Models, which were custom-built in collaboration with Google and its Gemini models to deliver integrated experiences across Apple platforms. To ensure developing with large language models is as accessible as possible for those just getting started with AI, developers enrolled in the App Store Small Business Program with fewer than 2 million total first-time App Store downloads can access the next generation of Apple Foundation Models running on Private Cloud Compute at no cloud API cost.

Press Release article 13 of 14, Source: Apple Inc., 320 words

June 08: Apple previews new child safety features

CUPERTINO, Calif.----Apple today previewed a new suite of powerful, intuitive, and easy-to-use features designed to allow parents to more easily manage the content their children can see, who they can communicate with, and when they have access to apps. With software updates this fall, parents will be able to access new child safety features, including a simpler setup experience with a recommended set of essential apps, Ask to Browse, Time Allowances, and a redesigned Screen Time. These updates enhance Apples already industry-leading parental controls and underscore its commitment to building a safe and trusted platform for kids.

At Apple, our mission has always been to create technology that empowers people and enriches their lives, while helping keep them safe, said Sumbul Desai, M.D., Apples vice president of Health and Fitness. Our approach to helping families create safer digital experiences is grounded in the belief that every child is unique. Thats why we build simple and intuitive tools, based on expert guidance, to let parents tailor their kids digital journey. Today, were introducing major updates to help families thoughtfully establish age-based protections and develop healthy digital habits.

Getting Kids Started with a Child Account

The first and most important step parents can take to create age-appropriate experiences for their child is to set up a child account. It enables safeguards across the system, tailored to the childs age, like limiting adult websites, only allowing age-appropriate media, and setting age-based restrictions in the App Store. Parents are guided through creating a child account when setting up a new device for their child. A child account is required for children under 131 and available for children up to 18.

What Content Kids Can See

Once a child account is created, parents can help their kids get a focused start by choosing exactly which apps they can access on their device.

Press Release article 14 of 14, Source: Apple Inc., 330 words

June 08: WWDC26: Apple unveils next generation of Apple Intelligence, Siri AI, powerful parental controls, and an expansive set of software improvements

CUPERTINO, Calif.----Today, during the Worldwide Developers Conference, Apple previewed its upcoming software releases that will deliver the next generation of Apple Intelligence and introduce Siri AI, an entirely new version of Siri that is profoundly more intelligent, knowledgeable, and capable. The releases also bring powerful and intuitive new features to help parents create safe digital experiences for kids, as well as improvements that further elevate the software design and performance of Apple products while making them more responsive, delightful, and easier to use with iOS 27, iPadOS 27, macOS 27, watchOS 27, visionOS 27, and tvOS 27.

Apple products are an essential part of peoples lives, and this year were bringing powerful new capabilities to empower our users in even more ways, said Craig Federighi, Apples senior vice president of Software Engineering. Were delivering the next generation of Apple Intelligence across our platforms; introducing Siri AI, a profoundly more intelligent, knowledgeable, and capable Siri; expanding child safety features with intuitive new tools for families; and making our software platforms faster, more reliable, and more delightful than ever before.

Next Generation of Apple Intelligence and an Entirely New Siri Experience

Leveraging a bold new architecture uniquely designed to protect users privacy, the next generation of Apple Intelligence powers Siri AI and brings helpful new features to apps users rely on every day.

Siri AI is an entirely new version of Siri deeply integrated into iPhone, iPad, Mac, Apple Watch, and Apple Vision Pro. It can draw on personal context understanding to search across messages, emails, photos, and more, and get things done across apps with even more systemwide app actions. Additionally, Siri AI can answer questions related to the content on a users screen or go out to the web to get up-to-date information using broad world knowledge and generate a helpful answer.

SECTION 3 THE PAST QUARTER: X POSTS BY TIM COOK, CEO

( @tim_cook ) Followers 14.8M

- Fri Jun 12, 2026

We are deeply saddened by the loss of David Hockney, a visionary and friend to Apple. David showed that creativity has no limits, turning iPad into a canvas for some of the most vibrant art of our time. His legacy will inspire us all to see the world a little more beautifully.

- Tue Jun 09, 2026

We believe in helping families create safer digital experiences. With our updated child safety features, parents can easily manage what their kids can see, who they can communicate with, and when they have access to apps.https://apple.com/child-safety/

- Jun 09, 2026

The next generation of Apple Intelligence powers an entirely new Siri: making the apps and experiences you rely on across iPhone, iPad, Mac, and Apple Vision Pro more personal and helpful than ever.

- Mon Jun 08, 2026

The next generation of Apple Intelligence powers an entirely new Siri: making the apps and experiences you rely on across iPhone, iPad, Mac, and Apple Vision Pro more personal and helpful than ever.

- Jun 08, 2026

Always amazing to kick off #WWDC26 with our student developers! Congrats to our Swift Student Challenge Distinguished winners!

- Sat May 30, 2026

Five years. 1,800+ students. And Motor City is just getting started! We're proud to celebrate Detroit's Apple Developer Academy and its programs, empowering creatives to strengthen the city's tech ecosystem and build something the world hasn't seen before.

- Tue May 26, 2026

This Memorial Day, we remember the many people whose courage shaped who we are as a nation. Their sacrifice is the foundation of the freedom we enjoy every day, and we are grateful for their service.

- Tue May 19, 2026

Building accessibility into our products is central to everything we do. This year, we're proud to deliver more intuitive accessibility features with natural language powered by Apple Intelligence. #GAAD

- May 19, 2026

Building accessibility into our products is central to everything we do. This year, we're proud to deliver more intuitive accessibility features with natural language powered by Apple Intelligence. #GAAD

- Sun May 10, 2026

Thinking of all the moms around the world who shape our lives with their love and care. Thank you for all that you do. Happy Mother's Day!

- Thu May 07, 2026

Congrats to this year's Swift Student Challenge winners! From providing tools to escape a flood zone to making art more accessible, these young developers harnessed Swift and AI to build remarkable app solutions.

- Wed May 06, 2026

Hundreds of American manufacturers gathered at @michiganstateu for the Apple Manufacturing Academy's first Spring Forum. We're proud to help US businesses embrace advanced manufacturing techniques to create new opportunities for their teams & our country.

- Sat May 02, 2026

Excited for the @F1 #MiamiGP! We're proud to bring US fans into the F1 actionlike never before on @AppleTV.

- May 02, 2026

Excited for the @F1 #MiamiGP! We're proud to bring US fans into the F1 actionlike never before on @AppleTV.

- Tue Apr 28, 2026

Welcome back coach! Ted Lasso returns August 5 on @AppleTV !

- Wed Apr 22, 2026

Happy Earth Day!Today and every day, we're committed to protecting our shared planet.Thanks to our teams, partners, and customers for being part of this work.

- Thu Apr 16, 2026

We're proud to share the progress we're making in our efforts to protect the planet, including our highest-ever use of recycled material in our products.

- Sat Apr 11, 2026

Congratulations to Artemis II on a successful mission! You captured the wonders of space and our planet beautifully, taking iPhone photography to new heights, and we're grateful you shared it with the world. Your work continues to inspire us all to think different. Welcome home!

- Thu Apr 02, 2026

To everyone celebrating Passover around the world, Chag Sameach! Wishing you a special time of reflection and renewal with those who matter most.

- Apr 02, 2026

So thrilled to celebrate #Apple50 with @paulmccartney ! His music has inspired us from the beginning, so this is a full circle moment to close out our celebrations. Thank you, Paul, for proving that when you think different, you have the power to change the world.

- Wed Apr 01, 2026

50 years of Apple, 50 years of innovation. Thank you to our teams, our users, and everyone who's been part of the journey. #Apple50

- Sun Mar 29, 2026

Thank you for celebrating 50 years of thinking differently with us at Apple Champs-Elysees, Pedro and Julian! Please send me that track! #Apple50

- Thu Mar 26, 2026

Welcome TDK, Cirrus Logic, Bosch, and Qnity to our American Manufacturing Program! We're proud to partner with even more companies to produce important components for our products right here in the US.

Source: X (formerly: Twitter) https://twitter.com/tim_cook, company (Apple Inc.), Ticker(AAPL)

SECTION 4 APPLE INC. 10-Q: 12 CONSEQUENTIAL MANAGEMENT DECISIONS

Expanded Share Repurchase Authorization Signals Confidence in Durable Cash Flow

Apple's Board authorized an additional $100 billion share repurchase program on April 30, 2026, materially expanding capital return capacity beyond the existing $63.8 billion availability. The authorization signals management's confidence in future cash generation and reinforces a capital allocation strategy centered on shareholder returns. For investors, the program is EPS-accretive, supports valuation through a lower share count, and reflects disciplined deployment of excess operating cash.

Dividend Increase Reinforces Predictable Cash Returns

Management raised the quarterly cash dividend from $0.26 to $0.27 per share beginning in Q3 2026 and reiterated plans for annual increases. The decision strengthens Apple's income profile while preserving flexibility for product investment and strategic growth. For income-oriented investors, the higher dividend improves cash yield and confirms management's view that free cash flow remains sustainable.

Product Launch Cycle Targets Revenue Acceleration Across Core Categories

Apple announced several new products in Q2 2026, including iPhone 17e, MacBook Pro, MacBook Air, MacBook Neo, iPad Air, and AirPods Max 2. The launch cadence supports management's effort to drive growth in key hardware categories, especially iPhone and Mac, where premium positioning remains central to pricing power. Investors should view the expanded portfolio as a potential catalyst for demand, market share gains, and improved seasonal momentum.

Active Capital Returns Prioritize EPS Support and Shareholder Value

Apple repurchased $11.0 billion of common stock during Q2 2026 and paid $3.8 billion in dividends. This level of capital return shows management's willingness to use strong operating cash flow to support shareholder value while maintaining balance sheet flexibility. Combined with the new buyback authorization, the activity reinforces capital returns as a central use of cash.

Repatriation Tax Payment Removes a Legacy Balance Sheet Overhang

The Company paid the remaining $8.8 billion balance of its deemed repatriation tax obligation during the first six months of 2026. Completing this payment removes a long-standing cash commitment and improves visibility into future capital availability. For investors, the action reduces balance sheet uncertainty and frees management to allocate cash more clearly across buybacks, dividends, and reinvestment.

R&D Investment Accelerates to Protect Long-Term Product Leadership

Research and development expense rose 34% year over year to $11.4 billion in Q2 2026. The increase reflects management's continued investment in innovation, product pipeline depth, and technology leadership. While higher R&D spending can pressure near-term margins, it supports Apple's long-term competitive position and is a key metric for investors assessing future growth potential.

Tariff Refund Efforts Aim to Defend Gross Margin

Apple is actively applying for refunds of certain tariffs following the U.S. Supreme Court ruling. This action reflects management's focus on recovering costs and reducing the margin impact of trade-related expenses. For investors, potential refunds could improve cash recovery and help offset supply chain cost pressure tied to ongoing tariff uncertainty.

Services Growth Strengthens Margin Mix and Recurring Revenue

Management continued to prioritize Services, which grew 16% year over year and produced a 76.7% gross margin in Q2. The segment's scale improves Apple's overall margin profile and reduces reliance on hardware replacement cycles. For investors, Services remains a major driver of earnings stability, recurring revenue, and potential valuation support.

Liquidity Position Preserves Flexibility Through Macro Uncertainty

Apple maintained a strong liquidity position and stated that cash, operating cash flows, and access to debt markets are sufficient for the next 12 months and beyond. This conservative liquidity posture limits financial risk amid tariff, supply, and macroeconomic uncertainty. It also preserves management's ability to fund growth initiatives while continuing substantial shareholder returns.

Greater China Rebound Highlights Execution in a Strategic Market

Net sales in Greater China increased 28%, supported by iPhone performance and favorable currency impacts. The result shows improved execution in a market that remains strategically important but exposed to geopolitical and competitive risk. For investors, the rebound supports geographic diversification and signals that Apple can still generate outsized growth in key international markets.

Enhanced Performance Disclosure Improves Visibility Into Growth Drivers

Management provided detailed analysis of segment, product category, and currency impacts on performance. This added transparency helps investors separate underlying demand trends from foreign exchange effects and better evaluate drivers such as iPhone Pro models and Services. Clearer disclosure supports more informed assessments of momentum, margin quality, and valuation.

Balanced Risk Messaging Supports Capital Return Confidence

Management maintained caution around tariffs, supply constraints, and gross margin pressure while continuing buybacks and dividends. This balanced approach shows risk awareness without signaling a pullback in capital return priorities. For investors, the messaging supports confidence that Apple can manage external pressures while sustaining long-term cash generation and disciplined capital allocation.

SECTION 5 INSTITUTIONAL OWNERSHIP UPDATED AFTER LAST SEC FILING Q1/2026 REPORTED ON MAY 18

Institutional Ownership as at Mar 31, 2026

5.1 Reported holdings of institutions end of quarter

As at March 31, 2026 institutions had decreased their holdings to 52.4% of issued capital, down from 64.4% nine months ago.

Quarter - endedMar 31Dec 31, 2025Sep 30, 2025Jun 30, 2025

% of issued capital52.464.762.564.4

Source: U.S. Securities and Exchange Commission (SEC) https://www.sec.gov/edgar/browse/?CIK=320193, company (Apple Inc.), Ticker(AAPL)

5.2 Top 5 Institutional Ownership of Apple Inc. as at March 31, 2026

As at March 31, 2026, 5990 Institutions (Funds) held investments in shares of Apple Inc.. Institutions decreased their holdings to 52.4% of issued capital, down from 64.7% as at Dec 31. The largest shareholder was Blackrock Inc. with 8% of Apple Inc.. The second largest shareholder was State Street Corporation with 4%.

*Note: Minimum Core Shareholding is computed on the basis of SEC filings over the last 12 quarters (3 years). A higher % of shareholding above the minimum core holding may be indicative of a potential positioning by an active institution to overweight.

Apple Inc. Top 4 Active Funds (in desc order of Shares) hold 16.1% [second last column shows % above minimum core shareholding; last column shows percentile rank by AUM (Assets Under Management) among 8584 Funds]. Please download the spreadsheet to view full list of 2592 Active Funds holding 34.7% of Apple Inc. as at March 31, 2026.

FundShares% of TotalValue $

Blackrock Inc. (0002012383)1,144,695,4258290.2 B

State Street Corporation (0000093751)602,341,4094152.7 B

Geode Capital Management, LLC (0001214717)368,616,954393.5 B

Morgan Stanley (0000895421)244,474,722262 B

% Held by Top 4 Institutional shareholders2,360,128,51016.1598.4 B

Fund% above Core*Percentile rank

Blackrock Inc. (0002012383)11100

State Street Corporation (0000093751)14100

Geode Capital Management, LLC (0001214717)29100

Morgan Stanley (0000895421)22-

Apple Inc. Top Index Fund (in desc order of Shares) is ranked 1 by Shares held in AAPL holds 2.1% [second last column shows % above minimum core shareholding; last column shows percentile rank by AUM (Assets Under Management) among 8584 Funds]. Please download the spreadsheet to view full list of 3399 Index Funds holding 17.6% of Apple Inc. as at March 31, 2026.

FundShares% of TotalValue $

FMR LLC (0000315066)307,442,040278 B

% Held by Top 1 Institutional shareholders307,442,0402.178 B

Fund% above Core*Percentile rank

FMR LLC (0000315066)6100

Source: U.S. Securities and Exchange Commission (SEC) https://www.sec.gov/edgar/browse/?CIK=320193, company (Apple Inc.), Ticker(AAPL)

5.3 Top 5 Increases [March 31, 2026 vs December 31, 2025]

Value is shown in the table below at March 31 AAPL share price of $253.56.

Institution (CIK)SharesValue, $% increase

University of Illinois Foundation (0001994249)58,25915.2 M291,295.0

USA Financial Formulas (0001633716)3,427893,68948,957.1

DIAMANT ASSET MANAGEMENT, INC. (0001731124)26,508,1816.9 B24,974.3

AKUNA SECURITIES LLC (0001529090)33687,62211,200.0

Saudi Central Bank (0001918181)536,378139.9 M8,737.2

Total27,106,5817.1 billion-

Source: U.S. Securities and Exchange Commission (SEC) https://www.sec.gov/edgar/browse/?CIK=320193, company (Apple Inc.), Ticker(AAPL)

5.4 Institutional ownership of AAPL at March 31, 2026: DIAMANT ASSET MANAGEMENT, INC. top increase by worth

Top 5 Increases by worth [March 31, 2026 vs December 31, 2025]

Value is shown in the table below at March 31 AAPL share price of $253.56.

Institution (CIK)SharesWorth Change, $

DIAMANT ASSET MANAGEMENT, INC. (0001731124)26,508,1816.9 B

Morgan Stanley (0000895421)13,991,6873.6 B

Geode Capital Management, LLC (0001214717)10,584,4372.8 B

Capital Research Global Investors (0001422848)8,561,4882.2 B

Goldman Sachs Group Inc. (0000886982)7,486,1932 B

Total67,131,98617.5 billion

Source: U.S. Securities and Exchange Commission (SEC) https://www.sec.gov/edgar/browse/?CIK=320193, company (Apple Inc.), Ticker(AAPL)

5.5 Top 5 Decreases [March 31, 2026 vs December 31, 2025]

Institution (CIK)SharesValue, $% Decreases

Deane Retirement Strategies, Inc. (0001659346)21,891(5.7 M)-99.9

Dixon Mitchell Investment Counsel Inc. (0001993485)124,581(32.5 M)-99.7

Marathon Trading Investment Management LLC (0001572748)245,358(64 M)-99.5

IFG Advisory, LLC (0001728319)165,240(43.1 M)-99.2

Worth Financial Advisory Group, LLC (0001964358)26,294(6.9 M)-97.8

Total583,364(152.1 million)-

Source: U.S. Securities and Exchange Commission (SEC) https://www.sec.gov/edgar/browse/?CIK=320193, company (Apple Inc.), Ticker(AAPL)

5.6 Top 5 New shareholders as at March 31, 2026

Value is shown at price of March 31, 2026 (in desc order of Shares)

Institution (CIK)SharesValue, $

SEB Asset Management AB (0002127509)4,986,3981.3 B

Capitolis Liquid Global Markets LLC (0002094379)3,307,057838.5 M

TIAA-CREF INDIVIDUAL and INSTITUTIONAL SERVICES, LLC (0000882928)1,072,514271.9 M

TIAA Wealth Investment Management LLC (0002124867)666,906169.1 M

Spartan Wealth Advisory Services LLC (0002075193)206,45052.3 M

Total10,239,3252.6 billion

Source: U.S. Securities and Exchange Commission (SEC) https://www.sec.gov/edgar/browse/?CIK=320193, company (Apple Inc.), Ticker(AAPL)

5.7 Institutional ownership of AAPL at Mar 31: Two Sigma Advisers, LP top exit

An analysis conducted after the mid - quarter deadline of May 18 for 20261 SEC filings by 8647 institutions shows that there were 5 exits. Two Sigma Advisers, LP was the largest exit with 5,896,700 shares valued at 1.6 B as at March 31.

Institution (CIK)SharesValue, $

Two Sigma Advisers, LP (0001478735)5,896,7001.6 B

Forsta AP-fonden (0001603328)4,030,0001.1 B

Virginia Retirement Systems ET AL (0001005354)3,880,0401.1 B

Comerica Bank (0000901541)3,216,562872.8 M

Capitolis Liquid Global Markets LLC (0001960050)2,919,147792.1 M

Total19,942,4495.4 billion

Source: U.S. Securities and Exchange Commission (SEC) https://www.sec.gov/edgar/browse/?CIK=320193, company (Apple Inc.), Ticker(AAPL)

Please view detailed Institutional Shareholders - Categorised and Complete List in DATA & ARCHIVE DOWNLOAD CENTER

SECTION 6 TODAY'S BULLISH SIGNALS

6.1 Rank in the top 24% by Price Performance in the NASDAQ market

DescriptionValueRank

PV1000 [1 yr] $1,467In Top 24%

Source: Apple Inc.'s, 10-K filing dated October 31, 2025, available at the U.S. Securities and Exchange Commission website: https://www.sec.gov/Archives/edgar/data/320193/000032019325000079/aapl-20250927.htm and Apple Inc.'s website: https://investor.apple.com/investor-relations/default.aspx. company (Apple Inc.), Ticker(AAPL)

6.2 Uptrend

Price/Moving Average Price of 1.1:

- The Price/MAP 200 for Apple Inc. is 1.1. Being higher than 1 is a bullish indicator. The stock is trading above both its MAPs and the 50-day MAP of $290.04 is higher than the 200-day MAP of $267.15, a second bullish indicator. The 200-day MAP has increased to $267.15, a third bullish indicator.

Past Quarter:

- In the last three months the stock has hit a new 52-week high thirteen times, pointing to a significant uptrend.

6.3 Other Bullish Signals

- Total Liabilities/EBITDA of 2.2 is less than 5, this compares favourably with the Joseph Piotroski benchmark of 5.

- Return on Assets of 31.2% versus sector average of 19.7% and market average of 7.9%.

- Net profit margin has averaged 25.4% in the last 3 years. This is considered superior and suggests a high margin of safety.

Source: Apple Inc.'s, 10-K filing dated October 31, 2025, available at the U.S. Securities and Exchange Commission website: https://www.sec.gov/Archives/edgar/data/320193/000032019325000079/aapl-20250927.htm and Apple Inc.'s website: https://investor.apple.com/investor-relations/default.aspx. company (Apple Inc.), Ticker(AAPL)

Source: Nasdaq Stock Exchange: https://www.nasdaq.com/market-activity/stocks/AAPL, company (Apple Inc.), Ticker(AAPL)

SECTION 7 ONGOING BULLISH PARAMETERS

7.1 Growth in annual dividends per share and earnings per share

- Apple Inc. sees dividend rise for a thirteenth consecutive year

Apple Inc. reported dividends per share of $1.05 in the past year, up 4.0% from the previous year. This is the thirteenth consecutive dividend increase. In the past 13 years average annual compound growth rate of dividends was 7.9%.

Source: Nasdaq Stock Exchange: https://www.nasdaq.com/market-activity/stocks/AAPL/dividend-history, company (Apple Inc.), Ticker(AAPL)

- EPS growth [FY2025 vs FY2024] of 22.6%:

FYEPS ($)Growth %

20257.4922.6

20246.11-0.8

Source: Apple Inc.'s, 10-K filing dated October 31, 2025, available at the U.S. Securities and Exchange Commission website: https://www.sec.gov/Archives/edgar/data/320193/000032019325000079/aapl-20250927.htm and Apple Inc.'s website: https://investor.apple.com/investor-relations/default.aspx. company (Apple Inc.), Ticker(AAPL)

7.2 Rank in the top 97% by Liquidity in the NASDAQ market

DescriptionValueRank

Ave daily turnover$10 billionIn top 97%

Source: Apple Inc.'s, 10-K filing dated October 31, 2025, available at the U.S. Securities and Exchange Commission website: https://www.sec.gov/Archives/edgar/data/320193/000032019325000079/aapl-20250927.htm and Apple Inc.'s website: https://investor.apple.com/investor-relations/default.aspx. company (Apple Inc.), Ticker(AAPL)

7.3 Rank in the top 2% by Size in the NASDAQ market

DescriptionValueRank

Turnover$10.9 billionIn Top 1%

Tr 12 months Revenue$451.4 billionIn Top 1%

MCap$4,323 billionIn Top 2%

Source: Apple Inc.'s, 10-K filing dated October 31, 2025, available at the U.S. Securities and Exchange Commission website: https://www.sec.gov/Archives/edgar/data/320193/000032019325000079/aapl-20250927.htm and Apple Inc.'s website: https://investor.apple.com/investor-relations/default.aspx. company (Apple Inc.), Ticker(AAPL)

7.4 Rank in the top 19% by Performance in the NASDAQ market

DescriptionValueRank

Net Profit Margin %26.9In Top 17%

EBITDA Margin %31.9In Top 19%

Source: Apple Inc.'s, 10-K filing dated October 31, 2025, available at the U.S. Securities and Exchange Commission website: https://www.sec.gov/Archives/edgar/data/320193/000032019325000079/aapl-20250927.htm and Apple Inc.'s website: https://investor.apple.com/investor-relations/default.aspx. company (Apple Inc.), Ticker(AAPL)

7.5 Rank in the top 2% by Productivity in the NASDAQ market

DescriptionValueRank

Return on Assets [ROA] %31.2In Top 2%

Source: Apple Inc.'s, 10-K filing dated October 31, 2025, available at the U.S. Securities and Exchange Commission website: https://www.sec.gov/Archives/edgar/data/320193/000032019325000079/aapl-20250927.htm and Apple Inc.'s website: https://investor.apple.com/investor-relations/default.aspx. company (Apple Inc.), Ticker(AAPL)

7.6 Present Value of $1000 Invested in the Past [3 Mo, 1 Yr, 3 Yrs]; The Best Periods with PV$1000 > 1,172

PV$1,0003 mo ago1 yr ago3 yrs ago

AAPL.NASDAQ$1,173$1,473$1,619

Technology sector$1,179$1,341$1,843

NASDAQ-100 Index$1,215$1,343$1,971

7.7 Past year: price rise of 46.7%

1-Year price change of 46.7% for Apple Inc. outperformed the change of 35.7% in the NASDAQ-100 Index for a relative price change of 11%.

Price Change %Year

Apple Inc.46.7

Technology sector35.6

NASDAQ-100 Index35.7

7.8 MCap: 5-Year Increase of $2,080 B (93%)

In the past 5 years Market Capitalization has increased by $2,080 billion (93%) from $2,242.5 billion to $4,322.5 billion. Based on a dynamic start date of 5 years ago, there have been declines in MCap in 2 out of 5 years.

PriceMCap ($ B)

Last$294.434,322.5

1 Year ago$200.703,010.4

2 Years ago$205.713,180.8

3 Years ago$184.412,958.7

4 Years ago$132.692,191.3

5 Years ago$130.602,242.5

7.9 AAPL.NASDAQ Annualised Period-based Total Shareholder Returns [TSR %]: The Best Periods with TSR > 17.1%

1 yr3 yrs5 yrs10 yrs20 yrs30 yrs

47.317.218.330.129.328

7.10 Improved EBIT Margins:

EBIT margin is positive and has seen consecutive rises in the last 4 years.

FYEBIT Margins (%)

202531.9

202431.6

202329.7

202228.6

202128.3

Source: Apple Inc.'s, 10-K filing dated October 31, 2025, available at the U.S. Securities and Exchange Commission website: https://www.sec.gov/Archives/edgar/data/320193/000032019325000079/aapl-20250927.htm and Apple Inc.'s website: https://investor.apple.com/investor-relations/default.aspx. company (Apple Inc.), Ticker(AAPL)

7.11 Low Debt to Equity (%) and Reducing

The debt to equity ratio of 10.8% is under a safe benchmark figure of 50%. Moreover, it has improved from 17.5% a year ago.

YearsDebt to Equity (%)

Sep 202510.82

Sep 202417.5

Sep 20239.63

Sep 202219.7

Sep 20219.51

Source: Apple Inc.'s, 10-K filing dated October 31, 2025, available at the U.S. Securities and Exchange Commission website: https://www.sec.gov/Archives/edgar/data/320193/000032019325000079/aapl-20250927.htm and Apple Inc.'s website: https://investor.apple.com/investor-relations/default.aspx. company (Apple Inc.), Ticker(AAPL)

7.12 A 72.8% Decrease in Insider Selling

In the past 5 years a total of 8,530,162 Apple Inc. shares worth $1.5 billion were sold by insiders. Based on a dynamic start date of 5 years ago, insider selling has averaged 1,706,032 shares per year. In the past year, insiders sold 527,224 shares, a decrease of 72.8% from the previous year.

YearNo. of SharesValue, $

Jun 23, 2026527,224145,153,012

1 Yr ago1,941,221438,004,813

2 Yrs ago1,735,867304,871,903

3 Yrs ago1,239,101194,224,029

4 Yrs ago3,086,749461,133,251

Total8,530,1621,543,387,008

Source: U.S. Securities and Exchange Commission (SEC Form 4) https://www.sec.gov/edgar/browse/?CIK=320193, company (Apple Inc.), Ticker(AAPL)

7.13 Increased VWAP, up 65% in 5 years

In the past five years Volume Weighted Average Price (VWAP) has increased by 65.0% to $252.72. Based on a dynamic start date of five years ago, there have been declines in VWAP in 2 out of 5 years.

Past five years, 12 months ended Jun 23 (USD)

YearHigh PriceVWAPLow Price

2026317.4252.72198.47

2025258.45219.54168.32

2024218.31182.14162.45

2023184.97150.51122.68

2022178.85153.19126.5

7.14 Quarterly Trend in Revenue, Net Profit and Net Profit Margin:

- Net Profit margin is positive and has seen consecutive rises in recent quarters. [All figures in %]

Qtr-endedRevenue GrowthNet Profit GrowthNet Profit Margin

Mar 26 [Q2 vs Q1]-22.7-29.749.3

Dec 25 [Q1 vs Q4]40.353.348.2

Sep 25 [Q4 vs Q3]917.247.2

Jun 25 [Q3 vs Q2]-57.2-61.746.5

7.15 Satisfies two criteria of Benjamin Graham

-""Total debt less than tangible book value""; total debt of USD8.0 billion is less than tangible book value of USD73.7 billion.

-""Total debt equal or less than twice the net quick liquidation value""; total debt of USD8.0 billion is 0.1 times the net liquidation value of USD139.98 billion.

Source: Apple Inc.'s, 10-K filing dated October 31, 2025, available at the U.S. Securities and Exchange Commission website: https://www.sec.gov/Archives/edgar/data/320193/000032019325000079/aapl-20250927.htm and Apple Inc.'s website: https://investor.apple.com/investor-relations/default.aspx. company (Apple Inc.), Ticker(AAPL)

7.16 Satisfies 5 out of 9 criteria of Joseph Piotroski [pass mark 5]:

- Positive net income.

- Positive operating cashflow.

- Return on Assets improvement [from 25.7% to 31.2%].

- Reduction in total shares on issue.

- Improvement in gross margin [from 46.2% to 46.9%].

But does not meet the following 4 criteria of Joseph Piotroski:

- Good quality of earnings [operating cashflow exceeds net income].

- Improvement in long-term debt to total assets.

- Improvement in current ratio.

- Improvement in asset turnover.

Source: Apple Inc.'s, 10-K filing dated October 31, 2025, available at the U.S. Securities and Exchange Commission website: https://www.sec.gov/Archives/edgar/data/320193/000032019325000079/aapl-20250927.htm and Apple Inc.'s website: https://investor.apple.com/investor-relations/default.aspx. company (Apple Inc.), Ticker(AAPL)

7.17 Year-over-year (%) Change in Dividend:

Quarterly dividend for Q2/2026 was 27.0c, up 3.8% sequentially from 26.0c in Q1/2026. The year-on-year change was up 3.8% from 26.0c in the previous corresponding period Q2/2025.

QuarterQ2/2025Q1/2026Q2/2026

Dividend ($ Cents)26.026.027.0

Source: Nasdaq Stock Exchange: https://www.nasdaq.com/market-activity/stocks/AAPL/dividend-history, company (Apple Inc.), Ticker(AAPL)

Source: Nasdaq Stock Exchange: https://www.nasdaq.com/market-activity/stocks/AAPL, company (Apple Inc.), Ticker(AAPL)

SECTION 8 TODAY'S BEARISH SIGNALS

Price/Earnings of 35.5 > Technology sector (of 217 stocks) avg of 33.8:

- The price-to-earnings ratio of 35.5 indicates overvaluation compared with sector average of 33.8.

Earnings Yield

- The earnings yield of 2.8% is below the 10-year bond yield of 4.35%.

8.1 3-DAY: MODERATE MOMENTUM DOWN

AAPL dips 0.5% on average volume 0.96 times average. Compared with the NASDAQ-100 Index which fell 323.7 points (or 1.1%) in the 3-days, the relative price increase was 0.6%.

Apple Inc. (AAPL) underperformed the NASDAQ-100 Index in 2 out of 3 days. The price ranged between a low of $294.43 on Tuesday Jun 23 and a high of $297.89 on Thursday Jun 18.

JunApple Inc.Close [$]Change %Comment

Tue 23Top gainer in Fund Evaluation Group jumps 17.8% in 83 days294.43-0.9Steepest Fall; RPC=2.4%

Mon 22Stock decreases 0.3%297.01-0.3VI*=1.1

Thu 18Increases $2.11 on firm volume297.890.7Top Rise

* RPC - Relative Price Change is % price change of stock less % change of the NASDAQ-100 Index.

[Volume Index (VI); 1 is average]

8.2 Rank in the bottom 8% by Relative Valuation in the NASDAQ market

DescriptionValueRank

Price to Sales9.6In Bottom 8%

Dividend Yield %0.4%In Bottom 5%

Source: Apple Inc.'s, 10-K filing dated October 31, 2025, available at the U.S. Securities and Exchange Commission website: https://www.sec.gov/Archives/edgar/data/320193/000032019325000079/aapl-20250927.htm and Apple Inc.'s website: https://investor.apple.com/investor-relations/default.aspx. company (Apple Inc.), Ticker(AAPL)

8.3 Downtrend

Negative MACD:

- The Moving Average Convergence Divergence (MACD) indicator of 12-day Exponential Moving Average (EMA) of 298.55 minus the 26-day EMA of 298.98 is negative, suggesting a bearish signal. Both the 12-day EMA as well as the 26-day EMA are falling, another bearish signal.

Trailing Relative Strength (6 months) at 48 percentile:

- The stock has a 6-month relative strength of 48 in the NASDAQ market of 2,823 stocks and 1 preference stock which means it has underperformed 52% of the market.

8.4 Other Bearish Signals

MCap/Total Assets:

- Tobin's Q Ratio, defined as MCap divided by Total Assets, is 12. Compared with the rest of the market the stock is overvalued and ranks in the bottom 3% of stocks by value of Q Ratio.

Source: Apple Inc.'s, 10-K filing dated October 31, 2025, available at the U.S. Securities and Exchange Commission website: https://www.sec.gov/Archives/edgar/data/320193/000032019325000079/aapl-20250927.htm and Apple Inc.'s website: https://investor.apple.com/investor-relations/default.aspx. company (Apple Inc.), Ticker(AAPL)

Source: Nasdaq Stock Exchange: https://www.nasdaq.com/market-activity/stocks/AAPL, company (Apple Inc.), Ticker(AAPL)

SECTION 9 ONGOING BEARISH PARAMETERS

9.1 Sequential EPS growth [Q2/2026 vs Q1/2026] of -29.1%:

The most recent quarter (Q2/2026) showed a decline of 29.1% in sequential growth of Quarterly EPS.

Quarterly ReportEPS ($)Growth %

Q2/20262.02-29.1

Q1/20262.8554.1

9.2 P/E/G > 1

The price earnings ratio of 35.5 divided by trailing twelve months eps growth of 22.6% corresponds to P/E/G of 1.6 times.

EPS Growth (%)22.6

P/E/G1.6

P/E35.5

Source: Apple Inc.'s, 10-K filing dated October 31, 2025, available at the U.S. Securities and Exchange Commission website: https://www.sec.gov/Archives/edgar/data/320193/000032019325000079/aapl-20250927.htm and Apple Inc.'s website: https://investor.apple.com/investor-relations/default.aspx. company (Apple Inc.), Ticker(AAPL)

9.3 % Growth in EPS & RPS

EPS growth: Sequential EPS growth (Q2 2026 vs Q1 2026) was down 29.1% and PCP EPS growth (Q2 2026 vs Q2 2025) was down 50.2%. FY EPS growth (FY2025 vs FY2024) was up 22.6%.

RPS growth: Sequential growth in Revenue per share (Q2 2026 vs Q1 2026) was down 22.2% and PCP growth in Revenue per share (Q2 2026 vs Q2 2025) was down 48.1%. FY growth in Revenue per share (FY2025 vs FY2024) was up 9.3%.

(All figures in %)

Sequential growth in EPS (Q2 2026 vs Q1 2026)-29.1

Sequential growth in RPS (Q2 2026 vs Q1 2026)-22.2

PCP growth in EPS (Q2 2026 vs Q2 2025)-50.2

PCP growth in RPS (Q2 2026 vs Q2 2025)-48.1

FY growth in EPS (FY2025 vs FY2024)22.6

FY growth in RPS (FY2025 vs FY2024)9.3

9.4 Declining Volume, down 55% in 5 years

In the past five years, Average Daily Volume of Trading (ADVT) has decreased 55.3% to 39.8 million shares.

Avg. Daily Volume Traded 12 months ended Jun 23, million shares

YearADVT

202639.8

202552.3

202459.6

202372.0

202289.0

9.5 Declining share turnover, down 28% in 5 years

In the past five years, average daily share turnover has decreased 27.5% to $10 billion. This suggests decreased liquidity.

Past five years, 12 months ended Jun 23 (USD billion)

YearAverage Daily Turnover

202610.0

202511.5

202410.9

202310.9

202213.7

Source: Nasdaq Stock Exchange: https://www.nasdaq.com/market-activity/stocks/AAPL, company (Apple Inc.), Ticker(AAPL)

SECTION 10 CORPORATE PROFILE AND INDEPENDENT RATINGS

10.1 Activities

Apple Inc., a leading technology company listed on the Nasdaq (ticker: AAPL), specializes in designing, manufacturing, and marketing a wide range of consumer electronics, software, and online services. At its core, the company focuses on innovative hardware products such as the iPhone, iPad, Mac computers, Apple Watch, and accessories, alongside software ecosystems like iOS and macOS, and services including the App Store, iCloud, Apple Music, and Apple Pay. These offerings drive seamless user experiences and ecosystem loyalty. The fastest-growing segments include services, which have expanded rapidly through digital subscriptions and content delivery, generating increasing revenue from app transactions, streaming, and cloud storage. Additionally, wearables and accessories, led by the Apple Watch and AirPods, have seen strong growth due to health features and wireless technology advancements. Apple's commitment to innovation and sustainability continues to solidify its position as a global leader in technology. It is the NASDAQ's largest Technology company by market capitalisation.

Apple Inc. (NASDAQ:AAPL) is advancing its strategic endeavors with the recent acquisition of the Animato animation studio, a key player in avatar design and technology. The Animato acquisition underlines Apple's commitment to enhancing its software capabilities by integrating cutting-edge avatar technology into its offerings. Apple looks to amplify its market position through immersive Apple AR avatars and Apple Vision Pro avatars, leveraging technology developed by Animato founders. By incorporating the Animato avatar studio's expertise, Apple is poised to scale its Apple avatar tools for developers, supporting a robust Apple developer avatar SDK. This integration offers a competitive advantage in the burgeoning fields of metaverse and spatial computing, where Apple's personalized avatars facilitate innovative user interactions. Through the Apple iOS avatar feature and Apple avatar integration iOS, Apple is creating a seamless user experience poised to drive growth in the AR/VR sector.

10.2 Independent Ratings and Relative Value Indicators

+ Clarivate 100:

Apple Inc. is ranked 10 in the Top 100 innovators by Clarivate Analytics.

+ Brand Finance 500:

It is in the Brand Finance list of the world's 500 Valuable Banking brands by brand value in 2025, ranked 1.

+ PwC 100:

It is in PwC's list of Top 100 Global companies; ranked 1st by market capitalization in 2025.

+ Corporate Knights:

It is ranked 69 by Corporate Knights Capital in the World's 100 most sustainable corporations 2025.

+ Fortune 500:

It is in the Fortune list of Top 500 Global companies by Revenues in 2025, ranked 7.

10.3 Contact Details

Website: http://www.apple.com

Physical Address: 1 Infinite Loop,Cupertino,CA,95014

Phone: +1 408 996-1010

Fax: +1 408 974-2483

Email: investor_relations@apple.com

10.4 U.S. Industry & Sector

Classification Level: Name of Sector

Economic Sector: Technology

10.5 North American Industry Classification System [NAICS]

Code: 334220

Industry Title: Radio and Television Broadcasting and Wireless Communications Equipment Manufacturing

SECTION 11 FINANCIALS FY 2025

11.1 AAPL Financials 3-Year Summary:

Year ended Sep 30FY2025FY2024FY2023

Sales ($ B)416.2391383.3

Pretax ($ B)132.7123.5113.7

Net ($ B)11293.797

EPS ($)7.496.116.16

EPS up 22.6% to $7.49 in FY2025 [ y.e. 27 Sep 2025]

+ Net profit was up 19.5% from $93.7 billion in FY2024 to $112 billion in FY2025.

+ Earnings Per Share (EPS) was up 22.6% from $6.11 in FY2024 to $7.49 in FY2025.

11.2 Financials, FY 2025 [year-ended 27 September 2025 ]

Apple Net Profit up 19%

Release Date: November 03, 2025

Apple (NASDAQ:AAPL) reported net profit for the year-ended 27 September 2025 [FY2025] of $112b, up 19% from $93.7b in the previous year [FY2024]. Earnings per share (EPS) were up 23% from $6.11 in FY2024 to $7.49 in FY2025.

11.3 Annual growth in Revenue, Net Profit and EPS

Year-ended27 September [FY/2025]28 September [FY/2024]

Revenue, $ Billion416391

Growth in Revenue %6.42.0

Net Profit, $ Billion11293.7

Growth in Net Profit %19.5-3.4

EPS, $7.496.11

Growth in EPS %22.6-0.8

Major changes compared with previous year (FY2025 vs FY2024):

Favourable Changes:

- Net profit up 19.5% from $93.7b to $112.0b

- Sales revenue up 6.4% from $391.0b to $416.2b

- EPS up 22.6% from $6.11 to $7.49

- EBIT to total assets up from 33.8% to 36.9%

- Total revenue to total assets up from 1.1 to 1.2

Unfavourable Changes:

- Long-term investments to Total Assets down from 25.1% to 21.6%

Year-on-year comparison of Performance Ratios [FY2025 vs FY2024]

September 27FY2025FY2024Change (%)

Return on Equity (%)151.9164.6Down 7.7

Return on Assets (%)31.225.7Up 21.4

Total debt to net tangible assets (%)10.817.5Down 38.3

Debt/Equity0.10.2Down 38.9

Common Size Ratios by Assets %

Long-term investments to Total Assets21.625.1Down 13.8

Current Debtors to Total Assets20.318.1Up 11.8

Five-year record of growth and performance:

In the last 5 years Total Revenue averaged $390.1B, EBITDA averaged $119.7B and Net Profit averaged $99.4B. Compound Annual Growth Rate (CAGR) averaged 8.7% for Total Revenue, 14.3% for Net Profit and 14.6% for EBITDA.

DescriptionAnnual ($ B)5-year Avg ($ B)5-year CAGR %

Total Revenue416.2390.18.7

EBITDA132.7119.714.6

Operating Profit132.7119.714.6

Net Profit11299.414.3

Five-year record of EBITDA, Operating Profit, Net Profit, ROA and ROCE

In 2025 Net Profit Margin of 26.9% was above its 5-year Avg of 25.5% (All Figures in %)

Description20255-year Avg

EBITDA Margin31.930.6

Operating Profit Margin31.930.6

Net Profit Margin26.925.5

Return on Assets31.227.9

Return on Capital Employed68.659.4

Source: Apple Inc.'s, 10-K filing dated October 31, 2025, available at the U.S. Securities and Exchange Commission website: https://www.sec.gov/Archives/edgar/data/320193/000032019325000079/aapl-20250927.htm and Apple Inc.'s website: https://investor.apple.com/investor-relations/default.aspx. company (Apple Inc.), Ticker(AAPL)

SECTION 12 TAX & DIVIDEND

12.1 Average Income Tax Paid (Past 5 Years)

In the past 5 years, Income Tax as % of profit before tax increased from 13.3% to 15.6%, Income Tax as % of sales increased from 4.0% to 5.0% and Income Tax as % of operating cash flow increased from 13.3% to 15.6%.

Description20252024202320222021

As % of profit before tax15.624.114.716.213.3

As % of operating cash flow15.624.114.716.213.3

As % of sales57.64.44.94

The 5-year average of profit before tax was 16.8%.

12.2 Dividend History

In the past 5 years annual dividends have increased by 16.0c from 89.0c to 105.0c. Based on a start date of 5 years ago, there has been no decline in dividends over the last 5 years.

Date PaidValue (c)Type

11 May 202627Quarterly

09 Feb 202626Quarterly

10 Nov 202526Quarterly

11 Aug 202526Quarterly

Tr 12 Months105

2024 - 2025101

2023 - 202497

2022 - 202393

2021 - 202289

Source: Nasdaq Stock Exchange: https://www.nasdaq.com/market-activity/stocks/AAPL/dividend-history, company (Apple Inc.), Ticker(AAPL)

SECTION 13 TOP MANAGEMENT AND BOARD OF DIRECTORS

13.1 Top Management

Top Management [Seven top executives with tenure > 14 yrs]

NameDesignationSince Appointment

Tim CookChief Executive Officer, Director14 Yrs, 10 Mos

Arthur D. LevinsonChairman, Director25 Yrs, 10 Mos

Kevan ParekhChief Financial Officer, Senior Vice President-

Sabih KhanChief Operating Officer, Senior Vice President Operations-

Jennifer NewsteadSenior Vice President, General Counsel-

Katherine AdamsSenior Vice President-

Isabel Ge MaheVice President, Vice President and Managing Director of Greater China, Managing Director of Greater China-

13.2 Board Of Directors

Board Of Directors [One director with tenure > 15 yrs]

NameSince Appointment

Ronald D. Sugar15 Yrs, 7 Mos

Board Of Directors [Five directors with tenure < 5 yrs]

NameSince Appointment

Alex Gorsky4 Yrs, 7 Mos

Wanda Austin-

Susan L. Wagner-

Monica Lozano-

Andrea Jung-

13.3 Independent Ratings of Directors

+ Tim Cook- Glassdoor Ranking:

Tim Cook was ranked 32 in the Glassdoor Employee Review's list of 100 Top CEOs in the United States for 2021.

+ Tim Cook- Bloomberg Pay Index Ranking:

Tim Cook was ranked 3 in the Bloomberg Pay Index list in the United States for 2021, an improvement from rank 8 in 2020. According to Bloomberg Pay Index, Tim Cook's total compensation had increased by (222.13%) $588.7 million from $265 million to $853.8 million in 2021.

+ Tim Cook- Harvard Business Ranking:

Tim Cook was ranked 62 in the Harvard Business Review's list of 100 Best-Performing CEO's in the world for 2019.

APPENDIX I DATA & ARCHIVE DOWNLOAD CENTER

AAPL: EXPORT DATA TO EXCEL:

+ PRICE VOLUME - 5-YEAR HISTORY

+ FINANCIALS - 10-YEAR HISTORY [INCLUDING Q2/2026]:

+ SHAREHOLDERS - COMPLETE LIST OF 6015 INSTITUTIONS

+ PEER COMPARISON

AAPL: OTHER INFORMATION:

+ PRICE VOLUME CHARTS

+ SEC FILINGS

+ X POSTS

+ NOTES to ACCOUNTS

+ INSIDER OWNERSHIP AND SELLING IN THE PAST 10 YEARS

+ BOARD OF DIRECTORS

APPENDIX II STOCK IDENTIFIERS

ISIN: US0378331005

PermID: 4295905573

Central Index Key (CIK): 320193

CUSIP: 037833100

RIC: AAPL.O

FIGI: BBG000B9Y5X2

LEI: HWUPKR0MPOU8FGXBT394

GLOSSARY

Disclaimer:",4cc94b43a197bc2016a3df899183dbb07d16a566fdcc85eca5184be5210bbbe8,ok,,102314,77305,0,week4_lseg_html_v1,True,True
2026-06-24 23:22:08.085,2026-06-24,2026-06-24T00:00:00,2026-06-24T23:59:59,AAPL,AAPL.O,R:AAPL.O and Language:LEN,urn:newsml:newsroom:20260624:nNRA106f0v:0,newsroom,NS:CNBSTR,"Apple Inc (ETR:APC) in negative territory today, declining 0.2%; -40c [-0.2%]",,"GERMAN END-OF-DAY STOCK REPORT

CUPERTINO, Tuesday, June 23 2026 - Apple Inc's (ETR: APC EUR261.85) stock price declined 40.0c (0.2%) from its previous trading session to close at EUR261.85.

Compared with the DAX Index which fell 214.4 points (0.8%) in the day, the relative price increase was 0.7%.

There were 26,569 shares worth EUR7 million ($8 million) traded today; the volume was 0.7 times the average daily trading volume of 39,428 shares.

Today its volatility (highest price minus lowest price/lowest price) of 2.6% was 1.5 times its average daily volatility of 1.8%. Today the stock traded at its 15-day high of EUR264.60. The low for the day was EUR257.85.

INDEX

SECTION 1 TODAY'S BULLISH SIGNALS

SECTION 2 ONGOING BULLISH PARAMETERS

SECTION 3 TODAY'S BEARISH SIGNALS

SECTION 4

Read more...

ANNEXURE

APPENDIX I DATA & ARCHIVE DOWNLOAD CENTER

GLOSSARY

SECTION 1 TODAY'S BULLISH SIGNALS

1.1 Uptrend

Today's Volatility:

The 4% discount to 12-month high of EUR273.10 against the 54% premium to 12-month low of EUR169.48 suggests the stock continues to push for new highs.

Price/Moving Average Price of 1.18 and positive MACD:

- The Price/MAP 200 for Apple Inc is 1.18. Being higher than 1 is a bullish indicator. It is higher than the Price/MAP 200 for the DAX Index of 1.03, a second bullish indicator. The stock is trading above both its MAPs and the 50-day MAP of EUR250.22 is higher than the 200-day MAP of EUR222.36, a third bullish indicator. The 200-day MAP has increased to EUR222.36, a fourth bullish indicator.

- The Moving Average Convergence Divergence (MACD) indicator of 12-day Exponential Moving Average (EMA) of 259.48 minus the 26-day EMA of 257.81 is positive, suggesting a bullish signal. Both the 12-day EMA as well as the 26-day EMA are rising, another bullish signal.

Past Quarter:

- In the last three months the stock has hit a new 52-week high fourteen times, pointing to a significant uptrend.

SECTION 2 ONGOING BULLISH PARAMETERS

2.1 Present Value of EUR1000 Invested in the Past [3 Mo, 1 Yr, 3 Yrs]; The Best Periods with PVEUR1000 > 1,207

PVEUR1,0003 mo ago1 yr ago3 yrs ago

APC.ETREUR1,208EUR1,510EUR1,541

Computers sectorEUR1,230EUR1,511EUR1,453

DAX IndexEUR1,104EUR1,071EUR1,576

2.2 The Best Periods [3 Mo, 1 Yr] with Price Change % > 20.7

1-Year price change of 51% for Apple Inc outperformed the change of 6.9% in the DAX Index for a relative price change of 44.1%.

Price Change %QuarterYear

Apple Inc20.851

Computers sector2352.1

DAX Index8.76.9

SECTION 3 TODAY'S BEARISH SIGNALS

3.1 Downtrend

Past Month:

- Falls to Rises: In the past month the number of falls outnumbered rises 14:8 or 1.8:1.

SECTION 4

APPENDIX I DATA & ARCHIVE DOWNLOAD CENTER

APC: OTHER INFORMATION:

+ PRICE VOLUME CHARTS

+ USD vs EUR EXCHANGE RATE CHARTS IN HTML

GLOSSARY

Disclaimer:",b1e8797efc5ba988f80874d5817fcec9d40d10ec82c46ba8c0094f3fdbf2b7e8,ok,,4459,2839,0,week4_lseg_html_v1,True,True
2026-06-24 22:13:38.821,2026-06-24,2026-06-24T00:00:00,2026-06-24T23:59:59,AAPL,AAPL.O,R:AAPL.O and Language:LEN,urn:newsml:newsroom:20260624:nNRA105l5o:0,newsroom,NS:ELEBUS,Patent Issued for Fluid-filled camera modules (USPTO 12647663),,"2026 JUN 24-- By a News Reporter-Staff News Editor at Electronics Business Daily-- Apple Inc. has been issued patent number 12647663, according to news reporting originating out of Alexandria, Virginia, by NewsRx editors. The patent' s inventors are Birnbaum, Zachary W.. This patent was filed on May 7, 2024 and was published online on June 2, 2026. 2026 JUN 24 (NewsRx) -- By a News Reporter-Staff News Editor at Electronics Business Daily -- Apple Inc. (Cupertino, California, United States) has been issued patent number 12647663, according to news reporting originating out of Alexandria, Virginia, by NewsRx editors.

The patent's inventors are Birnbaum, Zachary W. (Santa Clara, CA, US).

This patent was filed on May 7, 2024 and was published online on June 2, 2026.

From the background information supplied by the inventors, news correspondents obtained the following quote: ""A portable electronic device may include a camera module for capturing an image. A conventional camera module includes an image sensor aligned with a focal plane defined by a lens group. In many cases, one or more lenses of the lens group and/or the image sensor itself may be movable to adjust focus and/or for optical image stabilization.

""Image sensors, actuators, processing circuitry, and other electronic components within a camera module can generate significant waste heat. As a result, many camera modules are artificially performance limited. For example, high speed autofocus operations and/or high framerate modes may only be usable for limited period before a thermal shutoff threshold is reached.""

Supplementing the background information on this patent, NewsRx reporters also obtained the inventors' summary information for this patent: ""Embodiments described herein take the form of a camera module including: a module housing defined by an upper housing part with a lens opening and a lower housing part; a lens element disposed within the lens opening; a substrate within the module housing below the lens element; an image sensor disposed on the movable substrate and aligned with the lens element; a flexible seal coupling the substrate to the lens element. The flexible seal defines a first sealed volume between the image sensor and the lens element and a second sealed volume between an exterior surface of the flexible seal and an interior surface of the module housing. The camera module includes a first fluid retained within the first sealed volume and a second fluid retained within the second sealed volume.

""Some embodiments described herein take the form of a camera module including: a module housing; a lens element extending through the module housing; a substrate within the module housing below the lens element and supporting an electronic component; an image sensor disposed on the substrate; a seal coupling the substrate to the lens element and defining a sealed volume between an exterior surface of the seal and an interior surface of the module housing; and a fluid retained within the sealed volume and configured to absorb and dissipate heat generated by the electronic component and the image sensor.

""The use of the same or similar reference numerals in different figures indicates similar, related, or identical items.

""The use of cross-hatching or shading in the accompanying figures is generally provided to clarify the boundaries between adjacent elements and also to facilitate legibility of the figures. Accordingly, neither the presence nor the absence of cross-hatching or shading conveys or indicates any preference or requirement for particular materials, material properties, element proportions, element dimensions, commonalities of similarly illustrated elements, or any other characteristic, attribute, or property for any element illustrated in the accompanying figures.

""Additionally, it should be understood that the proportions and dimensions (either relative or absolute) of the various features and elements (and collections and groupings thereof) and the boundaries, separations, and positional relationships presented therebetween, are provided in the accompanying figures merely to facilitate an understanding of the various embodiments described herein and, accordingly, may not necessarily be presented or illustrated to scale, and are not intended to indicate any preference or requirement for an illustrated embodiment to the exclusion of embodiments described with reference thereto.""

The claims supplied by the inventors are:

""1. A camera module comprising: a module housing defined by: an upper housing part defining a lens opening; and a lower housing part; a lens element disposed within the lens opening; a movable substrate within the module housing below the lens element; an image sensor disposed on the movable substrate and aligned with the lens element; a flexible seal coupling the substrate to the lens element and defining: a first sealed volume defined between the image sensor and the lens element; and a second sealed volume defined between an exterior surface of the flexible seal and an interior surface of the module housing; a first fluid retained within the first sealed volume; and a second fluid retained within the second sealed volume, the second fluid comprising a dielectric material.

""2. The camera module of claim 1, wherein the first fluid is a gas and the second fluid is a liquid.

""3. The camera module of claim 1, wherein the flexible seal comprises an elastomeric material.

""4. The camera module of claim 1, comprising an infrared cut filter positioned over the image sensor and at least partially within the first sealed volume.

""5. The camera module of claim 1, comprising an actuator configured to translate the image sensor along an axis.

""6. The camera module of claim 5, wherein the actuator comprises a shape memory alloy.

""7. The camera module of claim 1, wherein the lens element comprises a lens group and a barrel, the barrel coupled to the upper housing part and at least partially defining the second sealed volume.

""8. A camera module comprising: a module housing; a lens element extending through the module housing; a substrate within the module housing below the lens element and supporting an electronic component; an image sensor disposed on the substrate; a seal coupling the substrate to the lens element and defining a sealed volume between an exterior surface of the seal and an interior surface of the module housing; and a fluid retained within the sealed volume and configured to absorb heat generated by the electronic component and the image sensor.

""9. The camera module of claim 8, wherein the fluid is a dielectric fluid.

""10. The camera module of claim 8, wherein the substrate is coupled to the module housing via a shape memory alloy.

""11. The camera module of claim 8, wherein the electronic component comprises a processor.

""12. The camera module of claim 8, wherein the electronic component comprises an actuator.

""13. The camera module of claim 8, wherein the lens element is adhered to the module housing.

""14. The camera module of claim 8 wherein the seal is a flexible seal and is configured to move in response to translation of the substrate.""

For the URL and additional information on this patent, see: Birnbaum, Zachary W. Fluid-filled camera modules. U.S. Patent Number 12647663, filed May 7, 2024, and published online on June 2, 2026. Patent URL (for desktop use only): https://ppubs.uspto.gov/pubwebapp/external.html?q=(12647663)&db=USPAT&type=ids",0a0e5b8f6d0449d7e9fb883ba447d7f7e87aedd527fd0f2d4ee23c25a931e46c,ok,,7981,7514,1,week4_lseg_html_v1,True,True
2026-06-24 21:08:45.000,2026-06-24,2026-06-24T00:00:00,2026-06-24T23:59:59,AAPL,AAPL.O,R:AAPL.O and Language:LEN,urn:newsml:reuters.com:20260624:nL6N42W164:6,reuters,NS:RTRS,"UPDATE 2-Qualcomm forecasts $15 billion data center chip sales by 2029, shares soar",,"Custom chip revenue from two hyperscaler customers will start before year-end, Qualcomm says

Microsoft will use Qualcomm's HBC chips for AI tasks

Meta will use Dragonfly C1000 CPU designed for AI data centers

Adds details on financial forecast, context

By Anhata Rooprai and Stephen Nellis

June 24 (Reuters) - Qualcomm QCOM.O said it expects to generate $15 billion in sales from its data center business by 2029 as it moves beyond its core smartphone chips, sending shares more than 12% higher in after-hours trading on Wednesday.

Chief Financial Officer Akash Palkhiwala said at an investor presentation that the data center business will bring in $5 billion for fiscal 2027, with $1 billion coming from the new custom-chip customers.

Qualcomm also said it expects $40 billion in revenue from chips outside its smartphone stronghold by 2029, up from previous estimates of $22 billion, and with handsets only making up a third of its chip revenue by then.

""We will be truly diversified,"" Palkhiwala said.

Arm Holdings, which supplies underlying technology for many Qualcomm chips, also rose 5% after the forecast.

Bank of America analysts had earlier said they expect modest revenue of roughly $2 billion to $5 billion annually from Qualcomm's data center push by fiscal 2027-2028.

META, MICROSOFT AMONG CUSTOMERS

Earlier in the day, Qualcomm said Microsoft MSFT.O and Meta Platforms META.O will use its new AI chips and that it will make custom chips for two other unnamed ""hyperscalers.""

Qualcomm's shift to AI chips reflects mounting pressure in the smartphone market, which has been squeezed by a memory chip shortage driven by surging demand for AI infrastructure, and major customers such as Apple AAPL.O and Samsung 005930.KS developing chips in-house.

The chipmaker on Wednesday said Microsoft will use its new category of chips that relies on cheap memory chips used in smartphones and laptops, instead of the pricey high-bandwidth chips used by Nvidia and SRAM memory used by Cerebras Systems CBRS.O.

The company calls the new category ""High Bandwidth Compute"" or HBC.

""That is a tremendous value that we deliver to the industry in terms of performance per cost advantage,"" said Tony Pialis, Qualcomm's data center chief.

Qualcomm said Meta will use its new CPU called Dragonfly C1000 that it has designed specifically for AI data centers, entering a market where both Arm Holdings and Nvidia are courting customers.

Pialis also said Qualcomm has won two major customers — called ""hyperscalers"" in the computing industry — for whom it will make custom chips, with revenue starting before the end of this calendar year.

""I have not had to push my way into hyperscale customers; they've been pulling us in,"" Pialis said, without naming the customers.

CROWDED DATA CENTER CHIP MARKET

Qualcomm, which has attempted to boost its data-center business multiple times, is re-entering a fast-growing, but hyper-competitive AI market full of large incumbents such as Nvidia NVDA.O, the newly minted Cerebras and other custom chip options including Amazon's AMZN.O Graviton and Google's GOOGL.O Axion, Bank of America analysts warned in a client note on Tuesday.

Qualcomm said in April that it plans to begin shipping processors and other AI chips for data centers by year-end.

It also said it was working with customers on three kinds of chips: central processing units, inference accelerators, and custom application-specific integrated circuits (ASICs), a segment that has been booming for rivals such as Broadcom AVGO.O and Marvell MRVL.O.

AI inference — running trained AI models — has emerged as a key battleground.

(Reporting by Anhata Rooprai in Bengaluru; Editing by Sayantani Ghosh and Sahal Muhammed)",33f77d249df3c068956f93e0eef49bdbe2a6251891ecea55c74996f2543ac75b,ok,,7083,3736,0,week4_lseg_html_v1,True,True
2026-06-24 20:53:10.191,2026-06-24,2026-06-24T00:00:00,2026-06-24T23:59:59,AAPL,AAPL.O,R:AAPL.O and Language:LEN,urn:newsml:newsroom:20260624:nNRA104xs1:0,newsroom,NS:NEWUSN,Apple Inc. top gainer in Fund Evaluation Group jumps 16.7% in 84 days; -94c [-0.3%],,"NASDAQ END-OF-DAY STOCK REPORT

CUPERTINO, Wednesday, June 24 2026 - Apple Inc.'s (NASDAQ: AAPL $293.35) stock price is the top gainer, [ranked 1 out of 2] by % price gain, as per disclosure by Fund Evaluation Group to the SEC of their holdings as at Mar 31, 2026. It is assumed there has been no significant change in the holdings since that date.

AAPL has jumped $39.79 (or 16.7%) from $253.56 as at Mar 31 to $293.35 as at today's close. Market Capitalization has soared by $617.5 billion from $3,725.9 billion to $4,343.4 billion in the past 84 days since Mar 31.

APPLE INC. (AAPL) Stock Dashboard [traded in US Dollars, USD] End-of-Day Wed, Jun 24

http://www.apple.com

Last$293.35

52-Week Price Range$198.47 - $317.40

Ave Daily Volume39,671,767 shares

Today's Volume [VI]33,993,887 [0.9]

Market Cap$4,306.7 billion

ExchangeNASDAQ [BATS, NSX, NYSE ARCA, Nasdaq]

P/E35.4

EPS (FY2025)$7.49

EPS Growth (Q2 2026 vs Q1 2026)-29.1%

Shares Outstanding14,681,000,000

AAPL in IndicesNASDAQ-100 [of 100 stocks]

Dividend Yield % (TTM)0.36%

DPS (past 12 months)$1.02 or 102c

SectorTechnology [Rank by MCap 1 of 218 stocks]

PV$1000 (1 yr) and TRS$1,476; 47%

A year ago the Apple Inc. share price was $199.51. $1,000 would have bought 5 Apple Inc. shares on that day. Those 5 Shares would be worth $1,470 at today's share price of $293.35. PV$1000= $1,470.

Primary Exchange and Other Listings: Trading Currency and Volume

ExchangeTickerCurrencyLastADVTVol % of TotalToday's VI

NasdaqAAPLUSD293.3540,887,04899.90.8

XetraAPCEUR261.8539,4380.10.7

Total100.00

1 USD= 0.8786 EUR

Past quarter momentum up: Apple Inc. soars 17% on below average volume 0.8 times average.

Past month toHighLowVWAPVolume Index *

24 Jun 2026317.40287.38302.051.0

22 May 2026311.40264.83287.070.8

24 Apr 2026273.18269.40260.270.6

[*Volume Index of 1.0 means volume for the month was 1.0 times its 12-month average]

[VWAP is defined as the Volume Weighted Average Price; High Low prices and VWAP are shown in USD]

Stock Buzz

Other Publishers Buzz in the past week

JunHeadlinePublisher

Wed 24Apple (AAPL) BofA Stays Bullish as Price Increases Could Offset Higher Memory CostsInsider Monkey

Mon 22Why Apple (AAPL) Is Tying Its AI Comeback to Devices, Services, and SiriYahoo Finance

Thu 18Intel Stock Rockets on Apple PartnershipThe Wall Street Journal

Wed 17Prediction: Apple Stock Will Go On a Bull Run in the Second Half of 2026AOL

Analyst Recommendations: Past 47 days

2026BrokerageCurrent RatingPrev TargetPrice Target

Jun 09Maxim GroupBuy310350

Jun 09Morgan StanleyOverweight330360

Jun 09TD CowenBuy335350

May 26Bank of AmericaBuy330380

May 08WedbushOutperform350400

Since December 29, Apple Inc. has had forty-nine analyst rating changes with thirty-seven being upgrades. Apple Inc. is up 7.4% since December 29.

Bullish Turning Point

Williams % R

The stock is oversold according to the Williams % R indicator of -80.1, suggesting the price is close to its 14-day low. The Williams % R was previously -77.0.

INDEX

SECTION 1 RECENT NEWS AND RESEARCH

SECTION 2 THE PAST YEAR: PRESS RELEASES

SECTION 3 THE PAST QUARTER: X POSTS BY TIM COOK, CEO

SECTION 4 APPLE INC. 10-Q: 12 CONSEQUENTIAL MANAGEMENT DECISIONS

SECTION 5 INSTITUTIONAL OWNERSHIP UPDATED AFTER LAST SEC FILING Q1/2026 REPORTED ON MAY 18

SECTION 6 TODAY'S BULLISH SIGNALS

SECTION 7 ONGOING BULLISH PARAMETERS

SECTION 8 TODAY'S BEARISH SIGNALS

SECTION 9 ONGOING BEARISH PARAMETERS

SECTION 10 CORPORATE PROFILE AND INDEPENDENT RATINGS

SECTION 11 FINANCIALS FY 2025

SECTION 12 TAX & DIVIDEND

SECTION 13 TOP MANAGEMENT AND BOARD OF DIRECTORS

Read more...

ANNEXURE

APPENDIX I DATA & ARCHIVE DOWNLOAD CENTER

APPENDIX II STOCK IDENTIFIERS

GLOSSARY

SECTION 1 RECENT NEWS AND RESEARCH

Apple Inc. (NASDAQ:AAPL) stands as a global leader in technology innovation, driving its ecosystem through the iPhone, MacBook, and Apple Watch product lines. Core offerings such as the iPhone 18 Pro and affordable MacBook Neo highlight Apple's commitment to sleek design and robust performance. The imminent launch of the foldable iPhone signifies the company's strategic push into advanced mobility devices. Innovations like Apple Arcade and the Safari Technology Preview enable richer user experiences, while initiatives in Taiwan chips assembly bolster supply chain resilience. Apple's stronghold in AI, software, and its recycling program underpin its long-term competitive edge and sustainability efforts.

Source: Nasdaq Stock Exchange: https://www.nasdaq.com/market-activity/stocks/AAPL, company (Apple Inc.), Ticker(AAPL)

Financial News

Quarterly Report (Q2/2026):

Release Date: May 06, 2026

Quarterly Report Analysis Quarter ending 31 March 2026: Apple reports 30% sequential fall in Quarterly Net Profit

Apple (NASDAQ:AAPL), announced net profit of $29.6b for the quarter-ended 31 March 2026 [Q2/2026], down 30% from the previous quarter [Q1/2026] and down 52% from the year-earlier period [Q2/2025]. Earnings per share (EPS) were down 29.1% sequentially from $2.85 in Q1/2026 to $2.02 in Q2/2026.

Quarterly Report (Quarter ending 31 Mar 2026)

Quarter-ended31 Mar 202627 Dec 202527 Sep 2025

EPS, $2.02.91.9

Sequential growth in EPS %-295418

Revenue, $ billion111144102

Sequential growth in Revenue %-22.740.39.0

Net Profit, $ billion29.642.127.5

Sequential growth in Net Profit %-29.75317.2

Compared with the Previous Corresponding Period [PCP; Q2/2025], year-over-year [y.o.y.] EPS was down 50.2%, Revenue was down 49.4% and Net Profit was down 51.6%.

Quarter-ended31 Mar 202631 Mar 2025

EPS, $2.01.6

PCP growth in EPS %-507.8

Revenue, $ billion11195.4

PCP growth in Revenue %-49.45.1

Net Profit, $ billion29.624.8

PCP growth in Net Profit %-524.8

VI* Volume Index = Number of shares traded today/Average number of shares traded per day.

Source: Nasdaq Stock Exchange: https://www.nasdaq.com/market-activity/stocks/AAPL, company (Apple Inc.), Ticker(AAPL)

SECTION 2 THE PAST YEAR: PRESS RELEASES

2.1 Press Releases and Corporate Wire

Press Release article 1 of 14, Source: Apple, 304 words

June 23: Apples Eddy Cue honored as the 2026 Entertainment Person of the Year

This evening, at the Cannes Lions International Festival of Creativity in Cannes, France, Apples Senior Vice President of Services and Health, Eddy Cue, was recognized as the 2026 Entertainment Person of the Year. Presented in recognition of the vital role that entertainment plays in the marketing and communications landscape, the award acknowledges the creativity that inspires others to produce truly compelling, meaningful and entertaining content.

During the ceremony, Cue took the stage to accept the award from Cannes Lions CEO Simon Cook, and shared: Weve never strived to be the most. We strive to be the best. When we started Apple TV nearly seven years ago, we said, lets build the place that allows the best storytellers in the world to do their best work.

Additionally, Cue stated, Stories can make you laugh, cry, think and many other emotions. They connect us. Across language, across culture, across everything. Thats what were all about at Apple, so stay tuned for more. Were just getting started.

Earlier in the day, Cue and legendary producer Jerry Bruckheimer participated in an insightful keynote seminar, where the two discussed Apples ongoing partnership with Bruckheimer on titles including the record-setting and Academy Award-winning F1, as well as an upcoming UAP feature that reunites Bruckheimer with director Joseph Kosinski.

Since his tenure at Apple, Cue has been instrumental in building Apples globally influential entertainment ecosystem, overseeing Apple TV, Apple Music, Apple Podcasts, Apple Books, Apple Pay, Apple News, Apple Fitness+, Apple Card, Apple Maps and iCloud, as well as Apples productivity and creativity apps.

Under Cues leadership, Apple TV, which launched just over six years ago as a wholly original streaming platform, has become one of the industrys most award-winning and culture-defining services.

Press Release article 2 of 14, Source: Apple, 297 words

June 18: Apple TVs new comedy series Brothers, starring Matthew McConaughey and Woody Harrelson, to make global debut on Wednesday, September 23

Today, Apple TV announced that its new eight-episode comedy, Brothers, will make its global debut on Wednesday, September 23 with the first two episodes, followed by one new episode every Wednesday through November 4, 2026. Starring and executive produced by Academy Award winner Matthew McConaughey and Academy Award nominee Woody Harrelson, and produced by Paramount Television Studios, Brothers is showrun and executive produced by multi-Emmy Award nominee and Peabody Award winner Lee Eisenberg.

Brothers follows McConaughey and Harrelson, who play fictionalized versions of themselves, and whose lifelong friendship is thrown into chaos when they uncover a decades-old secret: they might actually be brothers. After Woodys daughters wedding falls apart, he loads up the family and heads to Austin for an extended stay at Matthews ranch. But what begins as a healing getaway quickly spirals when Matthews mother, Ma Mac (played by Holland Taylor), accidentally lets slip a long-buried secret that the two friends might actually be brothers. As Woody turns the ranch upside down in pursuit of the truth, Matthew finds himself juggling an entirely different identity crisis: a potential run for Governor of Texas. The result is a heartfelt, chaotic and wildly funny story about friendship, family, fame and the messy line between myth and reality.

The ensemble cast starring alongside Harrelson and McConaughey includes Natalie Martinez, Brittany Ishibashi, Nolan Almeida, Ella Grace Helton, Noah Carganilla, Highdee Kuan, Oona Yaffe and Holland Taylor.

Brothers is produced for Apple TV by Paramount Television Studios. Eisenberg, McConaughey and Harrelson executive produce alongside Natalie Sandy, David West Read, Trish Hofmann, Bill Bost, Jason Winer, David Finkel, Brett Baer and Jeremy Plager.

Press Release article 3 of 14, Source: Apple, 321 words

June 18: Apple announces changes to iOS in Brazil

Apple today announced changes impacting iOS apps in Brazil that reflect a recent agreement with Brazils competition regulator, the Conselho Administrativo de Defesa Economica (CADE). These updates create new options for developers to distribute apps on alternative app marketplaces and to process app payments for digital goods and services outside of Apple In-App Purchase. Across these changes, Apple has worked to reduce the new privacy and security risks they create to provide users in Brazil the best and safest experience possible.

The new options for alternative app marketplaces and app payments open new avenues for malware, fraud, scams, and privacy and security risks. Apple has worked with the Brazilian regulator to introduce protections from these new threats including important safeguards for younger users. These protections include Notarization for iOS apps, an authorization process for app marketplaces, and requirements that help protect children from inappropriate content and scams.

While these safeguards do not eliminate the new risks, they are essential to Apples work to ensure iOS remains the best, most secure mobile platform available in Brazil. Apple will continue to engage with regulators on strengthening protections for iOS users.

Developers can learn about the new capabilities on the Apple Developer Support page and can integrate them into their apps beginning today as part of iOS 26.5.

New Options for Developers to Distribute Apps on iOS in Brazil

The App Store where every app is reviewed to meet a high bar for privacy and security remains the best place for iOS users in Brazil to discover and download the apps they love. This includes App Store features that protect users against fraud and scams and empower parents to help ensure their kids have age-appropriate experiences.

Under the agreement with CADE, developers will also have the option to distribute iOS apps in Brazil using alternative app marketplaces other than the App Store.

Press Release article 4 of 14, Source: Apple TV, 330 words

June 16: Apple TV announces fourth season for EmmyAward-nominated travel series The Reluctant Traveler With Eugene Levy

Today, Apple TV announced a fourth season renewal for the multi-Emmy Award-nominated travel series The Reluctant Traveler With Eugene Levy, hosted and executive produced by Emmy Award winner Eugene Levy (Schitts Creek). The new eight-episode season will follow Levy as he attempts to up the ante by saying yes to the kinds of travel experiences hes spent a lifetime carefully avoiding, even in previous seasons. Saying no used to be his happy place, but after three seasons on the road, hes discovered he may be more adventurous than he ever thought possible. This season, he pushes himself even further by embracing unfamiliar experiences, unexpected challenges and the kinds of adventures he once would have instantly and instinctively turned down.

After three seasons on the show I have just about accepted, albeit begrudgingly, that saying yes to new experiences is not necessarily a bad thing for me, said Eugene Levy. So, Ive committed to saying yes a little more often this season. Its a strategy Im approaching with considerable caution.

Since its debut, The Reluctant Traveler With Eugene Levy has received broad acclaim from critics and fans around the world. Hailed as dazzling, delightful and gorgeously filmed and perhaps the perfect blend of travel documentary and pure comedy, the series features host Levy as an absolute delight to watch and endlessly entertaining. Season three highlights included an episode with Prince William that became a global sensation, as headlines applauded the royal as youve never seen him, with an extraordinary set of revelations in a rare and very personal and emotional conversation with Levy, speaking as both heir to the throne and a father determined to do things differently. The third season also featured Grammy Award-winning superstar Michael Buble and adventures with Levys daughter, Sarah, with more very special guests to come in season four.

Press Release article 5 of 14, Source: Apple, 341 words

June 11: Due to DMA, Siri AI delayed in EU for iOS 27 and iPadOS 27

Apple today introduced Siri AI, an entirely new version of Siri, powered by Apple Intelligence. Unfortunately, due to the Digital Markets Act (DMA), Apple will not be able to ship Siri AI in the European Union with the release of iOS 27 and iPadOS 27. Over the past several months, EU regulators did not accept any of Apples proposed solutions to bring Siri AI to the EU while safely supporting other virtual assistants.

Were deeply disappointed that our EU users wont have Siri AI on iPhone or iPad when we share our new software releases later this year, said Craig Federighi, Apples senior vice president of Software Engineering. Our hope is to eventually bring Siri AI to the EU, and we will continue to engage with EU regulators on a path forward. However, their refusal to engage constructively on solutions that preserve privacy and security means we do not currently have a timeline for Siri AIs availability on iOS and iPadOS in the EU.

When iOS 27 and iPadOS 27 launch later this year, users in the EU 1 will not have access to Siri AI and its advanced capabilities including the new dedicated app to revisit conversations, an expanded Visual Intelligence experience, integrated tools for writing, Siri mode in Camera on iOS, and other Siri AI capabilities announced at WWDC26. Because Siri AI on watchOS 27 requires a paired iPhone with Siri AI, EU users will not have access to Siri AI on watchOS 27.

EU users will be able to access Siri AI on macOS 27 and visionOS 27. Developers located in the EU will not be able to test or use the new Siri AI features for their apps on iOS 27, iPadOS 27, and watchOS 27.

Siri AI is private by design and deeply integrated across Apples platforms using on-device processing and Private Cloud Compute, which extends the privacy and security of iPhone into the cloud.

Press Release article 6 of 14, Source: Apple TV, 358 words

June 11: Apple TV unveils first look at season six of Emmy and BAFTA Award-winning espionage drama Slow Horses, starring Academy Award winner Sir Gary Oldman

Today, Apple TV revealed a first look at season six of Slow Horses, the Emmy Award and BAFTA TV Award-winning spy drama starring Academy Award winner Sir Gary Oldman, who has been honored with Golden Globe, Emmy Award, Actor Award and BAFTA TV Award nominations for his outstanding performance in the series. The highly anticipated six-episode sixth season will premiere globally on Wednesday, September 16, 2026 with the first episode, followed by one episode weekly until October 21, 2026.

Slow Horses is a darkly humorous espionage drama that follows a dysfunctional team of British intelligence agents who serve in a dumping ground department of MI5 known unaffectionately as Slough House. Oldman stars as Jackson Lamb, the brilliant but cantankerous leader of the spies who end up in Slough House due to their career-ending mistakes and who frequently find themselves blundering around the smoke and mirrors of the espionage world.

Season six sees the Slow Horses on the run as Diana Taverner embroils them all in a fatally high-stakes game of retaliation and revenge.

The ensemble cast includes Academy Award nominee Kristin Scott Thomas, Emmy Award nominee Jack Lowden, Saskia Reeves, BAFTA TV Award nominee Christopher Chung, Aimee-Ffion Edwards, Rosalind Eleazar, Joanna Scanlan, BAFTA Award nominee Samuel West, Ruth Bradley, Tom Brooke, Academy Award nominee Jonathan Pryce and Hugo Weaving, alongside new addition, BAFTA TV Award winner Lenny Rush.

Slow Horses has been celebrated as undoubtedly the best spy series on television, a truly epic espionage thriller that is utterly brilliant and just so damn good. All five seasons of Slow Horses hold a Certified Fresh score, with two seasons receiving a rare, perfect 100 percent critics score on Rotten Tomatoes, and the series continues to receive global accolades from critics and fans alike.

The series is produced for Apple TV by See-Saw Films, with Jamie Laurenson, Hakan Kousetta, Julian Stevens, Iain Canning, Emile Sherman, Adam Randall, Gail Mutrux, Douglas Urbanski and Oldman serving as executive producers.

Press Release article 7 of 14, Source: Apple TV, 319 words

June 10: Apple TV debuts heartwarming trailer for fifth season of critically acclaimed comedy Trying starring Rafe Spall and Esther Smith

Today, Apple TV unveiled the trailer for the fifth season of acclaimed comedy series Trying, starring and executive produced by BAFTA Award nominee Esther Smith and Actor Award nominee Rafe Spall. The eight-episode comedy will make its global return to Apple TV with its first episode on Wednesday, July 8, followed by one episode weekly through Wednesday, August 26.

Season five finds Nikki (Smith) and Jason (Spall) dealing with the consequences of Princess (Scarlett Rayner) and Tylers (Cooper Turner) biological mother, Kat (Charlotte Riley), turning up at their doorstep, and the whirlwind of chaos she brings into their settled family life.

The ensemble cast also includes BAFTA Award winner Darren Boyd (Down Cemetery Road), BAFTA Award nominee Sian Brooke (Blue Lights), Actor Award nominee Celia Imrie (The Thursday Murder Club), BAFTA Award nominee Phil Davis (Harry Potter and the Half-Blood Prince), BAFTA Award winner Gbemisola Ikumelo (Black Ops) and Actor Award nominee Colin Morgan (Belfast).

Since its global debut, Trying has been hailed as a feel-good, poignant and addictive comedy that is one of Apple TVs sweetest treats. The series has achieved a 96 percent critics score on Rotten Tomatoes, as fans applaud standout performers, brilliant details and the heartwarming, critically acclaimed series that provides refreshing journeys we dont often see on television.

Trying is created, written and executive produced by Andy Wolton, and executive produced by BAFTA Award nominees Josh Cole and Sam Pinnell alongside International Emmy Award winner Chris Sussman, Smith and Spall. The series is produced by BBC Studios.

This seasons soundtrack is helmed by Ivor Novello Award-winning Dublin-born artist and producer Orla Gartland, with original songs set to debut each episode. Gartlands upcoming new single, At The End Of The Day, is also featured in the season five trailer.

Press Release article 8 of 14, Source: Apple, 374 words

June 10: Apple introduces innovative features and intelligence experiences across services

With the 2027 software releases coming this fall, Apple is bringing powerful new features to services users. New offerings include improved Flyover views and Local Lists in Apple Maps, flexible sharing options in Find My, the ability to use Visual Intelligence to split bills with Apple Cash, video podcast support across Mac and tvOS, revamped Shared Albums in iCloud, and a new program for Apple Fitness+.

Were excited to bring powerful new features and intelligence to hundreds of millions of users across Apple services, making their experiences even more useful and fun, said Eddy Cue, Apples senior vice president of Services. From new exploration tools with Flyover and Local Lists in Maps, to more convenient ways to pay and get paid in Apple Wallet, to the continued expansion of video podcasts in Apple Podcasts on Mac and in tvOS, and so much more these updates reflect our commitment to creating experiences that truly make a difference in peoples lives.

Apple Maps Introduces Enhanced Flyover and Local Lists

Apple Maps brings an enhanced Flyover experience, which combines aerial imagery with AI to enable users to view imagery in stunning detail for select cities around the world like never before. Whether scouting a location before a trip or simply exploring a city from a new perspective, the enhanced experience gives users a sharper and more lifelike glimpse into destinations across the globe.

With Local Lists, Apple Maps users in the U.S. can find the perfect spot for meeting friends, dining, and more. Using intelligent insights from whats trending, Maps surfaces locally relevant collections of places from trending restaurants to great spots to take kids so its easy for users to find what they are looking for. All insights are derived with privacy in mind and never tied to individual users.

Find My Gets Flexible Sharing Options and a Consolidated watchOS App

Coming this fall, users will have more control over how they share their location with friends and family using Find My, with new options to share for a custom duration either for a number of minutes, hours, or days or even set a date and time for when sharing will stop.

Press Release article 9 of 14, Source: Apple Intelligence, 332 words

June 09: Apple Intelligence brings powerful AI capabilities into everyday experiences

Apple today introduced the next generation of Apple Intelligence, powered by a bold new architecture that integrates the latest Apple Foundation Models deep into Apples platforms and is uniquely designed to protect users privacy. This makes the apps and experiences users rely on every day across iPhone, iPad, Mac, Apple Watch, AirPods, and Apple Vision Pro more personal and helpful than ever. Apps become smarter and more useful with powerful editing capabilities in Photos, intelligent tools to tailor browsing in Safari, the ability to upgrade security protections with Passwords, an all-new Image Playground that creates photorealistic imagery, and more. Across many of these features, users have the ability to simply describe what theyre looking for, so they can do the things that matter most to them even more easily. These features are available for developer testing starting today, and will be available to users this fall.

At Apple, our mission has always been to turn the potential of advanced technology into helpful and intuitive products for everyone, and that has never been more important than today, said Craig Federighi, Apples senior vice president of Software Engineering. Truly helpful AI must be centered on our users needs, deeply integrated into the products they rely on every day, grounded in personal context, and built with privacy at every step. That is our vision for Apple Intelligence. With useful features for browsing the web, expressing creativity, editing photos, and so much more, today marks a big step forward on our journey to integrate powerful AI into the core of our platforms and make our products even more personal and useful.

The next generation of Apple Intelligence also helps power Siri AI, an entirely new version of Siri.1 Siri AI is a profoundly more personal, capable, and conversational assistant that also offers a new dedicated app, along with integrated tools for writing and Visual Intelligence across platforms.

Press Release article 10 of 14, Source: Attention campers! Apple TV, 358 words

June 09: Attention campers! Apple TV debuts delightful trailer for Camp Snoopy season two, premiering globally Friday, June 26

Today, Apple TV unveiled the trailer for season two of Camp Snoopy, premiering globally on Friday, June 26. In season two, Snoopy and the Beagle Scouts are looking forward to carefree time in the majestic landscape of Camp Spring Lake. Along with Charlie Brown and the rest of the Peanuts gang, join Snoopy and the birds as they hike, swim and leap their way through another round of fun and adventure in the Great Outdoors, searching for the elusive hedge toad, building towering sandcastles and debating the merits of hot dogs versus hamburgers.

Produced for Apple TV by Peanuts and WildBrain, the series is based on the Peanuts comic strip by Charles M. Schulz and is directed by Rob Boutilier. Executive producers are Paige Braddock, Chris Bracco, Boutilier, Josh Scherba, Stephanie Betts and Logan McPherson.

Apple TV is the exclusive streaming home for all things Peanuts, including the classic Peanuts library, as well as more new original Peanuts series and specials, through an expanded partnership with WildBrain, Peanuts Worldwide and Lee Mendelson Film Productions until 2030. Apple has been home to the Peanuts classic library since 2020, alongside multiple original programming collaborations starting in 2018, and is currently in production with WildBrain and Peanuts on a brand-new animated feature film starring Snoopy, Charlie Brown and the Peanuts gang. In the upcoming feature Snoopy Unleashed, Snoopy runs away from home, and Charlie Brown and the Peanuts gang go on an emotional journey to the vibrant Big City as they search for Snoopy and discover that real friendship means loving each other just as they are.

Apple TVs award-winning original Peanuts series also include the Emmy and Annie Award-nominated Snoopy in Space and The Snoopy Show as well as new original specials under the Snoopy Presents banner including Emmy Award-nominated programs Its the Small Things, Charlie Brown, Lucys School, To Mom (and Dad), With Love, One-of-a-Kind Marcie, Welcome Home, Franklin, the Annie Award-nominated For Auld Lang Syne and A Summer Musical.

Press Release article 11 of 14, Source: Apple s Schmigadoon! , 317 words

June 08: Apples Schmigadoon! wins Best Musical at the 79th Annual Tony Awards

Tonight, Apple is honored with its first-ever Tony Award wins, including Best Musical, Best Original Score, Best Book of a Musical and Best Orchestrations for Schmigadoon!, co-produced by Apple TV and inspired by the Apple TV series of the same name. With these wins, Apple TV has earned multiple Emmy Awards, a Grammy, Oscars and Tony Awards just six and a half years after its launch.

Since its global debut, Apple Original series Schmigadoon! has been recognized with an Emmy Award, an AFI Award TV Program of the Year honor, a Dorian TV Award and a ReFrame Stamp Award. The series has also earned nominations from the Critics Choice Awards, Grammy Awards, Art Directors Guild Awards, American Society of Cinematographers Awards, Motion Picture Sound Editors Awards, Imagen Awards and many more. In addition to this evenings Tony Awards for Schmigadoon!, the musical has also been honored with wins from the Drama Desk Awards, the Outer Critics Circle Awards and the Chita Rivera Awards, as well as with nominations from the Drama League Awards, among others.

From Saturday Night Live creator Lorne Michaels and based on the award-winning Apple Original series, the delightfully hilarious musical is directed by Tony Award winner Christopher Gattelli (Death Becomes Her, Newsies) with a book and Emmy Award-winning score by Cinco Paul (Despicable Me, The Secret Life of Pets). Schmigadoon! the musical is produced by Michaels, Micah Frank and Caroline Maroney on behalf of Broadway Video, and Christine Schwarzman and Megan OKeefe on behalf of No Guarantees Productions. It made its Broadway debut at the Nederlander Theatre in April 2026, and is currently set to run through January 3, 2027.

The North American tour of Schmigadoon! will launch in September 2027, kicking off at Baltimores historic Hippodrome Theatre before traveling across the U.S.

Press Release article 12 of 14, Source: Apple Inc., 333 words

June 08: Apple accelerates app development with new intelligence frameworks and advanced tools

CUPERTINO, Calif.----Apple today introduced new intelligence capabilities, expanded productivity features in Xcode, and platform improvements that make apps faster, more adaptive, and easier to build.

Developers are at the heart of the Apple ecosystem, and our goal is to provide them with the best possible tools and technologies to build the future, said Susan Prescott, Apples vice president of Worldwide Developer Relations. With new intelligence frameworks and agentic coding in Xcode 27, developers have the tools they need to focus on what they do best: bringing their incredible ideas to life.

Intelligence Frameworks

With the latest enhancements to Apple Intelligence and the introduction of Siri AI, developers can make their apps content and capabilities more discoverable and accessible across the system. Updates to the App Intents framework enable developers to connect their apps to Siri AI capabilities like personal context understanding, app actions, and onscreen awareness to help their users get more done.

New intelligence frameworks allow developers to build AI features into their apps more easily and flexibly, tapping into powerful models from Apple and others. Building on the Foundation Models framework introduced last year, developers gain new options to integrate AI into their apps. The framework now serves as a single native Swift API that supports more powerful on-device models with image input, support for server models, and the ability to build custom skills.

Using this API, developers can tap into the next generation of Apple Foundation Models, which were custom-built in collaboration with Google and its Gemini models to deliver integrated experiences across Apple platforms. To ensure developing with large language models is as accessible as possible for those just getting started with AI, developers enrolled in the App Store Small Business Program with fewer than 2 million total first-time App Store downloads can access the next generation of Apple Foundation Models running on Private Cloud Compute at no cloud API cost.

Press Release article 13 of 14, Source: Apple Inc., 330 words

June 08: WWDC26: Apple unveils next generation of Apple Intelligence, Siri AI, powerful parental controls, and an expansive set of software improvements

CUPERTINO, Calif.----Today, during the Worldwide Developers Conference, Apple previewed its upcoming software releases that will deliver the next generation of Apple Intelligence and introduce Siri AI, an entirely new version of Siri that is profoundly more intelligent, knowledgeable, and capable. The releases also bring powerful and intuitive new features to help parents create safe digital experiences for kids, as well as improvements that further elevate the software design and performance of Apple products while making them more responsive, delightful, and easier to use with iOS 27, iPadOS 27, macOS 27, watchOS 27, visionOS 27, and tvOS 27.

Apple products are an essential part of peoples lives, and this year were bringing powerful new capabilities to empower our users in even more ways, said Craig Federighi, Apples senior vice president of Software Engineering. Were delivering the next generation of Apple Intelligence across our platforms; introducing Siri AI, a profoundly more intelligent, knowledgeable, and capable Siri; expanding child safety features with intuitive new tools for families; and making our software platforms faster, more reliable, and more delightful than ever before.

Next Generation of Apple Intelligence and an Entirely New Siri Experience

Leveraging a bold new architecture uniquely designed to protect users privacy, the next generation of Apple Intelligence powers Siri AI and brings helpful new features to apps users rely on every day.

Siri AI is an entirely new version of Siri deeply integrated into iPhone, iPad, Mac, Apple Watch, and Apple Vision Pro. It can draw on personal context understanding to search across messages, emails, photos, and more, and get things done across apps with even more systemwide app actions. Additionally, Siri AI can answer questions related to the content on a users screen or go out to the web to get up-to-date information using broad world knowledge and generate a helpful answer.

Press Release article 14 of 14, Source: Apple Inc., 333 words

June 08: Apple Intelligence brings powerful AI capabilities into everyday experiences

CUPERTINO, Calif.----Apple today introduced the next generation of Apple Intelligence, powered by a bold new architecture that integrates the latest Apple Foundation Models deep into Apples platforms and is uniquely designed to protect users privacy. This makes the apps and experiences users rely on every day across iPhone, iPad, Mac, Apple Watch, AirPods, and Apple Vision Pro more personal and helpful than ever. Apps become smarter and more useful with powerful editing capabilities in Photos, intelligent tools to tailor browsing in Safari, the ability to upgrade security protections with Passwords, an all-new Image Playground that creates photorealistic imagery, and more. Across many of these features, users have the ability to simply describe what theyre looking for, so they can do the things that matter most to them even more easily. These features are available for developer testing starting today, and will be available to users this fall.

At Apple, our mission has always been to turn the potential of advanced technology into helpful and intuitive products for everyone, and that has never been more important than today, said Craig Federighi, Apples senior vice president of Software Engineering. Truly helpful AI must be centered on our users needs, deeply integrated into the products they rely on every day, grounded in personal context, and built with privacy at every step. That is our vision for Apple Intelligence. With useful features for browsing the web, expressing creativity, editing photos, and so much more, today marks a big step forward on our journey to integrate powerful AI into the core of our platforms and make our products even more personal and useful.

The next generation of Apple Intelligence also helps power Siri AI, an entirely new version of Siri.1 Siri AI is a profoundly more personal, capable, and conversational assistant that also offers a new dedicated app, along with integrated tools for writing and Visual Intelligence across platforms.

SECTION 3 THE PAST QUARTER: X POSTS BY TIM COOK, CEO

( @tim_cook ) Followers 14.8M

- Wed Jun 17, 2026

I hear it's the next Martha's Vineyard.

- Fri Jun 12, 2026

We are deeply saddened by the loss of David Hockney, a visionary and friend to Apple. David showed that creativity has no limits, turning iPad into a canvas for some of the most vibrant art of our time. His legacy will inspire us all to see the world a little more beautifully.

- Tue Jun 09, 2026

We believe in helping families create safer digital experiences. With our updated child safety features, parents can easily manage what their kids can see, who they can communicate with, and when they have access to apps.https://apple.com/child-safety/

- Jun 09, 2026

The next generation of Apple Intelligence powers an entirely new Siri: making the apps and experiences you rely on across iPhone, iPad, Mac, and Apple Vision Pro more personal and helpful than ever.

- Mon Jun 08, 2026

Always amazing to kick off #WWDC26 with our student developers! Congrats to our Swift Student Challenge Distinguished winners!

- Jun 08, 2026

The next generation of Apple Intelligence powers an entirely new Siri: making the apps and experiences you rely on across iPhone, iPad, Mac, and Apple Vision Pro more personal and helpful than ever.

- Sat May 30, 2026

Five years. 1,800+ students. And Motor City is just getting started! We're proud to celebrate Detroit's Apple Developer Academy and its programs, empowering creatives to strengthen the city's tech ecosystem and build something the world hasn't seen before.

- Tue May 26, 2026

This Memorial Day, we remember the many people whose courage shaped who we are as a nation. Their sacrifice is the foundation of the freedom we enjoy every day, and we are grateful for their service.

- Tue May 19, 2026

Building accessibility into our products is central to everything we do. This year, we're proud to deliver more intuitive accessibility features with natural language powered by Apple Intelligence. #GAAD

- May 19, 2026

Building accessibility into our products is central to everything we do. This year, we're proud to deliver more intuitive accessibility features with natural language powered by Apple Intelligence. #GAAD

- Sun May 10, 2026

Thinking of all the moms around the world who shape our lives with their love and care. Thank you for all that you do. Happy Mother's Day!

- Thu May 07, 2026

Congrats to this year's Swift Student Challenge winners! From providing tools to escape a flood zone to making art more accessible, these young developers harnessed Swift and AI to build remarkable app solutions.

- Wed May 06, 2026

Hundreds of American manufacturers gathered at @michiganstateu for the Apple Manufacturing Academy's first Spring Forum. We're proud to help US businesses embrace advanced manufacturing techniques to create new opportunities for their teams & our country.

- Sat May 02, 2026

Excited for the @F1 #MiamiGP! We're proud to bring US fans into the F1 actionlike never before on @AppleTV.

- May 02, 2026

Excited for the @F1 #MiamiGP! We're proud to bring US fans into the F1 actionlike never before on @AppleTV.

- Tue Apr 28, 2026

Welcome back coach! Ted Lasso returns August 5 on @AppleTV !

- Wed Apr 22, 2026

Happy Earth Day!Today and every day, we're committed to protecting our shared planet.Thanks to our teams, partners, and customers for being part of this work.

- Thu Apr 16, 2026

We're proud to share the progress we're making in our efforts to protect the planet, including our highest-ever use of recycled material in our products.

- Sat Apr 11, 2026

Congratulations to Artemis II on a successful mission! You captured the wonders of space and our planet beautifully, taking iPhone photography to new heights, and we're grateful you shared it with the world. Your work continues to inspire us all to think different. Welcome home!

- Thu Apr 02, 2026

To everyone celebrating Passover around the world, Chag Sameach! Wishing you a special time of reflection and renewal with those who matter most.

- Apr 02, 2026

So thrilled to celebrate #Apple50 with @paulmccartney ! His music has inspired us from the beginning, so this is a full circle moment to close out our celebrations. Thank you, Paul, for proving that when you think different, you have the power to change the world.

- Wed Apr 01, 2026

50 years of Apple, 50 years of innovation. Thank you to our teams, our users, and everyone who's been part of the journey. #Apple50

- Sun Mar 29, 2026

Thank you for celebrating 50 years of thinking differently with us at Apple Champs-Elysees, Pedro and Julian! Please send me that track! #Apple50

Source: X (formerly: Twitter) https://twitter.com/tim_cook, company (Apple Inc.), Ticker(AAPL)

SECTION 4 APPLE INC. 10-Q: 12 CONSEQUENTIAL MANAGEMENT DECISIONS

Expanded Share Repurchase Authorization Signals Confidence in Durable Cash Flow

Apple's Board authorized an additional $100 billion share repurchase program on April 30, 2026, materially expanding capital return capacity beyond the existing $63.8 billion availability. The authorization signals management's confidence in future cash generation and reinforces a capital allocation strategy centered on shareholder returns. For investors, the program is EPS-accretive, supports valuation through a lower share count, and reflects disciplined deployment of excess operating cash.

Dividend Increase Reinforces Predictable Cash Returns

Management raised the quarterly cash dividend from $0.26 to $0.27 per share beginning in Q3 2026 and reiterated plans for annual increases. The decision strengthens Apple's income profile while preserving flexibility for product investment and strategic growth. For income-oriented investors, the higher dividend improves cash yield and confirms management's view that free cash flow remains sustainable.

Product Launch Cycle Targets Revenue Acceleration Across Core Categories

Apple announced several new products in Q2 2026, including iPhone 17e, MacBook Pro, MacBook Air, MacBook Neo, iPad Air, and AirPods Max 2. The launch cadence supports management's effort to drive growth in key hardware categories, especially iPhone and Mac, where premium positioning remains central to pricing power. Investors should view the expanded portfolio as a potential catalyst for demand, market share gains, and improved seasonal momentum.

Active Capital Returns Prioritize EPS Support and Shareholder Value

Apple repurchased $11.0 billion of common stock during Q2 2026 and paid $3.8 billion in dividends. This level of capital return shows management's willingness to use strong operating cash flow to support shareholder value while maintaining balance sheet flexibility. Combined with the new buyback authorization, the activity reinforces capital returns as a central use of cash.

Repatriation Tax Payment Removes a Legacy Balance Sheet Overhang

The Company paid the remaining $8.8 billion balance of its deemed repatriation tax obligation during the first six months of 2026. Completing this payment removes a long-standing cash commitment and improves visibility into future capital availability. For investors, the action reduces balance sheet uncertainty and frees management to allocate cash more clearly across buybacks, dividends, and reinvestment.

R&D Investment Accelerates to Protect Long-Term Product Leadership

Research and development expense rose 34% year over year to $11.4 billion in Q2 2026. The increase reflects management's continued investment in innovation, product pipeline depth, and technology leadership. While higher R&D spending can pressure near-term margins, it supports Apple's long-term competitive position and is a key metric for investors assessing future growth potential.

Tariff Refund Efforts Aim to Defend Gross Margin

Apple is actively applying for refunds of certain tariffs following the U.S. Supreme Court ruling. This action reflects management's focus on recovering costs and reducing the margin impact of trade-related expenses. For investors, potential refunds could improve cash recovery and help offset supply chain cost pressure tied to ongoing tariff uncertainty.

Services Growth Strengthens Margin Mix and Recurring Revenue

Management continued to prioritize Services, which grew 16% year over year and produced a 76.7% gross margin in Q2. The segment's scale improves Apple's overall margin profile and reduces reliance on hardware replacement cycles. For investors, Services remains a major driver of earnings stability, recurring revenue, and potential valuation support.

Liquidity Position Preserves Flexibility Through Macro Uncertainty

Apple maintained a strong liquidity position and stated that cash, operating cash flows, and access to debt markets are sufficient for the next 12 months and beyond. This conservative liquidity posture limits financial risk amid tariff, supply, and macroeconomic uncertainty. It also preserves management's ability to fund growth initiatives while continuing substantial shareholder returns.

Greater China Rebound Highlights Execution in a Strategic Market

Net sales in Greater China increased 28%, supported by iPhone performance and favorable currency impacts. The result shows improved execution in a market that remains strategically important but exposed to geopolitical and competitive risk. For investors, the rebound supports geographic diversification and signals that Apple can still generate outsized growth in key international markets.

Enhanced Performance Disclosure Improves Visibility Into Growth Drivers

Management provided detailed analysis of segment, product category, and currency impacts on performance. This added transparency helps investors separate underlying demand trends from foreign exchange effects and better evaluate drivers such as iPhone Pro models and Services. Clearer disclosure supports more informed assessments of momentum, margin quality, and valuation.

Balanced Risk Messaging Supports Capital Return Confidence

Management maintained caution around tariffs, supply constraints, and gross margin pressure while continuing buybacks and dividends. This balanced approach shows risk awareness without signaling a pullback in capital return priorities. For investors, the messaging supports confidence that Apple can manage external pressures while sustaining long-term cash generation and disciplined capital allocation.

SECTION 5 INSTITUTIONAL OWNERSHIP UPDATED AFTER LAST SEC FILING Q1/2026 REPORTED ON MAY 18

Institutional Ownership as at Mar 31, 2026

5.1 Reported holdings of institutions end of quarter

As at March 31, 2026 institutions had decreased their holdings to 52.4% of issued capital, down from 64.4% nine months ago.

Quarter - endedMar 31Dec 31, 2025Sep 30, 2025Jun 30, 2025

% of issued capital52.464.762.564.4

Source: U.S. Securities and Exchange Commission (SEC) https://www.sec.gov/edgar/browse/?CIK=320193, company (Apple Inc.), Ticker(AAPL)

5.2 Top 5 Institutional Ownership of Apple Inc. as at March 31, 2026

As at March 31, 2026, 5990 Institutions (Funds) held investments in shares of Apple Inc.. Institutions decreased their holdings to 52.4% of issued capital, down from 64.7% as at Dec 31. The largest shareholder was Blackrock Inc. with 8% of Apple Inc.. The second largest shareholder was State Street Corporation with 4%.

*Note: Minimum Core Shareholding is computed on the basis of SEC filings over the last 12 quarters (3 years). A higher % of shareholding above the minimum core holding may be indicative of a potential positioning by an active institution to overweight.

Apple Inc. Top 4 Active Funds (in desc order of Shares) hold 16.1% [second last column shows % above minimum core shareholding; last column shows percentile rank by AUM (Assets Under Management) among 8584 Funds]. Please download the spreadsheet to view full list of 2592 Active Funds holding 34.7% of Apple Inc. as at March 31, 2026.

FundShares% of TotalValue $

Blackrock Inc. (0002012383)1,144,695,4258290.2 B

State Street Corporation (0000093751)602,341,4094152.7 B

Geode Capital Management, LLC (0001214717)368,616,954393.5 B

Morgan Stanley (0000895421)244,474,722262 B

% Held by Top 4 Institutional shareholders2,360,128,51016.1598.4 B

Fund% above Core*Percentile rank

Blackrock Inc. (0002012383)11100

State Street Corporation (0000093751)14100

Geode Capital Management, LLC (0001214717)29100

Morgan Stanley (0000895421)22-

Apple Inc. Top Index Fund (in desc order of Shares) is ranked 1 by Shares held in AAPL holds 2.1% [second last column shows % above minimum core shareholding; last column shows percentile rank by AUM (Assets Under Management) among 8584 Funds]. Please download the spreadsheet to view full list of 3399 Index Funds holding 17.6% of Apple Inc. as at March 31, 2026.

FundShares% of TotalValue $

FMR LLC (0000315066)307,442,040278 B

% Held by Top 1 Institutional shareholders307,442,0402.178 B

Fund% above Core*Percentile rank

FMR LLC (0000315066)6100

Source: U.S. Securities and Exchange Commission (SEC) https://www.sec.gov/edgar/browse/?CIK=320193, company (Apple Inc.), Ticker(AAPL)

5.3 Top 5 Increases [March 31, 2026 vs December 31, 2025]

Value is shown in the table below at March 31 AAPL share price of $253.56.

Institution (CIK)SharesValue, $% increase

University of Illinois Foundation (0001994249)58,25915.2 M291,295.0

USA Financial Formulas (0001633716)3,427893,68948,957.1

DIAMANT ASSET MANAGEMENT, INC. (0001731124)26,508,1816.9 B24,974.3

AKUNA SECURITIES LLC (0001529090)33687,62211,200.0

Saudi Central Bank (0001918181)536,378139.9 M8,737.2

Total27,106,5817.1 billion-

Source: U.S. Securities and Exchange Commission (SEC) https://www.sec.gov/edgar/browse/?CIK=320193, company (Apple Inc.), Ticker(AAPL)

5.4 Institutional ownership of AAPL at March 31, 2026: DIAMANT ASSET MANAGEMENT, INC. top increase by worth

Top 5 Increases by worth [March 31, 2026 vs December 31, 2025]

Value is shown in the table below at March 31 AAPL share price of $253.56.

Institution (CIK)SharesWorth Change, $

DIAMANT ASSET MANAGEMENT, INC. (0001731124)26,508,1816.9 B

Morgan Stanley (0000895421)13,991,6873.6 B

Geode Capital Management, LLC (0001214717)10,584,4372.8 B

Capital Research Global Investors (0001422848)8,561,4882.2 B

Goldman Sachs Group Inc. (0000886982)7,486,1932 B

Total67,131,98617.5 billion

Source: U.S. Securities and Exchange Commission (SEC) https://www.sec.gov/edgar/browse/?CIK=320193, company (Apple Inc.), Ticker(AAPL)

5.5 Top 5 Decreases [March 31, 2026 vs December 31, 2025]

Institution (CIK)SharesValue, $% Decreases

Deane Retirement Strategies, Inc. (0001659346)21,891(5.7 M)-99.9

Dixon Mitchell Investment Counsel Inc. (0001993485)124,581(32.5 M)-99.7

Marathon Trading Investment Management LLC (0001572748)245,358(64 M)-99.5

IFG Advisory, LLC (0001728319)165,240(43.1 M)-99.2

Worth Financial Advisory Group, LLC (0001964358)26,294(6.9 M)-97.8

Total583,364(152.1 million)-

Source: U.S. Securities and Exchange Commission (SEC) https://www.sec.gov/edgar/browse/?CIK=320193, company (Apple Inc.), Ticker(AAPL)

5.6 Top 5 New shareholders as at March 31, 2026

Value is shown at price of March 31, 2026 (in desc order of Shares)

Institution (CIK)SharesValue, $

SEB Asset Management AB (0002127509)4,986,3981.3 B

Capitolis Liquid Global Markets LLC (0002094379)3,307,057838.5 M

TIAA-CREF INDIVIDUAL and INSTITUTIONAL SERVICES, LLC (0000882928)1,072,514271.9 M

TIAA Wealth Investment Management LLC (0002124867)666,906169.1 M

Spartan Wealth Advisory Services LLC (0002075193)206,45052.3 M

Total10,239,3252.6 billion

Source: U.S. Securities and Exchange Commission (SEC) https://www.sec.gov/edgar/browse/?CIK=320193, company (Apple Inc.), Ticker(AAPL)

5.7 Institutional ownership of AAPL at Mar 31: Two Sigma Advisers, LP top exit

An analysis conducted after the mid - quarter deadline of May 18 for 20261 SEC filings by 8647 institutions shows that there were 5 exits. Two Sigma Advisers, LP was the largest exit with 5,896,700 shares valued at 1.6 B as at March 31.

Institution (CIK)SharesValue, $

Two Sigma Advisers, LP (0001478735)5,896,7001.6 B

Forsta AP-fonden (0001603328)4,030,0001.1 B

Virginia Retirement Systems ET AL (0001005354)3,880,0401.1 B

Comerica Bank (0000901541)3,216,562872.8 M

Capitolis Liquid Global Markets LLC (0001960050)2,919,147792.1 M

Total19,942,4495.4 billion

Source: U.S. Securities and Exchange Commission (SEC) https://www.sec.gov/edgar/browse/?CIK=320193, company (Apple Inc.), Ticker(AAPL)

Please view detailed Institutional Shareholders - Categorised and Complete List in DATA & ARCHIVE DOWNLOAD CENTER

SECTION 6 TODAY'S BULLISH SIGNALS

6.1 Rank in the top 24% by Price Performance in the NASDAQ market

DescriptionValueRank

PV1000 [1 yr] $1,470In Top 24%

Source: Apple Inc.'s, 10-K filing dated October 31, 2025, available at the U.S. Securities and Exchange Commission website: https://www.sec.gov/Archives/edgar/data/320193/000032019325000079/aapl-20250927.htm and Apple Inc.'s website: https://investor.apple.com/investor-relations/default.aspx. company (Apple Inc.), Ticker(AAPL)

6.2 Uptrend

Price/Moving Average Price of 1.1:

- The Price/MAP 200 for Apple Inc. is 1.1. Being higher than 1 is a bullish indicator. The stock is trading above both its MAPs and the 50-day MAP of $290.73 is higher than the 200-day MAP of $267.28, a second bullish indicator. The 200-day MAP has increased to $267.28, a third bullish indicator.

Past Quarter:

- In the last three months the stock has hit a new 52-week high thirteen times, pointing to a significant uptrend.

6.3 Other Bullish Signals

- Total Liabilities/EBITDA of 2.2 is less than 5, this compares favourably with the Joseph Piotroski benchmark of 5.

- Return on Assets of 31.2% versus sector average of 19.7% and market average of 7.9%.

- Net profit margin has averaged 25.4% in the last 3 years. This is considered superior and suggests a high margin of safety.

Source: Apple Inc.'s, 10-K filing dated October 31, 2025, available at the U.S. Securities and Exchange Commission website: https://www.sec.gov/Archives/edgar/data/320193/000032019325000079/aapl-20250927.htm and Apple Inc.'s website: https://investor.apple.com/investor-relations/default.aspx. company (Apple Inc.), Ticker(AAPL)

6.4 Oversold/Bullish Signals:

- The stock is oversold according to the Williams % R indicator of -80.1, suggesting the price is close to its 14-day low of $287.38.

Source: Nasdaq Stock Exchange: https://www.nasdaq.com/market-activity/stocks/AAPL, company (Apple Inc.), Ticker(AAPL)

SECTION 7 ONGOING BULLISH PARAMETERS

7.1 Growth in annual dividends per share and earnings per share

- Apple Inc. sees dividend rise for a thirteenth consecutive year

Apple Inc. reported dividends per share of $1.05 in the past year, up 4.0% from the previous year. This is the thirteenth consecutive dividend increase. In the past 13 years average annual compound growth rate of dividends was 7.9%.

Source: Nasdaq Stock Exchange: https://www.nasdaq.com/market-activity/stocks/AAPL/dividend-history, company (Apple Inc.), Ticker(AAPL)

- EPS growth [FY2025 vs FY2024] of 22.6%:

FYEPS ($)Growth %

20257.4922.6

20246.11-0.8

Source: Apple Inc.'s, 10-K filing dated October 31, 2025, available at the U.S. Securities and Exchange Commission website: https://www.sec.gov/Archives/edgar/data/320193/000032019325000079/aapl-20250927.htm and Apple Inc.'s website: https://investor.apple.com/investor-relations/default.aspx. company (Apple Inc.), Ticker(AAPL)

7.2 Rank in the top 97% by Liquidity in the NASDAQ market

DescriptionValueRank

Ave daily turnover$10 billionIn top 97%

Source: Apple Inc.'s, 10-K filing dated October 31, 2025, available at the U.S. Securities and Exchange Commission website: https://www.sec.gov/Archives/edgar/data/320193/000032019325000079/aapl-20250927.htm and Apple Inc.'s website: https://investor.apple.com/investor-relations/default.aspx. company (Apple Inc.), Ticker(AAPL)

7.3 Rank in the top 2% by Size in the NASDAQ market

DescriptionValueRank

Turnover$10 billionIn Top 1%

Tr 12 months Revenue$451.4 billionIn Top 1%

MCap$4,307 billionIn Top 2%

Source: Apple Inc.'s, 10-K filing dated October 31, 2025, available at the U.S. Securities and Exchange Commission website: https://www.sec.gov/Archives/edgar/data/320193/000032019325000079/aapl-20250927.htm and Apple Inc.'s website: https://investor.apple.com/investor-relations/default.aspx. company (Apple Inc.), Ticker(AAPL)

7.4 Rank in the top 19% by Performance in the NASDAQ market

DescriptionValueRank

Net Profit Margin %26.9In Top 17%

EBITDA Margin %31.9In Top 19%

Source: Apple Inc.'s, 10-K filing dated October 31, 2025, available at the U.S. Securities and Exchange Commission website: https://www.sec.gov/Archives/edgar/data/320193/000032019325000079/aapl-20250927.htm and Apple Inc.'s website: https://investor.apple.com/investor-relations/default.aspx. company (Apple Inc.), Ticker(AAPL)

7.5 Rank in the top 2% by Productivity in the NASDAQ market

DescriptionValueRank

Return on Assets [ROA] %31.2In Top 2%

Source: Apple Inc.'s, 10-K filing dated October 31, 2025, available at the U.S. Securities and Exchange Commission website: https://www.sec.gov/Archives/edgar/data/320193/000032019325000079/aapl-20250927.htm and Apple Inc.'s website: https://investor.apple.com/investor-relations/default.aspx. company (Apple Inc.), Ticker(AAPL)

7.6 Present Value of $1000 Invested in the Past [3 Mo, 1 Yr, 3 Yrs]; The Best Periods with PV$1000 > 1,167

PV$1,0003 mo ago1 yr ago3 yrs ago

AAPL.NASDAQ$1,168$1,476$1,616

Technology sector$1,173$1,318$1,828

NASDAQ-100 Index$1,219$1,317$1,962

7.7 Past year: price rise of 47%

1-Year price change of 47% for Apple Inc. outperformed the change of 33.7% in the NASDAQ-100 Index for a relative price change of 13.3%.

Price Change %Year

Apple Inc.47

Technology sector33

NASDAQ-100 Index33.7

7.8 MCap: 5-Year Increase of $2,069 B (92%)

In the past 5 years Market Capitalization has increased by $2,068.8 billion (92%) from $2,237.8 billion to $4,306.7 billion. Based on a dynamic start date of 5 years ago, there has been only 1 decline in MCap over the last 5 years.

PriceMCap ($ B)

Last$293.354,306.7

1 Year ago$199.512,992.5

2 Years ago$205.713,180.8

3 Years ago$184.102,953.6

4 Years ago$135.552,238.6

5 Years ago$130.322,237.8

7.9 AAPL.NASDAQ Annualised Period-based Total Shareholder Returns [TSR %]: The Best Periods with TSR > 17.1%

1 yr3 yrs5 yrs10 yrs20 yrs30 yrs

47.617.218.23029.328

7.10 Improved EBIT Margins:

EBIT margin is positive and has seen consecutive rises in the last 4 years.

FYEBIT Margins (%)

202531.9

202431.6

202329.7

202228.6

202128.3

Source: Apple Inc.'s, 10-K filing dated October 31, 2025, available at the U.S. Securities and Exchange Commission website: https://www.sec.gov/Archives/edgar/data/320193/000032019325000079/aapl-20250927.htm and Apple Inc.'s website: https://investor.apple.com/investor-relations/default.aspx. company (Apple Inc.), Ticker(AAPL)

7.11 Low Debt to Equity (%) and Reducing

The debt to equity ratio of 10.8% is under a safe benchmark figure of 50%. Moreover, it has improved from 17.5% a year ago.

YearsDebt to Equity (%)

Sep 202510.82

Sep 202417.5

Sep 20239.63

Sep 202219.7

Sep 20219.51

Source: Apple Inc.'s, 10-K filing dated October 31, 2025, available at the U.S. Securities and Exchange Commission website: https://www.sec.gov/Archives/edgar/data/320193/000032019325000079/aapl-20250927.htm and Apple Inc.'s website: https://investor.apple.com/investor-relations/default.aspx. company (Apple Inc.), Ticker(AAPL)

7.12 A 72.8% Decrease in Insider Selling

In the past 5 years a total of 8,530,162 Apple Inc. shares worth $1.5 billion were sold by insiders. Based on a dynamic start date of 5 years ago, insider selling has averaged 1,706,032 shares per year. In the past year, insiders sold 527,224 shares, a decrease of 72.8% from the previous year.

YearNo. of SharesValue, $

Jun 24, 2026527,224145,153,012

1 Yr ago1,941,221438,004,813

2 Yrs ago1,735,867304,871,903

3 Yrs ago1,239,101194,224,029

4 Yrs ago3,086,749461,133,251

Total8,530,1621,543,387,008

Source: U.S. Securities and Exchange Commission (SEC Form 4) https://www.sec.gov/edgar/browse/?CIK=320193, company (Apple Inc.), Ticker(AAPL)

7.13 Increased VWAP, up 65% in 5 years

In the past five years Volume Weighted Average Price (VWAP) has increased by 65.2% to $253.13. Based on a dynamic start date of five years ago, there have been declines in VWAP in 2 out of 5 years.

Past five years, 12 months ended Jun 24 (USD)

YearHigh PriceVWAPLow Price

2026317.4253.13198.47

2025258.45219.54168.32

2024218.31182.27162.45

2023184.97150.57122.68

2022178.85153.2126.5

7.14 Quarterly Trend in Revenue, Net Profit and Net Profit Margin:

- Net Profit margin is positive and has seen consecutive rises in recent quarters. [All figures in %]

Qtr-endedRevenue GrowthNet Profit GrowthNet Profit Margin

Mar 26 [Q2 vs Q1]-22.7-29.749.3

Dec 25 [Q1 vs Q4]40.353.348.2

Sep 25 [Q4 vs Q3]917.247.2

Jun 25 [Q3 vs Q2]-57.2-61.746.5

7.15 Satisfies two criteria of Benjamin Graham

-""Total debt less than tangible book value""; total debt of USD8.0 billion is less than tangible book value of USD73.7 billion.

-""Total debt equal or less than twice the net quick liquidation value""; total debt of USD8.0 billion is 0.1 times the net liquidation value of USD139.98 billion.

Source: Apple Inc.'s, 10-K filing dated October 31, 2025, available at the U.S. Securities and Exchange Commission website: https://www.sec.gov/Archives/edgar/data/320193/000032019325000079/aapl-20250927.htm and Apple Inc.'s website: https://investor.apple.com/investor-relations/default.aspx. company (Apple Inc.), Ticker(AAPL)

7.16 Satisfies 5 out of 9 criteria of Joseph Piotroski [pass mark 5]:

- Positive net income.

- Positive operating cashflow.

- Return on Assets improvement [from 25.7% to 31.2%].

- Reduction in total shares on issue.

- Improvement in gross margin [from 46.2% to 46.9%].

But does not meet the following 4 criteria of Joseph Piotroski:

- Good quality of earnings [operating cashflow exceeds net income].

- Improvement in long-term debt to total assets.

- Improvement in current ratio.

- Improvement in asset turnover.

Source: Apple Inc.'s, 10-K filing dated October 31, 2025, available at the U.S. Securities and Exchange Commission website: https://www.sec.gov/Archives/edgar/data/320193/000032019325000079/aapl-20250927.htm and Apple Inc.'s website: https://investor.apple.com/investor-relations/default.aspx. company (Apple Inc.), Ticker(AAPL)

7.17 Year-over-year (%) Change in Dividend:

Quarterly dividend for Q2/2026 was 27.0c, up 3.8% sequentially from 26.0c in Q1/2026. The year-on-year change was up 3.8% from 26.0c in the previous corresponding period Q2/2025.

QuarterQ2/2025Q1/2026Q2/2026

Dividend ($ Cents)26.026.027.0

Source: Nasdaq Stock Exchange: https://www.nasdaq.com/market-activity/stocks/AAPL/dividend-history, company (Apple Inc.), Ticker(AAPL)

Source: Nasdaq Stock Exchange: https://www.nasdaq.com/market-activity/stocks/AAPL, company (Apple Inc.), Ticker(AAPL)

SECTION 8 TODAY'S BEARISH SIGNALS

Price/Earnings of 35.4 > Technology sector (of 218 stocks) avg of 33.6:

- The price-to-earnings ratio of 35.4 indicates overvaluation compared with sector average of 33.6.

Earnings Yield

- The earnings yield of 2.8% is below the 10-year bond yield of 4.35%.

8.1 PAST WEEK: WEAK MOMENTUM DOWN

AAPL dips 0.9% on below average volume 0.9 times average. Compared with the NASDAQ-100 Index which fell 450.9 points (or 1.5%) in the week, the relative price increase was 0.6%.

Apple Inc. (AAPL) underperformed the NASDAQ-100 Index in 3 out of 5 days. The price ranged between a low of $293.35 on Wednesday Jun 24 and a high of $297.89 on Thursday Jun 18.

JunApple Inc.Close [$]Change %Comment

Wed 24Top gainer in Fund Evaluation Group jumps 16.7% in 84 days293.35-0.3Price/MAP50 above 1 and rising

Tue 23Top gainer in Fund Evaluation Group jumps 17.8% in 83 days294.29-0.9Price/MAP50 above 1 and rising; RPC=2.4%

Mon 22Stock decreases 0.3%297.01-0.3VI*=1.1

Thu 18Increases $2.11 on firm volume297.890.7Top Rise

Wed 17Lower with 1.1% fall today's session295.95-1.1Steepest Fall

* RPC - Relative Price Change is % price change of stock less % change of the NASDAQ-100 Index.

[Volume Index (VI); 1 is average]

8.2 Rank in the bottom 7% by Relative Valuation in the NASDAQ market

DescriptionValueRank

Price to Sales9.5In Bottom 7%

Dividend Yield %0.4%In Bottom 5%

Source: Apple Inc.'s, 10-K filing dated October 31, 2025, available at the U.S. Securities and Exchange Commission website: https://www.sec.gov/Archives/edgar/data/320193/000032019325000079/aapl-20250927.htm and Apple Inc.'s website: https://investor.apple.com/investor-relations/default.aspx. company (Apple Inc.), Ticker(AAPL)

8.3 Downtrend

Negative MACD:

- The Moving Average Convergence Divergence (MACD) indicator of 12-day Exponential Moving Average (EMA) of 297.73 minus the 26-day EMA of 298.55 is negative, suggesting a bearish signal. Both the 12-day EMA as well as the 26-day EMA are falling, another bearish signal.

Trailing Relative Strength (6 months) at 46 percentile:

- The stock has a 6-month relative strength of 46 in the NASDAQ market of 2,828 stocks, 2 ADRs and 1 preference stock which means it has underperformed 54% of the market.

8.4 Other Bearish Signals

MCap/Total Assets:

- Tobin's Q Ratio, defined as MCap divided by Total Assets, is 12. Compared with the rest of the market the stock is overvalued and ranks in the bottom 3% of stocks by value of Q Ratio.

Source: Apple Inc.'s, 10-K filing dated October 31, 2025, available at the U.S. Securities and Exchange Commission website: https://www.sec.gov/Archives/edgar/data/320193/000032019325000079/aapl-20250927.htm and Apple Inc.'s website: https://investor.apple.com/investor-relations/default.aspx. company (Apple Inc.), Ticker(AAPL)

Source: Nasdaq Stock Exchange: https://www.nasdaq.com/market-activity/stocks/AAPL, company (Apple Inc.), Ticker(AAPL)

SECTION 9 ONGOING BEARISH PARAMETERS

9.1 Sequential EPS growth [Q2/2026 vs Q1/2026] of -29.1%:

The most recent quarter (Q2/2026) showed a decline of 29.1% in sequential growth of Quarterly EPS.

Quarterly ReportEPS ($)Growth %

Q2/20262.02-29.1

Q1/20262.8554.1

9.2 P/E/G > 1

The price earnings ratio of 35.4 divided by trailing twelve months eps growth of 22.6% corresponds to P/E/G of 1.6 times.

EPS Growth (%)22.6

P/E/G1.6

P/E35.4

Source: Apple Inc.'s, 10-K filing dated October 31, 2025, available at the U.S. Securities and Exchange Commission website: https://www.sec.gov/Archives/edgar/data/320193/000032019325000079/aapl-20250927.htm and Apple Inc.'s website: https://investor.apple.com/investor-relations/default.aspx. company (Apple Inc.), Ticker(AAPL)

9.3 % Growth in EPS & RPS

EPS growth: Sequential EPS growth (Q2 2026 vs Q1 2026) was down 29.1% and PCP EPS growth (Q2 2026 vs Q2 2025) was down 50.2%. FY EPS growth (FY2025 vs FY2024) was up 22.6%.

RPS growth: Sequential growth in Revenue per share (Q2 2026 vs Q1 2026) was down 22.2% and PCP growth in Revenue per share (Q2 2026 vs Q2 2025) was down 48.1%. FY growth in Revenue per share (FY2025 vs FY2024) was up 9.3%.

(All figures in %)

Sequential growth in EPS (Q2 2026 vs Q1 2026)-29.1

Sequential growth in RPS (Q2 2026 vs Q1 2026)-22.2

PCP growth in EPS (Q2 2026 vs Q2 2025)-50.2

PCP growth in RPS (Q2 2026 vs Q2 2025)-48.1

FY growth in EPS (FY2025 vs FY2024)22.6

FY growth in RPS (FY2025 vs FY2024)9.3

9.4 Declining Volume, down 56% in 5 years

In the past five years, Average Daily Volume of Trading (ADVT) has decreased 55.5% to 39.7 million shares.

Avg. Daily Volume Traded 12 months ended Jun 24, million shares

YearADVT

202639.7

202552.2

202459.7

202371.9

202289.1

9.5 Declining share turnover, down 28% in 5 years

In the past five years, average daily share turnover has decreased 27.7% to $9.9 billion. This suggests decreased liquidity.

Past five years, 12 months ended Jun 24 (USD billion)

YearAverage Daily Turnover

20269.9

202511.5

202410.9

202310.8

202213.8

Source: Nasdaq Stock Exchange: https://www.nasdaq.com/market-activity/stocks/AAPL, company (Apple Inc.), Ticker(AAPL)

SECTION 10 CORPORATE PROFILE AND INDEPENDENT RATINGS

10.1 Activities

Apple Inc., a leading technology company listed on the Nasdaq (ticker: AAPL), specializes in designing, manufacturing, and marketing a wide range of consumer electronics, software, and online services. At its core, the company focuses on innovative hardware products such as the iPhone, iPad, Mac computers, Apple Watch, and accessories, alongside software ecosystems like iOS and macOS, and services including the App Store, iCloud, Apple Music, and Apple Pay. These offerings drive seamless user experiences and ecosystem loyalty. The fastest-growing segments include services, which have expanded rapidly through digital subscriptions and content delivery, generating increasing revenue from app transactions, streaming, and cloud storage. Additionally, wearables and accessories, led by the Apple Watch and AirPods, have seen strong growth due to health features and wireless technology advancements. Apple's commitment to innovation and sustainability continues to solidify its position as a global leader in technology. It is the NASDAQ's largest Technology company by market capitalisation.

Apple Inc. (NASDAQ:AAPL) is advancing its strategic endeavors with the recent acquisition of the Animato animation studio, a key player in avatar design and technology. The Animato acquisition underlines Apple's commitment to enhancing its software capabilities by integrating cutting-edge avatar technology into its offerings. Apple looks to amplify its market position through immersive Apple AR avatars and Apple Vision Pro avatars, leveraging technology developed by Animato founders. By incorporating the Animato avatar studio's expertise, Apple is poised to scale its Apple avatar tools for developers, supporting a robust Apple developer avatar SDK. This integration offers a competitive advantage in the burgeoning fields of metaverse and spatial computing, where Apple's personalized avatars facilitate innovative user interactions. Through the Apple iOS avatar feature and Apple avatar integration iOS, Apple is creating a seamless user experience poised to drive growth in the AR/VR sector.

10.2 Independent Ratings and Relative Value Indicators

+ Clarivate 100:

Apple Inc. is ranked 10 in the Top 100 innovators by Clarivate Analytics.

+ Brand Finance 500:

It is in the Brand Finance list of the world's 500 Valuable Banking brands by brand value in 2025, ranked 1.

+ PwC 100:

It is in PwC's list of Top 100 Global companies; ranked 1st by market capitalization in 2025.

+ Corporate Knights:

It is ranked 69 by Corporate Knights Capital in the World's 100 most sustainable corporations 2025.

+ Fortune 500:

It is in the Fortune list of Top 500 Global companies by Revenues in 2025, ranked 7.

10.3 Contact Details

Website: http://www.apple.com

Physical Address: 1 Infinite Loop,Cupertino,CA,95014

Phone: +1 408 996-1010

Fax: +1 408 974-2483

Email: investor_relations@apple.com

10.4 U.S. Industry & Sector

Classification Level: Name of Sector

Economic Sector: Technology

10.5 North American Industry Classification System [NAICS]

Code: 334220

Industry Title: Radio and Television Broadcasting and Wireless Communications Equipment Manufacturing

SECTION 11 FINANCIALS FY 2025

11.1 AAPL Financials 3-Year Summary:

Year ended Sep 30FY2025FY2024FY2023

Sales ($ B)416.2391383.3

Pretax ($ B)132.7123.5113.7

Net ($ B)11293.797

EPS ($)7.496.116.16

EPS up 22.6% to $7.49 in FY2025 [ y.e. 27 Sep 2025]

+ Net profit was up 19.5% from $93.7 billion in FY2024 to $112 billion in FY2025.

+ Earnings Per Share (EPS) was up 22.6% from $6.11 in FY2024 to $7.49 in FY2025.

11.2 Financials, FY 2025 [year-ended 27 September 2025 ]

Apple Net Profit up 19%

Release Date: November 03, 2025

Apple (NASDAQ:AAPL) reported net profit for the year-ended 27 September 2025 [FY2025] of $112b, up 19% from $93.7b in the previous year [FY2024]. Earnings per share (EPS) were up 23% from $6.11 in FY2024 to $7.49 in FY2025.

11.3 Annual growth in Revenue, Net Profit and EPS

Year-ended27 September [FY/2025]28 September [FY/2024]

Revenue, $ Billion416391

Growth in Revenue %6.42.0

Net Profit, $ Billion11293.7

Growth in Net Profit %19.5-3.4

EPS, $7.496.11

Growth in EPS %22.6-0.8

Major changes compared with previous year (FY2025 vs FY2024):

Favourable Changes:

- Net profit up 19.5% from $93.7b to $112.0b

- Sales revenue up 6.4% from $391.0b to $416.2b

- EPS up 22.6% from $6.11 to $7.49

- EBIT to total assets up from 33.8% to 36.9%

- Total revenue to total assets up from 1.1 to 1.2

Unfavourable Changes:

- Long-term investments to Total Assets down from 25.1% to 21.6%

Year-on-year comparison of Performance Ratios [FY2025 vs FY2024]

September 27FY2025FY2024Change (%)

Return on Equity (%)151.9164.6Down 7.7

Return on Assets (%)31.225.7Up 21.4

Total debt to net tangible assets (%)10.817.5Down 38.3

Debt/Equity0.10.2Down 38.9

Common Size Ratios by Assets %

Long-term investments to Total Assets21.625.1Down 13.8

Current Debtors to Total Assets20.318.1Up 11.8

Five-year record of growth and performance:

In the last 5 years Total Revenue averaged $390.1B, EBITDA averaged $119.7B and Net Profit averaged $99.4B. Compound Annual Growth Rate (CAGR) averaged 8.7% for Total Revenue, 14.3% for Net Profit and 14.6% for EBITDA.

DescriptionAnnual ($ B)5-year Avg ($ B)5-year CAGR %

Total Revenue416.2390.18.7

EBITDA132.7119.714.6

Operating Profit132.7119.714.6

Net Profit11299.414.3

Five-year record of EBITDA, Operating Profit, Net Profit, ROA and ROCE

In 2025 Net Profit Margin of 26.9% was above its 5-year Avg of 25.5% (All Figures in %)

Description20255-year Avg

EBITDA Margin31.930.6

Operating Profit Margin31.930.6

Net Profit Margin26.925.5

Return on Assets31.227.9

Return on Capital Employed68.659.4

Source: Apple Inc.'s, 10-K filing dated October 31, 2025, available at the U.S. Securities and Exchange Commission website: https://www.sec.gov/Archives/edgar/data/320193/000032019325000079/aapl-20250927.htm and Apple Inc.'s website: https://investor.apple.com/investor-relations/default.aspx. company (Apple Inc.), Ticker(AAPL)

SECTION 12 TAX & DIVIDEND

12.1 Average Income Tax Paid (Past 5 Years)

In the past 5 years, Income Tax as % of profit before tax increased from 13.3% to 15.6%, Income Tax as % of sales increased from 4.0% to 5.0% and Income Tax as % of operating cash flow increased from 13.3% to 15.6%.

Description20252024202320222021

As % of profit before tax15.624.114.716.213.3

As % of operating cash flow15.624.114.716.213.3

As % of sales57.64.44.94

The 5-year average of profit before tax was 16.8%.

12.2 Dividend History

In the past 5 years annual dividends have increased by 16.0c from 89.0c to 105.0c. Based on a start date of 5 years ago, there has been no decline in dividends over the last 5 years.

Date PaidValue (c)Type

11 May 202627Quarterly

09 Feb 202626Quarterly

10 Nov 202526Quarterly

11 Aug 202526Quarterly

Tr 12 Months105

2024 - 2025101

2023 - 202497

2022 - 202393

2021 - 202289

Source: Nasdaq Stock Exchange: https://www.nasdaq.com/market-activity/stocks/AAPL/dividend-history, company (Apple Inc.), Ticker(AAPL)

SECTION 13 TOP MANAGEMENT AND BOARD OF DIRECTORS

13.1 Top Management

Top Management [Seven top executives with tenure > 14 yrs]

NameDesignationSince Appointment

Tim CookChief Executive Officer, Director14 Yrs, 10 Mos

Arthur D. LevinsonChairman, Director25 Yrs, 10 Mos

Kevan ParekhChief Financial Officer, Senior Vice President-

Sabih KhanChief Operating Officer, Senior Vice President Operations-

Jennifer NewsteadSenior Vice President, General Counsel-

Katherine AdamsSenior Vice President-

Isabel Ge MaheVice President, Vice President and Managing Director of Greater China, Managing Director of Greater China-

13.2 Board Of Directors

Board Of Directors [One director with tenure > 15 yrs]

NameSince Appointment

Ronald D. Sugar15 Yrs, 7 Mos

Board Of Directors [Five directors with tenure < 5 yrs]

NameSince Appointment

Alex Gorsky4 Yrs, 7 Mos

Wanda Austin-

Susan L. Wagner-

Monica Lozano-

Andrea Jung-

13.3 Independent Ratings of Directors

+ Tim Cook- Glassdoor Ranking:

Tim Cook was ranked 32 in the Glassdoor Employee Review's list of 100 Top CEOs in the United States for 2021.

+ Tim Cook- Bloomberg Pay Index Ranking:

Tim Cook was ranked 3 in the Bloomberg Pay Index list in the United States for 2021, an improvement from rank 8 in 2020. According to Bloomberg Pay Index, Tim Cook's total compensation had increased by (222.13%) $588.7 million from $265 million to $853.8 million in 2021.

+ Tim Cook- Harvard Business Ranking:

Tim Cook was ranked 62 in the Harvard Business Review's list of 100 Best-Performing CEO's in the world for 2019.

APPENDIX I DATA & ARCHIVE DOWNLOAD CENTER

AAPL: EXPORT DATA TO EXCEL:

+ PRICE VOLUME - 5-YEAR HISTORY

+ FINANCIALS - 10-YEAR HISTORY [INCLUDING Q2/2026]:

+ SHAREHOLDERS - COMPLETE LIST OF 6015 INSTITUTIONS

+ PEER COMPARISON

AAPL: OTHER INFORMATION:

+ PRICE VOLUME CHARTS

+ SEC FILINGS

+ X POSTS

+ NOTES to ACCOUNTS

+ INSIDER OWNERSHIP AND SELLING IN THE PAST 10 YEARS

+ BOARD OF DIRECTORS

APPENDIX II STOCK IDENTIFIERS

ISIN: US0378331005

PermID: 4295905573

Central Index Key (CIK): 320193

CUSIP: 037833100

RIC: AAPL.O

FIGI: BBG000B9Y5X2

LEI: HWUPKR0MPOU8FGXBT394

GLOSSARY

Disclaimer:",99d536a5d1b03bb16a09b2891ada9bad9d7e26a6f8e496252e50cfd0f532d27f,ok,,102804,77679,0,week4_lseg_html_v1,True,True
2026-06-24 20:52:26.396,2026-06-24,2026-06-24T00:00:00,2026-06-24T23:59:59,AAPL,AAPL.O,R:AAPL.O and Language:LEN,urn:newsml:newsroom:20260624:nNRA104xqc:0,newsroom,NS:NEWUSN,Apple Inc. (NASDAQ:AAPL) stock decreases 0.3%; -94c [-0.3%],,"NASDAQ END-OF-DAY STOCK REPORT

CUPERTINO, Wednesday, June 24 2026 - Apple Inc.'s (NASDAQ: AAPL $293.35) stock price decreased 94.0c (0.3%) from its previous trading session to close at $293.35.

Compared with the NASDAQ-100 Index which fell 127.2 points (0.4%) in the day, the relative price increase was 0.1%.

There were 33,993,887 shares worth $10 billion traded today; the volume was 0.9 times the average daily trading volume of 39.7 million shares.

APPLE INC. (AAPL) Stock Dashboard [traded in US Dollars, USD] End-of-Day Wed, Jun 24

http://www.apple.com

Last$293.35

52-Week Price Range$198.47 - $317.40

Ave Daily Volume39,671,767 shares

Today's Volume [VI]33,993,887 [0.9]

Market Cap$4,306.7 billion

ExchangeNASDAQ [BATS, NSX, NYSE ARCA, Nasdaq]

P/E35.4

EPS (FY2025)$7.49

EPS Growth (Q2 2026 vs Q1 2026)-29.1%

Shares Outstanding14,681,000,000

AAPL in IndicesNASDAQ-100 [of 100 stocks]

Dividend Yield % (TTM)0.36%

DPS (past 12 months)$1.02 or 102c

SectorTechnology [Rank by MCap 1 of 218 stocks]

PV$1000 (1 yr) and TRS$1,476; 47%

A year ago the Apple Inc. share price was $199.51. $1,000 would have bought 5 Apple Inc. shares on that day. Those 5 Shares would be worth $1,470 at today's share price of $293.35. PV$1000= $1,470.

Primary Exchange and Other Listings: Trading Currency and Volume

ExchangeTickerCurrencyLastADVTVol % of TotalToday's VI

NasdaqAAPLUSD293.3540,887,04899.90.8

XetraAPCEUR261.8539,4380.10.7

Total100.00

1 USD= 0.8786 EUR

Past quarter momentum up: Apple Inc. soars 17% on below average volume 0.8 times average.

Past month toHighLowVWAPVolume Index *

24 Jun 2026317.40287.38302.051.0

22 May 2026311.40264.83287.070.8

24 Apr 2026273.18269.40260.270.6

[*Volume Index of 1.0 means volume for the month was 1.0 times its 12-month average]

[VWAP is defined as the Volume Weighted Average Price; High Low prices and VWAP are shown in USD]

Stock Buzz

Other Publishers Buzz in the past week

JunHeadlinePublisher

Wed 24Apple (AAPL) BofA Stays Bullish as Price Increases Could Offset Higher Memory CostsInsider Monkey

Mon 22Why Apple (AAPL) Is Tying Its AI Comeback to Devices, Services, and SiriYahoo Finance

Thu 18Intel Stock Rockets on Apple PartnershipThe Wall Street Journal

Wed 17Prediction: Apple Stock Will Go On a Bull Run in the Second Half of 2026AOL

Analyst Recommendations: Past 47 days

2026BrokerageCurrent RatingPrev TargetPrice Target

Jun 09Maxim GroupBuy310350

Jun 09Morgan StanleyOverweight330360

Jun 09TD CowenBuy335350

May 26Bank of AmericaBuy330380

May 08WedbushOutperform350400

Since December 29, Apple Inc. has had forty-nine analyst rating changes with thirty-seven being upgrades. Apple Inc. is up 7.4% since December 29.

Bullish Turning Point

Williams % R

The stock is oversold according to the Williams % R indicator of -80.1, suggesting the price is close to its 14-day low. The Williams % R was previously -77.0.

INDEX

SECTION 1 RECENT NEWS AND RESEARCH

SECTION 2 THE PAST YEAR: PRESS RELEASES

SECTION 3 THE PAST QUARTER: X POSTS BY TIM COOK, CEO

SECTION 4 APPLE INC. 10-Q: 12 CONSEQUENTIAL MANAGEMENT DECISIONS

SECTION 5 INSTITUTIONAL OWNERSHIP UPDATED AFTER LAST SEC FILING Q1/2026 REPORTED ON MAY 18

SECTION 6 TODAY'S BULLISH SIGNALS

SECTION 7 ONGOING BULLISH PARAMETERS

SECTION 8 TODAY'S BEARISH SIGNALS

SECTION 9 ONGOING BEARISH PARAMETERS

SECTION 10 CORPORATE PROFILE AND INDEPENDENT RATINGS

SECTION 11 FINANCIALS FY 2025

SECTION 12 TAX & DIVIDEND

SECTION 13 TOP MANAGEMENT AND BOARD OF DIRECTORS

Read more...

ANNEXURE

APPENDIX I DATA & ARCHIVE DOWNLOAD CENTER

APPENDIX II STOCK IDENTIFIERS

GLOSSARY

SECTION 1 RECENT NEWS AND RESEARCH

Apple Inc. (NASDAQ:AAPL) stands as a global leader in technology innovation, driving its ecosystem through the iPhone, MacBook, and Apple Watch product lines. Core offerings such as the iPhone 18 Pro and affordable MacBook Neo highlight Apple's commitment to sleek design and robust performance. The imminent launch of the foldable iPhone signifies the company's strategic push into advanced mobility devices. Innovations like Apple Arcade and the Safari Technology Preview enable richer user experiences, while initiatives in Taiwan chips assembly bolster supply chain resilience. Apple's stronghold in AI, software, and its recycling program underpin its long-term competitive edge and sustainability efforts.

Source: Nasdaq Stock Exchange: https://www.nasdaq.com/market-activity/stocks/AAPL, company (Apple Inc.), Ticker(AAPL)

Financial News

Quarterly Report (Q2/2026):

Release Date: May 06, 2026

Quarterly Report Analysis Quarter ending 31 March 2026: Apple reports 30% sequential fall in Quarterly Net Profit

Apple (NASDAQ:AAPL), announced net profit of $29.6b for the quarter-ended 31 March 2026 [Q2/2026], down 30% from the previous quarter [Q1/2026] and down 52% from the year-earlier period [Q2/2025]. Earnings per share (EPS) were down 29.1% sequentially from $2.85 in Q1/2026 to $2.02 in Q2/2026.

Quarterly Report (Quarter ending 31 Mar 2026)

Quarter-ended31 Mar 202627 Dec 202527 Sep 2025

EPS, $2.02.91.9

Sequential growth in EPS %-295418

Revenue, $ billion111144102

Sequential growth in Revenue %-22.740.39.0

Net Profit, $ billion29.642.127.5

Sequential growth in Net Profit %-29.75317.2

Compared with the Previous Corresponding Period [PCP; Q2/2025], year-over-year [y.o.y.] EPS was down 50.2%, Revenue was down 49.4% and Net Profit was down 51.6%.

Quarter-ended31 Mar 202631 Mar 2025

EPS, $2.01.6

PCP growth in EPS %-507.8

Revenue, $ billion11195.4

PCP growth in Revenue %-49.45.1

Net Profit, $ billion29.624.8

PCP growth in Net Profit %-524.8

VI* Volume Index = Number of shares traded today/Average number of shares traded per day.

Source: Nasdaq Stock Exchange: https://www.nasdaq.com/market-activity/stocks/AAPL, company (Apple Inc.), Ticker(AAPL)

SECTION 2 THE PAST YEAR: PRESS RELEASES

2.1 Press Releases and Corporate Wire

Press Release article 1 of 14, Source: Apple, 304 words

June 23: Apples Eddy Cue honored as the 2026 Entertainment Person of the Year

This evening, at the Cannes Lions International Festival of Creativity in Cannes, France, Apples Senior Vice President of Services and Health, Eddy Cue, was recognized as the 2026 Entertainment Person of the Year. Presented in recognition of the vital role that entertainment plays in the marketing and communications landscape, the award acknowledges the creativity that inspires others to produce truly compelling, meaningful and entertaining content.

During the ceremony, Cue took the stage to accept the award from Cannes Lions CEO Simon Cook, and shared: Weve never strived to be the most. We strive to be the best. When we started Apple TV nearly seven years ago, we said, lets build the place that allows the best storytellers in the world to do their best work.

Additionally, Cue stated, Stories can make you laugh, cry, think and many other emotions. They connect us. Across language, across culture, across everything. Thats what were all about at Apple, so stay tuned for more. Were just getting started.

Earlier in the day, Cue and legendary producer Jerry Bruckheimer participated in an insightful keynote seminar, where the two discussed Apples ongoing partnership with Bruckheimer on titles including the record-setting and Academy Award-winning F1, as well as an upcoming UAP feature that reunites Bruckheimer with director Joseph Kosinski.

Since his tenure at Apple, Cue has been instrumental in building Apples globally influential entertainment ecosystem, overseeing Apple TV, Apple Music, Apple Podcasts, Apple Books, Apple Pay, Apple News, Apple Fitness+, Apple Card, Apple Maps and iCloud, as well as Apples productivity and creativity apps.

Under Cues leadership, Apple TV, which launched just over six years ago as a wholly original streaming platform, has become one of the industrys most award-winning and culture-defining services.

Press Release article 2 of 14, Source: Apple, 297 words

June 18: Apple TVs new comedy series Brothers, starring Matthew McConaughey and Woody Harrelson, to make global debut on Wednesday, September 23

Today, Apple TV announced that its new eight-episode comedy, Brothers, will make its global debut on Wednesday, September 23 with the first two episodes, followed by one new episode every Wednesday through November 4, 2026. Starring and executive produced by Academy Award winner Matthew McConaughey and Academy Award nominee Woody Harrelson, and produced by Paramount Television Studios, Brothers is showrun and executive produced by multi-Emmy Award nominee and Peabody Award winner Lee Eisenberg.

Brothers follows McConaughey and Harrelson, who play fictionalized versions of themselves, and whose lifelong friendship is thrown into chaos when they uncover a decades-old secret: they might actually be brothers. After Woodys daughters wedding falls apart, he loads up the family and heads to Austin for an extended stay at Matthews ranch. But what begins as a healing getaway quickly spirals when Matthews mother, Ma Mac (played by Holland Taylor), accidentally lets slip a long-buried secret that the two friends might actually be brothers. As Woody turns the ranch upside down in pursuit of the truth, Matthew finds himself juggling an entirely different identity crisis: a potential run for Governor of Texas. The result is a heartfelt, chaotic and wildly funny story about friendship, family, fame and the messy line between myth and reality.

The ensemble cast starring alongside Harrelson and McConaughey includes Natalie Martinez, Brittany Ishibashi, Nolan Almeida, Ella Grace Helton, Noah Carganilla, Highdee Kuan, Oona Yaffe and Holland Taylor.

Brothers is produced for Apple TV by Paramount Television Studios. Eisenberg, McConaughey and Harrelson executive produce alongside Natalie Sandy, David West Read, Trish Hofmann, Bill Bost, Jason Winer, David Finkel, Brett Baer and Jeremy Plager.

Press Release article 3 of 14, Source: Apple, 321 words

June 18: Apple announces changes to iOS in Brazil

Apple today announced changes impacting iOS apps in Brazil that reflect a recent agreement with Brazils competition regulator, the Conselho Administrativo de Defesa Economica (CADE). These updates create new options for developers to distribute apps on alternative app marketplaces and to process app payments for digital goods and services outside of Apple In-App Purchase. Across these changes, Apple has worked to reduce the new privacy and security risks they create to provide users in Brazil the best and safest experience possible.

The new options for alternative app marketplaces and app payments open new avenues for malware, fraud, scams, and privacy and security risks. Apple has worked with the Brazilian regulator to introduce protections from these new threats including important safeguards for younger users. These protections include Notarization for iOS apps, an authorization process for app marketplaces, and requirements that help protect children from inappropriate content and scams.

While these safeguards do not eliminate the new risks, they are essential to Apples work to ensure iOS remains the best, most secure mobile platform available in Brazil. Apple will continue to engage with regulators on strengthening protections for iOS users.

Developers can learn about the new capabilities on the Apple Developer Support page and can integrate them into their apps beginning today as part of iOS 26.5.

New Options for Developers to Distribute Apps on iOS in Brazil

The App Store where every app is reviewed to meet a high bar for privacy and security remains the best place for iOS users in Brazil to discover and download the apps they love. This includes App Store features that protect users against fraud and scams and empower parents to help ensure their kids have age-appropriate experiences.

Under the agreement with CADE, developers will also have the option to distribute iOS apps in Brazil using alternative app marketplaces other than the App Store.

Press Release article 4 of 14, Source: Apple TV, 330 words

June 16: Apple TV announces fourth season for EmmyAward-nominated travel series The Reluctant Traveler With Eugene Levy

Today, Apple TV announced a fourth season renewal for the multi-Emmy Award-nominated travel series The Reluctant Traveler With Eugene Levy, hosted and executive produced by Emmy Award winner Eugene Levy (Schitts Creek). The new eight-episode season will follow Levy as he attempts to up the ante by saying yes to the kinds of travel experiences hes spent a lifetime carefully avoiding, even in previous seasons. Saying no used to be his happy place, but after three seasons on the road, hes discovered he may be more adventurous than he ever thought possible. This season, he pushes himself even further by embracing unfamiliar experiences, unexpected challenges and the kinds of adventures he once would have instantly and instinctively turned down.

After three seasons on the show I have just about accepted, albeit begrudgingly, that saying yes to new experiences is not necessarily a bad thing for me, said Eugene Levy. So, Ive committed to saying yes a little more often this season. Its a strategy Im approaching with considerable caution.

Since its debut, The Reluctant Traveler With Eugene Levy has received broad acclaim from critics and fans around the world. Hailed as dazzling, delightful and gorgeously filmed and perhaps the perfect blend of travel documentary and pure comedy, the series features host Levy as an absolute delight to watch and endlessly entertaining. Season three highlights included an episode with Prince William that became a global sensation, as headlines applauded the royal as youve never seen him, with an extraordinary set of revelations in a rare and very personal and emotional conversation with Levy, speaking as both heir to the throne and a father determined to do things differently. The third season also featured Grammy Award-winning superstar Michael Buble and adventures with Levys daughter, Sarah, with more very special guests to come in season four.

Press Release article 5 of 14, Source: Apple, 341 words

June 11: Due to DMA, Siri AI delayed in EU for iOS 27 and iPadOS 27

Apple today introduced Siri AI, an entirely new version of Siri, powered by Apple Intelligence. Unfortunately, due to the Digital Markets Act (DMA), Apple will not be able to ship Siri AI in the European Union with the release of iOS 27 and iPadOS 27. Over the past several months, EU regulators did not accept any of Apples proposed solutions to bring Siri AI to the EU while safely supporting other virtual assistants.

Were deeply disappointed that our EU users wont have Siri AI on iPhone or iPad when we share our new software releases later this year, said Craig Federighi, Apples senior vice president of Software Engineering. Our hope is to eventually bring Siri AI to the EU, and we will continue to engage with EU regulators on a path forward. However, their refusal to engage constructively on solutions that preserve privacy and security means we do not currently have a timeline for Siri AIs availability on iOS and iPadOS in the EU.

When iOS 27 and iPadOS 27 launch later this year, users in the EU 1 will not have access to Siri AI and its advanced capabilities including the new dedicated app to revisit conversations, an expanded Visual Intelligence experience, integrated tools for writing, Siri mode in Camera on iOS, and other Siri AI capabilities announced at WWDC26. Because Siri AI on watchOS 27 requires a paired iPhone with Siri AI, EU users will not have access to Siri AI on watchOS 27.

EU users will be able to access Siri AI on macOS 27 and visionOS 27. Developers located in the EU will not be able to test or use the new Siri AI features for their apps on iOS 27, iPadOS 27, and watchOS 27.

Siri AI is private by design and deeply integrated across Apples platforms using on-device processing and Private Cloud Compute, which extends the privacy and security of iPhone into the cloud.

Press Release article 6 of 14, Source: Apple TV, 358 words

June 11: Apple TV unveils first look at season six of Emmy and BAFTA Award-winning espionage drama Slow Horses, starring Academy Award winner Sir Gary Oldman

Today, Apple TV revealed a first look at season six of Slow Horses, the Emmy Award and BAFTA TV Award-winning spy drama starring Academy Award winner Sir Gary Oldman, who has been honored with Golden Globe, Emmy Award, Actor Award and BAFTA TV Award nominations for his outstanding performance in the series. The highly anticipated six-episode sixth season will premiere globally on Wednesday, September 16, 2026 with the first episode, followed by one episode weekly until October 21, 2026.

Slow Horses is a darkly humorous espionage drama that follows a dysfunctional team of British intelligence agents who serve in a dumping ground department of MI5 known unaffectionately as Slough House. Oldman stars as Jackson Lamb, the brilliant but cantankerous leader of the spies who end up in Slough House due to their career-ending mistakes and who frequently find themselves blundering around the smoke and mirrors of the espionage world.

Season six sees the Slow Horses on the run as Diana Taverner embroils them all in a fatally high-stakes game of retaliation and revenge.

The ensemble cast includes Academy Award nominee Kristin Scott Thomas, Emmy Award nominee Jack Lowden, Saskia Reeves, BAFTA TV Award nominee Christopher Chung, Aimee-Ffion Edwards, Rosalind Eleazar, Joanna Scanlan, BAFTA Award nominee Samuel West, Ruth Bradley, Tom Brooke, Academy Award nominee Jonathan Pryce and Hugo Weaving, alongside new addition, BAFTA TV Award winner Lenny Rush.

Slow Horses has been celebrated as undoubtedly the best spy series on television, a truly epic espionage thriller that is utterly brilliant and just so damn good. All five seasons of Slow Horses hold a Certified Fresh score, with two seasons receiving a rare, perfect 100 percent critics score on Rotten Tomatoes, and the series continues to receive global accolades from critics and fans alike.

The series is produced for Apple TV by See-Saw Films, with Jamie Laurenson, Hakan Kousetta, Julian Stevens, Iain Canning, Emile Sherman, Adam Randall, Gail Mutrux, Douglas Urbanski and Oldman serving as executive producers.

Press Release article 7 of 14, Source: Apple TV, 319 words

June 10: Apple TV debuts heartwarming trailer for fifth season of critically acclaimed comedy Trying starring Rafe Spall and Esther Smith

Today, Apple TV unveiled the trailer for the fifth season of acclaimed comedy series Trying, starring and executive produced by BAFTA Award nominee Esther Smith and Actor Award nominee Rafe Spall. The eight-episode comedy will make its global return to Apple TV with its first episode on Wednesday, July 8, followed by one episode weekly through Wednesday, August 26.

Season five finds Nikki (Smith) and Jason (Spall) dealing with the consequences of Princess (Scarlett Rayner) and Tylers (Cooper Turner) biological mother, Kat (Charlotte Riley), turning up at their doorstep, and the whirlwind of chaos she brings into their settled family life.

The ensemble cast also includes BAFTA Award winner Darren Boyd (Down Cemetery Road), BAFTA Award nominee Sian Brooke (Blue Lights), Actor Award nominee Celia Imrie (The Thursday Murder Club), BAFTA Award nominee Phil Davis (Harry Potter and the Half-Blood Prince), BAFTA Award winner Gbemisola Ikumelo (Black Ops) and Actor Award nominee Colin Morgan (Belfast).

Since its global debut, Trying has been hailed as a feel-good, poignant and addictive comedy that is one of Apple TVs sweetest treats. The series has achieved a 96 percent critics score on Rotten Tomatoes, as fans applaud standout performers, brilliant details and the heartwarming, critically acclaimed series that provides refreshing journeys we dont often see on television.

Trying is created, written and executive produced by Andy Wolton, and executive produced by BAFTA Award nominees Josh Cole and Sam Pinnell alongside International Emmy Award winner Chris Sussman, Smith and Spall. The series is produced by BBC Studios.

This seasons soundtrack is helmed by Ivor Novello Award-winning Dublin-born artist and producer Orla Gartland, with original songs set to debut each episode. Gartlands upcoming new single, At The End Of The Day, is also featured in the season five trailer.

Press Release article 8 of 14, Source: Apple, 374 words

June 10: Apple introduces innovative features and intelligence experiences across services

With the 2027 software releases coming this fall, Apple is bringing powerful new features to services users. New offerings include improved Flyover views and Local Lists in Apple Maps, flexible sharing options in Find My, the ability to use Visual Intelligence to split bills with Apple Cash, video podcast support across Mac and tvOS, revamped Shared Albums in iCloud, and a new program for Apple Fitness+.

Were excited to bring powerful new features and intelligence to hundreds of millions of users across Apple services, making their experiences even more useful and fun, said Eddy Cue, Apples senior vice president of Services. From new exploration tools with Flyover and Local Lists in Maps, to more convenient ways to pay and get paid in Apple Wallet, to the continued expansion of video podcasts in Apple Podcasts on Mac and in tvOS, and so much more these updates reflect our commitment to creating experiences that truly make a difference in peoples lives.

Apple Maps Introduces Enhanced Flyover and Local Lists

Apple Maps brings an enhanced Flyover experience, which combines aerial imagery with AI to enable users to view imagery in stunning detail for select cities around the world like never before. Whether scouting a location before a trip or simply exploring a city from a new perspective, the enhanced experience gives users a sharper and more lifelike glimpse into destinations across the globe.

With Local Lists, Apple Maps users in the U.S. can find the perfect spot for meeting friends, dining, and more. Using intelligent insights from whats trending, Maps surfaces locally relevant collections of places from trending restaurants to great spots to take kids so its easy for users to find what they are looking for. All insights are derived with privacy in mind and never tied to individual users.

Find My Gets Flexible Sharing Options and a Consolidated watchOS App

Coming this fall, users will have more control over how they share their location with friends and family using Find My, with new options to share for a custom duration either for a number of minutes, hours, or days or even set a date and time for when sharing will stop.

Press Release article 9 of 14, Source: Apple Intelligence, 332 words

June 09: Apple Intelligence brings powerful AI capabilities into everyday experiences

Apple today introduced the next generation of Apple Intelligence, powered by a bold new architecture that integrates the latest Apple Foundation Models deep into Apples platforms and is uniquely designed to protect users privacy. This makes the apps and experiences users rely on every day across iPhone, iPad, Mac, Apple Watch, AirPods, and Apple Vision Pro more personal and helpful than ever. Apps become smarter and more useful with powerful editing capabilities in Photos, intelligent tools to tailor browsing in Safari, the ability to upgrade security protections with Passwords, an all-new Image Playground that creates photorealistic imagery, and more. Across many of these features, users have the ability to simply describe what theyre looking for, so they can do the things that matter most to them even more easily. These features are available for developer testing starting today, and will be available to users this fall.

At Apple, our mission has always been to turn the potential of advanced technology into helpful and intuitive products for everyone, and that has never been more important than today, said Craig Federighi, Apples senior vice president of Software Engineering. Truly helpful AI must be centered on our users needs, deeply integrated into the products they rely on every day, grounded in personal context, and built with privacy at every step. That is our vision for Apple Intelligence. With useful features for browsing the web, expressing creativity, editing photos, and so much more, today marks a big step forward on our journey to integrate powerful AI into the core of our platforms and make our products even more personal and useful.

The next generation of Apple Intelligence also helps power Siri AI, an entirely new version of Siri.1 Siri AI is a profoundly more personal, capable, and conversational assistant that also offers a new dedicated app, along with integrated tools for writing and Visual Intelligence across platforms.

Press Release article 10 of 14, Source: Attention campers! Apple TV, 358 words

June 09: Attention campers! Apple TV debuts delightful trailer for Camp Snoopy season two, premiering globally Friday, June 26

Today, Apple TV unveiled the trailer for season two of Camp Snoopy, premiering globally on Friday, June 26. In season two, Snoopy and the Beagle Scouts are looking forward to carefree time in the majestic landscape of Camp Spring Lake. Along with Charlie Brown and the rest of the Peanuts gang, join Snoopy and the birds as they hike, swim and leap their way through another round of fun and adventure in the Great Outdoors, searching for the elusive hedge toad, building towering sandcastles and debating the merits of hot dogs versus hamburgers.

Produced for Apple TV by Peanuts and WildBrain, the series is based on the Peanuts comic strip by Charles M. Schulz and is directed by Rob Boutilier. Executive producers are Paige Braddock, Chris Bracco, Boutilier, Josh Scherba, Stephanie Betts and Logan McPherson.

Apple TV is the exclusive streaming home for all things Peanuts, including the classic Peanuts library, as well as more new original Peanuts series and specials, through an expanded partnership with WildBrain, Peanuts Worldwide and Lee Mendelson Film Productions until 2030. Apple has been home to the Peanuts classic library since 2020, alongside multiple original programming collaborations starting in 2018, and is currently in production with WildBrain and Peanuts on a brand-new animated feature film starring Snoopy, Charlie Brown and the Peanuts gang. In the upcoming feature Snoopy Unleashed, Snoopy runs away from home, and Charlie Brown and the Peanuts gang go on an emotional journey to the vibrant Big City as they search for Snoopy and discover that real friendship means loving each other just as they are.

Apple TVs award-winning original Peanuts series also include the Emmy and Annie Award-nominated Snoopy in Space and The Snoopy Show as well as new original specials under the Snoopy Presents banner including Emmy Award-nominated programs Its the Small Things, Charlie Brown, Lucys School, To Mom (and Dad), With Love, One-of-a-Kind Marcie, Welcome Home, Franklin, the Annie Award-nominated For Auld Lang Syne and A Summer Musical.

Press Release article 11 of 14, Source: Apple s Schmigadoon! , 317 words

June 08: Apples Schmigadoon! wins Best Musical at the 79th Annual Tony Awards

Tonight, Apple is honored with its first-ever Tony Award wins, including Best Musical, Best Original Score, Best Book of a Musical and Best Orchestrations for Schmigadoon!, co-produced by Apple TV and inspired by the Apple TV series of the same name. With these wins, Apple TV has earned multiple Emmy Awards, a Grammy, Oscars and Tony Awards just six and a half years after its launch.

Since its global debut, Apple Original series Schmigadoon! has been recognized with an Emmy Award, an AFI Award TV Program of the Year honor, a Dorian TV Award and a ReFrame Stamp Award. The series has also earned nominations from the Critics Choice Awards, Grammy Awards, Art Directors Guild Awards, American Society of Cinematographers Awards, Motion Picture Sound Editors Awards, Imagen Awards and many more. In addition to this evenings Tony Awards for Schmigadoon!, the musical has also been honored with wins from the Drama Desk Awards, the Outer Critics Circle Awards and the Chita Rivera Awards, as well as with nominations from the Drama League Awards, among others.

From Saturday Night Live creator Lorne Michaels and based on the award-winning Apple Original series, the delightfully hilarious musical is directed by Tony Award winner Christopher Gattelli (Death Becomes Her, Newsies) with a book and Emmy Award-winning score by Cinco Paul (Despicable Me, The Secret Life of Pets). Schmigadoon! the musical is produced by Michaels, Micah Frank and Caroline Maroney on behalf of Broadway Video, and Christine Schwarzman and Megan OKeefe on behalf of No Guarantees Productions. It made its Broadway debut at the Nederlander Theatre in April 2026, and is currently set to run through January 3, 2027.

The North American tour of Schmigadoon! will launch in September 2027, kicking off at Baltimores historic Hippodrome Theatre before traveling across the U.S.

Press Release article 12 of 14, Source: Apple Inc., 333 words

June 08: Apple accelerates app development with new intelligence frameworks and advanced tools

CUPERTINO, Calif.----Apple today introduced new intelligence capabilities, expanded productivity features in Xcode, and platform improvements that make apps faster, more adaptive, and easier to build.

Developers are at the heart of the Apple ecosystem, and our goal is to provide them with the best possible tools and technologies to build the future, said Susan Prescott, Apples vice president of Worldwide Developer Relations. With new intelligence frameworks and agentic coding in Xcode 27, developers have the tools they need to focus on what they do best: bringing their incredible ideas to life.

Intelligence Frameworks

With the latest enhancements to Apple Intelligence and the introduction of Siri AI, developers can make their apps content and capabilities more discoverable and accessible across the system. Updates to the App Intents framework enable developers to connect their apps to Siri AI capabilities like personal context understanding, app actions, and onscreen awareness to help their users get more done.

New intelligence frameworks allow developers to build AI features into their apps more easily and flexibly, tapping into powerful models from Apple and others. Building on the Foundation Models framework introduced last year, developers gain new options to integrate AI into their apps. The framework now serves as a single native Swift API that supports more powerful on-device models with image input, support for server models, and the ability to build custom skills.

Using this API, developers can tap into the next generation of Apple Foundation Models, which were custom-built in collaboration with Google and its Gemini models to deliver integrated experiences across Apple platforms. To ensure developing with large language models is as accessible as possible for those just getting started with AI, developers enrolled in the App Store Small Business Program with fewer than 2 million total first-time App Store downloads can access the next generation of Apple Foundation Models running on Private Cloud Compute at no cloud API cost.

Press Release article 13 of 14, Source: Apple Inc., 330 words

June 08: WWDC26: Apple unveils next generation of Apple Intelligence, Siri AI, powerful parental controls, and an expansive set of software improvements

CUPERTINO, Calif.----Today, during the Worldwide Developers Conference, Apple previewed its upcoming software releases that will deliver the next generation of Apple Intelligence and introduce Siri AI, an entirely new version of Siri that is profoundly more intelligent, knowledgeable, and capable. The releases also bring powerful and intuitive new features to help parents create safe digital experiences for kids, as well as improvements that further elevate the software design and performance of Apple products while making them more responsive, delightful, and easier to use with iOS 27, iPadOS 27, macOS 27, watchOS 27, visionOS 27, and tvOS 27.

Apple products are an essential part of peoples lives, and this year were bringing powerful new capabilities to empower our users in even more ways, said Craig Federighi, Apples senior vice president of Software Engineering. Were delivering the next generation of Apple Intelligence across our platforms; introducing Siri AI, a profoundly more intelligent, knowledgeable, and capable Siri; expanding child safety features with intuitive new tools for families; and making our software platforms faster, more reliable, and more delightful than ever before.

Next Generation of Apple Intelligence and an Entirely New Siri Experience

Leveraging a bold new architecture uniquely designed to protect users privacy, the next generation of Apple Intelligence powers Siri AI and brings helpful new features to apps users rely on every day.

Siri AI is an entirely new version of Siri deeply integrated into iPhone, iPad, Mac, Apple Watch, and Apple Vision Pro. It can draw on personal context understanding to search across messages, emails, photos, and more, and get things done across apps with even more systemwide app actions. Additionally, Siri AI can answer questions related to the content on a users screen or go out to the web to get up-to-date information using broad world knowledge and generate a helpful answer.

Press Release article 14 of 14, Source: Apple Inc., 333 words

June 08: Apple Intelligence brings powerful AI capabilities into everyday experiences

CUPERTINO, Calif.----Apple today introduced the next generation of Apple Intelligence, powered by a bold new architecture that integrates the latest Apple Foundation Models deep into Apples platforms and is uniquely designed to protect users privacy. This makes the apps and experiences users rely on every day across iPhone, iPad, Mac, Apple Watch, AirPods, and Apple Vision Pro more personal and helpful than ever. Apps become smarter and more useful with powerful editing capabilities in Photos, intelligent tools to tailor browsing in Safari, the ability to upgrade security protections with Passwords, an all-new Image Playground that creates photorealistic imagery, and more. Across many of these features, users have the ability to simply describe what theyre looking for, so they can do the things that matter most to them even more easily. These features are available for developer testing starting today, and will be available to users this fall.

At Apple, our mission has always been to turn the potential of advanced technology into helpful and intuitive products for everyone, and that has never been more important than today, said Craig Federighi, Apples senior vice president of Software Engineering. Truly helpful AI must be centered on our users needs, deeply integrated into the products they rely on every day, grounded in personal context, and built with privacy at every step. That is our vision for Apple Intelligence. With useful features for browsing the web, expressing creativity, editing photos, and so much more, today marks a big step forward on our journey to integrate powerful AI into the core of our platforms and make our products even more personal and useful.

The next generation of Apple Intelligence also helps power Siri AI, an entirely new version of Siri.1 Siri AI is a profoundly more personal, capable, and conversational assistant that also offers a new dedicated app, along with integrated tools for writing and Visual Intelligence across platforms.

SECTION 3 THE PAST QUARTER: X POSTS BY TIM COOK, CEO

( @tim_cook ) Followers 14.8M

- Wed Jun 17, 2026

I hear it's the next Martha's Vineyard.

- Fri Jun 12, 2026

We are deeply saddened by the loss of David Hockney, a visionary and friend to Apple. David showed that creativity has no limits, turning iPad into a canvas for some of the most vibrant art of our time. His legacy will inspire us all to see the world a little more beautifully.

- Tue Jun 09, 2026

We believe in helping families create safer digital experiences. With our updated child safety features, parents can easily manage what their kids can see, who they can communicate with, and when they have access to apps.https://apple.com/child-safety/

- Jun 09, 2026

The next generation of Apple Intelligence powers an entirely new Siri: making the apps and experiences you rely on across iPhone, iPad, Mac, and Apple Vision Pro more personal and helpful than ever.

- Mon Jun 08, 2026

Always amazing to kick off #WWDC26 with our student developers! Congrats to our Swift Student Challenge Distinguished winners!

- Jun 08, 2026

The next generation of Apple Intelligence powers an entirely new Siri: making the apps and experiences you rely on across iPhone, iPad, Mac, and Apple Vision Pro more personal and helpful than ever.

- Sat May 30, 2026

Five years. 1,800+ students. And Motor City is just getting started! We're proud to celebrate Detroit's Apple Developer Academy and its programs, empowering creatives to strengthen the city's tech ecosystem and build something the world hasn't seen before.

- Tue May 26, 2026

This Memorial Day, we remember the many people whose courage shaped who we are as a nation. Their sacrifice is the foundation of the freedom we enjoy every day, and we are grateful for their service.

- Tue May 19, 2026

Building accessibility into our products is central to everything we do. This year, we're proud to deliver more intuitive accessibility features with natural language powered by Apple Intelligence. #GAAD

- May 19, 2026

Building accessibility into our products is central to everything we do. This year, we're proud to deliver more intuitive accessibility features with natural language powered by Apple Intelligence. #GAAD

- Sun May 10, 2026

Thinking of all the moms around the world who shape our lives with their love and care. Thank you for all that you do. Happy Mother's Day!

- Thu May 07, 2026

Congrats to this year's Swift Student Challenge winners! From providing tools to escape a flood zone to making art more accessible, these young developers harnessed Swift and AI to build remarkable app solutions.

- Wed May 06, 2026

Hundreds of American manufacturers gathered at @michiganstateu for the Apple Manufacturing Academy's first Spring Forum. We're proud to help US businesses embrace advanced manufacturing techniques to create new opportunities for their teams & our country.

- Sat May 02, 2026

Excited for the @F1 #MiamiGP! We're proud to bring US fans into the F1 actionlike never before on @AppleTV.

- May 02, 2026

Excited for the @F1 #MiamiGP! We're proud to bring US fans into the F1 actionlike never before on @AppleTV.

- Tue Apr 28, 2026

Welcome back coach! Ted Lasso returns August 5 on @AppleTV !

- Wed Apr 22, 2026

Happy Earth Day!Today and every day, we're committed to protecting our shared planet.Thanks to our teams, partners, and customers for being part of this work.

- Thu Apr 16, 2026

We're proud to share the progress we're making in our efforts to protect the planet, including our highest-ever use of recycled material in our products.

- Sat Apr 11, 2026

Congratulations to Artemis II on a successful mission! You captured the wonders of space and our planet beautifully, taking iPhone photography to new heights, and we're grateful you shared it with the world. Your work continues to inspire us all to think different. Welcome home!

- Thu Apr 02, 2026

To everyone celebrating Passover around the world, Chag Sameach! Wishing you a special time of reflection and renewal with those who matter most.

- Apr 02, 2026

So thrilled to celebrate #Apple50 with @paulmccartney ! His music has inspired us from the beginning, so this is a full circle moment to close out our celebrations. Thank you, Paul, for proving that when you think different, you have the power to change the world.

- Wed Apr 01, 2026

50 years of Apple, 50 years of innovation. Thank you to our teams, our users, and everyone who's been part of the journey. #Apple50

- Sun Mar 29, 2026

Thank you for celebrating 50 years of thinking differently with us at Apple Champs-Elysees, Pedro and Julian! Please send me that track! #Apple50

Source: X (formerly: Twitter) https://twitter.com/tim_cook, company (Apple Inc.), Ticker(AAPL)

SECTION 4 APPLE INC. 10-Q: 12 CONSEQUENTIAL MANAGEMENT DECISIONS

Expanded Share Repurchase Authorization Signals Confidence in Durable Cash Flow

Apple's Board authorized an additional $100 billion share repurchase program on April 30, 2026, materially expanding capital return capacity beyond the existing $63.8 billion availability. The authorization signals management's confidence in future cash generation and reinforces a capital allocation strategy centered on shareholder returns. For investors, the program is EPS-accretive, supports valuation through a lower share count, and reflects disciplined deployment of excess operating cash.

Dividend Increase Reinforces Predictable Cash Returns

Management raised the quarterly cash dividend from $0.26 to $0.27 per share beginning in Q3 2026 and reiterated plans for annual increases. The decision strengthens Apple's income profile while preserving flexibility for product investment and strategic growth. For income-oriented investors, the higher dividend improves cash yield and confirms management's view that free cash flow remains sustainable.

Product Launch Cycle Targets Revenue Acceleration Across Core Categories

Apple announced several new products in Q2 2026, including iPhone 17e, MacBook Pro, MacBook Air, MacBook Neo, iPad Air, and AirPods Max 2. The launch cadence supports management's effort to drive growth in key hardware categories, especially iPhone and Mac, where premium positioning remains central to pricing power. Investors should view the expanded portfolio as a potential catalyst for demand, market share gains, and improved seasonal momentum.

Active Capital Returns Prioritize EPS Support and Shareholder Value

Apple repurchased $11.0 billion of common stock during Q2 2026 and paid $3.8 billion in dividends. This level of capital return shows management's willingness to use strong operating cash flow to support shareholder value while maintaining balance sheet flexibility. Combined with the new buyback authorization, the activity reinforces capital returns as a central use of cash.

Repatriation Tax Payment Removes a Legacy Balance Sheet Overhang

The Company paid the remaining $8.8 billion balance of its deemed repatriation tax obligation during the first six months of 2026. Completing this payment removes a long-standing cash commitment and improves visibility into future capital availability. For investors, the action reduces balance sheet uncertainty and frees management to allocate cash more clearly across buybacks, dividends, and reinvestment.

R&D Investment Accelerates to Protect Long-Term Product Leadership

Research and development expense rose 34% year over year to $11.4 billion in Q2 2026. The increase reflects management's continued investment in innovation, product pipeline depth, and technology leadership. While higher R&D spending can pressure near-term margins, it supports Apple's long-term competitive position and is a key metric for investors assessing future growth potential.

Tariff Refund Efforts Aim to Defend Gross Margin

Apple is actively applying for refunds of certain tariffs following the U.S. Supreme Court ruling. This action reflects management's focus on recovering costs and reducing the margin impact of trade-related expenses. For investors, potential refunds could improve cash recovery and help offset supply chain cost pressure tied to ongoing tariff uncertainty.

Services Growth Strengthens Margin Mix and Recurring Revenue

Management continued to prioritize Services, which grew 16% year over year and produced a 76.7% gross margin in Q2. The segment's scale improves Apple's overall margin profile and reduces reliance on hardware replacement cycles. For investors, Services remains a major driver of earnings stability, recurring revenue, and potential valuation support.

Liquidity Position Preserves Flexibility Through Macro Uncertainty

Apple maintained a strong liquidity position and stated that cash, operating cash flows, and access to debt markets are sufficient for the next 12 months and beyond. This conservative liquidity posture limits financial risk amid tariff, supply, and macroeconomic uncertainty. It also preserves management's ability to fund growth initiatives while continuing substantial shareholder returns.

Greater China Rebound Highlights Execution in a Strategic Market

Net sales in Greater China increased 28%, supported by iPhone performance and favorable currency impacts. The result shows improved execution in a market that remains strategically important but exposed to geopolitical and competitive risk. For investors, the rebound supports geographic diversification and signals that Apple can still generate outsized growth in key international markets.

Enhanced Performance Disclosure Improves Visibility Into Growth Drivers

Management provided detailed analysis of segment, product category, and currency impacts on performance. This added transparency helps investors separate underlying demand trends from foreign exchange effects and better evaluate drivers such as iPhone Pro models and Services. Clearer disclosure supports more informed assessments of momentum, margin quality, and valuation.

Balanced Risk Messaging Supports Capital Return Confidence

Management maintained caution around tariffs, supply constraints, and gross margin pressure while continuing buybacks and dividends. This balanced approach shows risk awareness without signaling a pullback in capital return priorities. For investors, the messaging supports confidence that Apple can manage external pressures while sustaining long-term cash generation and disciplined capital allocation.

SECTION 5 INSTITUTIONAL OWNERSHIP UPDATED AFTER LAST SEC FILING Q1/2026 REPORTED ON MAY 18

Institutional Ownership as at Mar 31, 2026

5.1 Reported holdings of institutions end of quarter

As at March 31, 2026 institutions had decreased their holdings to 52.4% of issued capital, down from 64.4% nine months ago.

Quarter - endedMar 31Dec 31, 2025Sep 30, 2025Jun 30, 2025

% of issued capital52.464.762.564.4

Source: U.S. Securities and Exchange Commission (SEC) https://www.sec.gov/edgar/browse/?CIK=320193, company (Apple Inc.), Ticker(AAPL)

5.2 Top 5 Institutional Ownership of Apple Inc. as at March 31, 2026

As at March 31, 2026, 5990 Institutions (Funds) held investments in shares of Apple Inc.. Institutions decreased their holdings to 52.4% of issued capital, down from 64.7% as at Dec 31. The largest shareholder was Blackrock Inc. with 8% of Apple Inc.. The second largest shareholder was State Street Corporation with 4%.

*Note: Minimum Core Shareholding is computed on the basis of SEC filings over the last 12 quarters (3 years). A higher % of shareholding above the minimum core holding may be indicative of a potential positioning by an active institution to overweight.

Apple Inc. Top 4 Active Funds (in desc order of Shares) hold 16.1% [second last column shows % above minimum core shareholding; last column shows percentile rank by AUM (Assets Under Management) among 8584 Funds]. Please download the spreadsheet to view full list of 2592 Active Funds holding 34.7% of Apple Inc. as at March 31, 2026.

FundShares% of TotalValue $

Blackrock Inc. (0002012383)1,144,695,4258290.2 B

State Street Corporation (0000093751)602,341,4094152.7 B

Geode Capital Management, LLC (0001214717)368,616,954393.5 B

Morgan Stanley (0000895421)244,474,722262 B

% Held by Top 4 Institutional shareholders2,360,128,51016.1598.4 B

Fund% above Core*Percentile rank

Blackrock Inc. (0002012383)11100

State Street Corporation (0000093751)14100

Geode Capital Management, LLC (0001214717)29100

Morgan Stanley (0000895421)22-

Apple Inc. Top Index Fund (in desc order of Shares) is ranked 1 by Shares held in AAPL holds 2.1% [second last column shows % above minimum core shareholding; last column shows percentile rank by AUM (Assets Under Management) among 8584 Funds]. Please download the spreadsheet to view full list of 3399 Index Funds holding 17.6% of Apple Inc. as at March 31, 2026.

FundShares% of TotalValue $

FMR LLC (0000315066)307,442,040278 B

% Held by Top 1 Institutional shareholders307,442,0402.178 B

Fund% above Core*Percentile rank

FMR LLC (0000315066)6100

Source: U.S. Securities and Exchange Commission (SEC) https://www.sec.gov/edgar/browse/?CIK=320193, company (Apple Inc.), Ticker(AAPL)

5.3 Top 5 Increases [March 31, 2026 vs December 31, 2025]

Value is shown in the table below at March 31 AAPL share price of $253.56.

Institution (CIK)SharesValue, $% increase

University of Illinois Foundation (0001994249)58,25915.2 M291,295.0

USA Financial Formulas (0001633716)3,427893,68948,957.1

DIAMANT ASSET MANAGEMENT, INC. (0001731124)26,508,1816.9 B24,974.3

AKUNA SECURITIES LLC (0001529090)33687,62211,200.0

Saudi Central Bank (0001918181)536,378139.9 M8,737.2

Total27,106,5817.1 billion-

Source: U.S. Securities and Exchange Commission (SEC) https://www.sec.gov/edgar/browse/?CIK=320193, company (Apple Inc.), Ticker(AAPL)

5.4 Institutional ownership of AAPL at March 31, 2026: DIAMANT ASSET MANAGEMENT, INC. top increase by worth

Top 5 Increases by worth [March 31, 2026 vs December 31, 2025]

Value is shown in the table below at March 31 AAPL share price of $253.56.

Institution (CIK)SharesWorth Change, $

DIAMANT ASSET MANAGEMENT, INC. (0001731124)26,508,1816.9 B

Morgan Stanley (0000895421)13,991,6873.6 B

Geode Capital Management, LLC (0001214717)10,584,4372.8 B

Capital Research Global Investors (0001422848)8,561,4882.2 B

Goldman Sachs Group Inc. (0000886982)7,486,1932 B

Total67,131,98617.5 billion

Source: U.S. Securities and Exchange Commission (SEC) https://www.sec.gov/edgar/browse/?CIK=320193, company (Apple Inc.), Ticker(AAPL)

5.5 Top 5 Decreases [March 31, 2026 vs December 31, 2025]

Institution (CIK)SharesValue, $% Decreases

Deane Retirement Strategies, Inc. (0001659346)21,891(5.7 M)-99.9

Dixon Mitchell Investment Counsel Inc. (0001993485)124,581(32.5 M)-99.7

Marathon Trading Investment Management LLC (0001572748)245,358(64 M)-99.5

IFG Advisory, LLC (0001728319)165,240(43.1 M)-99.2

Worth Financial Advisory Group, LLC (0001964358)26,294(6.9 M)-97.8

Total583,364(152.1 million)-

Source: U.S. Securities and Exchange Commission (SEC) https://www.sec.gov/edgar/browse/?CIK=320193, company (Apple Inc.), Ticker(AAPL)

5.6 Top 5 New shareholders as at March 31, 2026

Value is shown at price of March 31, 2026 (in desc order of Shares)

Institution (CIK)SharesValue, $

SEB Asset Management AB (0002127509)4,986,3981.3 B

Capitolis Liquid Global Markets LLC (0002094379)3,307,057838.5 M

TIAA-CREF INDIVIDUAL and INSTITUTIONAL SERVICES, LLC (0000882928)1,072,514271.9 M

TIAA Wealth Investment Management LLC (0002124867)666,906169.1 M

Spartan Wealth Advisory Services LLC (0002075193)206,45052.3 M

Total10,239,3252.6 billion

Source: U.S. Securities and Exchange Commission (SEC) https://www.sec.gov/edgar/browse/?CIK=320193, company (Apple Inc.), Ticker(AAPL)

5.7 Institutional ownership of AAPL at Mar 31: Two Sigma Advisers, LP top exit

An analysis conducted after the mid - quarter deadline of May 18 for 20261 SEC filings by 8647 institutions shows that there were 5 exits. Two Sigma Advisers, LP was the largest exit with 5,896,700 shares valued at 1.6 B as at March 31.

Institution (CIK)SharesValue, $

Two Sigma Advisers, LP (0001478735)5,896,7001.6 B

Forsta AP-fonden (0001603328)4,030,0001.1 B

Virginia Retirement Systems ET AL (0001005354)3,880,0401.1 B

Comerica Bank (0000901541)3,216,562872.8 M

Capitolis Liquid Global Markets LLC (0001960050)2,919,147792.1 M

Total19,942,4495.4 billion

Source: U.S. Securities and Exchange Commission (SEC) https://www.sec.gov/edgar/browse/?CIK=320193, company (Apple Inc.), Ticker(AAPL)

Please view detailed Institutional Shareholders - Categorised and Complete List in DATA & ARCHIVE DOWNLOAD CENTER

SECTION 6 TODAY'S BULLISH SIGNALS

6.1 Rank in the top 24% by Price Performance in the NASDAQ market

DescriptionValueRank

PV1000 [1 yr] $1,470In Top 24%

Source: Apple Inc.'s, 10-K filing dated October 31, 2025, available at the U.S. Securities and Exchange Commission website: https://www.sec.gov/Archives/edgar/data/320193/000032019325000079/aapl-20250927.htm and Apple Inc.'s website: https://investor.apple.com/investor-relations/default.aspx. company (Apple Inc.), Ticker(AAPL)

6.2 Uptrend

Price/Moving Average Price of 1.1:

- The Price/MAP 200 for Apple Inc. is 1.1. Being higher than 1 is a bullish indicator. The stock is trading above both its MAPs and the 50-day MAP of $290.73 is higher than the 200-day MAP of $267.28, a second bullish indicator. The 200-day MAP has increased to $267.28, a third bullish indicator.

Past Quarter:

- In the last three months the stock has hit a new 52-week high thirteen times, pointing to a significant uptrend.

6.3 Other Bullish Signals

- Total Liabilities/EBITDA of 2.2 is less than 5, this compares favourably with the Joseph Piotroski benchmark of 5.

- Return on Assets of 31.2% versus sector average of 19.7% and market average of 7.9%.

- Net profit margin has averaged 25.4% in the last 3 years. This is considered superior and suggests a high margin of safety.

Source: Apple Inc.'s, 10-K filing dated October 31, 2025, available at the U.S. Securities and Exchange Commission website: https://www.sec.gov/Archives/edgar/data/320193/000032019325000079/aapl-20250927.htm and Apple Inc.'s website: https://investor.apple.com/investor-relations/default.aspx. company (Apple Inc.), Ticker(AAPL)

6.4 Oversold/Bullish Signals:

- The stock is oversold according to the Williams % R indicator of -80.1, suggesting the price is close to its 14-day low of $287.38.

Source: Nasdaq Stock Exchange: https://www.nasdaq.com/market-activity/stocks/AAPL, company (Apple Inc.), Ticker(AAPL)

SECTION 7 ONGOING BULLISH PARAMETERS

7.1 Growth in annual dividends per share and earnings per share

- Apple Inc. sees dividend rise for a thirteenth consecutive year

Apple Inc. reported dividends per share of $1.05 in the past year, up 4.0% from the previous year. This is the thirteenth consecutive dividend increase. In the past 13 years average annual compound growth rate of dividends was 7.9%.

Source: Nasdaq Stock Exchange: https://www.nasdaq.com/market-activity/stocks/AAPL/dividend-history, company (Apple Inc.), Ticker(AAPL)

- EPS growth [FY2025 vs FY2024] of 22.6%:

FYEPS ($)Growth %

20257.4922.6

20246.11-0.8

Source: Apple Inc.'s, 10-K filing dated October 31, 2025, available at the U.S. Securities and Exchange Commission website: https://www.sec.gov/Archives/edgar/data/320193/000032019325000079/aapl-20250927.htm and Apple Inc.'s website: https://investor.apple.com/investor-relations/default.aspx. company (Apple Inc.), Ticker(AAPL)

7.2 Rank in the top 97% by Liquidity in the NASDAQ market

DescriptionValueRank

Ave daily turnover$10 billionIn top 97%

Source: Apple Inc.'s, 10-K filing dated October 31, 2025, available at the U.S. Securities and Exchange Commission website: https://www.sec.gov/Archives/edgar/data/320193/000032019325000079/aapl-20250927.htm and Apple Inc.'s website: https://investor.apple.com/investor-relations/default.aspx. company (Apple Inc.), Ticker(AAPL)

7.3 Rank in the top 2% by Size in the NASDAQ market

DescriptionValueRank

Turnover$10 billionIn Top 1%

Tr 12 months Revenue$451.4 billionIn Top 1%

MCap$4,307 billionIn Top 2%

Source: Apple Inc.'s, 10-K filing dated October 31, 2025, available at the U.S. Securities and Exchange Commission website: https://www.sec.gov/Archives/edgar/data/320193/000032019325000079/aapl-20250927.htm and Apple Inc.'s website: https://investor.apple.com/investor-relations/default.aspx. company (Apple Inc.), Ticker(AAPL)

7.4 Rank in the top 19% by Performance in the NASDAQ market

DescriptionValueRank

Net Profit Margin %26.9In Top 17%

EBITDA Margin %31.9In Top 19%

Source: Apple Inc.'s, 10-K filing dated October 31, 2025, available at the U.S. Securities and Exchange Commission website: https://www.sec.gov/Archives/edgar/data/320193/000032019325000079/aapl-20250927.htm and Apple Inc.'s website: https://investor.apple.com/investor-relations/default.aspx. company (Apple Inc.), Ticker(AAPL)

7.5 Rank in the top 2% by Productivity in the NASDAQ market

DescriptionValueRank

Return on Assets [ROA] %31.2In Top 2%

Source: Apple Inc.'s, 10-K filing dated October 31, 2025, available at the U.S. Securities and Exchange Commission website: https://www.sec.gov/Archives/edgar/data/320193/000032019325000079/aapl-20250927.htm and Apple Inc.'s website: https://investor.apple.com/investor-relations/default.aspx. company (Apple Inc.), Ticker(AAPL)

7.6 Present Value of $1000 Invested in the Past [3 Mo, 1 Yr, 3 Yrs]; The Best Periods with PV$1000 > 1,167

PV$1,0003 mo ago1 yr ago3 yrs ago

AAPL.NASDAQ$1,168$1,476$1,616

Technology sector$1,173$1,318$1,828

NASDAQ-100 Index$1,219$1,317$1,962

7.7 Past year: price rise of 47%

1-Year price change of 47% for Apple Inc. outperformed the change of 33.7% in the NASDAQ-100 Index for a relative price change of 13.3%.

Price Change %Year

Apple Inc.47

Technology sector33

NASDAQ-100 Index33.7

7.8 MCap: 5-Year Increase of $2,069 B (92%)

In the past 5 years Market Capitalization has increased by $2,068.8 billion (92%) from $2,237.8 billion to $4,306.7 billion. Based on a dynamic start date of 5 years ago, there has been only 1 decline in MCap over the last 5 years.

PriceMCap ($ B)

Last$293.354,306.7

1 Year ago$199.512,992.5

2 Years ago$205.713,180.8

3 Years ago$184.102,953.6

4 Years ago$135.552,238.6

5 Years ago$130.322,237.8

7.9 AAPL.NASDAQ Annualised Period-based Total Shareholder Returns [TSR %]: The Best Periods with TSR > 17.1%

1 yr3 yrs5 yrs10 yrs20 yrs30 yrs

47.617.218.23029.328

7.10 Improved EBIT Margins:

EBIT margin is positive and has seen consecutive rises in the last 4 years.

FYEBIT Margins (%)

202531.9

202431.6

202329.7

202228.6

202128.3

Source: Apple Inc.'s, 10-K filing dated October 31, 2025, available at the U.S. Securities and Exchange Commission website: https://www.sec.gov/Archives/edgar/data/320193/000032019325000079/aapl-20250927.htm and Apple Inc.'s website: https://investor.apple.com/investor-relations/default.aspx. company (Apple Inc.), Ticker(AAPL)

7.11 Low Debt to Equity (%) and Reducing

The debt to equity ratio of 10.8% is under a safe benchmark figure of 50%. Moreover, it has improved from 17.5% a year ago.

YearsDebt to Equity (%)

Sep 202510.82

Sep 202417.5

Sep 20239.63

Sep 202219.7

Sep 20219.51

Source: Apple Inc.'s, 10-K filing dated October 31, 2025, available at the U.S. Securities and Exchange Commission website: https://www.sec.gov/Archives/edgar/data/320193/000032019325000079/aapl-20250927.htm and Apple Inc.'s website: https://investor.apple.com/investor-relations/default.aspx. company (Apple Inc.), Ticker(AAPL)

7.12 A 72.8% Decrease in Insider Selling

In the past 5 years a total of 8,530,162 Apple Inc. shares worth $1.5 billion were sold by insiders. Based on a dynamic start date of 5 years ago, insider selling has averaged 1,706,032 shares per year. In the past year, insiders sold 527,224 shares, a decrease of 72.8% from the previous year.

YearNo. of SharesValue, $

Jun 24, 2026527,224145,153,012

1 Yr ago1,941,221438,004,813

2 Yrs ago1,735,867304,871,903

3 Yrs ago1,239,101194,224,029

4 Yrs ago3,086,749461,133,251

Total8,530,1621,543,387,008

Source: U.S. Securities and Exchange Commission (SEC Form 4) https://www.sec.gov/edgar/browse/?CIK=320193, company (Apple Inc.), Ticker(AAPL)

7.13 Increased VWAP, up 65% in 5 years

In the past five years Volume Weighted Average Price (VWAP) has increased by 65.2% to $253.13. Based on a dynamic start date of five years ago, there have been declines in VWAP in 2 out of 5 years.

Past five years, 12 months ended Jun 24 (USD)

YearHigh PriceVWAPLow Price

2026317.4253.13198.47

2025258.45219.54168.32

2024218.31182.27162.45

2023184.97150.57122.68

2022178.85153.2126.5

7.14 Quarterly Trend in Revenue, Net Profit and Net Profit Margin:

- Net Profit margin is positive and has seen consecutive rises in recent quarters. [All figures in %]

Qtr-endedRevenue GrowthNet Profit GrowthNet Profit Margin

Mar 26 [Q2 vs Q1]-22.7-29.749.3

Dec 25 [Q1 vs Q4]40.353.348.2

Sep 25 [Q4 vs Q3]917.247.2

Jun 25 [Q3 vs Q2]-57.2-61.746.5

7.15 Satisfies two criteria of Benjamin Graham

-""Total debt less than tangible book value""; total debt of USD8.0 billion is less than tangible book value of USD73.7 billion.

-""Total debt equal or less than twice the net quick liquidation value""; total debt of USD8.0 billion is 0.1 times the net liquidation value of USD139.98 billion.

Source: Apple Inc.'s, 10-K filing dated October 31, 2025, available at the U.S. Securities and Exchange Commission website: https://www.sec.gov/Archives/edgar/data/320193/000032019325000079/aapl-20250927.htm and Apple Inc.'s website: https://investor.apple.com/investor-relations/default.aspx. company (Apple Inc.), Ticker(AAPL)

7.16 Satisfies 5 out of 9 criteria of Joseph Piotroski [pass mark 5]:

- Positive net income.

- Positive operating cashflow.

- Return on Assets improvement [from 25.7% to 31.2%].

- Reduction in total shares on issue.

- Improvement in gross margin [from 46.2% to 46.9%].

But does not meet the following 4 criteria of Joseph Piotroski:

- Good quality of earnings [operating cashflow exceeds net income].

- Improvement in long-term debt to total assets.

- Improvement in current ratio.

- Improvement in asset turnover.

Source: Apple Inc.'s, 10-K filing dated October 31, 2025, available at the U.S. Securities and Exchange Commission website: https://www.sec.gov/Archives/edgar/data/320193/000032019325000079/aapl-20250927.htm and Apple Inc.'s website: https://investor.apple.com/investor-relations/default.aspx. company (Apple Inc.), Ticker(AAPL)

7.17 Year-over-year (%) Change in Dividend:

Quarterly dividend for Q2/2026 was 27.0c, up 3.8% sequentially from 26.0c in Q1/2026. The year-on-year change was up 3.8% from 26.0c in the previous corresponding period Q2/2025.

QuarterQ2/2025Q1/2026Q2/2026

Dividend ($ Cents)26.026.027.0

Source: Nasdaq Stock Exchange: https://www.nasdaq.com/market-activity/stocks/AAPL/dividend-history, company (Apple Inc.), Ticker(AAPL)

Source: Nasdaq Stock Exchange: https://www.nasdaq.com/market-activity/stocks/AAPL, company (Apple Inc.), Ticker(AAPL)

SECTION 8 TODAY'S BEARISH SIGNALS

Price/Earnings of 35.4 > Technology sector (of 218 stocks) avg of 33.6:

- The price-to-earnings ratio of 35.4 indicates overvaluation compared with sector average of 33.6.

Earnings Yield

- The earnings yield of 2.8% is below the 10-year bond yield of 4.35%.

8.1 PAST WEEK: WEAK MOMENTUM DOWN

AAPL dips 0.9% on below average volume 0.9 times average. Compared with the NASDAQ-100 Index which fell 450.9 points (or 1.5%) in the week, the relative price increase was 0.6%.

Apple Inc. (AAPL) underperformed the NASDAQ-100 Index in 3 out of 5 days. The price ranged between a low of $293.35 on Wednesday Jun 24 and a high of $297.89 on Thursday Jun 18.

JunApple Inc.Close [$]Change %Comment

Wed 24Top gainer in Fund Evaluation Group jumps 16.7% in 84 days293.35-0.3Price/MAP50 above 1 and rising

Tue 23Top gainer in Fund Evaluation Group jumps 17.8% in 83 days294.29-0.9Price/MAP50 above 1 and rising; RPC=2.4%

Mon 22Stock decreases 0.3%297.01-0.3VI*=1.1

Thu 18Increases $2.11 on firm volume297.890.7Top Rise

Wed 17Lower with 1.1% fall today's session295.95-1.1Steepest Fall

* RPC - Relative Price Change is % price change of stock less % change of the NASDAQ-100 Index.

[Volume Index (VI); 1 is average]

8.2 Rank in the bottom 7% by Relative Valuation in the NASDAQ market

DescriptionValueRank

Price to Sales9.5In Bottom 7%

Dividend Yield %0.4%In Bottom 5%

Source: Apple Inc.'s, 10-K filing dated October 31, 2025, available at the U.S. Securities and Exchange Commission website: https://www.sec.gov/Archives/edgar/data/320193/000032019325000079/aapl-20250927.htm and Apple Inc.'s website: https://investor.apple.com/investor-relations/default.aspx. company (Apple Inc.), Ticker(AAPL)

8.3 Downtrend

Negative MACD:

- The Moving Average Convergence Divergence (MACD) indicator of 12-day Exponential Moving Average (EMA) of 297.73 minus the 26-day EMA of 298.55 is negative, suggesting a bearish signal. Both the 12-day EMA as well as the 26-day EMA are falling, another bearish signal.

Trailing Relative Strength (6 months) at 46 percentile:

- The stock has a 6-month relative strength of 46 in the NASDAQ market of 2,828 stocks, 2 ADRs and 1 preference stock which means it has underperformed 54% of the market.

8.4 Other Bearish Signals

MCap/Total Assets:

- Tobin's Q Ratio, defined as MCap divided by Total Assets, is 12. Compared with the rest of the market the stock is overvalued and ranks in the bottom 3% of stocks by value of Q Ratio.

Source: Apple Inc.'s, 10-K filing dated October 31, 2025, available at the U.S. Securities and Exchange Commission website: https://www.sec.gov/Archives/edgar/data/320193/000032019325000079/aapl-20250927.htm and Apple Inc.'s website: https://investor.apple.com/investor-relations/default.aspx. company (Apple Inc.), Ticker(AAPL)

Source: Nasdaq Stock Exchange: https://www.nasdaq.com/market-activity/stocks/AAPL, company (Apple Inc.), Ticker(AAPL)

SECTION 9 ONGOING BEARISH PARAMETERS

9.1 Sequential EPS growth [Q2/2026 vs Q1/2026] of -29.1%:

The most recent quarter (Q2/2026) showed a decline of 29.1% in sequential growth of Quarterly EPS.

Quarterly ReportEPS ($)Growth %

Q2/20262.02-29.1

Q1/20262.8554.1

9.2 P/E/G > 1

The price earnings ratio of 35.4 divided by trailing twelve months eps growth of 22.6% corresponds to P/E/G of 1.6 times.

EPS Growth (%)22.6

P/E/G1.6

P/E35.4

Source: Apple Inc.'s, 10-K filing dated October 31, 2025, available at the U.S. Securities and Exchange Commission website: https://www.sec.gov/Archives/edgar/data/320193/000032019325000079/aapl-20250927.htm and Apple Inc.'s website: https://investor.apple.com/investor-relations/default.aspx. company (Apple Inc.), Ticker(AAPL)

9.3 % Growth in EPS & RPS

EPS growth: Sequential EPS growth (Q2 2026 vs Q1 2026) was down 29.1% and PCP EPS growth (Q2 2026 vs Q2 2025) was down 50.2%. FY EPS growth (FY2025 vs FY2024) was up 22.6%.

RPS growth: Sequential growth in Revenue per share (Q2 2026 vs Q1 2026) was down 22.2% and PCP growth in Revenue per share (Q2 2026 vs Q2 2025) was down 48.1%. FY growth in Revenue per share (FY2025 vs FY2024) was up 9.3%.

(All figures in %)

Sequential growth in EPS (Q2 2026 vs Q1 2026)-29.1

Sequential growth in RPS (Q2 2026 vs Q1 2026)-22.2

PCP growth in EPS (Q2 2026 vs Q2 2025)-50.2

PCP growth in RPS (Q2 2026 vs Q2 2025)-48.1

FY growth in EPS (FY2025 vs FY2024)22.6

FY growth in RPS (FY2025 vs FY2024)9.3

9.4 Declining Volume, down 56% in 5 years

In the past five years, Average Daily Volume of Trading (ADVT) has decreased 55.5% to 39.7 million shares.

Avg. Daily Volume Traded 12 months ended Jun 24, million shares

YearADVT

202639.7

202552.2

202459.7

202371.9

202289.1

9.5 Declining share turnover, down 28% in 5 years

In the past five years, average daily share turnover has decreased 27.7% to $9.9 billion. This suggests decreased liquidity.

Past five years, 12 months ended Jun 24 (USD billion)

YearAverage Daily Turnover

20269.9

202511.5

202410.9

202310.8

202213.8

Source: Nasdaq Stock Exchange: https://www.nasdaq.com/market-activity/stocks/AAPL, company (Apple Inc.), Ticker(AAPL)

SECTION 10 CORPORATE PROFILE AND INDEPENDENT RATINGS

10.1 Activities

Apple Inc., a leading technology company listed on the Nasdaq (ticker: AAPL), specializes in designing, manufacturing, and marketing a wide range of consumer electronics, software, and online services. At its core, the company focuses on innovative hardware products such as the iPhone, iPad, Mac computers, Apple Watch, and accessories, alongside software ecosystems like iOS and macOS, and services including the App Store, iCloud, Apple Music, and Apple Pay. These offerings drive seamless user experiences and ecosystem loyalty. The fastest-growing segments include services, which have expanded rapidly through digital subscriptions and content delivery, generating increasing revenue from app transactions, streaming, and cloud storage. Additionally, wearables and accessories, led by the Apple Watch and AirPods, have seen strong growth due to health features and wireless technology advancements. Apple's commitment to innovation and sustainability continues to solidify its position as a global leader in technology. It is the NASDAQ's largest Technology company by market capitalisation.

Apple Inc. (NASDAQ:AAPL) is advancing its strategic endeavors with the recent acquisition of the Animato animation studio, a key player in avatar design and technology. The Animato acquisition underlines Apple's commitment to enhancing its software capabilities by integrating cutting-edge avatar technology into its offerings. Apple looks to amplify its market position through immersive Apple AR avatars and Apple Vision Pro avatars, leveraging technology developed by Animato founders. By incorporating the Animato avatar studio's expertise, Apple is poised to scale its Apple avatar tools for developers, supporting a robust Apple developer avatar SDK. This integration offers a competitive advantage in the burgeoning fields of metaverse and spatial computing, where Apple's personalized avatars facilitate innovative user interactions. Through the Apple iOS avatar feature and Apple avatar integration iOS, Apple is creating a seamless user experience poised to drive growth in the AR/VR sector.

10.2 Independent Ratings and Relative Value Indicators

+ Clarivate 100:

Apple Inc. is ranked 10 in the Top 100 innovators by Clarivate Analytics.

+ Brand Finance 500:

It is in the Brand Finance list of the world's 500 Valuable Banking brands by brand value in 2025, ranked 1.

+ PwC 100:

It is in PwC's list of Top 100 Global companies; ranked 1st by market capitalization in 2025.

+ Corporate Knights:

It is ranked 69 by Corporate Knights Capital in the World's 100 most sustainable corporations 2025.

+ Fortune 500:

It is in the Fortune list of Top 500 Global companies by Revenues in 2025, ranked 7.

10.3 Contact Details

Website: http://www.apple.com

Physical Address: 1 Infinite Loop,Cupertino,CA,95014

Phone: +1 408 996-1010

Fax: +1 408 974-2483

Email: investor_relations@apple.com

10.4 U.S. Industry & Sector

Classification Level: Name of Sector

Economic Sector: Technology

10.5 North American Industry Classification System [NAICS]

Code: 334220

Industry Title: Radio and Television Broadcasting and Wireless Communications Equipment Manufacturing

SECTION 11 FINANCIALS FY 2025

11.1 AAPL Financials 3-Year Summary:

Year ended Sep 30FY2025FY2024FY2023

Sales ($ B)416.2391383.3

Pretax ($ B)132.7123.5113.7

Net ($ B)11293.797

EPS ($)7.496.116.16

EPS up 22.6% to $7.49 in FY2025 [ y.e. 27 Sep 2025]

+ Net profit was up 19.5% from $93.7 billion in FY2024 to $112 billion in FY2025.

+ Earnings Per Share (EPS) was up 22.6% from $6.11 in FY2024 to $7.49 in FY2025.

11.2 Financials, FY 2025 [year-ended 27 September 2025 ]

Apple Net Profit up 19%

Release Date: November 03, 2025

Apple (NASDAQ:AAPL) reported net profit for the year-ended 27 September 2025 [FY2025] of $112b, up 19% from $93.7b in the previous year [FY2024]. Earnings per share (EPS) were up 23% from $6.11 in FY2024 to $7.49 in FY2025.

11.3 Annual growth in Revenue, Net Profit and EPS

Year-ended27 September [FY/2025]28 September [FY/2024]

Revenue, $ Billion416391

Growth in Revenue %6.42.0

Net Profit, $ Billion11293.7

Growth in Net Profit %19.5-3.4

EPS, $7.496.11

Growth in EPS %22.6-0.8

Major changes compared with previous year (FY2025 vs FY2024):

Favourable Changes:

- Net profit up 19.5% from $93.7b to $112.0b

- Sales revenue up 6.4% from $391.0b to $416.2b

- EPS up 22.6% from $6.11 to $7.49

- EBIT to total assets up from 33.8% to 36.9%

- Total revenue to total assets up from 1.1 to 1.2

Unfavourable Changes:

- Long-term investments to Total Assets down from 25.1% to 21.6%

Year-on-year comparison of Performance Ratios [FY2025 vs FY2024]

September 27FY2025FY2024Change (%)

Return on Equity (%)151.9164.6Down 7.7

Return on Assets (%)31.225.7Up 21.4

Total debt to net tangible assets (%)10.817.5Down 38.3

Debt/Equity0.10.2Down 38.9

Common Size Ratios by Assets %

Long-term investments to Total Assets21.625.1Down 13.8

Current Debtors to Total Assets20.318.1Up 11.8

Five-year record of growth and performance:

In the last 5 years Total Revenue averaged $390.1B, EBITDA averaged $119.7B and Net Profit averaged $99.4B. Compound Annual Growth Rate (CAGR) averaged 8.7% for Total Revenue, 14.3% for Net Profit and 14.6% for EBITDA.

DescriptionAnnual ($ B)5-year Avg ($ B)5-year CAGR %

Total Revenue416.2390.18.7

EBITDA132.7119.714.6

Operating Profit132.7119.714.6

Net Profit11299.414.3

Five-year record of EBITDA, Operating Profit, Net Profit, ROA and ROCE

In 2025 Net Profit Margin of 26.9% was above its 5-year Avg of 25.5% (All Figures in %)

Description20255-year Avg

EBITDA Margin31.930.6

Operating Profit Margin31.930.6

Net Profit Margin26.925.5

Return on Assets31.227.9

Return on Capital Employed68.659.4

Source: Apple Inc.'s, 10-K filing dated October 31, 2025, available at the U.S. Securities and Exchange Commission website: https://www.sec.gov/Archives/edgar/data/320193/000032019325000079/aapl-20250927.htm and Apple Inc.'s website: https://investor.apple.com/investor-relations/default.aspx. company (Apple Inc.), Ticker(AAPL)

SECTION 12 TAX & DIVIDEND

12.1 Average Income Tax Paid (Past 5 Years)

In the past 5 years, Income Tax as % of profit before tax increased from 13.3% to 15.6%, Income Tax as % of sales increased from 4.0% to 5.0% and Income Tax as % of operating cash flow increased from 13.3% to 15.6%.

Description20252024202320222021

As % of profit before tax15.624.114.716.213.3

As % of operating cash flow15.624.114.716.213.3

As % of sales57.64.44.94

The 5-year average of profit before tax was 16.8%.

12.2 Dividend History

In the past 5 years annual dividends have increased by 16.0c from 89.0c to 105.0c. Based on a start date of 5 years ago, there has been no decline in dividends over the last 5 years.

Date PaidValue (c)Type

11 May 202627Quarterly

09 Feb 202626Quarterly

10 Nov 202526Quarterly

11 Aug 202526Quarterly

Tr 12 Months105

2024 - 2025101

2023 - 202497

2022 - 202393

2021 - 202289

Source: Nasdaq Stock Exchange: https://www.nasdaq.com/market-activity/stocks/AAPL/dividend-history, company (Apple Inc.), Ticker(AAPL)

SECTION 13 TOP MANAGEMENT AND BOARD OF DIRECTORS

13.1 Top Management

Top Management [Seven top executives with tenure > 14 yrs]

NameDesignationSince Appointment

Tim CookChief Executive Officer, Director14 Yrs, 10 Mos

Arthur D. LevinsonChairman, Director25 Yrs, 10 Mos

Kevan ParekhChief Financial Officer, Senior Vice President-

Sabih KhanChief Operating Officer, Senior Vice President Operations-

Jennifer NewsteadSenior Vice President, General Counsel-

Katherine AdamsSenior Vice President-

Isabel Ge MaheVice President, Vice President and Managing Director of Greater China, Managing Director of Greater China-

13.2 Board Of Directors

Board Of Directors [One director with tenure > 15 yrs]

NameSince Appointment

Ronald D. Sugar15 Yrs, 7 Mos

Board Of Directors [Five directors with tenure < 5 yrs]

NameSince Appointment

Alex Gorsky4 Yrs, 7 Mos

Wanda Austin-

Susan L. Wagner-

Monica Lozano-

Andrea Jung-

13.3 Independent Ratings of Directors

+ Tim Cook- Glassdoor Ranking:

Tim Cook was ranked 32 in the Glassdoor Employee Review's list of 100 Top CEOs in the United States for 2021.

+ Tim Cook- Bloomberg Pay Index Ranking:

Tim Cook was ranked 3 in the Bloomberg Pay Index list in the United States for 2021, an improvement from rank 8 in 2020. According to Bloomberg Pay Index, Tim Cook's total compensation had increased by (222.13%) $588.7 million from $265 million to $853.8 million in 2021.

+ Tim Cook- Harvard Business Ranking:

Tim Cook was ranked 62 in the Harvard Business Review's list of 100 Best-Performing CEO's in the world for 2019.

APPENDIX I DATA & ARCHIVE DOWNLOAD CENTER

AAPL: EXPORT DATA TO EXCEL:

+ PRICE VOLUME - 5-YEAR HISTORY

+ FINANCIALS - 10-YEAR HISTORY [INCLUDING Q2/2026]:

+ SHAREHOLDERS - COMPLETE LIST OF 6015 INSTITUTIONS

+ PEER COMPARISON

AAPL: OTHER INFORMATION:

+ PRICE VOLUME CHARTS

+ SEC FILINGS

+ X POSTS

+ NOTES to ACCOUNTS

+ INSIDER OWNERSHIP AND SELLING IN THE PAST 10 YEARS

+ BOARD OF DIRECTORS

APPENDIX II STOCK IDENTIFIERS

ISIN: US0378331005

PermID: 4295905573

Central Index Key (CIK): 320193

CUSIP: 037833100

RIC: AAPL.O

FIGI: BBG000B9Y5X2

LEI: HWUPKR0MPOU8FGXBT394

GLOSSARY

Disclaimer:",45d46e60571de545fd4a7cb5037b6276c5f0d08f4f1f7d3877d26128f153095f,ok,,102696,77566,0,week4_lseg_html_v1,True,True
