timestamp,request_date,request_start,request_end,company_symbol,ric,query,storyId,story_type,sourceCode,headline,story_error,clean_text,clean_text_sha256,cleaning_quality,cleaning_detail,original_chars,cleaned_chars,removed_trailing_lines,cleaner_version,article_story_type,usable_article
2026-06-11 22:07:31.000,2026-06-11,2026-06-11T00:00:00,2026-06-11T23:59:59,META,META.O,R:META.O and Language:LEN,urn:newsml:social:20260611:nTWT54c7xN:1,social,NS:X,"@KobeissiLetter: The AI buildout is fueling record Big Tech borrowing:

Alphabet $GOOGL, Amazon $AMZN, Meta $META, Microsoft $MSFT, and Oracle $ORCL have issued a record $159 billion in corporate bonds in 2026.

This already surpasses the full-year 2025 total by +47% or +$51 billion.

To put this https://t.co/QKpcwHPDqE",,"The Kobeissi Letter

@KobeissiLetter

The AI buildout is fueling record Big Tech borrowing:

Alphabet

$GOOGL

, Amazon

$AMZN

, Meta

$META

, Microsoft

$MSFT

, and Oracle

$ORCL

have issued a record $159 billion in corporate bonds in 2026.

This already surpasses the full-year 2025 total by +47% or +$51 billion.

To put this

pic.x.com/QKpcwHPDqE",563c55d6cde3998f61347c1cac8810dbbe8243bcd952f87fb3e74030f9e2cfb4,ok,,6723,354,0,week4_lseg_html_v1,False,False
2026-06-11 22:07:00.000,2026-06-11,2026-06-11T00:00:00,2026-06-11T23:59:59,META,META.O,R:META.O and Language:LEN,urn:newsml:social:20260611:nTWT8JYPRr:1,social,NS:X,"@CarterBWorth: Retweeted @CNBCFastMoney: Final trades!

Here's what @bonawyn, @Citi head of equity trading strategy Stuart Kaiser, @karenfinerman and @carterbworth are trading.

$DAL $QQQ $META $GDX 
https://t.co/hcb3010zjx",,"Carter Braxton Worth

@CarterBWorth

Retweeted

@CNBCFastMoney

Final trades!

Here's what

@Bonawyn

,

@Citi

head of equity trading strategy Stuart Kaiser,

@karenfinerman

and

@CarterBWorth

are trading.

$DAL

$QQQ

$META

$GDX

cnbc.com/video/2026/06/…",1f5d2380290ba7877d7f9c2c36b9eadd144b75eaf9bfeb27ff429558341428b6,ok,,7440,259,0,week4_lseg_html_v1,False,False
2026-06-11 22:05:43.000,2026-06-11,2026-06-11T00:00:00,2026-06-11T23:59:59,META,META.O,R:META.O and Language:LEN,urn:newsml:social:20260611:nTWT4K0rXq:1,social,NS:X,"@CNBCFastMoney: Final trades!

Here's what @bonawyn, @Citi head of equity trading strategy Stuart Kaiser, @karenfinerman and @carterbworth are trading.

$DAL $QQQ $META $GDX 
https://t.co/hcb3010zjx",,"CNBC's Fast Money

@CNBCFastMoney

Final trades!

Here's what

@Bonawyn

,

@Citi

head of equity trading strategy Stuart Kaiser,

@karenfinerman

and

@CarterBWorth

are trading.

$DAL

$QQQ

$META

$GDX

cnbc.com/video/2026/06/…",2f3659bb96eb3257a4185b1123b0d44983ccd012c5709558637d27701ca19681,ok,,7098,230,0,week4_lseg_html_v1,False,False
2026-06-11 21:22:29.387,2026-06-11,2026-06-11T00:00:00,2026-06-11T23:59:59,META,META.O,R:META.O and Language:LEN,urn:newsml:newsroom:20260611:nNRA0urknv:0,newsroom,NS:GLORDP,"May 21, 2026: Meta and Broadcom Launch $125 Million UCLA Semiconductors Hub",,"Meta Platforms Inc. and Broadcom Inc., joined by Applied Materials, GlobalFoundries and Synopsys, announced a $125 million Semiconductor Hub to be built at UCLA's Samueli School of Engineering. The five-year effort, disclosed on 21st May 2026, aims to accelerate research and innovation across chip design, manufacturing and software development.

The hub will integrate academia and industry to fast-track semiconductor technologies and train the next generation of engineers. UCLA dean Ah-Hyung \""Alissa\"" Park said the collaboration will tackle the toughest questions in the field, and that nobody can predict the industry in ten years, but the goal is to drive progress today. Applied Materials' Gary Dickerson stressed that strengthening ties between industry and academia is crucial as semiconductor complexity grows and AI development accelerates. The program will also fund year-long internships for doctoral students involved in the hub, with mentorship from faculty and industry leaders.

INDEX

SECTION 1 UNIVERSITY OF CALIFORNIA LOS ANGELES PROFILE

SECTION 1 UNIVERSITY OF CALIFORNIA LOS ANGELES PROFILE

1.1 ACTIVITIES

UCLA advances knowledge, addresses pressing societal needs and creates a university enriched by diverse perspectives where all individuals can flourish.

1.2 SUMMARY

PermID: 5035524287

Website: https://www.ucla.edu/

Address:

405 Hilgard Ave LOS ANGELES CALIFORNIA 90095-9000 United States

PermID: 5035524287",d830b979cc68d09f78f94905bf4950747c2810c1aaf522a0c2e65032fd6f7497,ok,,1741,1446,0,week4_lseg_html_v1,True,True
2026-06-11 20:56:07.030,2026-06-11,2026-06-11T00:00:00,2026-06-11T23:59:59,META,META.O,R:META.O and Language:LEN,urn:newsml:reuters.com:20260611:nNRA0urdvp:1,reuters,NS:DATMTR,Meta and ABC Launch Academy to Train Construction Craft Professionals,,"Meta Platforms Inc. and Associated Builders and Contractors announced a partnership to create construction-ready career pathways for thousands of data center construction technicians in Indiana, Louisiana, Ohio and Texas. ABC is proud to work with Meta, CBRE and academy community partners to welcome all who want to build their career dreams as a... Meta Platforms Inc. and Associated Builders and Contractors announced a partnership to create construction-ready career pathways for thousands of data center construction technicians in Indiana, Louisiana, Ohio and Texas.

Meta Platforms Inc. and Associated Builders and Contractors announced a partnership to educate and provide construction-ready career pathways for thousands of data center construction technicians kicking off in Indiana, Louisiana, Ohio and Texas as a meaningful step toward meeting the growing demand for data centers workers nationwide. America's Workforce Academy is a $115 million investment in the next generation of construction professionals that includes a five-week training program and a job offer from contractors working on Meta projects at the conclusion of the program.Once an online application process is complete, scholarships, travel, housing and stipends for living expenses are granted to qualified job seekers. They will then participate in career readiness and safety training followed by five weeks of hands-on education, which includes core training and craft training.""America's Workforce Academy is a transformational endeavor creating incredible construction-ready careers. ABC is proud to work with Meta, CBRE and academy community partners to welcome all who want to build their career dreams as a professional in construction,"" said Michael Bellaman, ABC president and CEO. ""As an industry leader, ABC believes in creating opportunities for all on a level playing field and is ready to meet the industry's needs and help individuals achieve their career dreams. ABC is honored to partner with Meta to expand the pipeline of data center construction workers.""This new program is an innovative talent solution that is a critical part of addressing the construction industry's ongoing workforce shortage and creates an accelerated, new-entrant strategy for job seekers,"" said Bellaman. ""Utilizing ABC's existing, proven, nationwide educational ecosystem, these programs will be launched at ABC chapter training centers in key markets like Baton Rouge, Louisiana; Columbus, Ohio; Indianapolis and Houston. This new, national partnership will help train the next generation of craft professionals from entry points such as high school graduates, veterans and more.""""The AI revolution is bringing change but also historic opportunities,"" said Meta President and Vice-Chairman Dina Powell McCormick. ""Skilled workers electrified rural America one pole at a time. They manned the factories that built the arsenal that won World War II. Now a new generation will pour the foundations and lay the fiber that secures American strength in this new age.""The American Workforce Academy partnership will: Build a Sustainable Talent Pipeline: establishes scalable, repeatable workforce development models that align industry, training providers and workforce systems to meet ongoing demand.Deliver Accelerated, Job-Ready Training: provides standardized, industry-aligned training that equips participants with the skills, safety knowledge and jobsite readiness needed to contribute quickly and effectively.Ensure Safety and Productivity From Day One: prepares participants to meet industry and project-specific safety standards and contribute productively on the jobsite from the outset.""The sustained demand for data center construction technicians means the industry needs an all-of-the-above approach to address this shortage and grow the construction talent pool,"" said Bellaman. ""This important new partnership reaffirms that the construction industry offers careers of choice in today's complex job market. These new entrants may be beginning their careers on data center projects but by learning multiple competencies, are starting a life-long career in construction with near limitless possibilities.""ABC member contractors are building the people who build America's critical infrastructure by investing in flexible, competency-based and market-driven education methodologies to cultivate their long-term skill sets, creating a brighter future for their workers and their families. They deliver long-lasting projects and employ multicraft professionals who go home safe, healthy and fulfilled every day. ABC and its members are working to recruit, educate and upskill the nation's future construction workforce with a network of more than 800 apprenticeship, craft, safety and management education programs--including 450 government-registered apprenticeship programs--across 20 different occupations.""Thanks to the crucial, established team members of ABC's vast network, which includes the National Center for Construction Education and Research, ABC's 67 chapters, ABC strategic partners and ABC business partners, as well as ABC's Tech Alliance, we are ready to deliver this transformational construction career readiness program across the country,"" said Bellaman.",809bf276cdfeca2b85c678c7aafcfa8451ec118b3d98963d864e3e3a745dde9f,ok,,5329,5265,0,week4_lseg_html_v1,True,True
2026-06-12 23:34:11.786,2026-06-12,2026-06-12T00:00:00,2026-06-12T23:59:59,META,META.O,R:META.O and Language:LEN,urn:link:webnews:20260612:nNRA0vajyr:0,webnews,NS:WNCOMA,"Purchase agreements for Arkansas solar facilities powering Facebook, Instagram secured",,,,missing,story body is empty,0,0,0,week4_lseg_html_v1,False,False
2026-06-12 23:25:11.333,2026-06-12,2026-06-12T00:00:00,2026-06-12T23:59:59,META,META.O,R:META.O and Language:LEN,urn:link:webnews:20260612:nNRA0vafko:0,webnews,NS:YAHNEX,"Meta's months-old AI unit is a soul-crushing gulag, say the engineers stuck inside it",,,,missing,story body is empty,0,0,0,week4_lseg_html_v1,False,False
2026-06-12 23:21:16.000,2026-06-12,2026-06-12T00:00:00,2026-06-12T23:59:59,META,META.O,R:META.O and Language:LEN,urn:newsml:social:20260612:nTWT1gbk5J:1,social,NS:X,"@unusual_whales: Meta, $META, to crack down on employee token use, per The Information.",,"unusual_whales

@unusual_whales

Meta,

$META

, to crack down on employee token use, per The Information.",7706c4baa621c699d7004e4584e633729808af02d18dfffaf280f07c846fbac9,ok,,5702,106,0,week4_lseg_html_v1,False,False
2026-06-12 23:16:17.000,2026-06-12,2026-06-12T00:00:00,2026-06-12T23:59:59,META,META.O,R:META.O and Language:LEN,urn:newsml:social:20260612:nTWT3MM9kD:1,social,NS:X,"@EricBalchunas: $SPCX ended up doing $85b in volume. Gargantuan number. Easily a record for an IPO and in the Top 10 all time for any stock on any day. For context, it's more volume than Apple has ever done in 40yrs. Nice job @StevenUhey he guessed the closest of anyone in my replies with $69b. https://t.co/TXI1gsz5cO https://t.co/9Ho0mlM0Nc | @EricBalchunas POOL: What do you think Day One volume will be for $SPCX?  I'm going with $58b. (for context $BABA and $META each did about $25b on their respective Day Ones and more recently Cerebras did $11b).",,"Eric Balchunas

@EricBalchunas

$SPCX

ended up doing $85b in volume. Gargantuan number. Easily a record for an IPO and in the Top 10 all time for any stock on any day. For context, it's more volume than Apple has ever done in 40yrs. Nice job

@StevenUhey

he guessed the closest of anyone in my replies with $69b.

pic.x.com/TXI1gsz5cO

x.com/EricBalchunas/…

Eric Balchunas

@EricBalchunas

POOL: What do you think Day One volume will be for

$SPCX

? I'm going with $58b. (for context

$BABA

and

$META

each did about $25b on their respective Day Ones and more recently Cerebras did $11b).",572780dd92f5f9ba61e0a3b3b7e6fd34088286239159b06aaa4e458244a844ef,ok,,11292,594,0,week4_lseg_html_v1,False,False
2026-06-12 22:56:13.319,2026-06-12,2026-06-12T00:00:00,2026-06-12T23:59:59,META,META.O,R:META.O and Language:LEN,urn:link:webnews:20260612:nNRA0va6t0:0,webnews,NS:LEGINT,'Strains Credulity': Judge Rejects Meta's Attempt to Dismiss Porn Maker's Copyright Suit,,,,missing,story body is empty,0,0,0,week4_lseg_html_v1,False,False
2026-06-13 20:50:29.000,2026-06-13,2026-06-13T00:00:00,2026-06-13T23:59:59,META,META.O,R:META.O and Language:LEN,urn:newsml:social:20260613:nTWT8MHTVW:1,social,NS:X,@tomkeene: Retweeted @EricBalchunas: A ton of ETFs bought $SPCX yesterday (esp BlackRock via $BIA w/ $450m buy). There were 4 ETF holders on Fri morning but now there are 40. Wild. I remember w $META and $BABA it took weeks for it to enter ETFs. Back then tho almost everything was passive governed by index rules. https://t.co/D2Z83umNqj,,"tom keene

@tomkeene

Retweeted

@EricBalchunas

A ton of ETFs bought

$SPCX

yesterday (esp BlackRock via

$BIA

w/ $450m buy). There were 4 ETF holders on Fri morning but now there are 40. Wild. I remember w

$META

and

$BABA

it took weeks for it to enter ETFs. Back then tho almost everything was passive governed by index rules.

pic.x.com/D2Z83umNqj",ec4628049f64f90c90b647aaf956b08cae2271d88f469043d92de2eee0973bda,ok,,6820,356,0,week4_lseg_html_v1,False,False
2026-06-13 19:30:06.960,2026-06-13,2026-06-13T00:00:00,2026-06-13T23:59:59,META,META.O,R:META.O and Language:LEN,urn:link:webnews:20260613:nNRA0vkvuo:0,webnews,NS:INSMON,Piper Sandler Downplays Meta Platforms Advertising Risk on AppLovin Corporation (APP),,,,missing,story body is empty,0,0,0,week4_lseg_html_v1,False,False
2026-06-13 18:24:36.439,2026-06-13,2026-06-13T00:00:00,2026-06-13T23:59:59,META,META.O,R:META.O and Language:LEN,urn:newsml:newsroom:20260613:nNRA0vkl2q:0,newsroom,NS:MARDAJ,"Meta Platforms, Inc. $META Stock Position Raised by Wealthspire Advisors LLC",,"Jun 12, 2026

Wealthspire Advisors LLC increased its stake in shares of Meta Platforms, Inc. (NASDAQ:META - Free Report) by 92.6% during the fourth quarter, HoldingsChannel.com reports. The fund owned 48,230 shares of the social networking company's stock after purchasing an additional 23,191 shares during the period. Wealthspire Advisors LLC's holdings in Meta Platforms were worth $31,836,000 as of its most recent SEC filing.

A number of other hedge funds have also made changes to their positions in the stock. Norges Bank acquired a new stake in Meta Platforms in the 4th quarter valued at approximately $22,152,075,000. Vanguard Group Inc. lifted its position in shares of Meta Platforms by 3.8% in the 4th quarter. Vanguard Group Inc. now owns 199,995,630 shares of the social networking company's stock worth $132,015,115,000 after acquiring an additional 7,269,279 shares during the period. State Street Corp lifted its position in shares of Meta Platforms by 1.9% in the 2nd quarter. State Street Corp now owns 86,925,674 shares of the social networking company's stock worth $64,158,971,000 after acquiring an additional 1,650,435 shares during the period. Danske Bank A S bought a new stake in shares of Meta Platforms in the 3rd quarter worth approximately $1,191,175,000. Finally, Bank of New York Mellon Corp lifted its position in shares of Meta Platforms by 9.2% in the 4th quarter. Bank of New York Mellon Corp now owns 14,874,837 shares of the social networking company's stock worth $9,818,731,000 after acquiring an additional 1,255,496 shares during the period. Institutional investors and hedge funds own 79.91% of the company's stock.

Meta Platforms Trading Down 0.3%

META stock opened at $566.98 on Friday. The company has a market cap of $1.43 trillion, a P/E ratio of 20.61, a PEG ratio of 1.01 and a beta of 1.23. Meta Platforms, Inc. has a twelve month low of $520.26 and a twelve month high of $796.25. The company has a quick ratio of 2.35, a current ratio of 2.35 and a debt-to-equity ratio of 0.24. The business has a fifty day moving average of $621.15 and a 200-day moving average of $635.89.

Meta Platforms (NASDAQ:META - Get Free Report) last released its earnings results on Wednesday, April 29th. The social networking company reported $10.44 earnings per share (EPS) for the quarter, beating analysts' consensus estimates of $6.67 by $3.77. Meta Platforms had a net margin of 32.84% and a return on equity of 36.93%. The company had revenue of $56.31 billion for the quarter, compared to the consensus estimate of $55.56 billion. During the same period in the prior year, the company posted $6.43 EPS. The company's revenue was up 33.1% compared to the same quarter last year. As a group, equities research analysts expect that Meta Platforms, Inc. will post 29.35 EPS for the current year.

Meta Platforms Announces Dividend

The firm also recently announced a quarterly dividend, which will be paid on Thursday, June 25th. Shareholders of record on Monday, June 15th will be given a dividend of $0.525 per share. The ex-dividend date is Monday, June 15th. This represents a $2.10 dividend on an annualized basis and a yield of 0.4%. Meta Platforms's dividend payout ratio is presently 7.63%.

Insider Buying and Selling at Meta Platforms

In other Meta Platforms news, CFO Susan J. Li sold 9,195 shares of the company's stock in a transaction dated Monday, May 18th. The shares were sold at an average price of $607.84, for a total transaction of $5,589,088.80. Following the transaction, the chief financial officer directly owned 13,186 shares in the company, valued at approximately $8,014,978.24. This represents a 41.08% decrease in their position. The transaction was disclosed in a document filed with the SEC, which is accessible through this hyperlink. The transaction was executed under a pre-arranged Rule 10b5-1 trading plan. The sale was made to cover tax withholding obligations related to the vesting of equity awards. Also, CTO Andrew Bosworth sold 7,847 shares of the company's stock in a transaction dated Monday, May 18th. The shares were sold at an average price of $607.83, for a total transaction of $4,769,642.01. Following the transaction, the chief technology officer owned 414 shares in the company, valued at approximately $251,641.62. The trade was a 94.99% decrease in their ownership of the stock. Additional details regarding this sale are available in the official SEC disclosure. The transaction was executed under a pre-arranged Rule 10b5-1 trading plan. The sale was made to cover tax withholding obligations related to the vesting of equity awards. In the last 90 days, insiders have sold 41,305 shares of company stock valued at $25,567,928. 13.53% of the stock is currently owned by company insiders.

Trending Headlines about Meta Platforms

Here are the key news stories impacting Meta Platforms this week:

Positive Sentiment: Meta is expanding its AI infrastructure globally, including a new AI-enabled data center partnership in India with Reliance Industries, reinforcing confidence in its long-term artificial intelligence strategy.

Positive Sentiment: The company launched Instagram Plus globally, an optional subscription product that could help diversify revenue beyond advertising.

Positive Sentiment: Analysts and commentary from Morgan Stanley, Zacks, and others continued to describe Meta as a high-quality growth and compounder stock, with recent earnings still viewed as strong.

Analysts Set New Price Targets

A number of brokerages have commented on META. Sanford C. Bernstein reduced their price objective on Meta Platforms from $900.00 to $850.00 and set an ""outperform"" rating for the company in a research report on Thursday, April 30th. Wall Street Zen downgraded Meta Platforms from a ""buy"" rating to a ""hold"" rating in a research report on Saturday, May 16th. The Goldman Sachs Group downgraded Meta Platforms from a ""buy"" rating to a ""sell"" rating in a research report on Tuesday, June 2nd. Truist Financial cut their target price on Meta Platforms from $900.00 to $840.00 and set a ""buy"" rating for the company in a research report on Thursday, April 30th. Finally, UBS Group downgraded Meta Platforms from a ""buy"" rating to a ""neutral"" rating in a research report on Tuesday, June 2nd. Three investment analysts have rated the stock with a Strong Buy rating, thirty-five have given a Buy rating, nine have given a Hold rating and one has assigned a Sell rating to the company. According to MarketBeat.com, the company currently has an average rating of ""Moderate Buy"" and an average target price of $840.60.

View Our Latest Report on META

Meta Platforms Company Profile

(Free Report)

Meta Platforms, Inc (NASDAQ: META), formerly Facebook, Inc, is a global technology company best known for building social networking services and immersive computing platforms. Founded in 2004 and headquartered in Menlo Park, California, the company operates a family of consumer-facing products and services that connect users, creators and businesses. In October 2021 the company rebranded as Meta to reflect an expanded strategic focus on augmented and virtual reality technologies alongside its social media businesses.

Meta's core consumer products include Facebook, Instagram, WhatsApp and Messenger, which enable social networking, messaging, content sharing and community building across mobile and desktop devices.

Featured Articles

Five stocks we like better than Meta Platforms

MarketBeat Week in Review 06/08 - 06/12

SpaceX Rings the Bell and Shatters Every Record

Adobe Stock Just Got CheaperIs Wall Street Missing the Story?

3 Dividend Stocks Under $50 That Pay You to Wait Out Inflation

Want to see what other hedge funds are holding META? Visit HoldingsChannel.com to get the latest 13F filings and insider trades for Meta Platforms, Inc. (NASDAQ:META - Free Report).",26d713eb5164c12333a40ea57286421f2089c3b7a747128fa23f1ddfd50d5ded,ok,,8491,7896,0,week4_lseg_html_v1,True,True
2026-06-13 18:23:38.462,2026-06-13,2026-06-13T00:00:00,2026-06-13T23:59:59,META,META.O,R:META.O and Language:LEN,urn:newsml:newsroom:20260613:nNRA0vkjfv:0,newsroom,NS:MARDAJ,"Livet Wealth LLC Purchases Shares of 919 Meta Platforms, Inc. $META",,"Jun 12, 2026

Livet Wealth LLC purchased a new stake in shares of Meta Platforms, Inc. (NASDAQ:META - Free Report) in the fourth quarter, according to its most recent 13F filing with the Securities and Exchange Commission. The fund purchased 919 shares of the social networking company's stock, valued at approximately $607,000.

Other large investors have also made changes to their positions in the company. Westchester Capital Management Inc. bought a new stake in shares of Meta Platforms during the 3rd quarter valued at about $26,000. RHL Group LLC purchased a new position in shares of Meta Platforms during the 4th quarter valued at about $28,000. Strategic Wealth Advisors LLC purchased a new position in shares of Meta Platforms during the 4th quarter valued at about $29,000. Key Capital Management INC purchased a new position in shares of Meta Platforms during the 4th quarter valued at about $48,000. Finally, Entrust Financial LLC purchased a new position in shares of Meta Platforms during the 4th quarter valued at about $48,000. 79.91% of the stock is currently owned by institutional investors.

Analyst Upgrades and Downgrades

A number of research firms have recently weighed in on META. BNP Paribas Exane began coverage on Meta Platforms in a research report on Tuesday, June 2nd. They set an ""outperform"" rating on the stock. Arete Research set a $735.00 price objective on Meta Platforms and gave the company a ""buy"" rating in a research report on Tuesday, June 2nd. Susquehanna raised Meta Platforms from a ""positive"" rating to a ""positive"" rating in a research report on Tuesday, June 2nd. Guggenheim lowered their price objective on Meta Platforms from $850.00 to $800.00 and set a ""buy"" rating on the stock in a research report on Thursday, April 30th. Finally, Piper Sandler began coverage on Meta Platforms in a research report on Tuesday, June 2nd. They set an ""overweight"" rating on the stock. Three analysts have rated the stock with a Strong Buy rating, thirty-five have given a Buy rating, nine have assigned a Hold rating and one has given a Sell rating to the stock. According to data from MarketBeat, the company has an average rating of ""Moderate Buy"" and an average target price of $840.60.

Get Our Latest Analysis on Meta Platforms

Insiders Place Their Bets

In related news, CTO Andrew Bosworth sold 7,847 shares of the business's stock in a transaction that occurred on Monday, May 18th. The stock was sold at an average price of $607.83, for a total value of $4,769,642.01. Following the transaction, the chief technology officer directly owned 414 shares of the company's stock, valued at approximately $251,641.62. The trade was a 94.99% decrease in their position. The transaction was disclosed in a document filed with the Securities & Exchange Commission, which is accessible through this link. The transaction was executed under a pre-arranged Rule 10b5-1 trading plan. The sale was made to cover tax withholding obligations related to the vesting of equity awards. Also, COO Javier Olivan sold 2,778 shares of the business's stock in a transaction that occurred on Monday, April 13th. The stock was sold at an average price of $629.45, for a total value of $1,748,612.10. Following the completion of the transaction, the chief operating officer directly owned 10,557 shares in the company, valued at approximately $6,645,103.65. This represents a 20.83% decrease in their ownership of the stock. The disclosure for this sale is available in the SEC filing. The transaction was executed under a pre-arranged Rule 10b5-1 trading plan. Insiders sold a total of 41,305 shares of company stock valued at $25,567,928 in the last 90 days. 13.53% of the stock is currently owned by company insiders.

Trending Headlines about Meta Platforms

Here are the key news stories impacting Meta Platforms this week:

Positive Sentiment: Meta is expanding its AI infrastructure globally, including a new AI-enabled data center partnership in India with Reliance Industries, reinforcing confidence in its long-term artificial intelligence strategy.

Positive Sentiment: The company launched Instagram Plus globally, an optional subscription product that could help diversify revenue beyond advertising.

Positive Sentiment: Analysts and commentary from Morgan Stanley, Zacks, and others continued to describe Meta as a high-quality growth and compounder stock, with recent earnings still viewed as strong.

Meta Platforms Stock Down 0.3%

NASDAQ META opened at $566.98 on Friday. The stock's 50 day moving average is $621.15 and its 200 day moving average is $635.89. The company has a current ratio of 2.35, a quick ratio of 2.35 and a debt-to-equity ratio of 0.24. Meta Platforms, Inc. has a 12 month low of $520.26 and a 12 month high of $796.25. The stock has a market cap of $1.43 trillion, a PE ratio of 20.61, a P/E/G ratio of 1.01 and a beta of 1.23.

Meta Platforms (NASDAQ:META - Get Free Report) last posted its quarterly earnings results on Wednesday, April 29th. The social networking company reported $10.44 EPS for the quarter, topping analysts' consensus estimates of $6.67 by $3.77. Meta Platforms had a return on equity of 36.93% and a net margin of 32.84%.The company had revenue of $56.31 billion for the quarter, compared to analysts' expectations of $55.56 billion. During the same period in the previous year, the firm earned $6.43 EPS. The firm's revenue was up 33.1% compared to the same quarter last year. Research analysts predict that Meta Platforms, Inc. will post 29.35 EPS for the current fiscal year.

Meta Platforms Announces Dividend

The firm also recently declared a quarterly dividend, which will be paid on Thursday, June 25th. Investors of record on Monday, June 15th will be issued a $0.525 dividend. The ex-dividend date of this dividend is Monday, June 15th. This represents a $2.10 dividend on an annualized basis and a yield of 0.4%. Meta Platforms's payout ratio is currently 7.63%.

About Meta Platforms

(Free Report)

Meta Platforms, Inc (NASDAQ: META), formerly Facebook, Inc, is a global technology company best known for building social networking services and immersive computing platforms. Founded in 2004 and headquartered in Menlo Park, California, the company operates a family of consumer-facing products and services that connect users, creators and businesses. In October 2021 the company rebranded as Meta to reflect an expanded strategic focus on augmented and virtual reality technologies alongside its social media businesses.

Meta's core consumer products include Facebook, Instagram, WhatsApp and Messenger, which enable social networking, messaging, content sharing and community building across mobile and desktop devices.

See Also

Five stocks we like better than Meta Platforms

SpaceX Rings the Bell and Shatters Every Record

Adobe Stock Just Got CheaperIs Wall Street Missing the Story?

3 Dividend Stocks Under $50 That Pay You to Wait Out Inflation

The 127-Gigawatt Problem: Why AI Needs Its Own Power",7ec296538802077ac927802620c3e4df56475c05407fe29b0b57ffe154f217b4,ok,,7594,7013,0,week4_lseg_html_v1,True,True
2026-06-13 18:17:21.063,2026-06-13,2026-06-13T00:00:00,2026-06-13T23:59:59,META,META.O,R:META.O and Language:LEN,urn:newsml:newsroom:20260613:nNRA0vki8t:0,newsroom,NS:ZOLCOM,"919 Shares in Meta Platforms, Inc. $META Purchased by Livet Wealth LLC",,"Jun 12, 2026

(Free Report)

Livet Wealth LLC purchased a new position in Meta Platforms, Inc. (NASDAQ:META - Free Report) in the 4th quarter, HoldingsChannel reports. The firm purchased 919 shares of the social networking company's stock, valued at approximately $607,000.

Several other institutional investors and hedge funds also recently added to or reduced their stakes in the stock. Empire Financial Management Company LLC grew its position in Meta Platforms by 5.5% in the fourth quarter. Empire Financial Management Company LLC now owns 1,070 shares of the social networking company's stock worth $706,000 after acquiring an additional 56 shares in the last quarter. Douglass Winthrop Advisors LLC grew its position in Meta Platforms by 4.7% in the fourth quarter. Douglass Winthrop Advisors LLC now owns 9,285 shares of the social networking company's stock worth $6,129,000 after acquiring an additional 415 shares in the last quarter. Alaethes Wealth LLC grew its position in Meta Platforms by 1.2% in the fourth quarter. Alaethes Wealth LLC now owns 7,618 shares of the social networking company's stock worth $5,029,000 after acquiring an additional 87 shares in the last quarter. Laurel Oak Wealth Management LLC bought a new position in shares of Meta Platforms during the 4th quarter valued at approximately $7,001,000. Finally, Fiduciary Group LLC increased its position in shares of Meta Platforms by 1.2% during the 4th quarter. Fiduciary Group LLC now owns 15,857 shares of the social networking company's stock valued at $10,467,000 after purchasing an additional 193 shares during the last quarter. Hedge funds and other institutional investors own 79.91% of the company's stock.

Meta Platforms Price Performance

Shares of META stock opened at $566.98 on Friday. Meta Platforms, Inc. has a twelve month low of $520.26 and a twelve month high of $796.25. The stock has a market capitalization of $1.43 trillion, a price-to-earnings ratio of 20.61, a P/E/G ratio of 1.01 and a beta of 1.23. The stock has a fifty day simple moving average of $621.15 and a two-hundred day simple moving average of $635.89. The company has a current ratio of 2.35, a quick ratio of 2.35 and a debt-to-equity ratio of 0.24.

Meta Platforms (NASDAQ:META - Get Free Report) last issued its quarterly earnings data on Wednesday, April 29th. The social networking company reported $10.44 earnings per share for the quarter, topping analysts' consensus estimates of $6.67 by $3.77. The firm had revenue of $56.31 billion during the quarter, compared to analysts' expectations of $55.56 billion. Meta Platforms had a return on equity of 36.93% and a net margin of 32.84%.The firm's quarterly revenue was up 33.1% on a year-over-year basis. During the same period in the prior year, the business posted $6.43 EPS. On average, analysts predict that Meta Platforms, Inc. will post 29.35 EPS for the current fiscal year.

Meta Platforms Dividend Announcement

The business also recently disclosed a quarterly dividend, which will be paid on Thursday, June 25th. Investors of record on Monday, June 15th will be paid a dividend of $0.525 per share. This represents a $2.10 dividend on an annualized basis and a dividend yield of 0.4%. The ex-dividend date is Monday, June 15th. Meta Platforms's dividend payout ratio is 7.63%.

Analysts Set New Price Targets

Several equities analysts have recently weighed in on the company. Wedbush raised Meta Platforms from an ""outperform"" rating to a ""neutral"" rating in a research report on Tuesday, June 2nd. Rosenblatt Securities reissued a ""buy"" rating and set a $1,015.00 target price on shares of Meta Platforms in a research report on Thursday, May 28th. Arete Research set a $735.00 target price on Meta Platforms and gave the company a ""buy"" rating in a research report on Tuesday, June 2nd. UBS Group downgraded Meta Platforms from a ""buy"" rating to a ""neutral"" rating in a research report on Tuesday, June 2nd. Finally, Guggenheim cut their target price on Meta Platforms from $850.00 to $800.00 and set a ""buy"" rating on the stock in a research report on Thursday, April 30th. Three research analysts have rated the stock with a Strong Buy rating, thirty-five have issued a Buy rating, nine have issued a Hold rating and one has issued a Sell rating to the company. Based on data from MarketBeat.com, the stock presently has an average rating of ""Moderate Buy"" and a consensus target price of $840.60.

View Our Latest Stock Analysis on META

Insider Activity

In related news, CTO Andrew Bosworth sold 7,847 shares of the company's stock in a transaction on Monday, May 18th. The stock was sold at an average price of $607.83, for a total transaction of $4,769,642.01. Following the completion of the sale, the chief technology officer directly owned 414 shares in the company, valued at $251,641.62. This represents a 94.99% decrease in their position. The sale was disclosed in a document filed with the SEC, which is available through this link. The transaction was executed under a pre-arranged Rule 10b5-1 trading plan. The sale was made to cover tax withholding obligations related to the vesting of equity awards. Also, COO Javier Olivan sold 837 shares of the company's stock in a transaction on Monday, June 1st. The stock was sold at an average price of $629.29, for a total value of $526,715.73. Following the sale, the chief operating officer owned 12,986 shares of the company's stock, valued at $8,171,959.94. This trade represents a 6.06% decrease in their ownership of the stock. The SEC filing for this sale provides additional information. The transaction was executed under a pre-arranged Rule 10b5-1 trading plan. Insiders sold a total of 41,305 shares of company stock worth $25,567,928 over the last ninety days. 13.53% of the stock is currently owned by corporate insiders.

Key Meta Platforms News

Here are the key news stories impacting Meta Platforms this week:

Positive Sentiment: Meta is expanding its AI infrastructure globally, including a new AI-enabled data center partnership in India with Reliance Industries, reinforcing confidence in its long-term artificial intelligence strategy.

Positive Sentiment: The company launched Instagram Plus globally, an optional subscription product that could help diversify revenue beyond advertising.

Positive Sentiment: Analysts and commentary from Morgan Stanley, Zacks, and others continued to describe Meta as a high-quality growth and compounder stock, with recent earnings still viewed as strong.

Meta Platforms Company Profile

Meta Platforms, Inc (NASDAQ: META), formerly Facebook, Inc, is a global technology company best known for building social networking services and immersive computing platforms. Founded in 2004 and headquartered in Menlo Park, California, the company operates a family of consumer-facing products and services that connect users, creators and businesses. In October 2021 the company rebranded as Meta to reflect an expanded strategic focus on augmented and virtual reality technologies alongside its social media businesses.

Meta's core consumer products include Facebook, Instagram, WhatsApp and Messenger, which enable social networking, messaging, content sharing and community building across mobile and desktop devices.

See Also

Five stocks we like better than Meta Platforms

SpaceX Rings the Bell and Shatters Every Record

Adobe Stock Just Got CheaperIs Wall Street Missing the Story?

3 Dividend Stocks Under $50 That Pay You to Wait Out Inflation

The 127-Gigawatt Problem: Why AI Needs Its Own Power

Want to see what other hedge funds are holding META?Visit HoldingsChannel.com to get the latest 13F filings and insider trades for Meta Platforms, Inc. (NASDAQ:META - Free Report).",a2611237eda6bc7913720d5eed6514e27bb3c388e3a2c19e326b9813cc40227a,ok,,9588,7749,0,week4_lseg_html_v1,True,True
2026-06-14 23:01:00.000,2026-06-14,2026-06-14T00:00:00,2026-06-14T23:59:59,META,META.O,R:META.O and Language:LEN,urn:newsml:reuters.com:20260614:nL6N42K0OH:5,reuters,NS:RTRS,Britain’s banks see fraud cases spike after refund rules take effect,,"By Phoebe Seers

LONDON, June 15 (Reuters) - Britain’s banks recorded the sharpest increase in losses to certain types of fraud since the COVID-era boom in technology-enabled scams, renewing calls for government action against platforms such as Meta META.O where many cases originate.

Data from industry body UK Finance showed losses from authorised push payment, or APP, fraud - including investment and purchase scams in which criminals trick victims into transferring money - rose 19% to £576.4 million ($772.78 million) last year.

The figures coincide with a review of rules introduced in October 2024 that require banks and payments firms to reimburse victims of such fraud up to £85,000. The UK remains the only country to mandate reimbursement for APP fraud.

Banks returned £354.3 million to victims, according to UK Finance’s annual fraud report, which is based on data submitted by firms across the industry. The data on APP fraud includes losses that are not covered by the reimbursement regime.

SOPHISTICATED SOCIAL ENGINEERING

Ruth Ray, UK Finance’s director of economic crime, told Reuters that fraudsters were becoming increasingly sophisticated in their use of social engineering, aided by AI, widening the pool of potential victims.

""Given most APP fraud still starts via online tech platforms or via telecoms, we urgently need stronger, enforceable responsibilities to be placed on these sectors,"" Ray said.

Janine Hirt, chief executive of fintech lobby group Innovate Finance, said technology firms should help cover the cost of reimbursement and introduce tougher checks such as seller verification.

Reuters reported last year that internal Meta documents showed the company projected 10% of its 2024 revenue, or $16 billion, would come from ads for scams and banned goods.

In Britain, Meta has repeatedly failed to stop illegal ads for high-risk investment products on its platform, despite committing to block them.

Meta did not immediately respond to a request for comment.

UK Finance said losses to investment scams, driven by social media posts advertising lucrative returns, reached £221.5 million last year, their highest-ever level. Purchase and romance scams also hit their highest levels, the group said.

A spokesperson for the Payment Systems Regulator, which introduced the fraud refund rules, said: ""we have consistently called for tech firms to do more to protect their users, while banks and telecoms providers must also play their part.""

Frontier Economics is conducting an independent review of the rules and is due to publish its findings in early July.

($1 = 0.7455 pounds)

(Reporting by Phoebe Seers, Editing by Louise Heavens)",4764122dd3ef44447e24d8da83a3f3762b19118090a3d9011e8f23857b9df1d2,ok,,3476,2681,0,week4_lseg_html_v1,True,True
2026-06-14 22:46:49.000,2026-06-14,2026-06-14T00:00:00,2026-06-14T23:59:59,META,META.O,R:META.O and Language:LEN,urn:newsml:social:20260614:nTWT2FlMq8:1,social,NS:X,"@alphatrends: Notes for the video below Stock Market & Crypto Analysis for Week Ending 6/12/26
$SPCX
#Bitcoin
$SPY
$QQQ
$SMH
$IWM
#SpaceX
$AAPL
$META
$MU
$SNDK
$INTC
$DAVE
#Ethereum #Solana etc  #VWAP #IPO https://t.co/gGVi9wHWr1 https://t.co/DULEmNfuOA | @alphatrends Stock Market & Crypto Analysis for Week Ending 6/12/26
$SPCX #Bitcoin $SPY $QQQ $SMH $IWM #SpaceX $AAPL $META $MU $SNDK $INTC $DAVE #Ethereum #Solana etc  #VWAP #IPO https://t.co/4plBvYkHjM",,"Brian Shannon, CMT

@alphatrends

Notes for the video below Stock Market & Crypto Analysis for Week Ending 6/12/26

$SPCX

#Bitcoin

$SPY

$QQQ

$SMH

$IWM

#SpaceX

$AAPL

$META

$MU

$SNDK

$INTC

$DAVE

#Ethereum

#Solana

etc

#VWAP

#IPO

pic.x.com/gGVi9wHWr1

x.com/alphatrends/st…

Brian Shannon, CMT

@alphatrends

Stock Market & Crypto Analysis for Week Ending 6/12/26

$SPCX

#Bitcoin

$SPY

$QQQ

$SMH

$IWM

#SpaceX

$AAPL

$META

$MU

$SNDK

$INTC

$DAVE

#Ethereum

#Solana

etc

#VWAP

#IPO

pic.x.com/4plBvYkHjM",55865f1574b6a9df742efbc2c988725f8ebdbabf1a7f29dcac1ce8a9445d1837,ok,,16405,527,0,week4_lseg_html_v1,False,False
2026-06-14 22:08:04.000,2026-06-14,2026-06-14T00:00:00,2026-06-14T23:59:59,META,META.O,R:META.O and Language:LEN,urn:newsml:social:20260614:nTWT6CMXCW:1,social,NS:X,"@InvestorsLive: Retweeted @IUTraders: 💥 FREE SCAN + VIDEO 💥 

👉 Anthropic Crackdown, SpaceX Surges, New Fed Chair & Explosive Setups with @Chris_J_Lance

https://t.co/Gecwsh8dzy 

$DELL $HPQ $MRVL $HOOD $ORCL $META $INTC $TSLA $SPCX $SPAL $SNK $RKLB $SPCE $EWY $SNDK $MU $USO",,"Nathan Michaud

@InvestorsLive

Retweeted

@IUTraders

💥 FREE SCAN + VIDEO 💥

👉 Anthropic Crackdown, SpaceX Surges, New Fed Chair & Explosive Setups with

@Chris_J_Lance

investorsunderground.com/free-scan-june…

$DELL

$HPQ

$MRVL

$HOOD

$ORCL

$META

$INTC

$TSLA

$SPCX

$SPAL

$SNK

$RKLB

$SPCE

$EWY

$SNDK

$MU

$USO",d395348ab2deb40f3ffbaa9be0dd3eb32751a68c7e105b67a30c5ea21eb095bd,ok,,9164,324,0,week4_lseg_html_v1,False,False
2026-06-14 19:09:18.191,2026-06-14,2026-06-14T00:00:00,2026-06-14T23:59:59,META,META.O,R:META.O and Language:LEN,urn:newsml:newsroom:20260614:nNRA0vsus3:0,newsroom,NS:MARDAJ,"Dixon Mitchell Investment Counsel Inc. Has $43.03 Million Stake in Meta Platforms, Inc. $META",,"Jun 13, 2026

Dixon Mitchell Investment Counsel Inc. raised its stake in Meta Platforms, Inc. (NASDAQ:META - Free Report) by 1.4% during the 4th quarter, according to its most recent Form 13F filing with the Securities and Exchange Commission. The firm owned 65,190 shares of the social networking company's stock after buying an additional 889 shares during the quarter. Meta Platforms accounts for about 1.4% of Dixon Mitchell Investment Counsel Inc.'s portfolio, making the stock its 25th largest position. Dixon Mitchell Investment Counsel Inc.'s holdings in Meta Platforms were worth $43,031,000 as of its most recent filing with the Securities and Exchange Commission.

A number of other hedge funds also recently modified their holdings of the business. Dockside LLC acquired a new stake in shares of Meta Platforms during the fourth quarter worth about $3,692,000. E6 Portfolios LLC acquired a new stake in shares of Meta Platforms during the fourth quarter worth about $218,000. Eagle Bluffs Wealth Management LLC raised its position in shares of Meta Platforms by 2.8% during the fourth quarter. Eagle Bluffs Wealth Management LLC now owns 4,195 shares of the social networking company's stock worth $2,769,000 after purchasing an additional 113 shares during the period. Eaton Cambridge Inc. raised its position in shares of Meta Platforms by 4.2% during the fourth quarter. Eaton Cambridge Inc. now owns 1,016 shares of the social networking company's stock worth $671,000 after purchasing an additional 41 shares during the period. Finally, Element Wealth LLC raised its position in shares of Meta Platforms by 0.9% during the fourth quarter. Element Wealth LLC now owns 2,991 shares of the social networking company's stock worth $1,974,000 after purchasing an additional 26 shares during the period. Institutional investors and hedge funds own 79.91% of the company's stock.

Meta Platforms Stock Down 0.3%

NASDAQ:META opened at $566.98 on Friday. The firm has a market capitalization of $1.43 trillion, a price-to-earnings ratio of 20.61, a price-to-earnings-growth ratio of 1.00 and a beta of 1.23. Meta Platforms, Inc. has a twelve month low of $520.26 and a twelve month high of $796.25. The stock's 50 day moving average price is $621.15 and its two-hundred day moving average price is $635.89. The company has a quick ratio of 2.35, a current ratio of 2.35 and a debt-to-equity ratio of 0.24.

Meta Platforms (NASDAQ:META - Get Free Report) last posted its quarterly earnings results on Wednesday, April 29th. The social networking company reported $10.44 earnings per share for the quarter, topping the consensus estimate of $6.67 by $3.77. The firm had revenue of $56.31 billion for the quarter, compared to analyst estimates of $55.56 billion. Meta Platforms had a return on equity of 36.93% and a net margin of 32.84%.The business's quarterly revenue was up 33.1% on a year-over-year basis. During the same quarter in the previous year, the firm earned $6.43 EPS. Equities research analysts expect that Meta Platforms, Inc. will post 29.35 earnings per share for the current fiscal year.

Meta Platforms Dividend Announcement

The business also recently declared a quarterly dividend, which will be paid on Thursday, June 25th. Shareholders of record on Monday, June 15th will be given a dividend of $0.525 per share. The ex-dividend date of this dividend is Monday, June 15th. This represents a $2.10 annualized dividend and a dividend yield of 0.4%. Meta Platforms's payout ratio is 7.63%.

Insider Buying and Selling

In other Meta Platforms news, CFO Susan J. Li sold 9,195 shares of the business's stock in a transaction that occurred on Monday, May 18th. The stock was sold at an average price of $607.84, for a total transaction of $5,589,088.80. Following the transaction, the chief financial officer owned 13,186 shares of the company's stock, valued at $8,014,978.24. The trade was a 41.08% decrease in their position. The transaction was disclosed in a document filed with the Securities & Exchange Commission, which is available through this link. The transaction was executed under a pre-arranged Rule 10b5-1 trading plan. The sale was made to cover tax withholding obligations related to the vesting of equity awards. Also, COO Javier Olivan sold 2,778 shares of Meta Platforms stock in a transaction that occurred on Monday, April 13th. The stock was sold at an average price of $629.45, for a total value of $1,748,612.10. Following the transaction, the chief operating officer owned 10,557 shares of the company's stock, valued at $6,645,103.65. This represents a 20.83% decrease in their ownership of the stock. The SEC filing for this sale provides additional information. The transaction was executed under a pre-arranged Rule 10b5-1 trading plan. Insiders sold 41,305 shares of company stock worth $25,567,928 over the last 90 days. Company insiders own 13.53% of the company's stock.

Meta Platforms News Summary

Here are the key news stories impacting Meta Platforms this week:

Positive Sentiment: Meta is expanding its AI infrastructure globally, including a new AI-enabled data center partnership in India with Reliance Industries, reinforcing confidence in its long-term artificial intelligence strategy.

Positive Sentiment: The company launched Instagram Plus globally, an optional subscription product that could help diversify revenue beyond advertising.

Positive Sentiment: Analysts and commentary from Morgan Stanley, Zacks, and others continued to describe Meta as a high-quality growth and compounder stock, with recent earnings still viewed as strong.

Analyst Upgrades and Downgrades

META has been the topic of a number of research analyst reports. Royal Bank Of Canada reaffirmed an ""outperform"" rating and set a $810.00 price target on shares of Meta Platforms in a research report on Monday, June 1st. Rosenblatt Securities reaffirmed a ""buy"" rating and set a $1,015.00 price target on shares of Meta Platforms in a research report on Thursday, May 28th. Citizens Jmp reaffirmed a ""market outperform"" rating and set a $900.00 price target on shares of Meta Platforms in a research report on Tuesday, April 21st. Erste Group Bank lowered Meta Platforms from a ""buy"" rating to a ""hold"" rating in a research report on Thursday, April 2nd. Finally, Tigress Financial raised their price target on Meta Platforms from $935.00 to $945.00 and gave the stock a ""strong-buy"" rating in a research report on Wednesday, March 18th. Three research analysts have rated the stock with a Strong Buy rating, thirty-five have issued a Buy rating, nine have given a Hold rating and one has assigned a Sell rating to the company. Based on data from MarketBeat.com, the company has a consensus rating of ""Moderate Buy"" and a consensus target price of $840.60.

Get Our Latest Stock Report on META

About Meta Platforms

(Free Report)

Meta Platforms, Inc (NASDAQ: META), formerly Facebook, Inc, is a global technology company best known for building social networking services and immersive computing platforms. Founded in 2004 and headquartered in Menlo Park, California, the company operates a family of consumer-facing products and services that connect users, creators and businesses. In October 2021 the company rebranded as Meta to reflect an expanded strategic focus on augmented and virtual reality technologies alongside its social media businesses.

Meta's core consumer products include Facebook, Instagram, WhatsApp and Messenger, which enable social networking, messaging, content sharing and community building across mobile and desktop devices.

Further Reading

Five stocks we like better than Meta Platforms

Time to Sell? 3 Winners With Fading Technical Momentum

Why These 2 Hotel Stocks Are Beating Travel Peers

This Energy Stock Has Quietly Soared 130% in a Year

3 'Boring' Dividend Stocks With Tasty Technical Setups

Want to see what other hedge funds are holding META? Visit HoldingsChannel.com to get the latest 13F filings and insider trades for Meta Platforms, Inc. (NASDAQ:META - Free Report).",ec83cac32ee52f6f3b9f6e5f2f14a82a08d2ab5d71d3ab76bd0eed16c8817778,ok,,8669,8070,0,week4_lseg_html_v1,True,True
2026-06-14 19:09:16.788,2026-06-14,2026-06-14T00:00:00,2026-06-14T23:59:59,META,META.O,R:META.O and Language:LEN,urn:newsml:newsroom:20260614:nNRA0vsvsg:0,newsroom,NS:MARDAJ,"Arax Advisory Partners Sells 4,906 Shares of Meta Platforms, Inc. $META",,"Jun 13, 2026

Arax Advisory Partners reduced its stake in Meta Platforms, Inc. (NASDAQ:META - Free Report) by 14.1% in the 4th quarter, HoldingsChannel reports. The institutional investor owned 29,787 shares of the social networking company's stock after selling 4,906 shares during the quarter. Arax Advisory Partners' holdings in Meta Platforms were worth $19,662,000 at the end of the most recent reporting period.

Several other institutional investors have also made changes to their positions in the stock. Vanguard Group Inc. boosted its stake in shares of Meta Platforms by 3.8% in the fourth quarter. Vanguard Group Inc. now owns 199,995,630 shares of the social networking company's stock valued at $132,015,115,000 after buying an additional 7,269,279 shares during the period. State Street Corp lifted its stake in Meta Platforms by 5.1% during the fourth quarter. State Street Corp now owns 90,841,345 shares of the social networking company's stock worth $59,963,463,000 after purchasing an additional 4,395,763 shares during the last quarter. Geode Capital Management LLC lifted its stake in Meta Platforms by 1.7% during the fourth quarter. Geode Capital Management LLC now owns 52,806,712 shares of the social networking company's stock worth $34,734,628,000 after purchasing an additional 878,396 shares during the last quarter. Capital World Investors lifted its stake in Meta Platforms by 0.8% during the fourth quarter. Capital World Investors now owns 39,558,637 shares of the social networking company's stock worth $26,112,735,000 after purchasing an additional 310,947 shares during the last quarter. Finally, Morgan Stanley lifted its stake in Meta Platforms by 2.2% during the fourth quarter. Morgan Stanley now owns 37,553,102 shares of the social networking company's stock worth $24,788,429,000 after purchasing an additional 823,883 shares during the last quarter. 79.91% of the stock is currently owned by institutional investors.

Analyst Upgrades and Downgrades

Several equities research analysts have weighed in on the company. Raymond James Financial upgraded Meta Platforms from an ""underperform"" rating to an ""outperform"" rating in a research note on Tuesday, June 2nd. BNP Paribas Exane assumed coverage on Meta Platforms in a research note on Tuesday, June 2nd. They set an ""outperform"" rating for the company. Rosenblatt Securities restated a ""buy"" rating and set a $1,015.00 target price on shares of Meta Platforms in a research note on Thursday, May 28th. KeyCorp restated an ""overweight"" rating and set a $760.00 target price on shares of Meta Platforms in a research note on Thursday, April 30th. Finally, Wall Street Zen cut Meta Platforms from a ""buy"" rating to a ""hold"" rating in a research note on Saturday, May 16th. Three investment analysts have rated the stock with a Strong Buy rating, thirty-five have assigned a Buy rating, nine have issued a Hold rating and one has given a Sell rating to the company. According to MarketBeat.com, Meta Platforms currently has a consensus rating of ""Moderate Buy"" and an average price target of $840.60.

Get Our Latest Stock Report on META

Insiders Place Their Bets

In related news, CTO Andrew Bosworth sold 7,847 shares of the stock in a transaction on Monday, May 18th. The stock was sold at an average price of $607.83, for a total value of $4,769,642.01. Following the completion of the sale, the chief technology officer directly owned 414 shares in the company, valued at $251,641.62. This represents a 94.99% decrease in their ownership of the stock. The transaction was disclosed in a document filed with the SEC, which is available at this hyperlink. The transaction was executed under a pre-arranged Rule 10b5-1 trading plan. The sale was made to cover tax withholding obligations related to the vesting of equity awards. Also, Director Robert M. Kimmitt sold 504 shares of the stock in a transaction on Monday, June 1st. The shares were sold at an average price of $629.29, for a total value of $317,162.16. Following the completion of the sale, the director owned 3,943 shares of the company's stock, valued at $2,481,290.47. The trade was a 11.33% decrease in their ownership of the stock. Additional details regarding this sale are available in the official SEC disclosure. The transaction was executed under a pre-arranged Rule 10b5-1 trading plan. Insiders sold a total of 41,305 shares of company stock valued at $25,567,928 over the last ninety days. 13.53% of the stock is currently owned by corporate insiders.

More Meta Platforms News

Here are the key news stories impacting Meta Platforms this week:

Positive Sentiment: Meta is expanding its AI infrastructure globally, including a new AI-enabled data center partnership in India with Reliance Industries, reinforcing confidence in its long-term artificial intelligence strategy.

Positive Sentiment: The company launched Instagram Plus globally, an optional subscription product that could help diversify revenue beyond advertising.

Positive Sentiment: Analysts and commentary from Morgan Stanley, Zacks, and others continued to describe Meta as a high-quality growth and compounder stock, with recent earnings still viewed as strong.

Meta Platforms Stock Down 0.3%

Shares of NASDAQ:META opened at $566.98 on Friday. The company has a fifty day moving average of $621.15 and a 200-day moving average of $635.89. The company has a market capitalization of $1.43 trillion, a PE ratio of 20.61, a price-to-earnings-growth ratio of 1.00 and a beta of 1.23. The company has a debt-to-equity ratio of 0.24, a quick ratio of 2.35 and a current ratio of 2.35. Meta Platforms, Inc. has a 52-week low of $520.26 and a 52-week high of $796.25.

Meta Platforms (NASDAQ:META - Get Free Report) last announced its quarterly earnings results on Wednesday, April 29th. The social networking company reported $10.44 earnings per share (EPS) for the quarter, topping the consensus estimate of $6.67 by $3.77. The company had revenue of $56.31 billion during the quarter, compared to the consensus estimate of $55.56 billion. Meta Platforms had a net margin of 32.84% and a return on equity of 36.93%. The company's revenue for the quarter was up 33.1% compared to the same quarter last year. During the same period in the prior year, the business earned $6.43 earnings per share. On average, equities analysts predict that Meta Platforms, Inc. will post 29.35 EPS for the current fiscal year.

Meta Platforms Announces Dividend

The business also recently declared a quarterly dividend, which will be paid on Thursday, June 25th. Stockholders of record on Monday, June 15th will be issued a dividend of $0.525 per share. The ex-dividend date is Monday, June 15th. This represents a $2.10 annualized dividend and a dividend yield of 0.4%. Meta Platforms's dividend payout ratio is 7.63%.

About Meta Platforms

(Free Report)

Meta Platforms, Inc (NASDAQ: META), formerly Facebook, Inc, is a global technology company best known for building social networking services and immersive computing platforms. Founded in 2004 and headquartered in Menlo Park, California, the company operates a family of consumer-facing products and services that connect users, creators and businesses. In October 2021 the company rebranded as Meta to reflect an expanded strategic focus on augmented and virtual reality technologies alongside its social media businesses.

Meta's core consumer products include Facebook, Instagram, WhatsApp and Messenger, which enable social networking, messaging, content sharing and community building across mobile and desktop devices.

Further Reading

Five stocks we like better than Meta Platforms

Time to Sell? 3 Winners With Fading Technical Momentum

Why These 2 Hotel Stocks Are Beating Travel Peers

This Energy Stock Has Quietly Soared 130% in a Year

3 'Boring' Dividend Stocks With Tasty Technical Setups

Want to see what other hedge funds are holding META? Visit HoldingsChannel.com to get the latest 13F filings and insider trades for Meta Platforms, Inc. (NASDAQ:META - Free Report).",c9283cdccf03102f5a921d78ed929ff28e85682e6347021b653ecd7a53277b9b,ok,,8664,8069,0,week4_lseg_html_v1,True,True
2026-06-15 23:32:36.018,2026-06-15,2026-06-15T00:00:00,2026-06-15T23:59:59,META,META.O,R:META.O and Language:LEN,urn:newsml:newsroom:20260615:nNRA0w99tf:0,newsroom,NS:GLOSTP,"Meta Platforms, Inc. loses $199.3 billion (14%) in MCap in 2026, steepest loss in Technology sector",,"NASDAQ END-OF-MONTH STOCK REPORT

Meta Platforms, Inc.'s (NASDAQ: META) stock price has now sunk $91.51 (or 13.9%) year-to-date (YTD) in 2026 to close at $568.39.

Compared with the NASDAQ-100 Index which has risen 16.6% YTD, this is a relative price change of -30.5% for Meta Platforms, Inc. shareholders.

Meta Platforms, Inc. is the NASDAQ's 2nd largest Technology company by market cap.

Meta Platforms, Inc. (NASDAQ:META) spearheads a digital ecosystem centered on social media, augmented reality, and artificial intelligence. With core operations anchored in platforms like Facebook and Meta Quest VR headsets, the company continues innovating with initiatives, including Ray-Ban Meta Smart Glasses. Meta's advancements in AI, exemplified by the Meta Muse Spark AI model, complement strategic partnerships such as the Meta-CoreWeave AI cloud capacity agreement, enhancing their cloud and AI service offerings. The firm's commitment to infrastructure, as seen in Meta data centers and sustainable energy projects with Noon Energy, underscores its long-term competitive edge through technological leadership and energy-efficient practices.

Period-based % Price change, compared with benchmarks

Price Change %1-month3-month3-year

META-6.8%-13.2%116%

Technology sector2%14.3%91.4%

NASDAQ-100 Index0.4%20.8%102.7%

Past quarter momentum down: Meta Platforms, Inc. plunges 13% on average volume 1.0 times average.

Past month toHighLowVWAPVolume Index *

11 Jun 2026643.00557.01607.431.0

11 May 2026691.52598.08640.011.0

10 Apr 2026660.30520.26588.521.0

[*Volume Index of 1.0 means volume for the month was 1.0 times its 12-month average]

[VWAP is defined as the Volume Weighted Average Price; High Low prices and VWAP are shown in USD]

Financial News

Quarterly Report (Q1/2026):

Release Date: April 30, 2026

Quarterly Report Analysis Quarter ending 31 March 2026: Meta Platforms EPS gains 17%

Meta Platforms (NASDAQ:META), announced EPS of $10.57 for the quarter-ended 31 March 2026 [Q1/2026], up 17% sequentially from $9.02 in the previous quarter [Q4/2025].

Quarterly Report (Quarter ending 31 Mar 2026)

Quarter-ended31 Mar 202631 Dec 202530 Sep 2025

EPS$10.6$9.0108c

Sequential growth in EPS %17735-85

Revenue, $ billion56.359.951.2

Sequential growth in Revenue %-6.016.97.8

Net Profit, $ billion26.822.82.7

Sequential growth in Net Profit %17.6740-85

Compared with the Previous Corresponding Period [PCP; Q1/2025], year-over-year [y.o.y.] EPS was up 60.4%, Revenue was up 33.1% and Net Profit was up 60.9%.

Quarter-ended31 Mar 202631 Mar 2025

EPS, $10.66.6

PCP growth in EPS %6036

Revenue, $ billion56.342.3

PCP growth in Revenue %33.116.1

Net Profit, $ billion26.816.6

PCP growth in Net Profit %6134.6

Source: Meta Platforms, Inc.'s, 10-Q filing dated April 30, 2026, available at the U.S. Securities and Exchange Commission website: https://www.sec.gov/Archives/edgar/data/1326801/000162828026028526/meta-20260331.htm.company (Meta Platforms, Inc.), Ticker(META)

META PLATFORMS, INC. (META) Stock Dashboard [traded in US Dollars, USD] End-of-Day Thu, Jun 11

P/E20.3

EPS (FY2025)$23.98

DPS (past 12 months)$2.10 or 210c

Shares Outstanding2,178,000,000

Last$568.39

Institutional Ownership1,385,769,016or 63.6% of TSO

META in IndicesNASDAQ-100 [of 100 stocks]

EPS Growth (Q1 2026 vs Q4 2025)17.2%

Past month's Volume280,785,084

Ave Daily Volume12,616,185 shares

52-Week Price Range$520.26 - $795.06

Trailing Month's Range (In USD)557.01 - 643.00

Dividend Yield % (TTM)0.28

Market Cap$1,238 billion

ExchangeNASDAQ [Nasdaq]

% of shares outstanding63.6%

SectorTechnology [Rank by MCap 2 of 216 stocks]

VI1.0

PV$1000 (10 yr) and TRS$4,942; 17.2%

Ten years ago the Meta Platforms, Inc. share price was $115.81. $1,000 would have bought 8.6 Meta Platforms, Inc. Shares on that day. Those 8.6 Shares would be worth $4,908.0 at today's Share price of $568.39. PV$1000=$4,908. This corresponds to annualized returns (TRS) of 17.2% per annum for an investment in USD ten years ago.

VI* Volume Index = Number of shares traded today/Average number of shares traded per day.

Source: Nasdaq Stock Exchange: https://www.nasdaq.com/market-activity/stocks/META, company (Meta Platforms, Inc.), Ticker(META)

DATA & ARCHIVE DOWNLOAD CENTER

META: EXPORT DATA TO EXCEL:

+ PRICE VOLUME - 5-YEAR HISTORY

+ FINANCIALS - 10-YEAR HISTORY [INCLUDING Q4/2025]:

+ SHAREHOLDERS - COMPLETE LIST OF 5012 INSTITUTIONS

+ PEER COMPARISON

META: OTHER INFORMATION:

+ PRICE VOLUME CHARTS

+ SEC FILINGS

+ NOTES to ACCOUNTS

+ INSIDER OWNERSHIP AND SELLING IN THE PAST 10 YEARS

+ BOARD OF DIRECTORS

Highlights in this Monthly Report:

SECTION 1 META PAST MONTH PRICE VOLUME DYNAMICS 11TH JUN TO 12TH MAY, 2026

SECTION 2 THE PAST QUARTER: SEC FILINGS

SECTION 3 THE PAST QUARTER: FINANCIALS, ANALYST RATINGS, ESG

SECTION 4 THE PAST YEAR: PRESS RELEASES

SECTION 5 THE PAST QUARTER: NEWS AND BUZZ

SECTION 6 RECENT NEWS

SECTION 7 10-Q: 12 CONSEQUENTIAL MANAGEMENT DECISIONS

SECTION 8 BEARISH SIGNALS

SECTION 9 ONGOING BEARISH PARAMETERS

SECTION 10 BULLISH SIGNALS

SECTION 11 ONGOING BULLISH PARAMETERS

SECTION 12 CORPORATE PROFILE AND INDEPENDENT RATINGS

SECTION 13 DOWNLOAD META PLATFORMS, INC. FINANCIALS PAST 10 YEARS

SECTION 14 STOCK IDENTIFIERS

SECTION 1 META PAST MONTH PRICE VOLUME DYNAMICS 11TH JUN TO 12TH MAY, 2026

(Prices in $)

Average Monthly Volume = 277.6 million shares

Average Monthly Turnover = $7.8 billion

Click here

SECTION 2 THE PAST QUARTER: SEC FILINGS

2.1 The Past Quarter: SEC Filings

http://www.buysellsignals.com/bst/012991971011106263302

SECTION 3 THE PAST QUARTER: FINANCIALS, ANALYST RATINGS, ESG

3.1 Quarterly Financials (Quarter ending 31 March 2026)

Meta Platforms EPS gains 17%

Release Date: April 29, 2026

Meta Platforms (NASDAQ:META), announced EPS of $10.57 for the quarter-ended 31 March 2026 [Q1/2026], up 17% sequentially from $9.02 in the previous quarter [Q4/2025].

Quarterly Report (Quarter ending 31 Mar 2026)

Quarter-ended31 Mar 202631 Dec 202530 Sep 2025

EPS$10.6$9.0108c

Sequential growth in EPS %17735-85

Revenue, $ billion56.359.951.2

Sequential growth in Revenue %-6.016.97.8

Net Profit, $ billion26.822.82.7

Sequential growth in Net Profit %17.6740-85

Compared with the Previous Corresponding Period [PCP; Q1/2025], year-over-year [y.o.y.] EPS was up 60.4%, Revenue was up 33.1% and Net Profit was up 60.9%.

Quarter-ended31 Mar 202631 Mar 2025

EPS, $10.66.6

PCP growth in EPS %6036

Revenue, $ billion56.342.3

PCP growth in Revenue %33.116.1

Net Profit, $ billion26.816.6

PCP growth in Net Profit %6134.6

Source: Meta Platforms, Inc.'s, 10-Q filing dated April 30, 2026, available at the U.S. Securities and Exchange Commission website: https://www.sec.gov/Archives/edgar/data/1326801/000162828026028526/meta-20260331.htm.company (Meta Platforms, Inc.), Ticker(META)

3.2 Analyst Recommendations: Past Six weeks

2026BrokerageCurrent RatingPrev TargetPrice Target

May 20Wells Fargo & CompanyOverweight770765

May 05MizuhoOutperform850835

May 01Stifel NicolausBuy805780

Apr 30Truist FinancialBuy900840

Apr 30BarclaysOverweight800830

3.3 STOCK SNIPPETS - ESG

http://www.buysellsignals.com/bst/017991971011106263302

SECTION 4 THE PAST YEAR: PRESS RELEASES

4.1 The Past Year: Press Releases

http://www.buysellsignals.com/bst/015991971011106263302

SECTION 5 THE PAST QUARTER: NEWS AND BUZZ

5.1 Stock Buzz

Source: Other Publishers

Jun/AprHeadlinePublisher

Thu 11Meta Platforms (META) Partners with Best Buy to Launch Meta Lab Across 50 StoresInsider Monkey

Mon 08Here is why Meta Platforms, Inc. (META) is among the Top 10 Stocks That Members of Congress OwnYahoo Finance

Thu 04Why Meta Platforms Stock Crushed the Market TodayAOL

Wed 03Meta Platforms launches Business Agent across messaging appsSeeking Alpha

Thu 30Stocks to Watch: Alphabet, Qualcomm, Meta Platforms, Eli LillyThe Wall Street Journal

Wed 29Meta Platforms (META) Earnings Multiple Reflects Slower Growth ExpectationsYahoo Finance Australia

SECTION 6 RECENT NEWS

Recent News 1 of 10, Source: HourlyBusinessNews

June 11 2026: Meta Platforms Expands Retail Footprint with Best Buy Collaboration

Meta Platforms, Inc. (NASDAQ:META) is making significant strides in the retail space by partnering with Best Buy to launch the Meta Lab initiative across more than 50 stores. This strategic move comes as the company continues to innovate and expand its product offerings, with the announcement made on 8th June 2026.

As part of its broader strategy, Meta Platforms is transitioning towards subscription models to support its growing investments in artificial intelligence (AI). The company plans to introduce a variety of subscription tiers for its popular social media applications, with prices ranging from $2.99 to $49.99, and even up to $499 per month for content creators.

The Meta Lab will feature a dedicated 900-square-foot experiential space within Best Buy locations, offering customers an opportunity to engage with Meta's extensive lineup of virtual reality (VR) headsets and AI glasses. Each lab will include interactive displays, immersive demos of the Meta Quest 3, and smart mirrors for virtual try-ons, catering to the heightened interest from customers eager to experience these products in person.

With a focus on enhancing the customer experience, Meta Platforms will deploy dedicated Sales Specialists at each Meta Lab location. These specialists will provide guidance and support as customers explore Meta's premium AI glasses and VR sets, reinforcing the company's commitment to customer satisfaction and engagement.

Meta Platforms, Inc.continues to push the boundaries of technology, allowing users to connect and share experiences through a variety of platforms, from Facebook and Instagram to cutting-edge VR headsets and AI glasses. As the company navigates its path in the evolving tech landscape, its partnership with Best Buy marks a pivotal step in expanding its retail presence and reaching a wider audience.

Recent News 2 of 10, Source: HourlyBusinessNews

June 11 2026: Meta Platforms Begins Unwinding Manus Deal Amid Geopolitical Pressures

Meta Platforms Inc has completed a significant operational split from Manus, effectively halting data sharing between the two companies, as part of its strategy to unwind a US$2 billion acquisition that has faced opposition from Beijing. This decision marks a pivotal step for Meta, which owns popular social media platforms like Facebook and Instagram, in navigating the complex regulatory landscape surrounding foreign tech investments in China.

On 11th June 2026, sources familiar with the situation revealed that Meta has implemented a firewall between itself and the Chinese-founded agentic AI service, Manus. As of the start of this month, Manus staff have been barred from accessing Meta's internal data systems, and Meta employees are no longer permitted to utilize Manus tools for their internal projects. This separation signifies a substantial shift in the relationship between the two entities, as Meta is reportedly 'sunsetting' Manus, according to an internal memo accessed by Bloomberg News.

The operational split comes in the wake of demands from Chinese regulators, issued in April, for the deal to be unwound. The founders of Manus—Xiao Hong, Ji Yichao, and Zhang Tao—are now exploring options to comply with this request, including raising approximately US$1 billion to facilitate a buyback of their company. This development has transformed Manus from a celebrated example of Chinese AI innovation to a cautionary tale about the complexities of international business amid geopolitical tensions.

Since relocating its headquarters to Singapore in 2025, Manus has continued to develop its AI capabilities, integrating functionalities from platforms like Similarweb and Shopify. Despite the challenges posed by the separation from Meta, Manus has maintained access to certain Meta services, including the Ads Manager, which remains available to its users. This ongoing development signals that Manus is not entirely severed from its previous operational framework, even as both companies move in divergent directions.

As the situation unfolds, it remains unclear how far discussions around a potential buyback have progressed for Manus. Investors, including notable stakeholders like Tencent Holdings Ltd, have already received their proceeds from the original acquisition by Meta. The shift in strategy signals a broader trend of caution as tech companies navigate the intricate web of international regulations and market dynamics, leaving investors and analysts keenly observing how this will impact both Meta and Manus in the future.

Recent News 3 of 10, Source: HourlyBusinessNews

June 11 2026: Meta Platforms Completes Operational Split from Manus, Ending Data Sharing

Meta Platforms Inc. has completed its operational separation from Manus, effectively halting all data sharing between the two companies. As of the 11th of June, 2026, informed sources revealed that Meta, the parent company of popular social media platforms such as Facebook and Instagram, has established a comprehensive firewall to isolate its operations from the Chinese technology firm Manus.

According to sources familiar with the situation, Meta has prohibited Manus and its employees from accessing any internal data systems. This decision signifies a significant move towards operational independence, as Meta's employees are also barred from utilizing Manus's tools for their internal projects. The sources spoke on the condition of anonymity due to the sensitive nature of the discussions.

An internal memo reviewed by Bloomberg News indicates that Meta is gradually winding down Manus's operations, instructing employees to transition existing Manus projects to Meta's systems. Furthermore, the memo suggests that no new initiatives will be undertaken on Manus's artificial intelligence platform, a clear signal of Meta's intent to separate its technological infrastructure from Manus entirely.

These measures are viewed as a step towards a potential divestiture of Manus, which has been a topic of speculation among investors and analysts alike. The separation aligns with broader corporate governance strategies that prioritize data security and operational integrity, particularly in light of increasing scrutiny over data privacy and international partnerships.

As Meta Platforms continues to navigate its strategic direction, this separation marks a pivotal moment that may influence its future partnerships and projects. Investors will be keenly observing how this operational shift impacts Meta's market position and whether it opens new avenues for growth without the complexities that come from its previous association with Manus.

Recent News 4 of 10, Source: HourlyBusinessNews

June 11 2026: Meta's Zuckerberg Advocates for Skilled Workforce Amid New Training Initiative

Meta Platforms, Inc. CEO Mark Zuckerberg is urging for a significant increase in the number of skilled tradespeople in the U.S. to support the nation's growing artificial intelligence sector. On 11th June 2026, Zuckerberg announced a $115 million investment in a new training initiative called America's Workforce Academy, aimed at equipping workers with skills necessary for jobs related to data center construction and operations.

The initiative is designed to offer free training and create direct employment pathways for participants, addressing a critical workforce gap as Meta accelerates its AI infrastructure expansion. The program will initially roll out in pilot locations across Louisiana, Ohio, Indiana, and Texas, where Zuckerberg emphasized the need for 'hundreds of thousands' of skilled workers to build the necessary infrastructure for AI advancements.

Graduates of America's Workforce Academy will receive industry-recognized credentials from the National Center for Construction Education and Research, along with an America's Workforce Certificate that is transferable across various employers and industries. This comprehensive training aligns with Meta's broader commitment to investing approximately $600 billion in U.S. infrastructure and job creation over the next three years.

The launch of this program builds on Meta's previous efforts, such as the Level-Up initiative, which successfully attracted 35,000 applicants in its first week of operation. As the company restructures its workforce—cutting around 10% of its employees while shifting many to focus on AI initiatives—Zuckerberg's vision is clear: to democratize access to AI technology and prepare a workforce capable of supporting that vision.

While large-scale data center projects like those undertaken by Meta can generate thousands of temporary jobs, the long-term employment landscape remains challenging. As highlighted by industry reports, the permanent positions created after these facilities become operational often represent a fraction of the construction workforce. For instance, a data center project in Texas is expected to employ over 1,800 workers during peak construction but will only create around 100 ongoing jobs post-completion.

Recent News 5 of 10, Source: HourlyBusinessNews

June 10 2026: Meta Platforms Secures 1 GW of Renewable Energy in India to Support Data Centres

Meta Platforms, Inc. has signed a significant agreement to procure 1 gigawatt (GW) of renewable energy from India, marking a crucial step in its efforts to expand data centre operations sustainably. This initiative comes as the company ramps up its infrastructure to meet the growing demand for digital services and cloud computing, and it is set against the backdrop of a global push for cleaner energy solutions.

On 10th June 2026, Meta announced the contract, which is expected to provide a substantial amount of green energy to support its data centres across the region. The deal underscores Meta's commitment to sustainability and aligns with its broader environmental objectives, which include achieving net-zero emissions across its global operations by 2030. This milestone is indicative of the increasing importance of renewable energy in powering tech giants' infrastructures.

The renewable energy sourced from India is likely to include a mix of solar and wind projects, reflecting the country's rich potential in both sectors. As India continues to scale its renewable energy capacity, Meta's investment will not only support its operational needs but also contribute to the local economy by creating jobs and fostering advancements in the clean energy sector.

Meta's initiative comes at a time when many corporations are under pressure to transition to more sustainable energy sources. By securing this 1 GW contract, Meta Platforms positions itself as a leader in the corporate responsibility movement towards environmental stewardship. This strategic move could also enhance investor confidence, as companies increasingly prioritize sustainability in their operational strategies.

In addition to this commitment, Meta's focus on renewable energy is likely to spur interest among investors looking for environmentally friendly projects. With the demand for data services surging, coupled with a clear commitment to sustainability, Meta Platforms, Inc. is poised to play a pivotal role in the future of energy consumption in the tech industry.

Recent News 6 of 10, Source: HourlyBusinessNews

June 10 2026: Meta's Potential Stock Sale Could Signal New Funding Strategy Amid AI Expansion

Meta Platforms, Inc. is reportedly contemplating a substantial stock sale, potentially in the tens of billions of dollars range, to finance its aggressive artificial intelligence (AI) initiatives. This information comes following a recent report by the Financial Times, which noted that the social media giant's shares experienced a notable decline of approximately 6% on Friday, June 5th, 2026. The company's decision to explore new avenues for raising capital follows a significant increase in its 2026 capital-spending plan, which has been raised to as much as $145 billion.

As of now, Meta has characterized the stock sale discussions as 'pure speculation', emphasizing that it has not yet engaged banks for this purpose and is still evaluating various flexible funding options. This cautious approach is particularly relevant in light of Alphabet's recent $85 billion equity raise aimed at bolstering its own AI capabilities, setting a benchmark for investor appetite in the tech sector. For shareholders, the key question revolves around Meta's funding strategy and the implications of issuing new shares, which would represent a departure from the company's previous methods of capital management.

The potential stock offering raises concerns among investors regarding dilution of existing shares. If Meta proceeds with this plan, shareholders could see their ownership percentages decrease, impacting the value of their investments. However, the company's expansive AI ambitions might justify the need for additional capital, especially as competition in the tech sector intensifies. The ongoing race to dominate AI technology has prompted companies to invest heavily, making it essential for firms like Meta to secure adequate funding to maintain their competitive edge.

Meta's strategy to pause its share buyback program also signals a shift in its capital allocation priorities. Traditionally, share buybacks have been a method for companies to return value to shareholders, but the current focus on AI development reflects a broader trend in the industry where firms are prioritizing innovation over immediate shareholder returns. This pivot could be seen as a long-term play, aiming to position Meta as a leader in AI technology, yet it presents a dilemma for shareholders who may prefer immediate returns.

Ultimately, while Meta Platforms is currently weighing its options, the potential for a multibillion-dollar stock sale could reshape its financial landscape. Investors will be closely monitoring developments as the company navigates its funding strategy, weighing the benefits of AI investment against the possible dilution of their stakes. As the conversation around AI continues to evolve, so too will the expectations for companies like Meta, making this a pivotal moment for both the company and its shareholders.

Recent News 7 of 10, Source: HourlyBusinessNews

June 10 2026: Reliance Industries Boosts Indian Market on Meta Data Centre Partnership

The Indian benchmark stock market indices turned higher on Wednesday, led by Reliance Industries following Meta Platforms' announcement of its first AI-enabled data centre partnership in India. As of 9:57 AM, the benchmark Nifty 50 rose 0.59% to 23,379.4, while the BSE Sensex gained 0.7% to 74,436.6. This positive movement in stock prices reflects investors' optimism about the collaboration between Reliance and Meta.

Reliance Industries, the third-heaviest stock on the benchmarks, saw its shares increase by 2.1% after Meta confirmed that it would lease a data centre to be built by the Mukesh Ambani-led company in India. The impact of this partnership was felt across the market, with eleven of the sixteen major sectors logging gains. However, broader small-caps and mid-caps traded flat, indicating a mixed sentiment in segments of the market.

Financial stocks, particularly heavyweight private banks and financial institutions, contributed positively to the market, each gaining 0.6%. In contrast, the metals sector fell by 1.1%, with fourteen of its fifteen constituents experiencing declines. This downturn was attributed to renewed hostilities in the Middle East and rising expectations of a Federal Reserve interest rate hike by year-end, which has raised concerns about demand ahead of crucial U.S. inflation data scheduled for release later in the day.

The geopolitical landscape remains tense, particularly following the U.S. military strikes against Iran amid escalating conflicts. This uncertainty has clouded hopes for a lasting ceasefire and has kept global markets on edge. In this context, Ajit Mishra, senior vice president of research at Religare Broking, expressed caution regarding the benchmark index while advising a focus on stock-specific opportunities.

Amidst these market dynamics, other stocks also showed notable movements. Afcons Infrastructure surged by 9% after securing a 53 billion rupee order, while CMR Green Technologies made a strong market debut, opening at a 39.6% premium over its issue price. Additionally, e-commerce platform Meesho gained 4% following Jefferies' initiation of coverage with a 'buy' rating, showcasing a diverse range of investment opportunities in the current market landscape.

Recent News 8 of 10, Source: HourlyBusinessNews

June 10 2026: Meta Platforms Inc. Focuses on AI and Metaverse as Growth Catalysts

Meta Platforms Inc. remains in focus after fresh AI and product announcements across Facebook, Instagram, and WhatsApp, while the group continues to invest heavily in metaverse and infrastructure. On the 10th of June 2026, this mixed picture could mean various implications for U.S. investors and the broader tech sector.

The recent updates highlight Meta's strategic pivot toward artificial intelligence, messaging monetization, and metaverse infrastructure investments. The company's ongoing focus on enhancing user engagement through AI-driven features, such as generative content tools and recommendation algorithms, presents new avenues for user interaction and advertising effectiveness.

However, the stock has been reacting sensitively to advertising demand signals, regulatory developments, and spending on Reality Labs. Investors are left weighing the robust cash generation from Meta's core advertising and messaging businesses against the sizable losses stemming from metaverse projects. This divergence has been a focal point in recent quarterly disclosures, raising questions about the sustainability of Meta's growth model.

Meta's primary revenue driver continues to be its advertising displayed across platforms like Facebook and Instagram. The company has reported ongoing growth in ad impressions and improved pricing in several regions, but headwinds from foreign exchange and regulatory changes pose ongoing challenges. Additionally, Meta's efforts to monetize its messaging platforms, particularly WhatsApp and Messenger, are seen as critical to unlocking new revenue streams.

As Meta Platforms Inc. navigates these complexities, the company's heavy investments in AI and metaverse infrastructure are poised to influence broader market dynamics. U.S. investors should monitor how these developments may impact Meta's profitability and capital returns, especially in light of the competitive landscape and regulatory environment that continues to evolve.

Recent News 9 of 10, Source: HourlyBusinessNews

June 10 2026: Reliance and Meta Collaborate on AI-Enabled Data Centre in Jamnagar

Reliance Industries Limited and Meta Platforms, Inc. have agreed to develop a 168 MW AI-enabled data centre in Jamnagar, Gujarat. The facility will be constructed by Reliance and leased to Meta, marking the first built-to-suit data centre capacity in India for the global technology giant. This partnership underscores India's emergence as a hub for AI infrastructure and deepens the long-standing strategic relationship between the two companies.

Under the agreement, Reliance Industries will provide end-to-end services, including design, construction, and the management of utilities, renewable power, network connectivity, and managed services. The data center is scheduled for delivery within two years and includes an option to scale capacity. This structure positions Reliance as a single-window solutions provider for hyperscale AI infrastructure, allowing Meta to expand its operations in line with growing compute needs.

The strategic location in Gujarat offers operational benefits, including proximity to India's western submarine cable landing stations and Jio's extensive fibre network. The facility will be powered by renewable energy and cooled using desalinated seawater, reflecting a shared commitment to sustainability between Reliance and Meta.

Shri Mukesh D. Ambani, Chairman and Managing Director of Reliance Industries Limited, stated that the partnership demonstrates India's readiness to lead the global AI revolution. He emphasized that Jamnagar will become a landmark destination for hyperscale AI computing. Mark Zuckerberg, Founder and CEO of Meta, highlighted that the facility would help scale AI infrastructure globally while deepening investment in India's economy.

This collaboration may prompt other global tech giants to pursue similar built-to-suit agreements with Reliance. Furthermore, the development of this facility could influence the pricing and availability of AI compute power for Indian startups, particularly if the sustainable cooling model proves successful in future Reliance data center projects.

Recent News 10 of 10, Source: HourlyBusinessNews

June 10 2026: Reliance Industries and Meta Join Forces for New Data Center in Gujarat

Reliance Industries (RIL) has announced a partnership with Meta Platforms, Inc. for a data center project in Jamnagar, Gujarat. The announcement was made on 10th June 2026, and the project will see RIL developing a data center with a capacity of 168 MW, which is expected to be delivered within two years, with an option for further scaling.

This initiative marks the first built-to-suit data center capacity in India for Meta, signifying a pivotal development in the country's rise as a global hub for artificial intelligence infrastructure. Meta will lease capacity from this facility, enhancing its global infrastructure expansion and strengthening its long-standing strategic partnership with Reliance Industries, which encompasses connectivity, commerce, and AI innovation in one of the world's most dynamic digital markets.

Under the terms of the agreement, Reliance Industries will provide comprehensive end-to-end services throughout the entire lifecycle of the data center. This includes design and construction, ongoing management of utilities, renewable power supply, network connectivity, and fully managed operational services. This positions Reliance Industries as a single-window solutions provider for hyperscale AI infrastructure in India.

The strategic location of the data center in Gujarat offers numerous advantages for large-scale operations, such as enhanced delivery capabilities, access to renewable energy, availability of water resources, and proximity to India's western submarine cable landing stations, as well as Jio's extensive fiber network. The facility will be powered by renewable energy and cooled with desalinated seawater, reflecting both Reliance Industries' and Meta's commitment to sustainability in their operations.

This collaboration not only underscores the growing role of India in the global digital and AI ecosystem but also highlights the increasing demand for robust data infrastructure in the region. As Reliance Industries and Meta embark on this significant project, the implications for both companies and the broader market are likely to be profound.

SECTION 7 10-Q: 12 CONSEQUENTIAL MANAGEMENT DECISIONS

7.1 Meta Platforms, Inc. 10-Q: 12 Consequential Management Decisions

http://www.buysellsignals.com/bst/014991971011106263302

SECTION 8 BEARISH SIGNALS

8.1 3-DAY: MODERATE MOMENTUM DOWN

META decreases 2.9% on average volume 1.03 times average. Compared with the NASDAQ-100 Index which rose 31.9 points (or 0.1%) in the 3-days, the relative price change was -3.0%.

The price ranged between a low of $568.41 on Thursday Jun 11 and a high of $584.70 on Tuesday Jun 09.

8.2 Rank in the bottom 18% by Relative Valuation in the NASDAQ market

DescriptionValueRank

Price to Book Value7.2In Bottom 18%

Price to Sales5.8In Bottom 17%

P/E * P/NTA146.04In Bottom 17%

Earnings Yield %4.9In Bottom 13%

Dividend Yield %0.3%In Bottom 3%

Source: Meta Platforms, Inc.'s, 10-K filing dated January 29, 2026, available at the U.S. Securities and Exchange Commission website: https://www.sec.gov/Archives/edgar/data/1326801/000162828026003942/meta-20251231.htm.company (Meta Platforms, Inc.), Ticker(META)

8.3 Rank in the bottom 23% by Price Performance in the NASDAQ market

DescriptionValueRank

Rel Strength 6 mo24In Bottom 23%

1-week Price Change %-9.4In Bottom 18%

Source: Meta Platforms, Inc.'s, 10-K filing dated January 29, 2026, available at the U.S. Securities and Exchange Commission website: https://www.sec.gov/Archives/edgar/data/1326801/000162828026003942/meta-20251231.htm.company (Meta Platforms, Inc.), Ticker(META)

8.4 Downtrend

The stock traded at a three-month low of $557.01 today.

Price/Moving Average Price of 0.85 and negative MACD:

- The Price/MAP 200 for Meta Platforms, Inc. is 0.85. Being less than 1 is a bearish indicator. It is lower than the Price/MAP 200 for the NASDAQ-100 Index of 1.15, a second bearish indicator. The stock is trading below both its MAPs and the 50-day MAP of $622.07 is lower than the 200-day MAP of $668.18, a third bearish indicator. The 200-day MAP has decreased to $668.18, a fourth bearish indicator.

- The Moving Average Convergence Divergence (MACD) indicator of 12-day Exponential Moving Average (EMA) of 595.51 minus the 26-day EMA of 607.46 is negative, suggesting a bearish signal. Both the 12-day EMA as well as the 26-day EMA are falling, another bearish signal.

- The price to 50-day EMAP ratio is 0.9, a bearish indicator. In the past 50 days this ratio has been under 0.9 just twice suggesting a support level. The 50-day EMAP has decreased to $612.94. A decrease is another bearish indicator.

Past Quarter:

- The shares had their worst quarter in five quarters since the quarter ended March 11, 2025.

The Worst 3 weeks in the past quarter

In the past quarter the steepest fall of 11.5% took place in the week beginning Monday March 23.

Mon-FriChange %NASDAQ-100 Index Change %Vol Ind [1 is avg]

Mar 23-27-11.5-3.21.1

Apr 27-May 01-9.81.51.4

Jun 01-05-6.3-4.51.6

Trailing Relative Strength (6 months) at 24 percentile:

- The stock has a 6-month relative strength of 24 in the NASDAQ market of 2,849 stocks and 2 ADRs indicating it is trailing 76% of the market.

8.5 Other Bearish Signals

- Return on Equity of 27.8% versus sector average of 40.8%.

- Return on Assets of 16.5% versus sector average of 19.7%.

- Return on Capital Employed of 26.5% versus sector average of 30.4%.

MCap/Total Assets:

- Tobin's Q Ratio, defined as MCap divided by Total Assets, is 3.4. Compared with the rest of the market the stock is overvalued and ranks in the bottom quartile of stocks by value of Q Ratio.

Source: Meta Platforms, Inc.'s, 10-K filing dated January 29, 2026, available at the U.S. Securities and Exchange Commission website: https://www.sec.gov/Archives/edgar/data/1326801/000162828026003942/meta-20251231.htm.company (Meta Platforms, Inc.), Ticker(META)

Source: Nasdaq Stock Exchange: https://www.nasdaq.com/market-activity/stocks/META, company (Meta Platforms, Inc.), Ticker(META)

SECTION 9 ONGOING BEARISH PARAMETERS

9.1 Past quarter momentum down: Meta Platforms, Inc. plunges 13% on average volume 1.1 times average.

Past month toHighLowVWAPVolume Index *

11 Jun 2026643.00557.01606.971.0

11 May 2026691.52598.08640.011.0

10 Apr 2026660.30520.26588.521.0

[*Volume Index of 1.0 means volume for the month was 1.0 times its 12-month average]

[VWAP is defined as the Volume Weighted Average Price; High Low prices and VWAP are shown in USD]

9.2 Present Value of $1000 Invested in the Past [3 Mo, 1 Yr]; The Worst Periods with PV$1000 < 869

PV$1,0003 mo ago1 yr ago

META.NASDAQ$868$823

Technology sector$1,142$1,358

NASDAQ-100 Index$1,181$1,347

9.3 The Worst Periods [3 Mo, 1 Yr] with Price Change % < -13.1

1-Year price change of -17.9% for Meta Platforms, Inc. underperformed the change of 34.2% in the NASDAQ-100 Index for a relative price change of -52.1%.

Price Change %QuarterYear

Meta Platforms, Inc.-13.2-17.9

Technology sector14.234.2

NASDAQ-100 Index20.834.2

9.4 Moving Annual Return of -17.7% in the past year:

Moving Annual Return was -17.7% in the past year. Based on a dynamic start date of 5 years ago, the real rate of return has averaged 23%

METAClose ($)Dividends ($)Capital Gain / (Loss) %% YieldAnnual Return %

Jun 11568.411.58(17.9)0.2(17.7)

1 Yr ago692.572.0238.60.439.0

2 Yrs ago499.640.589.90.290.1

3 Yrs ago263.11-50.9-50.9

4 Yrs ago174.35-(47.2)-(47.2)

Close 5 years ago $330.15

9.5 EPS growth [FY2025 vs FY2024] of -2.6%:

FYEPS ($)Growth %

202523.98-2.6

202424.6162.0

Source: Meta Platforms, Inc.'s, 10-K filing dated January 29, 2026, available at the U.S. Securities and Exchange Commission website: https://www.sec.gov/Archives/edgar/data/1326801/000162828026003942/meta-20251231.htm.company (Meta Platforms, Inc.), Ticker(META)

9.6 Annualised Period-based Total Shareholder Returns [TSR %]: The Worst Period with TSR < -17.6%

TSR %1 yr

META.NASDAQ-17.7

9.7 Declining Volume, down 50% in 5 years

In the past five years, Average Daily Volume of Trading (ADVT) has decreased 50.4% to 12.6 million shares.

Avg. Daily Volume Traded 12 months ended Jun 11, million shares

YearADVT

202612.6

202514.4

202419.1

202332.5

202225.5

Source: Nasdaq Stock Exchange: https://www.nasdaq.com/market-activity/stocks/META, company (Meta Platforms, Inc.), Ticker(META)

SECTION 10 BULLISH SIGNALS

10.1 Other Bullish Signals

- Total Liabilities/EBITDA of 1.7 is less than 5, this compares favourably with the Joseph Piotroski benchmark of 5.

- Net profit margin has averaged 32.3% in the last 3 years. This is considered superior and suggests a high margin of safety.

- As per the Du Pont analysis, Return on Equity is high at 27.8%. This is computed as net profit margin of 30.1% times asset turnover [sales/assets] of 0.55 times leverage factor [total assets/shareholders' equity] of 1.7.

Source: Meta Platforms, Inc.'s, 10-K filing dated January 29, 2026, available at the U.S. Securities and Exchange Commission website: https://www.sec.gov/Archives/edgar/data/1326801/000162828026003942/meta-20251231.htm.company (Meta Platforms, Inc.), Ticker(META)

10.2 Oversold/Bullish Signals:

- The stock is oversold according to the Williams % R indicator of -86.7, suggesting the price is close to its 14-day low of $557.01.

- The Stochastic indicator of 8.4 has pierced the oversold line of 20; this indicates the price is close to its 14-day low and is likely to revert to an uptrend.

Source: Nasdaq Stock Exchange: https://www.nasdaq.com/market-activity/stocks/META, company (Meta Platforms, Inc.), Ticker(META)

SECTION 11 ONGOING BULLISH PARAMETERS

11.1 Rule of 40

The stock scores a favorable score exceeding 40 when using the Rule of 40 (Revenue Growth plus EBITDA margin). Y.o.y revenue growth of 22%, EBITDA margin is 42.8% and the sum of the two 64.9% needs to exceed 40%.

Source: Meta Platforms, Inc.'s, 10-K filing dated January 29, 2026, available at the U.S. Securities and Exchange Commission website: https://www.sec.gov/Archives/edgar/data/1326801/000162828026003942/meta-20251231.htm.company (Meta Platforms, Inc.), Ticker(META)

11.2 Rank in the top 96% by Liquidity in the NASDAQ market

DescriptionValueRank

Ave daily turnover$8 billionIn top 96%

Source: Meta Platforms, Inc.'s, 10-K filing dated January 29, 2026, available at the U.S. Securities and Exchange Commission website: https://www.sec.gov/Archives/edgar/data/1326801/000162828026003942/meta-20251231.htm.company (Meta Platforms, Inc.), Ticker(META)

11.3 Rank in the top 6% by Size in the NASDAQ market

DescriptionValueRank

Turnover$7.7 billionIn Top 1%

Tr 12 months Revenue$215 billionIn Top 2%

MCap$1,238 billionIn Top 6%

Source: Meta Platforms, Inc.'s, 10-K filing dated January 29, 2026, available at the U.S. Securities and Exchange Commission website: https://www.sec.gov/Archives/edgar/data/1326801/000162828026003942/meta-20251231.htm.company (Meta Platforms, Inc.), Ticker(META)

11.4 Rank in the top 14% by Performance in the NASDAQ market

DescriptionValueRank

EBITDA Margin %42.8In Top 11%

Net Profit Margin %30.1In Top 14%

Source: Meta Platforms, Inc.'s, 10-K filing dated January 29, 2026, available at the U.S. Securities and Exchange Commission website: https://www.sec.gov/Archives/edgar/data/1326801/000162828026003942/meta-20251231.htm.company (Meta Platforms, Inc.), Ticker(META)

11.5 Rank in the top 11% by Productivity in the NASDAQ market

DescriptionValueRank

Return on Capital Employed [ROCE] %26.5In Top 9%

Return on Assets [ROA] %16.5In Top 10%

Return on Equity [ROE] %27.8In Top 11%

Source: Meta Platforms, Inc.'s, 10-K filing dated January 29, 2026, available at the U.S. Securities and Exchange Commission website: https://www.sec.gov/Archives/edgar/data/1326801/000162828026003942/meta-20251231.htm.company (Meta Platforms, Inc.), Ticker(META)

11.6 $1000 in Meta Platforms, Inc. grows to $14,972 in 14 years

Meta Platforms, Inc. was first listed on May 18, 2012 at $38.0; after adjustments the price was $37.96. The present value of $1,000 (PV1000) invested in Meta Platforms, Inc. on the date of listing is $14,972 including a capital gain of $13,972. This corresponds to an exemplary average annualized return of 21.2%.

11.7 Present Value of $1000 Invested in the Past 3 Years; The Best Period with PV$1000 > 2,174

PV$1,0003 yrs ago

META.NASDAQ$2,175

Technology sector$1,913

NASDAQ-100 Index$2,027

11.8 Past 3 years: price rise of 116%

3-Year price change of 116% for Meta Platforms, Inc. outperformed the change of 102.7% in the NASDAQ-100 Index for a relative price change of 13.4%.

Price Change %3 Years

Meta Platforms, Inc.116

Technology sector91.3

NASDAQ-100 Index102.7

11.9 Created Market Value [CMV] past 10 yrs of $789.2 billion

- Market Capitalization has increased by $900.6 billion from $337.5 billion to $1,238 billion in the last 10 years. This increase comprises cumulative retained earnings (RETE) of $111.4 billion and Created Market Value of $789.2 billion. The Created Market Value multiple, defined by the change in MCap for every $1 of retained earnings is exemplary at $8.08.

11.10 Sequential growth in EPS [Q1/2026 vs Q4/2025] of 17.2%:

The most recent quarter (Q1/2026) showed a rise of 17.2% in sequential growth of Quarterly EPS.

Quarterly ReportEPS ($)Growth %

Q1/202610.5717.2

Q4/20259.02735.2

Source: Meta Platforms, Inc.'s, 10-Q filing dated April 30, 2026, available at the U.S. Securities and Exchange Commission website: https://www.sec.gov/Archives/edgar/data/1326801/000162828026028526/meta-20260331.htm.company (Meta Platforms, Inc.), Ticker(META)

11.11 Annualised Period-based Total Shareholder Returns [TSR %]: The Best Periods with TSR > 11.5%

TSR %3 yrs5 yrs10 yrs

META.NASDAQ29.211.617.3

11.12 Low Debt to Equity (%)

The debt to equity ratio of 28.1% is under a safe benchmark figure of 50%. However, it has deteriorated in the past four years.

YearsDebt to Equity (%)

Dec 202528.06

Dec 202416.85

Dec 202313.06

Dec 20228.98

Dec 20210.9

Source: Meta Platforms, Inc.'s, 10-K filing dated January 29, 2026, available at the U.S. Securities and Exchange Commission website: https://www.sec.gov/Archives/edgar/data/1326801/000162828026003942/meta-20251231.htm.company (Meta Platforms, Inc.), Ticker(META)

11.13 % Growth in EPS > RPS

EPS growth has consistently exceeded growth in RPS [Revenue Per Share].

EPS growth: Sequential EPS growth (Q1 2026 vs Q4 2025) was up 17.2% and PCP EPS growth (Q1 2026 vs Q1 2025) was up 60.4%. FY EPS growth (FY2025 vs FY2024) was down 2.6%.

RPS growth: Sequential growth in Revenue per share (Q1 2026 vs Q4 2025) was down 4.8% and PCP growth in Revenue per share (Q1 2026 vs Q1 2025) was up 36.0%. FY growth in Revenue per share (FY2025 vs FY2024) was up 24.1%.

(All figures in %)

Sequential growth in EPS (Q1 2026 vs Q4 2025)17.2

Sequential growth in RPS (Q1 2026 vs Q4 2025)-4.8

PCP growth in EPS (Q1 2026 vs Q1 2025)60.4

PCP growth in RPS (Q1 2026 vs Q1 2025)36.0

FY growth in EPS (FY2025 vs FY2024)-2.6

FY growth in RPS (FY2025 vs FY2024)24.1

Source: Meta Platforms, Inc.'s, 10-Q filing dated April 30, 2026, available at the U.S. Securities and Exchange Commission website: https://www.sec.gov/Archives/edgar/data/1326801/000162828026028526/meta-20260331.htm.company (Meta Platforms, Inc.), Ticker(META)

11.14 A 88.1% Decrease in Insider Selling

In the past 5 years a total of 15,871,717 Meta Platforms, Inc. shares worth $6.8 billion were sold by insiders. Based on a dynamic start date of 5 years ago, insider selling has averaged 3,174,343 shares per year. In the past year, insiders sold 335,474 shares, a decrease of 88.1% from the previous year.

YearNo. of SharesValue, $

Jun 11, 2026335,474227,079,833

1 Yr ago2,811,5101,716,948,215

2 Yrs ago5,476,5322,382,258,489

3 Yrs ago355,63460,333,187

4 Yrs ago6,892,5672,410,357,450

Total15,871,7176,796,977,175

Source: U.S. Securities and Exchange Commission (SEC Form 4) https://www.sec.gov/edgar/browse/?CIK=1326801, company (Meta Platforms, Inc.), Ticker(META)

11.15 Increased VWAP, up 149% in 5 years

In the past five years Volume Weighted Average Price (VWAP) has increased by 149.2% to $668.53. Based on a dynamic start date of five years ago, there have been declines in VWAP in 2 out of 5 years.

Past five years, 12 months ended Jun 11 (USD)

YearHigh PriceVWAPLow Price

2026795.06668.53520.26

2025738.58577.65440.48

2024528.36363.94263.49

2023274.65156.4687.48

2022381.66268.32167.83

11.16 Increased share turnover, up 24% in 5 years

In the past five years, average daily share turnover has increased 23.5% to $8.4 billion. This suggests increased liquidity.

Past five years, 12 months ended Jun 11 (USD billion)

YearAverage Daily Turnover

20268.4

20258.3

20247.0

20235.1

20226.8

11.17 Growth > 17% for Net Profit:

- Net Profit margin is positive and has seen consecutive rises in recent quarters. [All figures in %]

Qtr-endedRevenue GrowthNet Profit GrowthNet Profit Margin

Mar 26 [Q1 vs Q4]-617.681.9

Dec 25 [Q4 vs Q3]16.9740.581.8

Source: Meta Platforms, Inc.'s, 10-Q filing dated April 30, 2026, available at the U.S. Securities and Exchange Commission website: https://www.sec.gov/Archives/edgar/data/1326801/000162828026028526/meta-20260331.htm.company (Meta Platforms, Inc.), Ticker(META)

11.18 Satisfies three criteria of Benjamin Graham

-""Total debt less than tangible book value""; total debt of USD61.0 billion is less than tangible book value of USD172.3 billion.

-""Current ratio of two or more""; current assets are 2.6 times current liabilities.

-""Stability of growth in earnings over the last 5 years, defined as no more than two declines of 5% or greater in year-end earnings""; there has been only 1 decline in earnings in the last 5 years.

Source: Meta Platforms, Inc.'s, 10-K filing dated January 29, 2026, available at the U.S. Securities and Exchange Commission website: https://www.sec.gov/Archives/edgar/data/1326801/000162828026003942/meta-20251231.htm.company (Meta Platforms, Inc.), Ticker(META)

11.19 Satisfies 5 out of 9 criteria of Joseph Piotroski [pass mark 5]:

- Positive net income.

- Positive operating cashflow.

- Good quality of earnings [operating cashflow exceeds net income].

- Reduction in total shares on issue.

- Improvement in gross margin [from 81.7% to 82.0%].

But does not meet the following 4 criteria of Joseph Piotroski:

- Return on Assets improvement.

- Improvement in long-term debt to total assets.

- Improvement in current ratio.

- Improvement in asset turnover.

Source: Meta Platforms, Inc.'s, 10-K filing dated January 29, 2026, available at the U.S. Securities and Exchange Commission website: https://www.sec.gov/Archives/edgar/data/1326801/000162828026003942/meta-20251231.htm.company (Meta Platforms, Inc.), Ticker(META)

11.20 Year-over-year (%) Change in Dividend:

Quarterly dividend for Q3/2025 was 53.0c, unchanged from 53.0c in Q2/2025. The year-on-year change was up 6.0% from 50.0c in the previous corresponding period Q3/2024.

QuarterQ3/2024Q2/2025Q3/2025

Dividend ($ Cents)50.053.053.0

Source: Nasdaq Stock Exchange: https://www.nasdaq.com/market-activity/stocks/META/dividend-history, company (Meta Platforms, Inc.), Ticker(META)

Source: Nasdaq Stock Exchange: https://www.nasdaq.com/market-activity/stocks/META, company (Meta Platforms, Inc.), Ticker(META)

SECTION 12 CORPORATE PROFILE AND INDEPENDENT RATINGS

12.1 Activities

Meta Platforms, Inc., headquartered in Menlo Park, California, is a leading global technology company that operates a suite of social media and digital communication platforms, including Facebook, Instagram, WhatsApp, and Messenger. Its core business revolves around connecting billions of users worldwide through innovative social networking services, while generating primary revenue from targeted digital advertising. The company also advances virtual reality and augmented reality technologies via its Reality Labs division, aiming to build the metaverse as a next-generation computing platform. Among its fastest-growing segments are e-commerce integrations on Instagram and WhatsApp, which leverage user engagement for business tools and advertising, as well as metaverse-related initiatives that drive hardware sales and immersive experiences. This strategic focus on emerging technologies and user monetization has fueled Meta's expansion, positioning it as a key player in the digital economy with a market capitalization exceeding $500 billion as of recent reports. It is the NASDAQ's 2nd largest Technology company by market capitalisation.

Meta Platforms, Inc. (NASDAQ:META) is a global leader in social technology, driving innovation through its diverse ecosystem, including Facebook, Instagram, WhatsApp, and Messenger. The company leverages its advanced Meta AI and Generative AI technologies, focusing on AI safety and Responsible AI, to push boundaries in digital communication and content. Meta's Break In Case of Emergency AI Plan ensures adaptability in the evolving tech landscape. Products like LLaMA 2 and tools such as Meta Quest and Meta Quest Pro, including Oculus Quest, contribute to its dominance in the Virtual Reality and Augmented Reality sectors. Initiatives like Horizon Worlds and Horizon Workrooms solidify its metaverse leadership, further enhanced by creative tools like Threads and Reels. As a pivotal player in digital advertising, Meta leverages platforms such as Meta Ads, Facebook Ads, and Instagram Shopping. The integration of Spark AR and projects like Ray-Ban Stories and Portal showcase Meta's forward-thinking approach to immersive experiences, underscoring its strategic relevance and robust growth potential.

12.2 Independent Ratings and Relative Value Indicators

+ Clarivate 100:

Meta Platforms, Inc. is ranked 3 in the Top 100 innovators by Clarivate Analytics.

+ Brand Finance 500:

It is in the Brand Finance list of the world's 500 Valuable Banking brands by brand value in 2025, ranked 8.

+ Fortune 500:

It is in the Fortune list of Top 500 Global companies by Revenues in 2025, ranked 66.

+ PwC 100:

It is in PwC's list of Top 100 Global companies; ranked 7th by market capitalization in 2025.

12.3 Contact Details

Website: http://www.facebook.com

Physical Address: 1601 Willow Road, Menlo Park, CA,94025

Phone: +1 650 543-4800

Email: investor@fb.com

12.4 U.S. Industry & Sector

Classification Level: Name of Sector

Economic Sector: Technology

SECTION 13 DOWNLOAD META PLATFORMS, INC. FINANCIALS PAST 10 YEARS

Description (December 31)20252024202320222021

Income Statement

Revenue per share78.0862.9351.3143.1641.25

Tax (B)25.58.38.35.67.9

Net profit (B)60.562.439.123.239.4

EPS23.9824.6115.198.6313.99

Balance Sheet

Equity Share Capital (B)217.2182.6153.2125.7124.9

Retained Earnings (B)121.2102.582.164.869.8

Total Debt (B)6130.82011.31.1

Total Assets (B)366276.1229.6185.7166

Current Asset (B)108.710085.459.566.7

Fixed Asset (B)176.4121.396.679.557.8

Working Capital (B)66.966.453.432.545.5

Cash Flow

Operating Cash Flow (B)115.891.371.150.557.7

Investing Cash Flow (B)(102)(47.1)(24.5)(29)(7.6)

Financing Cash Flow (B)(20.4)(40.8)(19.5)(22.1)(50.7)

Net Cash Flow(6.6 B)3.4 B27.1 B(631 M)(615 M)

Description (December 31)20202019201820172016

Income Statement

Revenue per share29.7724.5819.1213.759.45

Tax (B)46.33.24.72.3

Net profit (B)29.118.522.115.910.2

EPS10.226.487.655.493.56

Balance Sheet

Equity Share Capital (B)128.3101.184.174.359.2

Retained Earnings (B)77.355.74233.821.7

Total Assets (B)159.3133.497.384.565

Current Asset (B)75.766.250.548.634.4

Fixed Asset (B)45.635.324.713.78.6

Working Capital (B)60.751.243.544.831.5

Cash Flow

Operating Cash Flow (B)38.736.329.324.216.1

Investing Cash Flow (B)(30.1)(19.9)(11.6)(20.1)(11.7)

Financing Cash Flow(10.3 B)(7.3 B)(15.6 B)(5.2 B)(310 M)

Net Cash Flow (B)(1.6)9.22.1(1.1)4.1

SECTION 14 STOCK IDENTIFIERS

ISIN: US30303M1027

PermID: 4297297477

Central Index Key (CIK): 1326801

CUSIP: 30303M102

RIC: META.O

FIGI: BBG002GPKKZ7

LEI: BQ4BKCS1HXDV9HN80Z93

Created by: www.BuySellSignals.com",be101a3f79ca1aaabee66d4b5403b71368dc9641ed4234ce43b00f31b4928951,ok,,72098,53379,0,week4_lseg_html_v1,True,True
2026-06-15 23:27:54.650,2026-06-15,2026-06-15T00:00:00,2026-06-15T23:59:59,META,META.O,R:META.O and Language:LEN,urn:newsml:newsroom:20260615:nNRA0w94qb:0,newsroom,NS:GLOSTP,"Meta Platforms, Inc. sinks 14% in 2026",,"NASDAQ END-OF-MONTH STOCK REPORT

Meta Platforms, Inc.'s (NASDAQ: META) stock price has now sunk $91.51 (or 13.9%) year-to-date (YTD) in 2026 to close at $568.39.

Compared with the NASDAQ-100 Index which has risen 16.6% YTD, this is a relative price change of -30.5% for Meta Platforms, Inc. shareholders.

Meta Platforms, Inc. is the NASDAQ's 2nd largest Technology company by market cap.

Meta Platforms, Inc. (NASDAQ:META) spearheads a digital ecosystem centered on social media, augmented reality, and artificial intelligence. With core operations anchored in platforms like Facebook and Meta Quest VR headsets, the company continues innovating with initiatives, including Ray-Ban Meta Smart Glasses. Meta's advancements in AI, exemplified by the Meta Muse Spark AI model, complement strategic partnerships such as the Meta-CoreWeave AI cloud capacity agreement, enhancing their cloud and AI service offerings. The firm's commitment to infrastructure, as seen in Meta data centers and sustainable energy projects with Noon Energy, underscores its long-term competitive edge through technological leadership and energy-efficient practices.

Period-based % Price change, compared with benchmarks

Price Change %1-month3-month3-year

META-6.8%-13.2%116%

Technology sector2%14.3%91.4%

NASDAQ-100 Index0.4%20.8%102.7%

Past quarter momentum down: Meta Platforms, Inc. plunges 13% on average volume 1.0 times average.

Past month toHighLowVWAPVolume Index *

11 Jun 2026643.00557.01607.431.0

11 May 2026691.52598.08640.011.0

10 Apr 2026660.30520.26588.521.0

[*Volume Index of 1.0 means volume for the month was 1.0 times its 12-month average]

[VWAP is defined as the Volume Weighted Average Price; High Low prices and VWAP are shown in USD]

Financial News

Quarterly Report (Q1/2026):

Release Date: April 30, 2026

Quarterly Report Analysis Quarter ending 31 March 2026: Meta Platforms EPS gains 17%

Meta Platforms (NASDAQ:META), announced EPS of $10.57 for the quarter-ended 31 March 2026 [Q1/2026], up 17% sequentially from $9.02 in the previous quarter [Q4/2025].

Quarterly Report (Quarter ending 31 Mar 2026)

Quarter-ended31 Mar 202631 Dec 202530 Sep 2025

EPS$10.6$9.0108c

Sequential growth in EPS %17735-85

Revenue, $ billion56.359.951.2

Sequential growth in Revenue %-6.016.97.8

Net Profit, $ billion26.822.82.7

Sequential growth in Net Profit %17.6740-85

Compared with the Previous Corresponding Period [PCP; Q1/2025], year-over-year [y.o.y.] EPS was up 60.4%, Revenue was up 33.1% and Net Profit was up 60.9%.

Quarter-ended31 Mar 202631 Mar 2025

EPS, $10.66.6

PCP growth in EPS %6036

Revenue, $ billion56.342.3

PCP growth in Revenue %33.116.1

Net Profit, $ billion26.816.6

PCP growth in Net Profit %6134.6

Source: Meta Platforms, Inc.'s, 10-Q filing dated April 30, 2026, available at the U.S. Securities and Exchange Commission website: https://www.sec.gov/Archives/edgar/data/1326801/000162828026028526/meta-20260331.htm.company (Meta Platforms, Inc.), Ticker(META)

META PLATFORMS, INC. (META) Stock Dashboard [traded in US Dollars, USD] End-of-Day Thu, Jun 11

P/E20.3

EPS (FY2025)$23.98

DPS (past 12 months)$2.10 or 210c

Shares Outstanding2,178,000,000

Last$568.39

Institutional Ownership1,385,769,016or 63.6% of TSO

META in IndicesNASDAQ-100 [of 100 stocks]

EPS Growth (Q1 2026 vs Q4 2025)17.2%

Past month's Volume280,785,084

Ave Daily Volume12,616,185 shares

52-Week Price Range$520.26 - $795.06

Trailing Month's Range (In USD)557.01 - 643.00

Dividend Yield % (TTM)0.28

Market Cap$1,238 billion

ExchangeNASDAQ [Nasdaq]

% of shares outstanding63.6%

SectorTechnology [Rank by MCap 2 of 216 stocks]

VI1.0

PV$1000 (10 yr) and TRS$4,942; 17.2%

Ten years ago the Meta Platforms, Inc. share price was $115.81. $1,000 would have bought 8.6 Meta Platforms, Inc. Shares on that day. Those 8.6 Shares would be worth $4,908.0 at today's Share price of $568.39. PV$1000=$4,908. This corresponds to annualized returns (TRS) of 17.2% per annum for an investment in USD ten years ago.

VI* Volume Index = Number of shares traded today/Average number of shares traded per day.

Source: Nasdaq Stock Exchange: https://www.nasdaq.com/market-activity/stocks/META, company (Meta Platforms, Inc.), Ticker(META)

DATA & ARCHIVE DOWNLOAD CENTER

META: EXPORT DATA TO EXCEL:

+ PRICE VOLUME - 5-YEAR HISTORY

+ FINANCIALS - 10-YEAR HISTORY [INCLUDING Q4/2025]:

+ SHAREHOLDERS - COMPLETE LIST OF 5012 INSTITUTIONS

+ PEER COMPARISON

META: OTHER INFORMATION:

+ PRICE VOLUME CHARTS

+ SEC FILINGS

+ NOTES to ACCOUNTS

+ INSIDER OWNERSHIP AND SELLING IN THE PAST 10 YEARS

+ BOARD OF DIRECTORS

Highlights in this Monthly Report:

SECTION 1 META PAST MONTH PRICE VOLUME DYNAMICS 11TH JUN TO 12TH MAY, 2026

SECTION 2 THE PAST QUARTER: SEC FILINGS

SECTION 3 THE PAST QUARTER: FINANCIALS, ANALYST RATINGS, ESG

SECTION 4 THE PAST YEAR: PRESS RELEASES

SECTION 5 THE PAST QUARTER: NEWS AND BUZZ

SECTION 6 RECENT NEWS

SECTION 7 10-Q: 12 CONSEQUENTIAL MANAGEMENT DECISIONS

SECTION 8 BEARISH SIGNALS

SECTION 9 ONGOING BEARISH PARAMETERS

SECTION 10 BULLISH SIGNALS

SECTION 11 ONGOING BULLISH PARAMETERS

SECTION 12 CORPORATE PROFILE AND INDEPENDENT RATINGS

SECTION 13 DOWNLOAD META PLATFORMS, INC. FINANCIALS PAST 10 YEARS

SECTION 14 STOCK IDENTIFIERS

SECTION 1 META PAST MONTH PRICE VOLUME DYNAMICS 11TH JUN TO 12TH MAY, 2026

(Prices in $)

Average Monthly Volume = 277.6 million shares

Average Monthly Turnover = $7.8 billion

Click here

SECTION 2 THE PAST QUARTER: SEC FILINGS

2.1 The Past Quarter: SEC Filings

http://www.buysellsignals.com/bst/012991971011106263302

SECTION 3 THE PAST QUARTER: FINANCIALS, ANALYST RATINGS, ESG

3.1 Quarterly Financials (Quarter ending 31 March 2026)

Meta Platforms EPS gains 17%

Release Date: April 29, 2026

Meta Platforms (NASDAQ:META), announced EPS of $10.57 for the quarter-ended 31 March 2026 [Q1/2026], up 17% sequentially from $9.02 in the previous quarter [Q4/2025].

Quarterly Report (Quarter ending 31 Mar 2026)

Quarter-ended31 Mar 202631 Dec 202530 Sep 2025

EPS$10.6$9.0108c

Sequential growth in EPS %17735-85

Revenue, $ billion56.359.951.2

Sequential growth in Revenue %-6.016.97.8

Net Profit, $ billion26.822.82.7

Sequential growth in Net Profit %17.6740-85

Compared with the Previous Corresponding Period [PCP; Q1/2025], year-over-year [y.o.y.] EPS was up 60.4%, Revenue was up 33.1% and Net Profit was up 60.9%.

Quarter-ended31 Mar 202631 Mar 2025

EPS, $10.66.6

PCP growth in EPS %6036

Revenue, $ billion56.342.3

PCP growth in Revenue %33.116.1

Net Profit, $ billion26.816.6

PCP growth in Net Profit %6134.6

Source: Meta Platforms, Inc.'s, 10-Q filing dated April 30, 2026, available at the U.S. Securities and Exchange Commission website: https://www.sec.gov/Archives/edgar/data/1326801/000162828026028526/meta-20260331.htm.company (Meta Platforms, Inc.), Ticker(META)

3.2 Analyst Recommendations: Past Six weeks

2026BrokerageCurrent RatingPrev TargetPrice Target

May 20Wells Fargo & CompanyOverweight770765

May 05MizuhoOutperform850835

May 01Stifel NicolausBuy805780

Apr 30Truist FinancialBuy900840

Apr 30BarclaysOverweight800830

3.3 STOCK SNIPPETS - ESG

http://www.buysellsignals.com/bst/017991971011106263302

SECTION 4 THE PAST YEAR: PRESS RELEASES

4.1 The Past Year: Press Releases

http://www.buysellsignals.com/bst/015991971011106263302

SECTION 5 THE PAST QUARTER: NEWS AND BUZZ

5.1 Stock Buzz

Source: Other Publishers

Jun/AprHeadlinePublisher

Thu 11Meta Platforms (META) Partners with Best Buy to Launch Meta Lab Across 50 StoresInsider Monkey

Mon 08Here is why Meta Platforms, Inc. (META) is among the Top 10 Stocks That Members of Congress OwnYahoo Finance

Thu 04Why Meta Platforms Stock Crushed the Market TodayAOL

Wed 03Meta Platforms launches Business Agent across messaging appsSeeking Alpha

Thu 30Stocks to Watch: Alphabet, Qualcomm, Meta Platforms, Eli LillyThe Wall Street Journal

Wed 29Meta Platforms (META) Earnings Multiple Reflects Slower Growth ExpectationsYahoo Finance Australia

SECTION 6 RECENT NEWS

Recent News 1 of 10, Source: HourlyBusinessNews

June 11 2026: Meta Platforms Expands Retail Footprint with Best Buy Collaboration

Meta Platforms, Inc. (NASDAQ:META) is making significant strides in the retail space by partnering with Best Buy to launch the Meta Lab initiative across more than 50 stores. This strategic move comes as the company continues to innovate and expand its product offerings, with the announcement made on 8th June 2026.

As part of its broader strategy, Meta Platforms is transitioning towards subscription models to support its growing investments in artificial intelligence (AI). The company plans to introduce a variety of subscription tiers for its popular social media applications, with prices ranging from $2.99 to $49.99, and even up to $499 per month for content creators.

The Meta Lab will feature a dedicated 900-square-foot experiential space within Best Buy locations, offering customers an opportunity to engage with Meta's extensive lineup of virtual reality (VR) headsets and AI glasses. Each lab will include interactive displays, immersive demos of the Meta Quest 3, and smart mirrors for virtual try-ons, catering to the heightened interest from customers eager to experience these products in person.

With a focus on enhancing the customer experience, Meta Platforms will deploy dedicated Sales Specialists at each Meta Lab location. These specialists will provide guidance and support as customers explore Meta's premium AI glasses and VR sets, reinforcing the company's commitment to customer satisfaction and engagement.

Meta Platforms, Inc.continues to push the boundaries of technology, allowing users to connect and share experiences through a variety of platforms, from Facebook and Instagram to cutting-edge VR headsets and AI glasses. As the company navigates its path in the evolving tech landscape, its partnership with Best Buy marks a pivotal step in expanding its retail presence and reaching a wider audience.

Recent News 2 of 10, Source: HourlyBusinessNews

June 11 2026: Meta Platforms Begins Unwinding Manus Deal Amid Geopolitical Pressures

Meta Platforms Inc has completed a significant operational split from Manus, effectively halting data sharing between the two companies, as part of its strategy to unwind a US$2 billion acquisition that has faced opposition from Beijing. This decision marks a pivotal step for Meta, which owns popular social media platforms like Facebook and Instagram, in navigating the complex regulatory landscape surrounding foreign tech investments in China.

On 11th June 2026, sources familiar with the situation revealed that Meta has implemented a firewall between itself and the Chinese-founded agentic AI service, Manus. As of the start of this month, Manus staff have been barred from accessing Meta's internal data systems, and Meta employees are no longer permitted to utilize Manus tools for their internal projects. This separation signifies a substantial shift in the relationship between the two entities, as Meta is reportedly 'sunsetting' Manus, according to an internal memo accessed by Bloomberg News.

The operational split comes in the wake of demands from Chinese regulators, issued in April, for the deal to be unwound. The founders of Manus—Xiao Hong, Ji Yichao, and Zhang Tao—are now exploring options to comply with this request, including raising approximately US$1 billion to facilitate a buyback of their company. This development has transformed Manus from a celebrated example of Chinese AI innovation to a cautionary tale about the complexities of international business amid geopolitical tensions.

Since relocating its headquarters to Singapore in 2025, Manus has continued to develop its AI capabilities, integrating functionalities from platforms like Similarweb and Shopify. Despite the challenges posed by the separation from Meta, Manus has maintained access to certain Meta services, including the Ads Manager, which remains available to its users. This ongoing development signals that Manus is not entirely severed from its previous operational framework, even as both companies move in divergent directions.

As the situation unfolds, it remains unclear how far discussions around a potential buyback have progressed for Manus. Investors, including notable stakeholders like Tencent Holdings Ltd, have already received their proceeds from the original acquisition by Meta. The shift in strategy signals a broader trend of caution as tech companies navigate the intricate web of international regulations and market dynamics, leaving investors and analysts keenly observing how this will impact both Meta and Manus in the future.

Recent News 3 of 10, Source: HourlyBusinessNews

June 11 2026: Meta Platforms Completes Operational Split from Manus, Ending Data Sharing

Meta Platforms Inc. has completed its operational separation from Manus, effectively halting all data sharing between the two companies. As of the 11th of June, 2026, informed sources revealed that Meta, the parent company of popular social media platforms such as Facebook and Instagram, has established a comprehensive firewall to isolate its operations from the Chinese technology firm Manus.

According to sources familiar with the situation, Meta has prohibited Manus and its employees from accessing any internal data systems. This decision signifies a significant move towards operational independence, as Meta's employees are also barred from utilizing Manus's tools for their internal projects. The sources spoke on the condition of anonymity due to the sensitive nature of the discussions.

An internal memo reviewed by Bloomberg News indicates that Meta is gradually winding down Manus's operations, instructing employees to transition existing Manus projects to Meta's systems. Furthermore, the memo suggests that no new initiatives will be undertaken on Manus's artificial intelligence platform, a clear signal of Meta's intent to separate its technological infrastructure from Manus entirely.

These measures are viewed as a step towards a potential divestiture of Manus, which has been a topic of speculation among investors and analysts alike. The separation aligns with broader corporate governance strategies that prioritize data security and operational integrity, particularly in light of increasing scrutiny over data privacy and international partnerships.

As Meta Platforms continues to navigate its strategic direction, this separation marks a pivotal moment that may influence its future partnerships and projects. Investors will be keenly observing how this operational shift impacts Meta's market position and whether it opens new avenues for growth without the complexities that come from its previous association with Manus.

Recent News 4 of 10, Source: HourlyBusinessNews

June 11 2026: Meta's Zuckerberg Advocates for Skilled Workforce Amid New Training Initiative

Meta Platforms, Inc. CEO Mark Zuckerberg is urging for a significant increase in the number of skilled tradespeople in the U.S. to support the nation's growing artificial intelligence sector. On 11th June 2026, Zuckerberg announced a $115 million investment in a new training initiative called America's Workforce Academy, aimed at equipping workers with skills necessary for jobs related to data center construction and operations.

The initiative is designed to offer free training and create direct employment pathways for participants, addressing a critical workforce gap as Meta accelerates its AI infrastructure expansion. The program will initially roll out in pilot locations across Louisiana, Ohio, Indiana, and Texas, where Zuckerberg emphasized the need for 'hundreds of thousands' of skilled workers to build the necessary infrastructure for AI advancements.

Graduates of America's Workforce Academy will receive industry-recognized credentials from the National Center for Construction Education and Research, along with an America's Workforce Certificate that is transferable across various employers and industries. This comprehensive training aligns with Meta's broader commitment to investing approximately $600 billion in U.S. infrastructure and job creation over the next three years.

The launch of this program builds on Meta's previous efforts, such as the Level-Up initiative, which successfully attracted 35,000 applicants in its first week of operation. As the company restructures its workforce—cutting around 10% of its employees while shifting many to focus on AI initiatives—Zuckerberg's vision is clear: to democratize access to AI technology and prepare a workforce capable of supporting that vision.

While large-scale data center projects like those undertaken by Meta can generate thousands of temporary jobs, the long-term employment landscape remains challenging. As highlighted by industry reports, the permanent positions created after these facilities become operational often represent a fraction of the construction workforce. For instance, a data center project in Texas is expected to employ over 1,800 workers during peak construction but will only create around 100 ongoing jobs post-completion.

Recent News 5 of 10, Source: HourlyBusinessNews

June 10 2026: Meta Platforms Secures 1 GW of Renewable Energy in India to Support Data Centres

Meta Platforms, Inc. has signed a significant agreement to procure 1 gigawatt (GW) of renewable energy from India, marking a crucial step in its efforts to expand data centre operations sustainably. This initiative comes as the company ramps up its infrastructure to meet the growing demand for digital services and cloud computing, and it is set against the backdrop of a global push for cleaner energy solutions.

On 10th June 2026, Meta announced the contract, which is expected to provide a substantial amount of green energy to support its data centres across the region. The deal underscores Meta's commitment to sustainability and aligns with its broader environmental objectives, which include achieving net-zero emissions across its global operations by 2030. This milestone is indicative of the increasing importance of renewable energy in powering tech giants' infrastructures.

The renewable energy sourced from India is likely to include a mix of solar and wind projects, reflecting the country's rich potential in both sectors. As India continues to scale its renewable energy capacity, Meta's investment will not only support its operational needs but also contribute to the local economy by creating jobs and fostering advancements in the clean energy sector.

Meta's initiative comes at a time when many corporations are under pressure to transition to more sustainable energy sources. By securing this 1 GW contract, Meta Platforms positions itself as a leader in the corporate responsibility movement towards environmental stewardship. This strategic move could also enhance investor confidence, as companies increasingly prioritize sustainability in their operational strategies.

In addition to this commitment, Meta's focus on renewable energy is likely to spur interest among investors looking for environmentally friendly projects. With the demand for data services surging, coupled with a clear commitment to sustainability, Meta Platforms, Inc. is poised to play a pivotal role in the future of energy consumption in the tech industry.

Recent News 6 of 10, Source: HourlyBusinessNews

June 10 2026: Meta's Potential Stock Sale Could Signal New Funding Strategy Amid AI Expansion

Meta Platforms, Inc. is reportedly contemplating a substantial stock sale, potentially in the tens of billions of dollars range, to finance its aggressive artificial intelligence (AI) initiatives. This information comes following a recent report by the Financial Times, which noted that the social media giant's shares experienced a notable decline of approximately 6% on Friday, June 5th, 2026. The company's decision to explore new avenues for raising capital follows a significant increase in its 2026 capital-spending plan, which has been raised to as much as $145 billion.

As of now, Meta has characterized the stock sale discussions as 'pure speculation', emphasizing that it has not yet engaged banks for this purpose and is still evaluating various flexible funding options. This cautious approach is particularly relevant in light of Alphabet's recent $85 billion equity raise aimed at bolstering its own AI capabilities, setting a benchmark for investor appetite in the tech sector. For shareholders, the key question revolves around Meta's funding strategy and the implications of issuing new shares, which would represent a departure from the company's previous methods of capital management.

The potential stock offering raises concerns among investors regarding dilution of existing shares. If Meta proceeds with this plan, shareholders could see their ownership percentages decrease, impacting the value of their investments. However, the company's expansive AI ambitions might justify the need for additional capital, especially as competition in the tech sector intensifies. The ongoing race to dominate AI technology has prompted companies to invest heavily, making it essential for firms like Meta to secure adequate funding to maintain their competitive edge.

Meta's strategy to pause its share buyback program also signals a shift in its capital allocation priorities. Traditionally, share buybacks have been a method for companies to return value to shareholders, but the current focus on AI development reflects a broader trend in the industry where firms are prioritizing innovation over immediate shareholder returns. This pivot could be seen as a long-term play, aiming to position Meta as a leader in AI technology, yet it presents a dilemma for shareholders who may prefer immediate returns.

Ultimately, while Meta Platforms is currently weighing its options, the potential for a multibillion-dollar stock sale could reshape its financial landscape. Investors will be closely monitoring developments as the company navigates its funding strategy, weighing the benefits of AI investment against the possible dilution of their stakes. As the conversation around AI continues to evolve, so too will the expectations for companies like Meta, making this a pivotal moment for both the company and its shareholders.

Recent News 7 of 10, Source: HourlyBusinessNews

June 10 2026: Reliance Industries Boosts Indian Market on Meta Data Centre Partnership

The Indian benchmark stock market indices turned higher on Wednesday, led by Reliance Industries following Meta Platforms' announcement of its first AI-enabled data centre partnership in India. As of 9:57 AM, the benchmark Nifty 50 rose 0.59% to 23,379.4, while the BSE Sensex gained 0.7% to 74,436.6. This positive movement in stock prices reflects investors' optimism about the collaboration between Reliance and Meta.

Reliance Industries, the third-heaviest stock on the benchmarks, saw its shares increase by 2.1% after Meta confirmed that it would lease a data centre to be built by the Mukesh Ambani-led company in India. The impact of this partnership was felt across the market, with eleven of the sixteen major sectors logging gains. However, broader small-caps and mid-caps traded flat, indicating a mixed sentiment in segments of the market.

Financial stocks, particularly heavyweight private banks and financial institutions, contributed positively to the market, each gaining 0.6%. In contrast, the metals sector fell by 1.1%, with fourteen of its fifteen constituents experiencing declines. This downturn was attributed to renewed hostilities in the Middle East and rising expectations of a Federal Reserve interest rate hike by year-end, which has raised concerns about demand ahead of crucial U.S. inflation data scheduled for release later in the day.

The geopolitical landscape remains tense, particularly following the U.S. military strikes against Iran amid escalating conflicts. This uncertainty has clouded hopes for a lasting ceasefire and has kept global markets on edge. In this context, Ajit Mishra, senior vice president of research at Religare Broking, expressed caution regarding the benchmark index while advising a focus on stock-specific opportunities.

Amidst these market dynamics, other stocks also showed notable movements. Afcons Infrastructure surged by 9% after securing a 53 billion rupee order, while CMR Green Technologies made a strong market debut, opening at a 39.6% premium over its issue price. Additionally, e-commerce platform Meesho gained 4% following Jefferies' initiation of coverage with a 'buy' rating, showcasing a diverse range of investment opportunities in the current market landscape.

Recent News 8 of 10, Source: HourlyBusinessNews

June 10 2026: Meta Platforms Inc. Focuses on AI and Metaverse as Growth Catalysts

Meta Platforms Inc. remains in focus after fresh AI and product announcements across Facebook, Instagram, and WhatsApp, while the group continues to invest heavily in metaverse and infrastructure. On the 10th of June 2026, this mixed picture could mean various implications for U.S. investors and the broader tech sector.

The recent updates highlight Meta's strategic pivot toward artificial intelligence, messaging monetization, and metaverse infrastructure investments. The company's ongoing focus on enhancing user engagement through AI-driven features, such as generative content tools and recommendation algorithms, presents new avenues for user interaction and advertising effectiveness.

However, the stock has been reacting sensitively to advertising demand signals, regulatory developments, and spending on Reality Labs. Investors are left weighing the robust cash generation from Meta's core advertising and messaging businesses against the sizable losses stemming from metaverse projects. This divergence has been a focal point in recent quarterly disclosures, raising questions about the sustainability of Meta's growth model.

Meta's primary revenue driver continues to be its advertising displayed across platforms like Facebook and Instagram. The company has reported ongoing growth in ad impressions and improved pricing in several regions, but headwinds from foreign exchange and regulatory changes pose ongoing challenges. Additionally, Meta's efforts to monetize its messaging platforms, particularly WhatsApp and Messenger, are seen as critical to unlocking new revenue streams.

As Meta Platforms Inc. navigates these complexities, the company's heavy investments in AI and metaverse infrastructure are poised to influence broader market dynamics. U.S. investors should monitor how these developments may impact Meta's profitability and capital returns, especially in light of the competitive landscape and regulatory environment that continues to evolve.

Recent News 9 of 10, Source: HourlyBusinessNews

June 10 2026: Reliance and Meta Collaborate on AI-Enabled Data Centre in Jamnagar

Reliance Industries Limited and Meta Platforms, Inc. have agreed to develop a 168 MW AI-enabled data centre in Jamnagar, Gujarat. The facility will be constructed by Reliance and leased to Meta, marking the first built-to-suit data centre capacity in India for the global technology giant. This partnership underscores India's emergence as a hub for AI infrastructure and deepens the long-standing strategic relationship between the two companies.

Under the agreement, Reliance Industries will provide end-to-end services, including design, construction, and the management of utilities, renewable power, network connectivity, and managed services. The data center is scheduled for delivery within two years and includes an option to scale capacity. This structure positions Reliance as a single-window solutions provider for hyperscale AI infrastructure, allowing Meta to expand its operations in line with growing compute needs.

The strategic location in Gujarat offers operational benefits, including proximity to India's western submarine cable landing stations and Jio's extensive fibre network. The facility will be powered by renewable energy and cooled using desalinated seawater, reflecting a shared commitment to sustainability between Reliance and Meta.

Shri Mukesh D. Ambani, Chairman and Managing Director of Reliance Industries Limited, stated that the partnership demonstrates India's readiness to lead the global AI revolution. He emphasized that Jamnagar will become a landmark destination for hyperscale AI computing. Mark Zuckerberg, Founder and CEO of Meta, highlighted that the facility would help scale AI infrastructure globally while deepening investment in India's economy.

This collaboration may prompt other global tech giants to pursue similar built-to-suit agreements with Reliance. Furthermore, the development of this facility could influence the pricing and availability of AI compute power for Indian startups, particularly if the sustainable cooling model proves successful in future Reliance data center projects.

Recent News 10 of 10, Source: HourlyBusinessNews

June 10 2026: Reliance Industries and Meta Join Forces for New Data Center in Gujarat

Reliance Industries (RIL) has announced a partnership with Meta Platforms, Inc. for a data center project in Jamnagar, Gujarat. The announcement was made on 10th June 2026, and the project will see RIL developing a data center with a capacity of 168 MW, which is expected to be delivered within two years, with an option for further scaling.

This initiative marks the first built-to-suit data center capacity in India for Meta, signifying a pivotal development in the country's rise as a global hub for artificial intelligence infrastructure. Meta will lease capacity from this facility, enhancing its global infrastructure expansion and strengthening its long-standing strategic partnership with Reliance Industries, which encompasses connectivity, commerce, and AI innovation in one of the world's most dynamic digital markets.

Under the terms of the agreement, Reliance Industries will provide comprehensive end-to-end services throughout the entire lifecycle of the data center. This includes design and construction, ongoing management of utilities, renewable power supply, network connectivity, and fully managed operational services. This positions Reliance Industries as a single-window solutions provider for hyperscale AI infrastructure in India.

The strategic location of the data center in Gujarat offers numerous advantages for large-scale operations, such as enhanced delivery capabilities, access to renewable energy, availability of water resources, and proximity to India's western submarine cable landing stations, as well as Jio's extensive fiber network. The facility will be powered by renewable energy and cooled with desalinated seawater, reflecting both Reliance Industries' and Meta's commitment to sustainability in their operations.

This collaboration not only underscores the growing role of India in the global digital and AI ecosystem but also highlights the increasing demand for robust data infrastructure in the region. As Reliance Industries and Meta embark on this significant project, the implications for both companies and the broader market are likely to be profound.

SECTION 7 10-Q: 12 CONSEQUENTIAL MANAGEMENT DECISIONS

7.1 Meta Platforms, Inc. 10-Q: 12 Consequential Management Decisions

http://www.buysellsignals.com/bst/014991971011106263302

SECTION 8 BEARISH SIGNALS

8.1 3-DAY: MODERATE MOMENTUM DOWN

META decreases 2.9% on average volume 1.03 times average. Compared with the NASDAQ-100 Index which rose 31.9 points (or 0.1%) in the 3-days, the relative price change was -3.0%.

The price ranged between a low of $568.41 on Thursday Jun 11 and a high of $584.70 on Tuesday Jun 09.

8.2 Rank in the bottom 18% by Relative Valuation in the NASDAQ market

DescriptionValueRank

Price to Book Value7.2In Bottom 18%

Price to Sales5.8In Bottom 17%

P/E * P/NTA146.04In Bottom 17%

Earnings Yield %4.9In Bottom 13%

Dividend Yield %0.3%In Bottom 3%

Source: Meta Platforms, Inc.'s, 10-K filing dated January 29, 2026, available at the U.S. Securities and Exchange Commission website: https://www.sec.gov/Archives/edgar/data/1326801/000162828026003942/meta-20251231.htm.company (Meta Platforms, Inc.), Ticker(META)

8.3 Rank in the bottom 23% by Price Performance in the NASDAQ market

DescriptionValueRank

Rel Strength 6 mo24In Bottom 23%

1-week Price Change %-9.4In Bottom 18%

Source: Meta Platforms, Inc.'s, 10-K filing dated January 29, 2026, available at the U.S. Securities and Exchange Commission website: https://www.sec.gov/Archives/edgar/data/1326801/000162828026003942/meta-20251231.htm.company (Meta Platforms, Inc.), Ticker(META)

8.4 Downtrend

The stock traded at a three-month low of $557.01 today.

Price/Moving Average Price of 0.85 and negative MACD:

- The Price/MAP 200 for Meta Platforms, Inc. is 0.85. Being less than 1 is a bearish indicator. It is lower than the Price/MAP 200 for the NASDAQ-100 Index of 1.15, a second bearish indicator. The stock is trading below both its MAPs and the 50-day MAP of $622.07 is lower than the 200-day MAP of $668.18, a third bearish indicator. The 200-day MAP has decreased to $668.18, a fourth bearish indicator.

- The Moving Average Convergence Divergence (MACD) indicator of 12-day Exponential Moving Average (EMA) of 595.51 minus the 26-day EMA of 607.46 is negative, suggesting a bearish signal. Both the 12-day EMA as well as the 26-day EMA are falling, another bearish signal.

- The price to 50-day EMAP ratio is 0.9, a bearish indicator. In the past 50 days this ratio has been under 0.9 just twice suggesting a support level. The 50-day EMAP has decreased to $612.94. A decrease is another bearish indicator.

Past Quarter:

- The shares had their worst quarter in five quarters since the quarter ended March 11, 2025.

The Worst 3 weeks in the past quarter

In the past quarter the steepest fall of 11.5% took place in the week beginning Monday March 23.

Mon-FriChange %NASDAQ-100 Index Change %Vol Ind [1 is avg]

Mar 23-27-11.5-3.21.1

Apr 27-May 01-9.81.51.4

Jun 01-05-6.3-4.51.6

Trailing Relative Strength (6 months) at 24 percentile:

- The stock has a 6-month relative strength of 24 in the NASDAQ market of 2,849 stocks and 2 ADRs indicating it is trailing 76% of the market.

8.5 Other Bearish Signals

- Return on Equity of 27.8% versus sector average of 40.8%.

- Return on Assets of 16.5% versus sector average of 19.7%.

- Return on Capital Employed of 26.5% versus sector average of 30.4%.

MCap/Total Assets:

- Tobin's Q Ratio, defined as MCap divided by Total Assets, is 3.4. Compared with the rest of the market the stock is overvalued and ranks in the bottom quartile of stocks by value of Q Ratio.

Source: Meta Platforms, Inc.'s, 10-K filing dated January 29, 2026, available at the U.S. Securities and Exchange Commission website: https://www.sec.gov/Archives/edgar/data/1326801/000162828026003942/meta-20251231.htm.company (Meta Platforms, Inc.), Ticker(META)

Source: Nasdaq Stock Exchange: https://www.nasdaq.com/market-activity/stocks/META, company (Meta Platforms, Inc.), Ticker(META)

SECTION 9 ONGOING BEARISH PARAMETERS

9.1 Past quarter momentum down: Meta Platforms, Inc. plunges 13% on average volume 1.1 times average.

Past month toHighLowVWAPVolume Index *

11 Jun 2026643.00557.01606.971.0

11 May 2026691.52598.08640.011.0

10 Apr 2026660.30520.26588.521.0

[*Volume Index of 1.0 means volume for the month was 1.0 times its 12-month average]

[VWAP is defined as the Volume Weighted Average Price; High Low prices and VWAP are shown in USD]

9.2 Present Value of $1000 Invested in the Past [3 Mo, 1 Yr]; The Worst Periods with PV$1000 < 869

PV$1,0003 mo ago1 yr ago

META.NASDAQ$868$823

Technology sector$1,142$1,358

NASDAQ-100 Index$1,181$1,347

9.3 The Worst Periods [3 Mo, 1 Yr] with Price Change % < -13.1

1-Year price change of -17.9% for Meta Platforms, Inc. underperformed the change of 34.2% in the NASDAQ-100 Index for a relative price change of -52.1%.

Price Change %QuarterYear

Meta Platforms, Inc.-13.2-17.9

Technology sector14.234.2

NASDAQ-100 Index20.834.2

9.4 Moving Annual Return of -17.7% in the past year:

Moving Annual Return was -17.7% in the past year. Based on a dynamic start date of 5 years ago, the real rate of return has averaged 23%

METAClose ($)Dividends ($)Capital Gain / (Loss) %% YieldAnnual Return %

Jun 11568.411.58(17.9)0.2(17.7)

1 Yr ago692.572.0238.60.439.0

2 Yrs ago499.640.589.90.290.1

3 Yrs ago263.11-50.9-50.9

4 Yrs ago174.35-(47.2)-(47.2)

Close 5 years ago $330.15

9.5 EPS growth [FY2025 vs FY2024] of -2.6%:

FYEPS ($)Growth %

202523.98-2.6

202424.6162.0

Source: Meta Platforms, Inc.'s, 10-K filing dated January 29, 2026, available at the U.S. Securities and Exchange Commission website: https://www.sec.gov/Archives/edgar/data/1326801/000162828026003942/meta-20251231.htm.company (Meta Platforms, Inc.), Ticker(META)

9.6 Annualised Period-based Total Shareholder Returns [TSR %]: The Worst Period with TSR < -17.6%

TSR %1 yr

META.NASDAQ-17.7

9.7 Declining Volume, down 50% in 5 years

In the past five years, Average Daily Volume of Trading (ADVT) has decreased 50.4% to 12.6 million shares.

Avg. Daily Volume Traded 12 months ended Jun 11, million shares

YearADVT

202612.6

202514.4

202419.1

202332.5

202225.5

Source: Nasdaq Stock Exchange: https://www.nasdaq.com/market-activity/stocks/META, company (Meta Platforms, Inc.), Ticker(META)

SECTION 10 BULLISH SIGNALS

10.1 Other Bullish Signals

- Total Liabilities/EBITDA of 1.7 is less than 5, this compares favourably with the Joseph Piotroski benchmark of 5.

- Net profit margin has averaged 32.3% in the last 3 years. This is considered superior and suggests a high margin of safety.

- As per the Du Pont analysis, Return on Equity is high at 27.8%. This is computed as net profit margin of 30.1% times asset turnover [sales/assets] of 0.55 times leverage factor [total assets/shareholders' equity] of 1.7.

Source: Meta Platforms, Inc.'s, 10-K filing dated January 29, 2026, available at the U.S. Securities and Exchange Commission website: https://www.sec.gov/Archives/edgar/data/1326801/000162828026003942/meta-20251231.htm.company (Meta Platforms, Inc.), Ticker(META)

10.2 Oversold/Bullish Signals:

- The stock is oversold according to the Williams % R indicator of -86.7, suggesting the price is close to its 14-day low of $557.01.

- The Stochastic indicator of 8.4 has pierced the oversold line of 20; this indicates the price is close to its 14-day low and is likely to revert to an uptrend.

Source: Nasdaq Stock Exchange: https://www.nasdaq.com/market-activity/stocks/META, company (Meta Platforms, Inc.), Ticker(META)

SECTION 11 ONGOING BULLISH PARAMETERS

11.1 Rule of 40

The stock scores a favorable score exceeding 40 when using the Rule of 40 (Revenue Growth plus EBITDA margin). Y.o.y revenue growth of 22%, EBITDA margin is 42.8% and the sum of the two 64.9% needs to exceed 40%.

Source: Meta Platforms, Inc.'s, 10-K filing dated January 29, 2026, available at the U.S. Securities and Exchange Commission website: https://www.sec.gov/Archives/edgar/data/1326801/000162828026003942/meta-20251231.htm.company (Meta Platforms, Inc.), Ticker(META)

11.2 Rank in the top 96% by Liquidity in the NASDAQ market

DescriptionValueRank

Ave daily turnover$8 billionIn top 96%

Source: Meta Platforms, Inc.'s, 10-K filing dated January 29, 2026, available at the U.S. Securities and Exchange Commission website: https://www.sec.gov/Archives/edgar/data/1326801/000162828026003942/meta-20251231.htm.company (Meta Platforms, Inc.), Ticker(META)

11.3 Rank in the top 6% by Size in the NASDAQ market

DescriptionValueRank

Turnover$7.7 billionIn Top 1%

Tr 12 months Revenue$215 billionIn Top 2%

MCap$1,238 billionIn Top 6%

Source: Meta Platforms, Inc.'s, 10-K filing dated January 29, 2026, available at the U.S. Securities and Exchange Commission website: https://www.sec.gov/Archives/edgar/data/1326801/000162828026003942/meta-20251231.htm.company (Meta Platforms, Inc.), Ticker(META)

11.4 Rank in the top 14% by Performance in the NASDAQ market

DescriptionValueRank

EBITDA Margin %42.8In Top 11%

Net Profit Margin %30.1In Top 14%

Source: Meta Platforms, Inc.'s, 10-K filing dated January 29, 2026, available at the U.S. Securities and Exchange Commission website: https://www.sec.gov/Archives/edgar/data/1326801/000162828026003942/meta-20251231.htm.company (Meta Platforms, Inc.), Ticker(META)

11.5 Rank in the top 11% by Productivity in the NASDAQ market

DescriptionValueRank

Return on Capital Employed [ROCE] %26.5In Top 9%

Return on Assets [ROA] %16.5In Top 10%

Return on Equity [ROE] %27.8In Top 11%

Source: Meta Platforms, Inc.'s, 10-K filing dated January 29, 2026, available at the U.S. Securities and Exchange Commission website: https://www.sec.gov/Archives/edgar/data/1326801/000162828026003942/meta-20251231.htm.company (Meta Platforms, Inc.), Ticker(META)

11.6 $1000 in Meta Platforms, Inc. grows to $14,972 in 14 years

Meta Platforms, Inc. was first listed on May 18, 2012 at $38.0; after adjustments the price was $37.96. The present value of $1,000 (PV1000) invested in Meta Platforms, Inc. on the date of listing is $14,972 including a capital gain of $13,972. This corresponds to an exemplary average annualized return of 21.2%.

11.7 Present Value of $1000 Invested in the Past 3 Years; The Best Period with PV$1000 > 2,174

PV$1,0003 yrs ago

META.NASDAQ$2,175

Technology sector$1,913

NASDAQ-100 Index$2,027

11.8 Past 3 years: price rise of 116%

3-Year price change of 116% for Meta Platforms, Inc. outperformed the change of 102.7% in the NASDAQ-100 Index for a relative price change of 13.4%.

Price Change %3 Years

Meta Platforms, Inc.116

Technology sector91.3

NASDAQ-100 Index102.7

11.9 Created Market Value [CMV] past 10 yrs of $789.2 billion

- Market Capitalization has increased by $900.6 billion from $337.5 billion to $1,238 billion in the last 10 years. This increase comprises cumulative retained earnings (RETE) of $111.4 billion and Created Market Value of $789.2 billion. The Created Market Value multiple, defined by the change in MCap for every $1 of retained earnings is exemplary at $8.08.

11.10 Sequential growth in EPS [Q1/2026 vs Q4/2025] of 17.2%:

The most recent quarter (Q1/2026) showed a rise of 17.2% in sequential growth of Quarterly EPS.

Quarterly ReportEPS ($)Growth %

Q1/202610.5717.2

Q4/20259.02735.2

Source: Meta Platforms, Inc.'s, 10-Q filing dated April 30, 2026, available at the U.S. Securities and Exchange Commission website: https://www.sec.gov/Archives/edgar/data/1326801/000162828026028526/meta-20260331.htm.company (Meta Platforms, Inc.), Ticker(META)

11.11 Annualised Period-based Total Shareholder Returns [TSR %]: The Best Periods with TSR > 11.5%

TSR %3 yrs5 yrs10 yrs

META.NASDAQ29.211.617.3

11.12 Low Debt to Equity (%)

The debt to equity ratio of 28.1% is under a safe benchmark figure of 50%. However, it has deteriorated in the past four years.

YearsDebt to Equity (%)

Dec 202528.06

Dec 202416.85

Dec 202313.06

Dec 20228.98

Dec 20210.9

Source: Meta Platforms, Inc.'s, 10-K filing dated January 29, 2026, available at the U.S. Securities and Exchange Commission website: https://www.sec.gov/Archives/edgar/data/1326801/000162828026003942/meta-20251231.htm.company (Meta Platforms, Inc.), Ticker(META)

11.13 % Growth in EPS > RPS

EPS growth has consistently exceeded growth in RPS [Revenue Per Share].

EPS growth: Sequential EPS growth (Q1 2026 vs Q4 2025) was up 17.2% and PCP EPS growth (Q1 2026 vs Q1 2025) was up 60.4%. FY EPS growth (FY2025 vs FY2024) was down 2.6%.

RPS growth: Sequential growth in Revenue per share (Q1 2026 vs Q4 2025) was down 4.8% and PCP growth in Revenue per share (Q1 2026 vs Q1 2025) was up 36.0%. FY growth in Revenue per share (FY2025 vs FY2024) was up 24.1%.

(All figures in %)

Sequential growth in EPS (Q1 2026 vs Q4 2025)17.2

Sequential growth in RPS (Q1 2026 vs Q4 2025)-4.8

PCP growth in EPS (Q1 2026 vs Q1 2025)60.4

PCP growth in RPS (Q1 2026 vs Q1 2025)36.0

FY growth in EPS (FY2025 vs FY2024)-2.6

FY growth in RPS (FY2025 vs FY2024)24.1

Source: Meta Platforms, Inc.'s, 10-Q filing dated April 30, 2026, available at the U.S. Securities and Exchange Commission website: https://www.sec.gov/Archives/edgar/data/1326801/000162828026028526/meta-20260331.htm.company (Meta Platforms, Inc.), Ticker(META)

11.14 A 88.1% Decrease in Insider Selling

In the past 5 years a total of 15,871,717 Meta Platforms, Inc. shares worth $6.8 billion were sold by insiders. Based on a dynamic start date of 5 years ago, insider selling has averaged 3,174,343 shares per year. In the past year, insiders sold 335,474 shares, a decrease of 88.1% from the previous year.

YearNo. of SharesValue, $

Jun 11, 2026335,474227,079,833

1 Yr ago2,811,5101,716,948,215

2 Yrs ago5,476,5322,382,258,489

3 Yrs ago355,63460,333,187

4 Yrs ago6,892,5672,410,357,450

Total15,871,7176,796,977,175

Source: U.S. Securities and Exchange Commission (SEC Form 4) https://www.sec.gov/edgar/browse/?CIK=1326801, company (Meta Platforms, Inc.), Ticker(META)

11.15 Increased VWAP, up 149% in 5 years

In the past five years Volume Weighted Average Price (VWAP) has increased by 149.2% to $668.53. Based on a dynamic start date of five years ago, there have been declines in VWAP in 2 out of 5 years.

Past five years, 12 months ended Jun 11 (USD)

YearHigh PriceVWAPLow Price

2026795.06668.53520.26

2025738.58577.65440.48

2024528.36363.94263.49

2023274.65156.4687.48

2022381.66268.32167.83

11.16 Increased share turnover, up 24% in 5 years

In the past five years, average daily share turnover has increased 23.5% to $8.4 billion. This suggests increased liquidity.

Past five years, 12 months ended Jun 11 (USD billion)

YearAverage Daily Turnover

20268.4

20258.3

20247.0

20235.1

20226.8

11.17 Growth > 17% for Net Profit:

- Net Profit margin is positive and has seen consecutive rises in recent quarters. [All figures in %]

Qtr-endedRevenue GrowthNet Profit GrowthNet Profit Margin

Mar 26 [Q1 vs Q4]-617.681.9

Dec 25 [Q4 vs Q3]16.9740.581.8

Source: Meta Platforms, Inc.'s, 10-Q filing dated April 30, 2026, available at the U.S. Securities and Exchange Commission website: https://www.sec.gov/Archives/edgar/data/1326801/000162828026028526/meta-20260331.htm.company (Meta Platforms, Inc.), Ticker(META)

11.18 Satisfies three criteria of Benjamin Graham

-""Total debt less than tangible book value""; total debt of USD61.0 billion is less than tangible book value of USD172.3 billion.

-""Current ratio of two or more""; current assets are 2.6 times current liabilities.

-""Stability of growth in earnings over the last 5 years, defined as no more than two declines of 5% or greater in year-end earnings""; there has been only 1 decline in earnings in the last 5 years.

Source: Meta Platforms, Inc.'s, 10-K filing dated January 29, 2026, available at the U.S. Securities and Exchange Commission website: https://www.sec.gov/Archives/edgar/data/1326801/000162828026003942/meta-20251231.htm.company (Meta Platforms, Inc.), Ticker(META)

11.19 Satisfies 5 out of 9 criteria of Joseph Piotroski [pass mark 5]:

- Positive net income.

- Positive operating cashflow.

- Good quality of earnings [operating cashflow exceeds net income].

- Reduction in total shares on issue.

- Improvement in gross margin [from 81.7% to 82.0%].

But does not meet the following 4 criteria of Joseph Piotroski:

- Return on Assets improvement.

- Improvement in long-term debt to total assets.

- Improvement in current ratio.

- Improvement in asset turnover.

Source: Meta Platforms, Inc.'s, 10-K filing dated January 29, 2026, available at the U.S. Securities and Exchange Commission website: https://www.sec.gov/Archives/edgar/data/1326801/000162828026003942/meta-20251231.htm.company (Meta Platforms, Inc.), Ticker(META)

11.20 Year-over-year (%) Change in Dividend:

Quarterly dividend for Q3/2025 was 53.0c, unchanged from 53.0c in Q2/2025. The year-on-year change was up 6.0% from 50.0c in the previous corresponding period Q3/2024.

QuarterQ3/2024Q2/2025Q3/2025

Dividend ($ Cents)50.053.053.0

Source: Nasdaq Stock Exchange: https://www.nasdaq.com/market-activity/stocks/META/dividend-history, company (Meta Platforms, Inc.), Ticker(META)

Source: Nasdaq Stock Exchange: https://www.nasdaq.com/market-activity/stocks/META, company (Meta Platforms, Inc.), Ticker(META)

SECTION 12 CORPORATE PROFILE AND INDEPENDENT RATINGS

12.1 Activities

Meta Platforms, Inc., headquartered in Menlo Park, California, is a leading global technology company that operates a suite of social media and digital communication platforms, including Facebook, Instagram, WhatsApp, and Messenger. Its core business revolves around connecting billions of users worldwide through innovative social networking services, while generating primary revenue from targeted digital advertising. The company also advances virtual reality and augmented reality technologies via its Reality Labs division, aiming to build the metaverse as a next-generation computing platform. Among its fastest-growing segments are e-commerce integrations on Instagram and WhatsApp, which leverage user engagement for business tools and advertising, as well as metaverse-related initiatives that drive hardware sales and immersive experiences. This strategic focus on emerging technologies and user monetization has fueled Meta's expansion, positioning it as a key player in the digital economy with a market capitalization exceeding $500 billion as of recent reports. It is the NASDAQ's 2nd largest Technology company by market capitalisation.

Meta Platforms, Inc. (NASDAQ:META) is a global leader in social technology, driving innovation through its diverse ecosystem, including Facebook, Instagram, WhatsApp, and Messenger. The company leverages its advanced Meta AI and Generative AI technologies, focusing on AI safety and Responsible AI, to push boundaries in digital communication and content. Meta's Break In Case of Emergency AI Plan ensures adaptability in the evolving tech landscape. Products like LLaMA 2 and tools such as Meta Quest and Meta Quest Pro, including Oculus Quest, contribute to its dominance in the Virtual Reality and Augmented Reality sectors. Initiatives like Horizon Worlds and Horizon Workrooms solidify its metaverse leadership, further enhanced by creative tools like Threads and Reels. As a pivotal player in digital advertising, Meta leverages platforms such as Meta Ads, Facebook Ads, and Instagram Shopping. The integration of Spark AR and projects like Ray-Ban Stories and Portal showcase Meta's forward-thinking approach to immersive experiences, underscoring its strategic relevance and robust growth potential.

12.2 Independent Ratings and Relative Value Indicators

+ Clarivate 100:

Meta Platforms, Inc. is ranked 3 in the Top 100 innovators by Clarivate Analytics.

+ Brand Finance 500:

It is in the Brand Finance list of the world's 500 Valuable Banking brands by brand value in 2025, ranked 8.

+ Fortune 500:

It is in the Fortune list of Top 500 Global companies by Revenues in 2025, ranked 66.

+ PwC 100:

It is in PwC's list of Top 100 Global companies; ranked 7th by market capitalization in 2025.

12.3 Contact Details

Website: http://www.facebook.com

Physical Address: 1601 Willow Road, Menlo Park, CA,94025

Phone: +1 650 543-4800

Email: investor@fb.com

12.4 U.S. Industry & Sector

Classification Level: Name of Sector

Economic Sector: Technology

SECTION 13 DOWNLOAD META PLATFORMS, INC. FINANCIALS PAST 10 YEARS

Description (December 31)20252024202320222021

Income Statement

Revenue per share78.0862.9351.3143.1641.25

Tax (B)25.58.38.35.67.9

Net profit (B)60.562.439.123.239.4

EPS23.9824.6115.198.6313.99

Balance Sheet

Equity Share Capital (B)217.2182.6153.2125.7124.9

Retained Earnings (B)121.2102.582.164.869.8

Total Debt (B)6130.82011.31.1

Total Assets (B)366276.1229.6185.7166

Current Asset (B)108.710085.459.566.7

Fixed Asset (B)176.4121.396.679.557.8

Working Capital (B)66.966.453.432.545.5

Cash Flow

Operating Cash Flow (B)115.891.371.150.557.7

Investing Cash Flow (B)(102)(47.1)(24.5)(29)(7.6)

Financing Cash Flow (B)(20.4)(40.8)(19.5)(22.1)(50.7)

Net Cash Flow(6.6 B)3.4 B27.1 B(631 M)(615 M)

Description (December 31)20202019201820172016

Income Statement

Revenue per share29.7724.5819.1213.759.45

Tax (B)46.33.24.72.3

Net profit (B)29.118.522.115.910.2

EPS10.226.487.655.493.56

Balance Sheet

Equity Share Capital (B)128.3101.184.174.359.2

Retained Earnings (B)77.355.74233.821.7

Total Assets (B)159.3133.497.384.565

Current Asset (B)75.766.250.548.634.4

Fixed Asset (B)45.635.324.713.78.6

Working Capital (B)60.751.243.544.831.5

Cash Flow

Operating Cash Flow (B)38.736.329.324.216.1

Investing Cash Flow (B)(30.1)(19.9)(11.6)(20.1)(11.7)

Financing Cash Flow(10.3 B)(7.3 B)(15.6 B)(5.2 B)(310 M)

Net Cash Flow (B)(1.6)9.22.1(1.1)4.1

SECTION 14 STOCK IDENTIFIERS

ISIN: US30303M1027

PermID: 4297297477

Central Index Key (CIK): 1326801

CUSIP: 30303M102

RIC: META.O

FIGI: BBG002GPKKZ7

LEI: BQ4BKCS1HXDV9HN80Z93

Created by: www.BuySellSignals.com",be101a3f79ca1aaabee66d4b5403b71368dc9641ed4234ce43b00f31b4928951,ok,,72098,53379,0,week4_lseg_html_v1,True,True
2026-06-15 22:52:20.631,2026-06-15,2026-06-15T00:00:00,2026-06-15T23:59:59,META,META.O,R:META.O and Language:LEN,urn:newsml:newsroom:20260615:nNRA0w8nia:0,newsroom,NS:NEWWIR,"Meta Platforms, Inc. (NASDAQ:META (ADR)) Extends Renewable Energy Pact With RWE AG (OTC:RWEOY (ADR)) For 298 MW Rabbit's Foot Project",,"NEWS BITES - CORPORATE WIRE

UNITED STATES EDITION

15 June 2026 18:46 EDT

Meta Platforms, Inc. (NASDAQ:META (ADR)) and RWE AG (OTC:RWEOY (ADR)) sign a long-term corporate PPA for electricity from the Rabbit's Foot Solar project in northeast Texas. The 298 MWac facility, which began onsite construction earlier this year, is slated to begin commercial operations by the end of 2027, supporting Meta's objective to run its operations on 100 percent clean energy. This PPA expands Meta's ongoing renewable energy program and strengthens the company's relationship with RWE.

The agreement builds on a prior collaboration that has delivered about 574 MW across Emily Solar in Illinois and Lafitte Solar in Louisiana, underscoring a growing partnership between the two companies.

Ingmar Ritzenhofen, Chief Commercial Officer for RWE Americas, said the project will support Meta's energy commitments while generating local benefits in Bowie County, including roughly 200 construction jobs and long-term tax revenues around $50 million over 40 years to fund schools, emergency services and infrastructure.

Amanda Yang highlighted the project's contribution to the Texas grid and the broader benefits to the community. She added that expanding the Meta–RWE partnership reinforces Meta's renewable energy goals, while RWE's U.S. portfolio strategy includes investing €17 billion net by 2031 to boost solar, wind and storage and to maintain flexibility through gas peaking capacity.

RWE Stock Dashboard Adr:RWEOY

Last$65.16Shares Outstanding743,840,000

52-Week Price Range$38.39 - $72.67Institutional Ownership% of shares outstanding 0%

Ave Daily Volume107,976 ADRsDividend Yield % (TTM)2.13%

Today's Volume [VI]56,500 [0.5]DPS (past 12 months)$1.21 or 121c

Market Cap$48.5 billionSectorElectrical [Rank by MCap 3 of 26 stocks]

ExchangeINTERNATIONAL DEPOSITORY RECEIPTS [USOTC, Frankfurt, Xetra, Stuttgart]PV$1000 (1 yr) and TRS$1,651; 65.1%

P/E17.3Days Untraded in Past Month1/20

EPS (FY2025)$4.30

IN TODAY'S REPORT:

SECTION 1 RWE ACTIVITIES

SECTION 1 RWE Activities

Activities

RWE A.G., a leading German energy company headquartered in Essen, is a major player in the European power sector, focusing on the generation, transmission, and supply of electricity and gas. Its core business activities encompass a diverse portfolio that includes conventional energy sources like coal and gas, as well as a strong emphasis on sustainable solutions such as renewable energy production and energy trading. The company operates across the entire value chain, from resource extraction and power plant operations to grid infrastructure and customer services. In recent years, RWE's fastest-growing segments have been its renewable energy initiatives, particularly offshore wind farms and solar projects, which have expanded rapidly due to increasing demand for clean energy and supportive regulatory frameworks. This strategic shift has bolstered RWE's position as a key contributor to the global energy transition, enhancing its competitive edge in markets prioritizing decarbonization and efficiency. Through ongoing investments in innovation and digitalization, RWE continues to adapt to evolving industry dynamics while maintaining a commitment to operational excellence and environmental responsibility. It is the International Depository Receipt (IDR) market's 3rd largest Electrical company by market capitalisation.

COMPANY IDENTIFIERS

State/Province/Country: Germany

Country of Incorporation: Germany

Exchange: OTC

RWE A.G.

ISIN: US74975E3036

RIC: RWEOY.PK

CIK: 942157

CUSIP: 74975E303",a4b2a18097dc4ae5fc9446fa240bdae56ef6acc8a46adb0b2e96bfafeac70415,ok,,4286,3603,1,week4_lseg_html_v1,True,True
2026-06-15 22:10:30.000,2026-06-15,2026-06-15T00:00:00,2026-06-15T23:59:59,META,META.O,R:META.O and Language:LEN,urn:newsml:reuters.com:20260615:nL4N42N14X:12,reuters,NS:RTRS,UPDATE 6-Nvidia to raise $25 billion in first corporate bond sale in five years,,"Updates sourcing in paragraph one, updates shares in paragraph 13

By Saeed Azhar, Tatiana Bautzer and Zaheer Kachwala

June 15 (Reuters) - Nvidia NVDA.O said on Monday it would raise $25 billion through a U.S. bond issuance, as it taps the debt market to increase liquidity for the first time since 2021.

The debt financing was more than initially planned, Reuters had reported earlier on Monday, citing two sources.

Investor demand for the bond sale hit $85 billion, one of the sources familiar with the matter said, declining to be named as the plan was still private. It was initially looking to raise $20 billion, the source had said earlier.

The bond consists of seven tranches of notes, maturing as late as 2056, according to a term sheet seen by Reuters.

Demand was mainly domestic, the first source said, adding that bond issuance came as a surprise to investors as the company said little ahead of time.

The AI chip leader has not accessed the investment-grade bond market in five years, previously raising $5 billion in June 2021, the source said.

A company spokesperson said Nvidia aims to use the proceeds for general corporate purposes, including the repayment and refinancing of outstanding notes. The main reason, according to one of the sources, was to establish a liquid benchmark to its cost of credit - more so than funding capital expenditures.

The chipmaker capped the bond issue at $25 billion to keep low credit spreads and in contrast with the hyperscalers funding their investments in AI, one of the sources said.

Big Tech companies have signaled that spending on AI would ​not slow down, with combined outlays set to surpass $700 billion this year, up from around $400 billion in 2025.

Meta META.O in October filed for its largest bond offering of up to $30 billion, while Alphabet GOOGL.O ​last month disclosed ​its plans to sell Japanese yen-denominated bonds for the first time.

While Nvidia has not been building large-scale data centers, its chips, which are used in those servers, enjoy red-hot demand from companies looking to train, and run increasingly advanced models.

In order to keep pace with the fast-evolving AI sector, Nvidia has been investing heavily in building the most advanced processors, now releasing a new family of chips every year, each with higher AI capabilities than the last.

The company has $13.24 billion in cash and cash equivalents as of the quarter ended April 2026. Nvidia shares closed up 3.3% on Monday.

Goldman Sachs, J.P. Morgan and Morgan Stanley are the bookrunners.

(Reporting by Saeed Azhar and Tatiana Bautzer in New York, Zaheer Kachwala in Bengaluru and Juby Babu in Mexico City; Editing by Arun Koyyur, Deepa Babington and Anil D'Silva)",dc9c3447164fa9a10193591241b1ca988eb31d11378ba454e91c4825d736ca04,ok,,3690,2726,0,week4_lseg_html_v1,True,True
2026-06-15 22:07:33.655,2026-06-15,2026-06-15T00:00:00,2026-06-15T23:59:59,META,META.O,R:META.O and Language:LEN,urn:newsml:newsroom:20260615:nNRA0w8ads:0,newsroom,NS:WATNEW,Meta Platforms (NASDAQ:META) Trading Up 4.7% – Time to Buy?,,"Jun 14, 2026

(Get Free Report)

Meta Platforms, Inc. (NASDAQ:META - Get Free Report)'s share price was up 4.7% during mid-day trading on Monday . The company traded as high as $601.27 and last traded at $593.48. Approximately 17,354,726 shares traded hands during trading, an increase of 7% from the average daily volume of 16,254,764 shares. The stock had previously closed at $566.98.

Meta Platforms News Summary

Here are the key news stories impacting Meta Platforms this week:

Positive Sentiment: Meta launched new ""AI Mode"" features on Facebook that use public information across its platforms to help users search, create content, and interact more deeply with the app, reinforcing its AI strategy and engagement potential.Meta's new 'AI Mode' on Facebook pulls from public info across its platforms

Positive Sentiment: Call traders were active after Meta's AI-fueled move, suggesting options market participants are betting the new product push could keep the stock moving higher in the near term.Call Traders Cheer Meta Platforms Stock's AI-Fueled Pop

Positive Sentiment: Some commentary highlighted Meta's chip ambitions as a possible underappreciated AI catalyst, with investors viewing in-house silicon as a way to lower future AI costs and improve margins.Move Over, NVIDIA. Meta's Chip Ambitions May Yet to Be Priced Into the Stock

Neutral Sentiment: Meta also completed an operational split from Manus and stopped data sharing as it works to unwind a $2 billion deal, a move that reduces strategic complexity but does not appear to be a major immediate stock driver.Meta Completes Operational Split from Manus amid Unwinding of $2 Billion Deal, Bloomberg Reports

Negative Sentiment: Separately, a report described turmoil inside Meta's AI unit, with employees facing heavy workloads and disorganization; that could raise concerns about execution risks even as Meta spends aggressively on AI.Toxic mix of chaos and drudgery turns Meta's AI unit into a real-world hell: 'Soul-crushing'

Wall Street Analysts Forecast Growth

A number of research analysts have issued reports on META shares. Sanford C. Bernstein cut their target price on shares of Meta Platforms from $900.00 to $850.00 and set an ""outperform"" rating on the stock in a research report on Thursday, April 30th. Truist Financial cut their target price on shares of Meta Platforms from $900.00 to $840.00 and set a ""buy"" rating on the stock in a research report on Thursday, April 30th. Barclays upped their price target on Meta Platforms from $800.00 to $830.00 and gave the company an ""overweight"" rating in a research note on Thursday, April 30th. Stifel Nicolaus lowered their price target on Meta Platforms from $805.00 to $780.00 and set a ""buy"" rating for the company in a research note on Friday, May 1st. Finally, Wells Fargo & Company lowered their price target on Meta Platforms from $770.00 to $765.00 and set an ""overweight"" rating for the company in a research note on Wednesday, May 20th. Three equities research analysts have rated the stock with a Strong Buy rating, thirty-five have given a Buy rating, nine have given a Hold rating and one has assigned a Sell rating to the stock. According to data from MarketBeat.com, the stock has an average rating of ""Moderate Buy"" and an average price target of $840.60.

Read Our Latest Report on META

Meta Platforms Trading Up 4.7%

The company has a current ratio of 2.35, a quick ratio of 2.35 and a debt-to-equity ratio of 0.24. The company has a market capitalization of $1.50 trillion, a P/E ratio of 21.57, a PEG ratio of 1.00 and a beta of 1.23. The business has a 50 day moving average price of $621.15 and a 200 day moving average price of $636.05.

Meta Platforms (NASDAQ:META - Get Free Report) last announced its quarterly earnings results on Wednesday, April 29th. The social networking company reported $10.44 EPS for the quarter, beating analysts' consensus estimates of $6.67 by $3.77. Meta Platforms had a return on equity of 36.93% and a net margin of 32.84%.The company had revenue of $56.31 billion during the quarter, compared to analysts' expectations of $55.56 billion. During the same period in the prior year, the business posted $6.43 EPS. Meta Platforms's revenue was up 33.1% on a year-over-year basis. Analysts anticipate that Meta Platforms, Inc. will post 29.35 EPS for the current year.

Meta Platforms Dividend Announcement

The firm also recently announced a quarterly dividend, which will be paid on Thursday, June 25th. Investors of record on Monday, June 15th will be paid a dividend of $0.525 per share. This represents a $2.10 dividend on an annualized basis and a yield of 0.4%. The ex-dividend date of this dividend is Monday, June 15th. Meta Platforms's dividend payout ratio is presently 7.63%.

Insider Buying and Selling at Meta Platforms

In related news, CFO Susan J. Li sold 9,195 shares of the stock in a transaction that occurred on Monday, May 18th. The stock was sold at an average price of $607.84, for a total transaction of $5,589,088.80. Following the completion of the sale, the chief financial officer directly owned 13,186 shares of the company's stock, valued at approximately $8,014,978.24. This represents a 41.08% decrease in their position. The transaction was disclosed in a document filed with the Securities & Exchange Commission, which can be accessed through this link. The transaction was executed under a pre-arranged Rule 10b5-1 trading plan. The sale was made to cover tax withholding obligations related to the vesting of equity awards. Also, insider Curtis J. Mahoney sold 2,079 shares of the stock in a transaction that occurred on Wednesday, May 27th. The stock was sold at an average price of $609.92, for a total value of $1,268,023.68. Following the sale, the insider directly owned 1,118 shares of the company's stock, valued at approximately $681,890.56. The trade was a 65.03% decrease in their ownership of the stock. The SEC filing for this sale provides additional information. The transaction was executed under a pre-arranged Rule 10b5-1 trading plan. Insiders sold 39,170 shares of company stock worth $24,218,565 in the last quarter. Company insiders own 13.53% of the company's stock.

Institutional Trading of Meta Platforms

A number of large investors have recently bought and sold shares of the business. Carmignac Gestion increased its stake in Meta Platforms by 134.3% during the 1st quarter. Carmignac Gestion now owns 114,410 shares of the social networking company's stock worth $65,457,000 after purchasing an additional 65,579 shares in the last quarter. Militia Capital Management LLC bought a new stake in Meta Platforms during the 1st quarter worth approximately $428,000. S&A Financial Services Inc. bought a new stake in Meta Platforms during the 1st quarter worth approximately $863,000. E Wealth Partners LLC grew its stake in shares of Meta Platforms by 30.5% during the 1st quarter. E Wealth Partners LLC now owns 736 shares of the social networking company's stock worth $421,000 after acquiring an additional 172 shares in the last quarter. Finally, Brandywine Financial Group bought a new position in shares of Meta Platforms during the 1st quarter worth approximately $5,177,000. 79.91% of the stock is owned by institutional investors.

Meta Platforms Company Profile

Meta Platforms, Inc (NASDAQ: META), formerly Facebook, Inc, is a global technology company best known for building social networking services and immersive computing platforms. Founded in 2004 and headquartered in Menlo Park, California, the company operates a family of consumer-facing products and services that connect users, creators and businesses. In October 2021 the company rebranded as Meta to reflect an expanded strategic focus on augmented and virtual reality technologies alongside its social media businesses.

Meta's core consumer products include Facebook, Instagram, WhatsApp and Messenger, which enable social networking, messaging, content sharing and community building across mobile and desktop devices.

Further Reading

Five stocks we like better than Meta Platforms

These 5 Companies Just Made a Massive Bet on Themselves

5 Stocks Built to Thrive in a Higher-for-Longer Economy

RH's Strong Q1 Still Leaves Investors With One Big Question

Iran Ceasefire or Not, These 3 Companies Could Win",89fc674bcfedcfe1caf19ec523b1ca7817dafeae7f52d914eb61d60b837c33f7,ok,,10292,8346,0,week4_lseg_html_v1,True,True
2026-06-16 22:47:09.913,2026-06-16,2026-06-16T00:00:00,2026-06-16T23:59:59,META,META.O,R:META.O and Language:LEN,urn:newsml:reuters.com:20260616:nNRA0wqp99:1,reuters,NS:ZACKSC,Meta Platforms (META) Advances While Market Declines: Some Information for Investors,,"Jun 16, 2026

Free: See Our Top Stock And 4 Runners Up Meta Platforms, Inc. (META): Free Stock Analysis Report

Meta Platforms (META) ended the recent trading session at $600.21, demonstrating a +1.13% change from the preceding day's closing price. The stock exceeded the S&P 500, which registered a loss of 0.57% for the day. Meanwhile, the Dow gained 0.64%, and the Nasdaq, a tech-heavy index, lost 1.15%.

Coming into today, shares of the social media company had lost 2.9% in the past month. In that same time, the Computer and Technology sector gained 2.85%, while the S&P 500 gained 2.14%.

Investors will be eagerly watching for the performance of Meta Platforms in its upcoming earnings disclosure. The company is predicted to post an EPS of $7.11, indicating a 0.42% decline compared to the equivalent quarter last year. In the meantime, our current consensus estimate forecasts the revenue to be $60.13 billion, indicating a 26.56% growth compared to the corresponding quarter of the prior year.

For the entire fiscal year, the Zacks Consensus Estimates are projecting earnings of $33.01 per share and a revenue of $253.28 billion, representing changes of +40.53% and +26.03%, respectively, from the prior year.

It's also important for investors to be aware of any recent modifications to analyst estimates for Meta Platforms. These latest adjustments often mirror the shifting dynamics of short-term business patterns. Hence, positive alterations in estimates signify analyst optimism regarding the business and profitability.

Empirical research indicates that these revisions in estimates have a direct correlation with impending stock price performance. To capitalize on this, we've crafted the Zacks Rank, a unique model that incorporates these estimate changes and offers a practical rating system.

The Zacks Rank system ranges from #1 (Strong Buy) to #5 (Strong Sell). It has a remarkable, outside-audited track record of success, with #1 stocks delivering an average annual return of +25% since 1988. Over the past month, the Zacks Consensus EPS estimate has shifted 0.6% downward. Meta Platforms is holding a Zacks Rank of #3 (Hold) right now.

In terms of valuation, Meta Platforms is currently trading at a Forward P/E ratio of 17.98. For comparison, its industry has an average Forward P/E of 18.65, which means Meta Platforms is trading at a discount to the group.

It is also worth noting that META currently has a PEG ratio of 0.93. This popular metric is similar to the widely-known P/E ratio, with the difference being that the PEG ratio also takes into account the company's expected earnings growth rate. The Internet - Software industry had an average PEG ratio of 1.05 as trading concluded yesterday.

The Internet - Software industry is part of the Computer and Technology sector. This industry, currently bearing a Zacks Industry Rank of 93, finds itself in the top 39% echelons of all 250+ industries.

The Zacks Industry Rank is ordered from best to worst in terms of the average Zacks Rank of the individual companies within each of these sectors. Our research shows that the top 50% rated industries outperform the bottom half by a factor of 2 to 1.

You can find more information on all of these metrics, and much more, on Zacks.com.

Zacks' Research Chief Names ""Stock Most Likely to Double""

Our team of experts has just released the 5 stocks with the greatest probability of gaining +100% or more in the coming months. Of those 5, Director of Research Sheraz Mian highlights the one stock set to climb highest.

This top pick is a little-known satellite-based communications firm. Space is projected to become a trillion dollar industry, and this company's customer base is growing fast. Analysts have forecasted a major revenue breakout in 2025. Of course, all our elite picks aren't winners but this one could far surpass earlier Zacks' Stocks Set to Double like Hims & Hers Health, which shot up +209%.

Want the latest recommendations from Zacks Investment Research? Today, you can download 7 Best Stocks for the Next 30 Days. Click to get this free report

This article originally published on Zacks Investment Research (zacks.com).

Zacks Investment Research",4db28036f9cb0fcf5ec1f07dbad54e827744ef59446983c669ac6cd05366c141,ok,,5716,4208,0,week4_lseg_html_v1,True,True
2026-06-16 22:07:32.953,2026-06-16,2026-06-16T00:00:00,2026-06-16T23:59:59,META,META.O,R:META.O and Language:LEN,urn:newsml:newsroom:20260616:nNRA0wqen0:0,newsroom,NS:DAILYQ,Meta Platforms (NASDAQ:META) Trading 1.1% Higher – Here's What Happened,,"Jun 15, 2026

(Get Free Report)

Meta Platforms, Inc. (NASDAQ:META - Get Free Report) shares traded up 1.1% during mid-day trading on Tuesday . The stock traded as high as $605.81 and last traded at $600.21. 11,280,125 shares changed hands during mid-day trading, a decline of 30% from the average session volume of 16,192,149 shares. The stock had previously closed at $593.48.

Trending Headlines about Meta Platforms

Here are the key news stories impacting Meta Platforms this week:

Positive Sentiment: Meta rolled out a new AI Mode in Facebook Search that pulls answers from public content across its apps, including Groups and Reels. Analysts say the feature could become a meaningful new search and advertising opportunity, with some estimates suggesting it may eventually generate billions in annual revenue.Meta introduces AI search and creative tools, Bank of America flags emerging monetization opportunity

Positive Sentiment: Meta said Threads has reached 500 million monthly active users, signaling continued engagement growth for one of its newer social platforms and strengthening the long-term ad inventory story.Meta's Threads reaches 500 million monthly users, rolls out new features

Positive Sentiment: Investor commentary is turning more bullish on Metas aggressive AI spending, with some analysts arguing the companys large capital expenditure plan could support a bigger AI-driven platform over time rather than hurt the business.Why I Can't Stop Buying This Cash-Rich Stock After a Massive $145 Billion AI Shift

Neutral Sentiment: Several articles framed Meta as a key AI stock and highlighted its valuation and chip ambitions, but these were mostly opinion pieces rather than new fundamental developments.Howard Marks: Investing in AI Stocks Is Closer to Speculating' Than Analysis

Negative Sentiment: Some coverage raised concerns that Metas AI push and heavy spending could increase execution risk, while broader commentary on AI speculation and employee strain in the AI unit may remind investors that the strategy is still expensive and operationally demanding.Toxic mix of chaos and drudgery turns Meta's AI unit into a real-world hell: Soul-crushing'

Wall Street Analyst Weigh In

Several equities analysts have recently issued reports on the company. Bank of America decreased their price target on Meta Platforms from $885.00 to $820.00 and set a ""buy"" rating on the stock in a research note on Monday, April 20th. Royal Bank Of Canada restated an ""outperform"" rating and set a $810.00 price objective on shares of Meta Platforms in a research report on Monday, June 1st. JPMorgan Chase & Co. restated a ""neutral"" rating and set a $725.00 price objective (down from $825.00) on shares of Meta Platforms in a research report on Thursday, April 30th. Susquehanna upgraded Meta Platforms from a ""positive"" rating to a ""positive"" rating in a research report on Tuesday, June 2nd. Finally, Cantor Fitzgerald reduced their price objective on Meta Platforms from $850.00 to $750.00 and set an ""overweight"" rating on the stock in a research report on Thursday, April 30th. Three equities research analysts have rated the stock with a Strong Buy rating, thirty-five have assigned a Buy rating, nine have issued a Hold rating and one has issued a Sell rating to the stock. According to data from MarketBeat, the company presently has an average rating of ""Moderate Buy"" and an average target price of $840.60.

Get Our Latest Research Report on Meta Platforms

Meta Platforms Price Performance

The stock has a market capitalization of $1.52 trillion, a price-to-earnings ratio of 21.80, a P/E/G ratio of 1.00 and a beta of 1.23. The company has a fifty day simple moving average of $621.53 and a 200 day simple moving average of $635.75. The company has a debt-to-equity ratio of 0.24, a quick ratio of 2.35 and a current ratio of 2.35.

Meta Platforms (NASDAQ:META - Get Free Report) last announced its earnings results on Wednesday, April 29th. The social networking company reported $10.44 EPS for the quarter, topping the consensus estimate of $6.67 by $3.77. The firm had revenue of $56.31 billion for the quarter, compared to the consensus estimate of $55.56 billion. Meta Platforms had a return on equity of 36.93% and a net margin of 32.84%.The business's quarterly revenue was up 33.1% compared to the same quarter last year. During the same period in the previous year, the business earned $6.43 EPS. Equities research analysts forecast that Meta Platforms, Inc. will post 29.35 EPS for the current fiscal year.

Meta Platforms Announces Dividend

The firm also recently disclosed a quarterly dividend, which will be paid on Thursday, June 25th. Stockholders of record on Monday, June 15th will be paid a $0.525 dividend. This represents a $2.10 dividend on an annualized basis and a dividend yield of 0.4%. The ex-dividend date of this dividend is Monday, June 15th. Meta Platforms's payout ratio is currently 7.63%.

Insiders Place Their Bets

In other news, COO Javier Olivan sold 2,778 shares of the business's stock in a transaction dated Monday, April 13th. The stock was sold at an average price of $629.45, for a total value of $1,748,612.10. Following the transaction, the chief operating officer directly owned 10,557 shares of the company's stock, valued at $6,645,103.65. The trade was a 20.83% decrease in their position. The sale was disclosed in a document filed with the Securities & Exchange Commission, which is available through this link. The transaction was executed under a pre-arranged Rule 10b5-1 trading plan. Also, CTO Andrew Bosworth sold 7,847 shares of the business's stock in a transaction dated Monday, May 18th. The shares were sold at an average price of $607.83, for a total value of $4,769,642.01. Following the completion of the transaction, the chief technology officer directly owned 414 shares in the company, valued at $251,641.62. This represents a 94.99% decrease in their ownership of the stock. The SEC filing for this sale provides additional information. The transaction was executed under a pre-arranged Rule 10b5-1 trading plan. The sale was made to cover tax withholding obligations related to the vesting of equity awards. Insiders sold 39,170 shares of company stock valued at $24,218,565 over the last 90 days. 13.53% of the stock is owned by company insiders.

Institutional Inflows and Outflows

A number of hedge funds and other institutional investors have recently made changes to their positions in the business. Auto Owners Insurance Co increased its position in Meta Platforms by 76,587.7% in the 4th quarter. Auto Owners Insurance Co now owns 105,292,277 shares of the social networking company's stock valued at $69,502,379,000 after buying an additional 105,154,977 shares in the last quarter. Norges Bank bought a new stake in Meta Platforms in the 4th quarter valued at about $22,152,075,000. Vanguard Group Inc. increased its position in Meta Platforms by 3.8% in the 4th quarter. Vanguard Group Inc. now owns 199,995,630 shares of the social networking company's stock valued at $132,015,115,000 after buying an additional 7,269,279 shares in the last quarter. Corient Private Wealth LLC increased its position in Meta Platforms by 488.1% in the 4th quarter. Corient Private Wealth LLC now owns 5,466,595 shares of the social networking company's stock valued at $3,608,445,000 after buying an additional 4,537,076 shares in the last quarter. Finally, State Street Corp increased its position in Meta Platforms by 5.1% in the 4th quarter. State Street Corp now owns 90,841,345 shares of the social networking company's stock valued at $59,963,463,000 after buying an additional 4,395,763 shares in the last quarter. 79.91% of the stock is owned by institutional investors and hedge funds.

About Meta Platforms

Meta Platforms, Inc (NASDAQ: META), formerly Facebook, Inc, is a global technology company best known for building social networking services and immersive computing platforms. Founded in 2004 and headquartered in Menlo Park, California, the company operates a family of consumer-facing products and services that connect users, creators and businesses. In October 2021 the company rebranded as Meta to reflect an expanded strategic focus on augmented and virtual reality technologies alongside its social media businesses.

Meta's core consumer products include Facebook, Instagram, WhatsApp and Messenger, which enable social networking, messaging, content sharing and community building across mobile and desktop devices.

Featured Articles

Five stocks we like better than Meta Platforms

Gravity Check: Houston, SpaceX Has a Valuation Problem

Strategys Bitcoin Rally Has a Hidden Engine

Oktas AI Moment May Be Bigger Than Investors Realize

3 Rate-Ready Stocks for the New Fed Chairs First Big Test",5d0b07ef36ba0ad213f0bcbaf4e46c6938bfc02a0ce3654f70ac4fba46d2e185,ok,,10765,8823,0,week4_lseg_html_v1,True,True
2026-06-16 22:02:19.254,2026-06-16,2026-06-16T00:00:00,2026-06-16T23:59:59,META,META.O,R:META.O and Language:LEN,urn:newsml:newsroom:20260616:nNRA0wqcfb:0,newsroom,NS:TICREP,Meta Platforms (NASDAQ:META) Trading 1.1% Higher – Here's What Happened,,"Jun 15, 2026

(Get Free Report)

Meta Platforms, Inc. (NASDAQ:META - Get Free Report)'s share price rose 1.1% during trading on Tuesday . The company traded as high as $605.81 and last traded at $600.21. Approximately 11,280,125 shares traded hands during mid-day trading, a decline of 30% from the average daily volume of 16,192,149 shares. The stock had previously closed at $593.48.

Meta Platforms News Summary

Here are the key news stories impacting Meta Platforms this week:

Positive Sentiment: Meta rolled out a new AI Mode in Facebook Search that pulls answers from public content across its apps, including Groups and Reels. Analysts say the feature could become a meaningful new search and advertising opportunity, with some estimates suggesting it may eventually generate billions in annual revenue.Meta introduces AI search and creative tools, Bank of America flags emerging monetization opportunity

Positive Sentiment: Meta said Threads has reached 500 million monthly active users, signaling continued engagement growth for one of its newer social platforms and strengthening the long-term ad inventory story.Meta's Threads reaches 500 million monthly users, rolls out new features

Positive Sentiment: Investor commentary is turning more bullish on Metas aggressive AI spending, with some analysts arguing the companys large capital expenditure plan could support a bigger AI-driven platform over time rather than hurt the business.Why I Can't Stop Buying This Cash-Rich Stock After a Massive $145 Billion AI Shift

Neutral Sentiment: Several articles framed Meta as a key AI stock and highlighted its valuation and chip ambitions, but these were mostly opinion pieces rather than new fundamental developments.Howard Marks: Investing in AI Stocks Is Closer to Speculating' Than Analysis

Negative Sentiment: Some coverage raised concerns that Metas AI push and heavy spending could increase execution risk, while broader commentary on AI speculation and employee strain in the AI unit may remind investors that the strategy is still expensive and operationally demanding.Toxic mix of chaos and drudgery turns Meta's AI unit into a real-world hell: Soul-crushing'

Analyst Upgrades and Downgrades

A number of analysts have commented on META shares. The Goldman Sachs Group lowered Meta Platforms from a ""buy"" rating to a ""sell"" rating in a report on Tuesday, June 2nd. Mizuho decreased their price objective on Meta Platforms from $850.00 to $835.00 and set an ""outperform"" rating for the company in a report on Tuesday, May 5th. Raymond James Financial raised Meta Platforms from an ""underperform"" rating to an ""outperform"" rating in a report on Tuesday, June 2nd. Rosenblatt Securities reissued a ""buy"" rating and set a $1,015.00 price objective on shares of Meta Platforms in a report on Thursday, May 28th. Finally, Tigress Financial boosted their price objective on Meta Platforms from $935.00 to $945.00 and gave the stock a ""strong-buy"" rating in a report on Wednesday, March 18th. Three investment analysts have rated the stock with a Strong Buy rating, thirty-five have issued a Buy rating, nine have given a Hold rating and one has assigned a Sell rating to the company's stock. Based on data from MarketBeat, the stock currently has an average rating of ""Moderate Buy"" and a consensus price target of $840.60.

Check Out Our Latest Stock Report on META

Meta Platforms Trading Up 1.1%

The company has a market capitalization of $1.52 trillion, a P/E ratio of 21.80, a price-to-earnings-growth ratio of 1.00 and a beta of 1.23. The company has a debt-to-equity ratio of 0.24, a current ratio of 2.35 and a quick ratio of 2.35. The firm has a fifty day moving average price of $621.53 and a 200-day moving average price of $635.75.

Meta Platforms (NASDAQ:META - Get Free Report) last released its earnings results on Wednesday, April 29th. The social networking company reported $10.44 earnings per share (EPS) for the quarter, beating the consensus estimate of $6.67 by $3.77. The company had revenue of $56.31 billion during the quarter, compared to analyst estimates of $55.56 billion. Meta Platforms had a return on equity of 36.93% and a net margin of 32.84%.Meta Platforms's quarterly revenue was up 33.1% on a year-over-year basis. During the same period in the prior year, the company posted $6.43 earnings per share. On average, equities research analysts anticipate that Meta Platforms, Inc. will post 29.35 earnings per share for the current year.

Meta Platforms Announces Dividend

The firm also recently announced a quarterly dividend, which will be paid on Thursday, June 25th. Stockholders of record on Monday, June 15th will be issued a $0.525 dividend. The ex-dividend date of this dividend is Monday, June 15th. This represents a $2.10 annualized dividend and a dividend yield of 0.4%. Meta Platforms's dividend payout ratio is currently 7.63%.

Insiders Place Their Bets

In related news, COO Javier Olivan sold 2,778 shares of the company's stock in a transaction that occurred on Monday, April 13th. The stock was sold at an average price of $629.45, for a total value of $1,748,612.10. Following the transaction, the chief operating officer owned 10,557 shares in the company, valued at approximately $6,645,103.65. This represents a 20.83% decrease in their ownership of the stock. The transaction was disclosed in a document filed with the Securities & Exchange Commission, which is accessible through this link. The transaction was executed under a pre-arranged Rule 10b5-1 trading plan. Also, CTO Andrew Bosworth sold 7,847 shares of the company's stock in a transaction that occurred on Monday, May 18th. The shares were sold at an average price of $607.83, for a total value of $4,769,642.01. Following the completion of the transaction, the chief technology officer owned 414 shares in the company, valued at approximately $251,641.62. The trade was a 94.99% decrease in their position. Additional details regarding this sale are available in the official SEC disclosure. The transaction was executed under a pre-arranged Rule 10b5-1 trading plan. The sale was made to cover tax withholding obligations related to the vesting of equity awards. In the last three months, insiders sold 39,170 shares of company stock valued at $24,218,565. Insiders own 13.53% of the company's stock.

Hedge Funds Weigh In On Meta Platforms

Several institutional investors have recently bought and sold shares of the company. Steelhead Wealth Management LLC purchased a new position in Meta Platforms in the first quarter valued at approximately $277,000. Carmignac Gestion lifted its position in shares of Meta Platforms by 134.3% during the first quarter. Carmignac Gestion now owns 114,410 shares of the social networking company's stock worth $65,457,000 after acquiring an additional 65,579 shares in the last quarter. Militia Capital Management LLC purchased a new stake in shares of Meta Platforms during the first quarter worth $428,000. S&A Financial Services Inc. purchased a new stake in shares of Meta Platforms during the first quarter worth $863,000. Finally, E Wealth Partners LLC lifted its position in shares of Meta Platforms by 30.5% during the first quarter. E Wealth Partners LLC now owns 736 shares of the social networking company's stock worth $421,000 after acquiring an additional 172 shares in the last quarter. Hedge funds and other institutional investors own 79.91% of the company's stock.

Meta Platforms Company Profile

Meta Platforms, Inc (NASDAQ: META), formerly Facebook, Inc, is a global technology company best known for building social networking services and immersive computing platforms. Founded in 2004 and headquartered in Menlo Park, California, the company operates a family of consumer-facing products and services that connect users, creators and businesses. In October 2021 the company rebranded as Meta to reflect an expanded strategic focus on augmented and virtual reality technologies alongside its social media businesses.

Meta's core consumer products include Facebook, Instagram, WhatsApp and Messenger, which enable social networking, messaging, content sharing and community building across mobile and desktop devices.

Featured Articles

Five stocks we like better than Meta Platforms

Gravity Check: Houston, SpaceX Has a Valuation Problem

Strategys Bitcoin Rally Has a Hidden Engine

Oktas AI Moment May Be Bigger Than Investors Realize

3 Rate-Ready Stocks for the New Fed Chairs First Big Test",474fa6ea752f1a0932a15d6d8c86960d5831104aaca177ce05ac388f1196db19,ok,,10441,8499,0,week4_lseg_html_v1,True,True
2026-06-16 21:52:45.000,2026-06-16,2026-06-16T00:00:00,2026-06-16T23:59:59,META,META.O,R:META.O and Language:LEN,urn:newsml:reuters.com:20260616:nL6N42O1BF:1,reuters,NS:RTRS,"US asset managers file for first ETFs targeting Wall Street's new obsession, AI and the 'MANGOS'",,"By Suzanne McGee

June 16 (Reuters) - Just days after SpaceX SPCX.O wrapped up its record $75 billion initial public stock offering and ignited another burst of enthusiasm among traders for all things AI, two asset managers disclosed plans to launch exchange-traded funds linked to the new AI-stock acronym that is all the buzz on Wall Street.

In what ETF market analysts described as the latest example of ""concept investing,"" Yorkville America, the company that manages the Truth Social ETF franchise, and ETF industry newcomer Corgi Securities both filed late on Monday with the U.S. Securities and Exchange Commission for permission to roll out new funds pegged to the ""MANGOS"" moniker that sprang to life on X and other social media sites ahead of the SpaceX IPO.

The phrase — vying to replace the Magnificent 7 as a way for investors and speculators to view market-leading growth companies — is intended to refer to the collection of four public companies, Meta Platforms META.O, Nvidia NVDA.O, Alphabet's GOOGL.O Google, and SpaceX and two private ones, Anthropic and OpenAI, all of which have hefty exposure to artificial intelligence.

""This tells you just how rapidly the product development cycle is moving in the ETF industry right now,"" said Dan Sotiroff, an analyst at Morningstar. ""This is going to be even more concentrated than the Magnificent 7, and just as important, it's going to be heavily exposed to the big IPOs of the year.""

Yorkville did not respond to requests for comment.

In its filing for the Mango Plus ETF, as well as a variant that would generate additional income for investors, the firm said it would build a portfolio from some combination of the core ""MANGOS"" stocks as well as seven other companies that include Micron MU.O and SanDisk SNDK.O, which it believes also will benefit from AI adoption, and which it dubbed the ""Parabolic 7.""

According to its filing, Corgi plans to invest only in the six core MANGOS stocks. Ed Rumell, head of ETF distribution for the firm, declined to comment on its plans, citing SEC restrictions on discussing an active filing.

Both ETFs could make their debut by the end of August, according to SEC rules.

(Reporting by Suzanne McGee in Providence, Rhode Island; Editing by Colin Barr and Matthew Lewis)",cb9601d8a0ae92afb342121ff7947568511a53b2d00e4ea2fe36b3bda5a3b51e,ok,,3795,2281,0,week4_lseg_html_v1,True,True
2026-06-16 21:15:01.000,2026-06-16,2026-06-16T00:00:00,2026-06-16T23:59:59,META,META.O,R:META.O and Language:LEN,urn:newsml:reuters.com:20260616:nL1N42O0KA:8,reuters,NS:RTRS,UPDATE 5-SpaceX options debut pulls record demand as investors chase rocket stock,,"Some 1.8 mln contracts traded, Trade Alert data showed

Bullish flows dominate; calls outpace puts by 1.3-to-1

SpaceX options ranked as third-most heavily traded individual-company contract

Updates trading data throughout, adds formal title with comment in paragraph 3; adds comment in paragraphs 15-16

By Saqib Iqbal Ahmed and Laura Matthews

NEW YORK, June 16 (Reuters) - Trading in SpaceX SPCX.O options kicked off with record volume and bullish activity dominating on Tuesday, underscoring strong investor demand for a new way to bet on the future of Elon Musk's aerospace company.

Some 1.8 million SpaceX contracts traded on Tuesday, handily surpassing Meta Platforms' META.O — then known as Facebook — options debut in 2012, which held the previous first-day volume record of about 365,000 contracts, according to Trade Alert data.

""We've never seen anything like it,"" said Henry Schwartz, vice president of derivatives market intelligence at Cboe Global Markets.

While SpaceX options were expected to be popular, the trading volume was still ""impressive,"" Schwartz said.

In dollar terms, about $2.8 billion worth of SpaceX options premium was traded.

""Early option volume indicates another SpaceX success,"" said Seth Hickle, chief investment officer at Mindset Wealth Management.

Options give the holders the right, but not the obligation, to buy and sell shares of the rocket and spacecraft manufacturer at a predetermined price within a set time period. They offer investors a low-cost way to gain exposure to a company's stock and can be used to hedge against risk or to speculate on price movements.

""Investors continue to chase upside in high-beta AI and space-linked winners,"" said Chris Murphy, co-head of derivatives strategy at Susquehanna, a market maker, noting the heavy options flow in SpaceX.

SpaceX calls led puts 1.3-to-1, according to Trade Alert data.

Calls give the buyer the right to purchase a stock at a set price by a specific date, while puts give the buyer the right to sell at a set price.

The options demand was skewed toward bullish calls, Brent Kochuba, founder of options analytic service SpotGamma, said, adding that it likely helped to lift the stock early in the session.

A surge of options volume can at times cause the underlying stock price to swing as options dealers, who facilitate trading by taking the other side of options trades, buy and sell shares to square their own risk.

Dealers who may have sold SpaceX call options would need to buy increasing amounts of SpaceX shares to guard against the shares rising, pushing the stock higher — a dynamic known as a gamma squeeze.

Tesla, another options market darling, has been known to experience gamma squeezes, analysts said.

One trade that stood out on Tuesday was the purchase of a large hedge in September contracts, which would guard against the stock slipping below $205 by September. The stock was last at $201.80.

Given the timing, the trade likely reflects downside protection ahead of the release of certain shares from IPO lock-up in August, Susquehanna's Murphy said.

HEAVY DEMAND

SpaceX options were the third-most heavily traded contracts on individual companies on Tuesday, topped only by Tesla TSLA.O and Nvidia NVDA.O, Trade Alert data showed.

The robust showing in SpaceX options follows a strong stock market debut on Friday when shares of the company surged more than 25%.

The options flow on Tuesday looked primarily retail-driven, based on the exchange's trading data, Cboe's Schwartz said.

Rocky Fishman, founder of Asym 500, a firm that provides data and analytics on the options market, said SpaceX was ""on track to develop one of the deeper derivatives ecosystems of the single stock market.""

""High equity volume, an overlapping investor base with option-heavy Tesla, and hedging demand are all reasons to expect very high SpaceX option volumes from the start,"" Fishman said in a note.

SpaceX shares climbed more than 14% on Tuesday, lifting its valuation past Amazon.com and briefly above Microsoft to rank it among the five most valuable companies within days of the blockbuster debut.

(Reporting by Saqib Iqbal Ahmed and Laura Matthews in New York; Editing by Chizu Nomiyama, Rod Nickel and Edmund Klamann)",a224c65c1548e61bd1adf2eb9ba9c2bcfec7fa9fa3211bc5478eab1bec9c7e81,ok,,6104,4258,0,week4_lseg_html_v1,True,True
2026-06-17 22:55:35.000,2026-06-17,2026-06-17T00:00:00,2026-06-17T23:59:59,META,META.O,R:META.O and Language:LEN,urn:newsml:reuters.com:20260617:nL6N42P1I5:5,reuters,NS:RTRS,EXCLUSIVE-Meta head of product for 'AI for work' transformation is leaving company,,"Dalton Smith's unit oversaw internal enterprise AI assistant Metamate

Departure comes only two months after Meta said she would lead product work on internal AI tooling

Staffers have criticized Meta's AI-centered restructuring, which has included laying off 10% of workforce

Adds context and story links regarding AI-related restructuring and employee criticism, paragraphs 4-5

By Katie Paul

NEW YORK, June 17 (Reuters) - A Meta META.O executive overseeing a key piece of its AI-related restructuring is leaving the company, according to an internal announcement seen by Reuters on Wednesday.

Emily Dalton Smith, who has been with the Facebook owner since 2015, previously held roles as a vice president of product management and head of product for Meta's Twitter-like microblogging app Threads.

Her departure comes about two months after Meta told employees she would be leading product work to improve internal AI tooling as part of a company-wide overhaul to center AI in both its user-facing offerings and its approach to internal work.

The restructuring, aimed at developing AI agents that could autonomously carry out tasks currently performed by human staffers, has caused an uproar among Meta employees.

Staffers have openly criticized executives in company meetings and on message boards regarding the initiative, which has involved laying off 10% of the workforce, transferring nearly as many employees to new units, and introducing mouse-tracking software that many employees see as tantamount to helping design their own bot replacements.

Dalton Smith's unit, or ""pod,"" would be focused on ""the interfaces, platform components, memory systems, automations and shared product experiences that make AI useful for everyone,"" Meta CTO Andrew Bosworth said in a memo laying out the Agent Transformation Accelerator (ATA) plan in April.

That included responsibility for Metamate, Meta's main internal enterprise AI assistant.

A Meta spokesperson declined to comment on whether Dalton Smith was leaving the company, but said Meta was continuing to incorporate AI tooling into Metamate.

Dalton Smith told Meta employees in a separate memo about ATA last month that executives were aiming to consolidate the company's internal-use AI tools into Metamate, recognizing that its existing set of tools was fragmented.

""Our goal is to make Metamate the starting point for all kinds of work — from doing deep research to prototyping a new feature to putting together a sales presentation,"" she wrote.

Her team was planning to pull in functionality from AI systems that can navigate work files, enable coding coordination from chats, and retain ""persistent memory"" of people's work, she said.

She said the team would also incorporate ""polished dashboards and microsites"" including those from Manus, a Singapore-based AI agent startup Meta acquired for around $2 billion in December.

The inclusion of Manus-like features in the project has made it especially sensitive, as the Chinese government ordered the unwinding of the deal in April and Meta subsequently cut off the tool's access to its internal systems while working through its response.

Dalton Smith said in her memo that her team was expecting the new features to be available inside Metamate as of June 1.

In her announcement on Wednesday, she said that she would stay on at Meta to work with Bosworth on transitioning the team to ""what's next,"" without elaborating.

(Reporting by Katie Paul in New York; Editing by Franklin Paul; Jan Harvey and Edmund Klamann)",b36401a404044ab51b713119c0103281842b6a96142bc068e64285b0c2486f63,ok,,4893,3539,0,week4_lseg_html_v1,True,True
2026-06-17 22:26:04.631,2026-06-17,2026-06-17T00:00:00,2026-06-17T23:59:59,META,META.O,R:META.O and Language:LEN,urn:newsml:reuters.com:20260617:nEOL9Vxdmz:1,reuters,NS:EDG,"Meta Platforms, Inc. -- 4 (88085489)",,,,boilerplate_only,story contains no substantive text after boilerplate removal,317,0,1,week4_lseg_html_v1,True,False
2026-06-17 22:22:35.679,2026-06-17,2026-06-17T00:00:00,2026-06-17T23:59:59,META,META.O,R:META.O and Language:LEN,urn:newsml:reuters.com:20260617:nEOL7vkzMP:1,reuters,NS:EDG,"Meta Platforms, Inc. -- 4 (88085463)",,,,boilerplate_only,story contains no substantive text after boilerplate removal,317,0,1,week4_lseg_html_v1,True,False
2026-06-17 22:22:22.802,2026-06-17,2026-06-17T00:00:00,2026-06-17T23:59:59,META,META.O,R:META.O and Language:LEN,urn:newsml:reuters.com:20260617:nEOLGBs16:1,reuters,NS:EDG,"Meta Platforms, Inc. -- 4 (88085461)",,,,boilerplate_only,story contains no substantive text after boilerplate removal,317,0,1,week4_lseg_html_v1,True,False
2026-06-17 22:21:21.796,2026-06-17,2026-06-17T00:00:00,2026-06-17T23:59:59,META,META.O,R:META.O and Language:LEN,urn:newsml:reuters.com:20260617:nEOL3Jq2m2:1,reuters,NS:EDG,"Meta Platforms, Inc. -- 4 (88085453)",,,,boilerplate_only,story contains no substantive text after boilerplate removal,317,0,1,week4_lseg_html_v1,True,False
2026-06-18 23:01:50.000,2026-06-18,2026-06-18T00:00:00,2026-06-18T23:59:59,META,META.O,R:META.O and Language:LEN,urn:newsml:social:20260618:nTWT2g0hMj:1,social,NS:X,"@LAGovJeffLandry: .@Entergy promised me that when they took @Meta on as a client, they would not be passing costs onto rate payers. 

The PSC should not allow anyone to take advantage of power markets at the expense of our ratepayers. https://t.co/gXLu5tyEZi | @samkarlin New from me: 

Meta has promised to pay for power for its Louisiana data centers. But regulators found that Entergy's planned $1.8 billion acquisition of a gas plant--costing regular people $8 a month--is only needed because of Meta. 

https://t.co/RZPdAyR23o",,"Governor Jeff Landry

@LAGovJeffLandry

.

@Entergy

promised me that when they took

@Meta

on as a client, they would not be passing costs onto rate payers.

The PSC should not allow anyone to take advantage of power markets at the expense of our ratepayers.

x.com/samkarlin/stat…

Sam Karlin

@samkarlin

New from me:

Meta has promised to pay for power for its Louisiana data centers. But regulators found that Entergy's planned $1.8 billion acquisition of a gas plant--costing regular people $8 a month--is only needed because of Meta.

nola.com/news/entergy-m…",0ec5f550e21ad8bcdae393e7f5dbe4384024717c1948fd9b17dfc2e3d8283410,ok,,8322,567,0,week4_lseg_html_v1,False,False
2026-06-18 22:14:54.000,2026-06-18,2026-06-18T00:00:00,2026-06-18T23:59:59,META,META.O,R:META.O and Language:LEN,urn:newsml:reuters.com:20260618:nL1N42Q0ZR:2,reuters,NS:RTRS,U.S. court rules Ohio can restrict children's use of social media,,"By Nate Raymond

June 18 (Reuters) - A U.S. appeals court on Thursday cleared the way for Ohio to implement a law that requires social media companies, including Meta Platforms' META.O Instagram, to obtain parental consent before allowing children under 16 to use their platforms.

A 2-1 panel of the Cincinnati-based 6th U.S. Circuit Court of Appeals overturned a lower-court ruling that had put the law on hold at the request of the tech industry trade group NetChoice. The panel found the law did not violate free speech protections under the First Amendment of the U.S. Constitution.

Spokespeople for NetChoice and Ohio's attorney general, David Yost, did not immediately respond to requests for comment.

The ruling comes as governments around the world, including in Australia, move to restrict children's access to social media, reflecting growing concern among lawmakers about the platforms' effect on young people's health and safety.

The Ohio case is one of an array of legal challenges that NetChoice has been pursuing to prevent states from implementing laws the authorities say are needed to protect children from the mental health dangers posed by social media.

The Ohio law, known as the Social Media Parental Notification Act, was passed by the state's legislature in 2023 and took effect in January 2024, only to be quickly blocked from being enforced by U.S. District Judge Algenon Marbley.

The law requires operators of websites that can be reasonably anticipated to be accessed by children under 16 to verify their age. It provides an 11-factor list to determine whether a website falls within that definition, along with certain exceptions.

NetChoice, whose members include TikTok, Alphabet's GOOGL.O YouTube, and Facebook and Instagram owner Meta, had argued the law was unconstitutionally vague and improperly restricted children's access to content protected by the First Amendment.

But U.S. Circuit Judge Eric Clay, writing the lead opinion, said that while the law does place some burden on protected speech and limits how social media companies prefer to distribute their content, it was narrowly written to address Ohio's compelling interest in protecting children.

""At bottom, the Act imposes a parental consent requirement,"" he wrote. ""That requirement constitutes a marginal burden that precisely targets the multi-faceted problem that Ohio has identified: Children’s unsupervised assent to terms and conditions for use of platforms that take advantage of and harm them.""

(Reporting by Nate Raymond in Boston; Editing by Sanjeev Miglani)",f9d5bd79e7d7bf695d37dd82566cabdaad2c051086759ed23febb94e43220fa3,ok,,3791,2576,0,week4_lseg_html_v1,True,True
2026-06-18 22:09:12.100,2026-06-18,2026-06-18T00:00:00,2026-06-18T23:59:59,META,META.O,R:META.O and Language:LEN,urn:newsml:newsroom:20260618:nNRA0xse3m:0,newsroom,NS:MARDAJ,"CastleKnight Management LP Sells 30,690 Shares of Meta Platforms, Inc. $META",,"Jun 17, 2026

CastleKnight Management LP lowered its stake in shares of Meta Platforms, Inc. (NASDAQ:META - Free Report) by 32.5% during the fourth quarter, HoldingsChannel reports. The institutional investor owned 63,880 shares of the social networking company's stock after selling 30,690 shares during the quarter. Meta Platforms accounts for about 0.9% of CastleKnight Management LP's investment portfolio, making the stock its 7th largest holding. CastleKnight Management LP's holdings in Meta Platforms were worth $42,167,000 as of its most recent filing with the Securities and Exchange Commission (SEC).

Several other institutional investors have also added to or reduced their stakes in META. Vanguard Group Inc. boosted its holdings in shares of Meta Platforms by 3.8% in the 4th quarter. Vanguard Group Inc. now owns 199,995,630 shares of the social networking company's stock valued at $132,015,115,000 after purchasing an additional 7,269,279 shares in the last quarter. State Street Corp boosted its holdings in shares of Meta Platforms by 5.1% in the 4th quarter. State Street Corp now owns 90,841,345 shares of the social networking company's stock valued at $59,963,463,000 after purchasing an additional 4,395,763 shares in the last quarter. Geode Capital Management LLC boosted its holdings in shares of Meta Platforms by 1.7% in the 4th quarter. Geode Capital Management LLC now owns 52,806,712 shares of the social networking company's stock valued at $34,734,628,000 after purchasing an additional 878,396 shares in the last quarter. Capital World Investors boosted its holdings in shares of Meta Platforms by 0.8% in the 4th quarter. Capital World Investors now owns 39,558,637 shares of the social networking company's stock valued at $26,112,735,000 after purchasing an additional 310,947 shares in the last quarter. Finally, Morgan Stanley boosted its holdings in shares of Meta Platforms by 2.2% in the 4th quarter. Morgan Stanley now owns 37,553,102 shares of the social networking company's stock valued at $24,788,429,000 after purchasing an additional 823,883 shares in the last quarter. 79.91% of the stock is currently owned by institutional investors and hedge funds.

Wall Street Analyst Weigh In

META has been the topic of a number of research analyst reports. Piper Sandler initiated coverage on Meta Platforms in a report on Tuesday, June 2nd. They issued an ""overweight"" rating on the stock. Arete Research set a $735.00 target price on Meta Platforms and gave the company a ""buy"" rating in a report on Tuesday, June 2nd. JPMorgan Chase & Co. reaffirmed a ""neutral"" rating and issued a $725.00 target price (down from $825.00) on shares of Meta Platforms in a report on Thursday, April 30th. Bank of America reduced their target price on Meta Platforms from $885.00 to $820.00 and set a ""buy"" rating on the stock in a report on Monday, April 20th. Finally, Wall Street Zen downgraded Meta Platforms from a ""buy"" rating to a ""hold"" rating in a report on Saturday, May 16th. Three research analysts have rated the stock with a Strong Buy rating, thirty-five have given a Buy rating, nine have given a Hold rating and one has given a Sell rating to the company. Based on data from MarketBeat, the stock currently has a consensus rating of ""Moderate Buy"" and an average price target of $840.60.

View Our Latest Stock Analysis on META

Meta Platforms Trading Down 5.4%

NASDAQ META opened at $567.58 on Thursday. The company has a quick ratio of 2.35, a current ratio of 2.35 and a debt-to-equity ratio of 0.24. Meta Platforms, Inc. has a twelve month low of $520.26 and a twelve month high of $796.25. The company has a market cap of $1.44 trillion, a price-to-earnings ratio of 20.63, a price-to-earnings-growth ratio of 1.06 and a beta of 1.23. The business's fifty day moving average is $621.93 and its 200 day moving average is $635.05.

Meta Platforms (NASDAQ:META - Get Free Report) last released its quarterly earnings data on Wednesday, April 29th. The social networking company reported $10.44 earnings per share for the quarter, beating the consensus estimate of $6.67 by $3.77. Meta Platforms had a return on equity of 36.93% and a net margin of 32.84%.The company had revenue of $56.31 billion for the quarter, compared to the consensus estimate of $55.56 billion. During the same quarter last year, the business posted $6.43 EPS. Meta Platforms's revenue for the quarter was up 33.1% on a year-over-year basis. As a group, sell-side analysts expect that Meta Platforms, Inc. will post 29.35 EPS for the current fiscal year.

Meta Platforms Announces Dividend

The company also recently disclosed a quarterly dividend, which will be paid on Thursday, June 25th. Investors of record on Monday, June 15th will be issued a dividend of $0.525 per share. The ex-dividend date of this dividend is Monday, June 15th. This represents a $2.10 annualized dividend and a dividend yield of 0.4%. Meta Platforms's dividend payout ratio (DPR) is 7.63%.

Insider Activity at Meta Platforms

In related news, Director Robert M. Kimmitt sold 504 shares of the firm's stock in a transaction on Monday, June 1st. The stock was sold at an average price of $629.29, for a total transaction of $317,162.16. Following the sale, the director owned 3,943 shares of the company's stock, valued at $2,481,290.47. This trade represents a 11.33% decrease in their position. The transaction was disclosed in a legal filing with the SEC, which is available through this hyperlink. The transaction was executed under a pre-arranged Rule 10b5-1 trading plan. Also, COO Javier Olivan sold 140 shares of the firm's stock in a transaction on Monday, June 15th. The shares were sold at an average price of $600.00, for a total value of $84,000.00. Following the sale, the chief operating officer directly owned 12,846 shares in the company, valued at approximately $7,707,600. This trade represents a 1.08% decrease in their position. The SEC filing for this sale provides additional information. The transaction was executed under a pre-arranged Rule 10b5-1 trading plan. Insiders have sold a total of 40,568 shares of company stock valued at $25,057,365 in the last 90 days. 13.53% of the stock is owned by corporate insiders.

Key Stories Impacting Meta Platforms

Here are the key news stories impacting Meta Platforms this week:

Positive Sentiment: Meta said Threads has reached 500 million monthly active users, while new community features and feed controls could improve engagement and strengthen the long-term value of its social platform. Reuters: Meta's Threads reaches 500 million monthly users, rolls out new features

Positive Sentiment: Meta rolled out AI search and creative tools across Facebook, which analysts say could open a new monetization opportunity and support future ad growth. Proactive Investors: Meta introduces AI search and creative tools, Bank of America flags emerging monetization opportunity

Positive Sentiment: Bank of America reiterated a Buy view on Meta, citing AI strategy as a key growth catalyst, which may help support investor confidence in the companys long-term earnings potential. Insider Monkey: BofA reiterates Buy rating on Meta Platforms

Neutral Sentiment: Meta is expected to pay its next quarterly dividend next week, a routine shareholder return that is supportive but unlikely to be a major near-term stock driver. Finbold: Meta to pay dividends next week

Negative Sentiment: Reuters reported that a Meta executive overseeing part of the companys AI-for-work restructuring is leaving, adding to concerns about execution during a major AI transition. Reuters: Meta head of product for 'AI for work' transformation is leaving company

Negative Sentiment: Two SEC filings showed COO Javier Olivan sold shares under a pre-arranged 10b5-1 plan, which can still weigh on sentiment even though the sales were scheduled. SEC filing for Javier Olivan transaction

Negative Sentiment: Recent commentary has also focused on Metas heavy AI spending, Reality Labs losses, and valuation concerns, reinforcing fears that profit growth could slow if investment remains elevated. Zacks: Meta Platforms is Overvalued at 5.5X PS

Meta Platforms Company Profile

(Free Report)

Meta Platforms, Inc (NASDAQ: META), formerly Facebook, Inc, is a global technology company best known for building social networking services and immersive computing platforms. Founded in 2004 and headquartered in Menlo Park, California, the company operates a family of consumer-facing products and services that connect users, creators and businesses. In October 2021 the company rebranded as Meta to reflect an expanded strategic focus on augmented and virtual reality technologies alongside its social media businesses.

Meta's core consumer products include Facebook, Instagram, WhatsApp and Messenger, which enable social networking, messaging, content sharing and community building across mobile and desktop devices.

Read More

Five stocks we like better than Meta Platforms

Cheap Thrills: Why These 3 Entertainment Stocks Are Soaring

CoreWeave Insider Sales Look Big, But Should Investors Worry?

Critical Metals: Sizing Up This Tiny Rare-Earth Stock Making Big Moves

Meta and Cloud Computing: Real Potential, or a Shot in the Dark?

Want to see what other hedge funds are holding META? Visit HoldingsChannel.com to get the latest 13F filings and insider trades for Meta Platforms, Inc. (NASDAQ:META - Free Report).",9ccb3635ba28cc5ec2238784a621143c130dbdfb9066f58cb74899a5625d92de,ok,,10184,9459,0,week4_lseg_html_v1,True,True
2026-06-18 22:08:54.000,2026-06-18,2026-06-18T00:00:00,2026-06-18T23:59:59,META,META.O,R:META.O and Language:LEN,urn:newsml:reuters.com:20260618:nL6N42Q1FM:3,reuters,NS:RTRS,EXCLUSIVE-Meta lobbies Congress for protection from child-harm lawsuits,,"Bill aims to make online platforms use care in features that could harm children

Meta-supported provision would grant immunity from child-harm lawsuits

Meta, YouTube found liable for $6 million in one case this year

Adds detail on the language at issue in paragraph 4, adds Meta comment in paragraphs 5-6, adds to comment in paragraph 8

By Jody Godoy

June 18 (Reuters) - Meta Platforms has lobbied the U.S. Congress for legal immunity from child-harm claims tied to social media products such as Instagram, as it faces thousands of lawsuits from young users and their families, according to a source familiar with the matter and proposed legislative language reviewed by Reuters.

If adopted by lawmakers and passed into law as part of the Kids Online Safety Act (KOSA) under consideration in the U.S. Senate, such a provision could undermine thousands of lawsuits against Meta and other online platforms over harms to children. Meta and Google's YouTube face a combined $6 million in damages after they lost the first case at trial early this year.

While legislators have given no indication of adopting the language, the lobbying effort shows the kind of legal protections Meta is seeking amid the biggest attempt to regulate online platforms in the U.S. since the 1990s.

The proposed language reviewed by Reuters would make online companies ""immune from suit or liability under state law with respect to all claims for loss caused by, arising out of, relating to, or resulting from the safety or privacy of individuals under the age of eighteen online or otherwise related to the provisions"" of KOSA. The provision appears alongside language that would preempt state laws on children's online safety and privacy.

Asked about the lobbying effort and the proposed language, Meta spokesperson Stephanie Otway said the provision ""does not extinguish existing lawsuits, nor does it represent blanket immunity.""

""Instead, it establishes uniform national standards for online youth safety, ensuring these critical issues are governed by comprehensive federal legislation, not plaintiffs' lawyers or patchwork state legislation,"" she said.

Julia Duncan of the American Association for Justice, a group that represents trial lawyers, said that if passed, however, the provision would knock out any lawsuits pending when the law took effect.

""The language is pretty clear-cut immunity against every parent, every school district, that is seeking to hold any AI or social media company accountable for harm"" to children, Duncan said. ""There is no other way to read this language.""

Meta has proposed the language in exchange for dropping its opposition to KOSA, the source said. The bill, sponsored by U.S. Senators Marsha Blackburn, a Republican, and Richard Blumenthal, a Democrat, would require social media companies to take reasonable steps to prevent certain harms to minors, such as compulsive use of their platforms.

The bill is now part of negotiations between Blackburn and the White House to package child online safety bills with a provision that would preempt some state laws on artificial intelligence.

A Blackburn spokesperson, asked about the specific liability provision reviewed by Reuters, said: ""We have not seen that proposed language and would never consider it.""

Under KOSA, companies would be required to exercise care in deploying specific features including infinite scrolling, activity notifications and appearance-altering photo filters.

A California woman won at trial against Meta and YouTube earlier this year when her lawyers argued the companies knew such features were addictive and harmful to youth. The companies plan to appeal against the decision.

KOSA passed in the Senate in a 91-3 vote in 2024, but failed in the U.S. House of Representatives. It was reintroduced this year with support from both U.S. Senate Majority Leader John Thune, a Republican, and U.S. Senate Minority Leader Chuck Schumer, a Democrat.

(Reporting by Jody Godoy in New York; Editing by Chris Sanders and Edmund Klamann)",00ce8745addc565ef691b6f2bb721fecc07ca36c291bafc9a08bbcd463de247b,ok,,4693,4042,0,week4_lseg_html_v1,True,True
2026-06-18 21:43:08.143,2026-06-18,2026-06-18T00:00:00,2026-06-18T23:59:59,META,META.O,R:META.O and Language:LEN,urn:newsml:reuters.com:20260618:nNRA0xs7qm:1,reuters,NS:DATMTR,Magnitude Platforms Raises USD10 Million in Seed Financing,,"Magnitude Platforms Inc, emerged from stealth with USD10M in seed funding led by Ballistic Ventures to launch the world's first autonomous AI workforce for third-party risk management (TPRM) teams. Built by a team of AI and security leaders from Amazon, Abnormal AI, Proofpoint, and Pandora, the company is redefining third-party risk management for the Mythos era, where autonomous offense can expose weaknesses across vendors, products, AI agents, and downstream dependencies faster than humans can respond

Magnitude deploys AI risk agents that continuously assess vendor risk and govern AI agents across third- and Nth-party ecosystems by gathering and validating evidence, making risk decisions, and driving remediation. These digital workers operate in line with each enterprise's policies and improve their reasoning over time, creating an autonomous governance and defense system for managing third-party risk. As AI-powered supply chain attacks accelerate, driven by emerging frontier models, organizations require an equally autonomous approach to defense that helps them adopt third-party AI faster

Magnitude Platforms Inc, emerged from stealth with USD10M in seed funding led by Ballistic Ventures to launch the world's first autonomous AI workforce for third-party risk management teams. Built by a team of AI and security leaders from Amazon, Abnormal AI, Proofpoint, and Pandora, the company is redefining third-party risk management for the Mythos era,... Deal In Brief

""Today's third-party risk model was built for a different era. As autonomous offense becomes a reality, organizations need autonomous defense to keep pace,"" said Rami Habal, CEO and founder of Magnitude. ""Modern organizations rely on deeply interconnected ecosystems of vendors, products, and AI agents, creating external dependencies that traditional governance and third-party risk programs were never designed to manage continuously. Magnitude delivers a new autonomous governance and defense system for managing third- and Nth-party risk, where assessment, monitoring, correlation, and remediation operate continuously across all external dependencies, enabling high-confidence decisions at scale."" Third-party risk management has reached an inflection point. What was once treated largely as a compliance function has now become a core security requirement, as vendors, products, AI agents, and downstream dependencies evolve faster than periodic assessments can track. An assessment completed in January may be obsolete by March. At the same time, teams struggle to monitor even their most critical vendors, while Nth-party risks remain largely invisible. This leaves organizations without a scalable way to govern risk across their expanding supply chain ecosystem, especially as AI-driven threats evolve at machine speed

The Mythos era adds a new level of urgency to this challenge. AI-powered tools can identify weaknesses across large software ecosystems in minutes, creating a parallel third-party and Nth-party risk problem that most enterprises are unprepared to manage. Security teams may be focused on defending their own environments, but the same speed and scale of AI-driven vulnerability discovery now applies to vendors, products, and AI agents across the broader supply chain

Organizations also lack a scalable way to understand and act on changing supply chain risk. When new vulnerabilities emerge, teams often cannot quickly determine which vendors may be exposed, which are prepared to respond, and which vendors should be prioritized based on risk, readiness, and potential business impact. Vendors rely on other vendors, creating Nth-party exposure that most organizations do not monitor at all, even as breaches increasingly originate from these upstream dependencies. As frontier models such as Mythos accelerate autonomous offensive capabilities, threats can propagate across interconnected ecosystems faster than traditional remediation processes can respond. When issues are identified, closing the loop is slow and inconsistent. Decisions vary, remediation lags, and outcomes are rarely tied back to policy, turning what should be a continuous system into a series of disconnected tasks

Magnitude is designed to operate at the same speed and scale as modern AI-driven threats, providing an autonomous defense layer for third- and Nth-party ecosystems. It solves these challenges by operating as an autonomous workforce for third-party risk management. Instead of relying on manual workflows, its AI risk agents handle the manual, mundane-but-critical, and error-prone work, continuously gathering and validating evidence, assessing risk across vendors and products, and governing AI agents in the context of each enterprise's policies. They generate high-confidence decisions and remediations in real time, delivering an autonomous governance and defense system for all external dependencies

These digital workers continuously evolve, tailoring remediations to each enterprise's risk posture and learning from decisions, feedback, and real-world outcomes to refine how risk is assessed and managed. Magnitude's AI risk agents act as a coordinated workforce, reasoning against each enterprise's governance standards, interpreting evidence in context, and continuously refining their judgment. This enables consistent, explainable decisions that get smarter over time across every vendor and use case

For example, when a Mythos-scale vulnerability emerges, Magnitude helps organizations quickly understand their risk exposure across their third- and Nth-party ecosystem. The platform can immediately assess which vendors, products, AI agents, and downstream dependencies might be exposed, determine which vendors are better prepared to respond, and prioritize the actions security and risk teams should take first. This gives organizations a more operational way to manage the risk window between vulnerability discovery and potential breach, helping them identify the highest-risk vendors first, prioritize response based on exposure and readiness, and coordinate internal and vendor remediation before third-party weakness translates to business impact

By connecting assessment, monitoring, and remediation into a single autonomous system, Magnitude solves the drawbacks in traditional TPRM programs. The result is a shift from point-in-time reviews to continuous assurance, with faster vendor onboarding, improved decision quality, and the ability to manage risk at machine speed across thousands of third- and Nth-party vendors without adding headcount

""A core thesis for us at Ballistic is that the most important security companies will both help companies be more secure and help enable them to move faster,"" said Jake Seid, co-founder and General Partner at Ballistic Ventures. ""Magnitude fits this thesis directly. With every third-party vendor adding AI capability, you need AI to help you adopt AI quickly and safely. But with the adversary using AI to attack the third-party enterprise surface at machine scale and speed, you need AI to help you defend against the new reality of autonomous offense. People think Mythos, but any adversary can do this today with openweight models for 20x less cost than the closed-weight models. Magnitude redefines TPRM for the agentic era."" Customers are already putting this model into production. Enterprises are using Magnitude to move from months-long assessments and limited monitoring to continuous assurance, reducing manual effort while improving speed, coverage, and decision quality

""Frontier AI models like Mythos and GPT-5.5-Cyber are changing the speed and scope of third-party risk,"" said Phil Harris, Research Director, Governance, Risk, and Compliance Solutions at IDC. ""As autonomous systems expose weaknesses across vendors, products, AI agents, and downstream dependencies, organizations need more than periodic assessments. They need a continuous way to understand which external dependencies are exposed, which are prepared to respond, and where action should be prioritized based on security, operational, and business impact. Magnitude's approach reflects the market need for more autonomous, intelligence-driven systems for managing third- and Nth-party risk at scale.""

Deal Value (US$ Million)10

Deal TypeVenture Finance

Sub-CategorySeed

Deal StatusCompleted: 2026-06-16

Deal Participants

Target (Company)Magnitude Platforms Inc

Acquirer 1 (Company)Undisclosed Company

Acquirer 2 (Company)Ballistic Ventures

Deal Rationale

The funding will be used to launch the world's first autonomous AI workforce for third-party risk management (TPRM) teams. The company aims to redefine third-party risk management for the Mythos era, where autonomous offense can expose weaknesses across vendors, products, AI agents, and downstream dependencies faster than humans can respond.

(Republication or redistribution, including by framing or similar means, is expressly prohibited without prior written consent. Marketline shall not be liable for errors or delays in the content, or for any actions taken in reliance thereon.)",41a84ed028209686d5c5b9f51cf0d5a0e513b5086056c6836e8438ccc9303772,ok,,9753,9119,0,week4_lseg_html_v1,True,True
2026-06-19 22:53:57.161,2026-06-19,2026-06-19T00:00:00,2026-06-19T23:59:59,META,META.O,R:META.O and Language:LEN,urn:newsml:newsroom:20260619:nNRA0y8dnh:0,newsroom,NS:MARDAJ,"Wick Capital Partners LLC Has $13.25 Million Stock Position in Meta Platforms, Inc. $META",,"Jun 18, 2026

Wick Capital Partners LLC raised its position in Meta Platforms, Inc. (NASDAQ:META - Free Report) by 774.0% during the fourth quarter, according to its most recent Form 13F filing with the Securities and Exchange Commission (SEC). The institutional investor owned 20,076 shares of the social networking company's stock after purchasing an additional 17,779 shares during the quarter. Meta Platforms makes up approximately 1.0% of Wick Capital Partners LLC's holdings, making the stock its 16th biggest position. Wick Capital Partners LLC's holdings in Meta Platforms were worth $13,252,000 at the end of the most recent reporting period.

Other hedge funds also recently bought and sold shares of the company. Vanguard Group Inc. boosted its stake in shares of Meta Platforms by 3.8% during the 4th quarter. Vanguard Group Inc. now owns 199,995,630 shares of the social networking company's stock worth $132,015,115,000 after acquiring an additional 7,269,279 shares in the last quarter. State Street Corp raised its stake in shares of Meta Platforms by 5.1% in the 4th quarter. State Street Corp now owns 90,841,345 shares of the social networking company's stock valued at $59,963,463,000 after acquiring an additional 4,395,763 shares in the last quarter. Geode Capital Management LLC raised its stake in shares of Meta Platforms by 1.7% in the 4th quarter. Geode Capital Management LLC now owns 52,806,712 shares of the social networking company's stock valued at $34,734,628,000 after acquiring an additional 878,396 shares in the last quarter. Capital World Investors lifted its holdings in Meta Platforms by 0.8% in the 4th quarter. Capital World Investors now owns 39,558,637 shares of the social networking company's stock worth $26,112,735,000 after purchasing an additional 310,947 shares during the last quarter. Finally, Morgan Stanley lifted its holdings in Meta Platforms by 2.2% in the 4th quarter. Morgan Stanley now owns 37,553,102 shares of the social networking company's stock worth $24,788,429,000 after purchasing an additional 823,883 shares during the last quarter. 79.91% of the stock is owned by institutional investors and hedge funds.

Insiders Place Their Bets

In related news, insider Curtis J. Mahoney sold 2,079 shares of the stock in a transaction dated Wednesday, May 27th. The shares were sold at an average price of $609.92, for a total value of $1,268,023.68. Following the completion of the sale, the insider owned 1,118 shares in the company, valued at approximately $681,890.56. This trade represents a 65.03% decrease in their ownership of the stock. The transaction was disclosed in a filing with the Securities & Exchange Commission, which is accessible through this hyperlink. The transaction was executed under a pre-arranged Rule 10b5-1 trading plan. Also, Director Robert M. Kimmitt sold 504 shares of Meta Platforms stock in a transaction dated Monday, June 1st. The stock was sold at an average price of $629.29, for a total value of $317,162.16. Following the sale, the director directly owned 3,943 shares in the company, valued at approximately $2,481,290.47. This trade represents a 11.33% decrease in their ownership of the stock. The SEC filing for this sale provides additional information. The transaction was executed under a pre-arranged Rule 10b5-1 trading plan. Insiders have sold 40,568 shares of company stock worth $25,057,365 in the last ninety days. Insiders own 13.53% of the company's stock.

Analysts Set New Price Targets

Several equities analysts have commented on META shares. Truist Financial lowered their price target on Meta Platforms from $900.00 to $840.00 and set a ""buy"" rating on the stock in a report on Thursday, April 30th. Mizuho reduced their price objective on shares of Meta Platforms from $850.00 to $835.00 and set an ""outperform"" rating for the company in a research note on Tuesday, May 5th. Tigress Financial upped their price objective on shares of Meta Platforms from $935.00 to $945.00 and gave the stock a ""strong-buy"" rating in a report on Wednesday, March 18th. UBS Group lowered shares of Meta Platforms from a ""buy"" rating to a ""neutral"" rating in a research note on Tuesday, June 2nd. Finally, Sanford C. Bernstein dropped their target price on shares of Meta Platforms from $900.00 to $850.00 and set an ""outperform"" rating on the stock in a report on Thursday, April 30th. Three research analysts have rated the stock with a Strong Buy rating, thirty-five have issued a Buy rating, nine have issued a Hold rating and one has given a Sell rating to the company's stock. According to data from MarketBeat.com, Meta Platforms has a consensus rating of ""Moderate Buy"" and a consensus price target of $840.60.

Get Our Latest Analysis on META

Key Meta Platforms News

Here are the key news stories impacting Meta Platforms this week:

Positive Sentiment: Meta is expanding its AI infrastructure by signing new computing deals with Crusoe, which should help support its long-term AI buildout and capacity needs. Reuters: Meta signs new AI computing deals with data center firm Crusoe

Positive Sentiment: Meta continues to strengthen its AI-led growth narrative through data center expansion in India and new creator-focused AI tools on Facebook, both of which could improve engagement and future monetization. Insider Monkey: Meta rolls out new AI features on Facebook for content creators

Positive Sentiment: Threads has reached 500 million monthly active users, and Meta is adding new community and feed features, reinforcing the companys platform growth beyond Facebook and Instagram. Yahoo Finance: Meta reaches 500 million Threads users

Neutral Sentiment: Metas COO Javier Olivan disclosed another pre-planned stock sale, which is notable but not necessarily a fundamental signal since it was executed under a 10b5-1 plan. InsiderTrades: Meta COO sells stock

Neutral Sentiment: Metas dividend and long-term shareholder-return profile are supportive, but this is unlikely to be the main short-term stock driver. Finbold: Meta to pay dividends next week

Negative Sentiment: Reuters reported that Meta is lobbying Congress for legal protection from child-harm lawsuits, keeping regulatory and litigation risk in focus for investors. Reuters: Meta lobbies Congress for protection from child-harm lawsuits

Negative Sentiment: Concerns around AI execution also weighed on sentiment after Reuters said a key executive overseeing Metas AI for work transformation is leaving the company. Reuters: Meta head of product for AI for work transformation is leaving company

Negative Sentiment: Meta was also hit by reports that attackers exploited its AI customer support chatbot to compromise Instagram accounts, raising trust and security concerns around its AI tools. Yahoo Finance: Meta faces AI support breach as key internal AI executive exits

Meta Platforms Stock Up 1.7%

Shares of META stock opened at $577.22 on Friday. Meta Platforms, Inc. has a 12 month low of $520.26 and a 12 month high of $796.25. The firm has a market cap of $1.46 trillion, a PE ratio of 20.98, a price-to-earnings-growth ratio of 1.01 and a beta of 1.23. The stock has a 50 day moving average of $621.98 and a 200-day moving average of $634.55. The company has a quick ratio of 2.35, a current ratio of 2.35 and a debt-to-equity ratio of 0.24.

Meta Platforms (NASDAQ:META - Get Free Report) last announced its quarterly earnings data on Wednesday, April 29th. The social networking company reported $10.44 earnings per share (EPS) for the quarter, topping the consensus estimate of $6.67 by $3.77. Meta Platforms had a net margin of 32.84% and a return on equity of 36.93%. The business had revenue of $56.31 billion for the quarter, compared to the consensus estimate of $55.56 billion. During the same quarter last year, the company posted $6.43 earnings per share. Meta Platforms's quarterly revenue was up 33.1% on a year-over-year basis. On average, equities analysts predict that Meta Platforms, Inc. will post 29.35 EPS for the current year.

Meta Platforms Dividend Announcement

The business also recently declared a quarterly dividend, which will be paid on Thursday, June 25th. Shareholders of record on Monday, June 15th will be issued a $0.525 dividend. The ex-dividend date of this dividend is Monday, June 15th. This represents a $2.10 dividend on an annualized basis and a yield of 0.4%. Meta Platforms's dividend payout ratio is 7.63%.

About Meta Platforms

(Free Report)

Meta Platforms, Inc (NASDAQ: META), formerly Facebook, Inc, is a global technology company best known for building social networking services and immersive computing platforms. Founded in 2004 and headquartered in Menlo Park, California, the company operates a family of consumer-facing products and services that connect users, creators and businesses. In October 2021 the company rebranded as Meta to reflect an expanded strategic focus on augmented and virtual reality technologies alongside its social media businesses.

Meta's core consumer products include Facebook, Instagram, WhatsApp and Messenger, which enable social networking, messaging, content sharing and community building across mobile and desktop devices.

Further Reading

Five stocks we like better than Meta Platforms

Credo Technologies Accelerates AIIts Stock Price Will Follow

Qualcomm Goes All-In: The $10B Bet to Crush NVIDIA

Jabil Just Gave Investors a Stronger Reason to Buy the Dip

CarMax In Reverse? Why You Should Buy Now Before the Big Catalysts Emerge",2eac8e93562a7bf4a7abc1548fa9791e8f07214f097bdf23fee75268a6f6f679,ok,,10257,9529,0,week4_lseg_html_v1,True,True
2026-06-19 22:53:37.641,2026-06-19,2026-06-19T00:00:00,2026-06-19T23:59:59,META,META.O,R:META.O and Language:LEN,urn:newsml:newsroom:20260619:nNRA0y8d73:0,newsroom,NS:MARDAJ,"4,613 Shares in Meta Platforms, Inc. $META Acquired by Mcguire Capital Advisors Inc.",,"Jun 18, 2026

Mcguire Capital Advisors Inc. acquired a new stake in Meta Platforms, Inc. (NASDAQ:META - Free Report) during the 4th quarter, according to the company in its most recent filing with the Securities & Exchange Commission. The institutional investor acquired 4,613 shares of the social networking company's stock, valued at approximately $3,045,000. Meta Platforms comprises 1.9% of Mcguire Capital Advisors Inc.'s investment portfolio, making the stock its 11th largest position.

A number of other large investors have also bought and sold shares of META. Westchester Capital Management Inc. bought a new position in shares of Meta Platforms during the 3rd quarter worth $26,000. RHL Group LLC bought a new stake in Meta Platforms in the 4th quarter valued at about $28,000. Strategic Wealth Advisors LLC bought a new stake in Meta Platforms in the 4th quarter valued at about $29,000. Niles Investment Management LLC purchased a new stake in Meta Platforms during the fourth quarter valued at about $29,000. Finally, Safe Harbor Fiduciary LLC bought a new position in Meta Platforms during the fourth quarter worth about $42,000. 79.91% of the stock is owned by hedge funds and other institutional investors.

Meta Platforms Stock Performance

NASDAQ META opened at $577.22 on Friday. Meta Platforms, Inc. has a 52-week low of $520.26 and a 52-week high of $796.25. The company has a fifty day moving average of $621.98 and a 200-day moving average of $634.55. The company has a market capitalization of $1.46 trillion, a P/E ratio of 20.98, a P/E/G ratio of 1.01 and a beta of 1.23. The company has a debt-to-equity ratio of 0.24, a quick ratio of 2.35 and a current ratio of 2.35.

Meta Platforms (NASDAQ:META - Get Free Report) last released its earnings results on Wednesday, April 29th. The social networking company reported $10.44 EPS for the quarter, beating analysts' consensus estimates of $6.67 by $3.77. Meta Platforms had a return on equity of 36.93% and a net margin of 32.84%.The business had revenue of $56.31 billion for the quarter, compared to analysts' expectations of $55.56 billion. During the same quarter in the prior year, the firm earned $6.43 earnings per share. The firm's revenue was up 33.1% on a year-over-year basis. As a group, equities research analysts predict that Meta Platforms, Inc. will post 29.35 EPS for the current fiscal year.

Meta Platforms Dividend Announcement

The company also recently disclosed a quarterly dividend, which will be paid on Thursday, June 25th. Stockholders of record on Monday, June 15th will be given a dividend of $0.525 per share. The ex-dividend date is Monday, June 15th. This represents a $2.10 annualized dividend and a dividend yield of 0.4%. Meta Platforms's dividend payout ratio is 7.63%.

Analyst Ratings Changes

META has been the subject of several recent research reports. Morgan Stanley reduced their target price on shares of Meta Platforms from $825.00 to $775.00 and set an ""overweight"" rating for the company in a research note on Monday, March 30th. JPMorgan Chase & Co. reiterated a ""neutral"" rating and issued a $725.00 price objective (down from $825.00) on shares of Meta Platforms in a research note on Thursday, April 30th. Royal Bank Of Canada restated an ""outperform"" rating and set a $810.00 target price on shares of Meta Platforms in a research report on Monday, June 1st. Wolfe Research cut their price target on Meta Platforms from $850.00 to $800.00 and set an ""outperform"" rating for the company in a report on Friday, April 10th. Finally, Sanford C. Bernstein reduced their price target on Meta Platforms from $900.00 to $850.00 and set an ""outperform"" rating for the company in a research report on Thursday, April 30th. Three research analysts have rated the stock with a Strong Buy rating, thirty-five have issued a Buy rating, nine have assigned a Hold rating and one has issued a Sell rating to the company's stock. According to MarketBeat.com, Meta Platforms has a consensus rating of ""Moderate Buy"" and a consensus target price of $840.60.

Read Our Latest Stock Analysis on META

Trending Headlines about Meta Platforms

Here are the key news stories impacting Meta Platforms this week:

Positive Sentiment: Meta is expanding its AI infrastructure by signing new computing deals with Crusoe, which should help support its long-term AI buildout and capacity needs. Reuters: Meta signs new AI computing deals with data center firm Crusoe

Positive Sentiment: Meta continues to strengthen its AI-led growth narrative through data center expansion in India and new creator-focused AI tools on Facebook, both of which could improve engagement and future monetization. Insider Monkey: Meta rolls out new AI features on Facebook for content creators

Positive Sentiment: Threads has reached 500 million monthly active users, and Meta is adding new community and feed features, reinforcing the companys platform growth beyond Facebook and Instagram. Yahoo Finance: Meta reaches 500 million Threads users

Neutral Sentiment: Metas COO Javier Olivan disclosed another pre-planned stock sale, which is notable but not necessarily a fundamental signal since it was executed under a 10b5-1 plan. InsiderTrades: Meta COO sells stock

Neutral Sentiment: Metas dividend and long-term shareholder-return profile are supportive, but this is unlikely to be the main short-term stock driver. Finbold: Meta to pay dividends next week

Negative Sentiment: Reuters reported that Meta is lobbying Congress for legal protection from child-harm lawsuits, keeping regulatory and litigation risk in focus for investors. Reuters: Meta lobbies Congress for protection from child-harm lawsuits

Negative Sentiment: Concerns around AI execution also weighed on sentiment after Reuters said a key executive overseeing Metas AI for work transformation is leaving the company. Reuters: Meta head of product for AI for work transformation is leaving company

Negative Sentiment: Meta was also hit by reports that attackers exploited its AI customer support chatbot to compromise Instagram accounts, raising trust and security concerns around its AI tools. Yahoo Finance: Meta faces AI support breach as key internal AI executive exits

Insider Transactions at Meta Platforms

In other Meta Platforms news, CTO Andrew Bosworth sold 7,847 shares of the stock in a transaction that occurred on Monday, May 18th. The shares were sold at an average price of $607.83, for a total transaction of $4,769,642.01. Following the transaction, the chief technology officer directly owned 414 shares in the company, valued at $251,641.62. This trade represents a 94.99% decrease in their ownership of the stock. The sale was disclosed in a legal filing with the Securities & Exchange Commission, which is available at this hyperlink. The transaction was executed under a pre-arranged Rule 10b5-1 trading plan. The sale was made to cover tax withholding obligations related to the vesting of equity awards. Also, insider Curtis J. Mahoney sold 2,079 shares of Meta Platforms stock in a transaction that occurred on Wednesday, May 27th. The stock was sold at an average price of $609.92, for a total transaction of $1,268,023.68. Following the transaction, the insider directly owned 1,118 shares in the company, valued at $681,890.56. This trade represents a 65.03% decrease in their ownership of the stock. The SEC filing for this sale provides additional information. The transaction was executed under a pre-arranged Rule 10b5-1 trading plan. In the last quarter, insiders sold 40,568 shares of company stock valued at $25,057,365. 13.53% of the stock is currently owned by corporate insiders.

About Meta Platforms

(Free Report)

Meta Platforms, Inc (NASDAQ: META), formerly Facebook, Inc, is a global technology company best known for building social networking services and immersive computing platforms. Founded in 2004 and headquartered in Menlo Park, California, the company operates a family of consumer-facing products and services that connect users, creators and businesses. In October 2021 the company rebranded as Meta to reflect an expanded strategic focus on augmented and virtual reality technologies alongside its social media businesses.

Meta's core consumer products include Facebook, Instagram, WhatsApp and Messenger, which enable social networking, messaging, content sharing and community building across mobile and desktop devices.

Featured Stories

Five stocks we like better than Meta Platforms

Credo Technologies Accelerates AIIts Stock Price Will Follow

Qualcomm Goes All-In: The $10B Bet to Crush NVIDIA

Jabil Just Gave Investors a Stronger Reason to Buy the Dip

CarMax In Reverse? Why You Should Buy Now Before the Big Catalysts Emerge

Want to see what other hedge funds are holding META? Visit HoldingsChannel.com to get the latest 13F filings and insider trades for Meta Platforms, Inc. (NASDAQ:META - Free Report).",3459b28bfea665a46cb5d01a06d5314ee8e039bcae1b06259b144b8bce3db024,ok,,9687,8933,0,week4_lseg_html_v1,True,True
2026-06-19 22:06:13.000,2026-06-19,2026-06-19T00:00:00,2026-06-19T23:59:59,META,META.O,R:META.O and Language:LEN,urn:newsml:reuters.com:20260619:nL1N42R0MP:2,reuters,NS:RTRS,UPDATE 1-US scientist John Jumper to leave Google DeepMind for Anthropic,,"Adds analyst comment in paragraph 5

By Jaspreet Singh

June 19 (Reuters) - Senior research scientist John Jumper said on Friday he would leave Google DeepMind to join AI startup Anthropic, the latest high-profile departure at the Big Tech giant's AI lab.

Jumper, who won a Nobel prize alongside Google's Demis Hassabis in 2024, is best known as the co-creator of AlphaFold, a breakthrough AI that has predicted over 200 million protein structures, cutting years off biological and medical research.

""After nearly nine years, I have decided to leave Google DeepMind and join Anthropic,"" Jumper said in a post on X.

Technology giants including Meta META.O and Alphabet GOOGL.O, along with AI upstarts such as Anthropic and OpenAI are locked in a fierce talent war, competing for elite researchers as they race to build next-generation AI systems.

""There is so much demand for limited AI research talent that the frontier AI research labs are willing to do whatever it takes to add them. This puts OpenAI and Anthropic at an advantage over large companies like Google because they can promise less bureaucracy and a more focused effort on pursuing Superintelligence,"" said D.A. Davidson analyst Gil Luria.

Jumper's surprise departure comes just days after Noam Shazeer, a vice president of engineering at Google and co-lead of its Gemini AI models, said he would leave the company to join IPO-bound OpenAI.

""What we achieved with AlphaFold changed the world, and showed the field what was possible with AI for science and medicine, lighting the way for how AI can benefit humanity,"" Hassabis said in a reply to Jumper's post.

Jumper serves as VP, Engineering Fellow, at Google DeepMind, according to his LinkedIn page. He is moving to Anthropic at a time when the startup is embroiled in a high-stakes legal and regulatory battle with the U.S. government.

Anthropic is hosting a science event on June 30. The startup did not immediately respond to a Reuters request for comment regarding Jumper's new role.

In the X post, Jumper described Google DeepMind as a ""special place"" and indicated his continued interest in its future discoveries.

""We are grateful for John’s significant contributions to Google DeepMind’s work in advancing science and AI. We wish him well in his next chapter,"" a Google DeepMind spokesperson told Reuters in an emailed response.

(Reporting by Jaspreet Singh in Bengaluru; Editing by Andrea Ricci and Franklin Paul)",4ddabfdcba0b132e19784b6a3287ecd1d98c4528517c74da5fff64a9be82cb9c,ok,,3617,2450,0,week4_lseg_html_v1,True,True
2026-06-19 20:24:08.000,2026-06-19,2026-06-19T00:00:00,2026-06-19T23:59:59,META,META.O,R:META.O and Language:LEN,urn:newsml:reuters.com:20260619:nL4N42R0PX:4,reuters,NS:RTRS,US scientist John Jumper to leave Google DeepMind for Anthropic,,"June 19 (Reuters) - Senior research scientist John Jumper said on Friday he would leave Google DeepMind to join AI startup Anthropic, the latest high-profile departure at the Big Tech giant's AI research and development division.

Jumper, who won a Nobel prize alongside Google's Demis Hassabis in 2024, is best known as the co-creator of AlphaFold, a breakthrough AI that has predicted over 200 million protein structures, cutting years off biological and medical research.

""After nearly nine years, I have decided to leave Google DeepMind and join Anthropic,"" Jumper said in a post on X.

Technology giants including Meta META.O and Alphabet GOOGL.O, along with AI upstarts such as Anthropic and OpenAI are locked in a fierce talent war, competing for elite researchers as they race to build next-generation AI systems.

Jumper's surprise departure comes just days after Noam Shazeer, a vice president of engineering at Google and co-lead of its Gemini AI models, said he would leave the company to join IPO-bound OpenAI.

""What we achieved with AlphaFold changed the world, and showed the field what was possible with AI for science and medicine, lighting the way for how AI can benefit humanity,"" Hassabis said in a reply to Jumper's post.

Jumper serves as VP, Engineering Fellow, at Google DeepMind, according to his LinkedIn page. He is moving to Anthropic at a time when the startup is embroiled in a high-stakes legal and regulatory battle with the U.S. government.

Anthropic is hosting a science event on June 30. The startup did not immediately respond to a Reuters request for comment regarding Jumper's new role.

In the X post, Jumper described Google DeepMind as a ""special place"" and indicated his continued interest in its future discoveries.

""We are grateful for John’s significant contributions to Google DeepMind’s work in advancing science and AI. We wish him well in his next chapter,"" a Google DeepMind spokesperson told Reuters in an emailed response.

(Reporting by Jaspreet Singh in Bengaluru; Editing by Andrea Ricci )",e1dd2dc7a3262eca4b965e9077163cce961357f343acf41253552d57c0ac95cd,ok,,3104,2048,0,week4_lseg_html_v1,True,True
2026-06-19 20:21:36.597,2026-06-19,2026-06-19T00:00:00,2026-06-19T23:59:59,META,META.O,R:META.O and Language:LEN,urn:newsml:newsroom:20260619:nNRA0y7b8r:0,newsroom,NS:CERGEM,"Van Diest Capital LLC Buys Shares of 2,638 Meta Platforms, Inc. $META",,"Jun 18, 2026

Van Diest Capital LLC purchased a new position in shares of Meta Platforms, Inc. (NASDAQ:META - Free Report) during the fourth quarter, according to its most recent 13F filing with the Securities and Exchange Commission (SEC). The institutional investor purchased 2,638 shares of the social networking company's stock, valued at approximately $1,741,000. Meta Platforms makes up about 2.6% of Van Diest Capital LLC's investment portfolio, making the stock its 7th largest holding.

Several other hedge funds and other institutional investors have also modified their holdings of META. First National Bank Sioux Falls lifted its stake in Meta Platforms by 0.7% during the 4th quarter. First National Bank Sioux Falls now owns 2,001 shares of the social networking company's stock worth $1,321,000 after acquiring an additional 14 shares in the last quarter. Levin Capital Strategies L.P. grew its position in Meta Platforms by 1.4% in the 4th quarter. Levin Capital Strategies L.P. now owns 984 shares of the social networking company's stock valued at $649,000 after acquiring an additional 14 shares in the last quarter. Vista Capital Partners Inc. grew its position in Meta Platforms by 1.3% in the 2nd quarter. Vista Capital Partners Inc. now owns 1,075 shares of the social networking company's stock valued at $794,000 after acquiring an additional 14 shares in the last quarter. Arcataur Capital Management LLC increased its stake in Meta Platforms by 0.9% during the fourth quarter. Arcataur Capital Management LLC now owns 1,736 shares of the social networking company's stock worth $1,146,000 after purchasing an additional 15 shares during the period. Finally, Acorn Creek Capital LLC increased its stake in Meta Platforms by 0.7% during the fourth quarter. Acorn Creek Capital LLC now owns 2,118 shares of the social networking company's stock worth $1,398,000 after purchasing an additional 15 shares during the period. 79.91% of the stock is currently owned by hedge funds and other institutional investors.

Meta Platforms Stock Performance

Shares of Meta Platforms stock opened at $577.22 on Friday. The business has a 50-day simple moving average of $621.98 and a 200-day simple moving average of $634.55. The company has a debt-to-equity ratio of 0.24, a quick ratio of 2.35 and a current ratio of 2.35. Meta Platforms, Inc. has a one year low of $520.26 and a one year high of $796.25. The company has a market cap of $1.46 trillion, a PE ratio of 20.98, a P/E/G ratio of 1.01 and a beta of 1.23.

Meta Platforms (NASDAQ:META - Get Free Report) last issued its earnings results on Wednesday, April 29th. The social networking company reported $10.44 earnings per share for the quarter, beating the consensus estimate of $6.67 by $3.77. Meta Platforms had a net margin of 32.84% and a return on equity of 36.93%. The firm had revenue of $56.31 billion for the quarter, compared to analysts' expectations of $55.56 billion. During the same quarter last year, the company earned $6.43 earnings per share. The firm's revenue was up 33.1% compared to the same quarter last year. On average, equities research analysts forecast that Meta Platforms, Inc. will post 29.35 EPS for the current fiscal year.

Meta Platforms Dividend Announcement

The company also recently disclosed a quarterly dividend, which will be paid on Thursday, June 25th. Shareholders of record on Monday, June 15th will be given a $0.525 dividend. The ex-dividend date of this dividend is Monday, June 15th. This represents a $2.10 dividend on an annualized basis and a dividend yield of 0.4%. Meta Platforms's dividend payout ratio is currently 7.63%.

Insider Transactions at Meta Platforms

In other news, insider Curtis J. Mahoney sold 2,079 shares of Meta Platforms stock in a transaction on Wednesday, May 27th. The shares were sold at an average price of $609.92, for a total transaction of $1,268,023.68. Following the completion of the sale, the insider directly owned 1,118 shares of the company's stock, valued at approximately $681,890.56. The trade was a 65.03% decrease in their position. The transaction was disclosed in a document filed with the Securities & Exchange Commission, which is accessible through the SEC website. The transaction was executed under a pre-arranged Rule 10b5-1 trading plan. Also, COO Javier Olivan sold 140 shares of the business's stock in a transaction on Monday, June 15th. The stock was sold at an average price of $600.00, for a total transaction of $84,000.00. Following the transaction, the chief operating officer owned 12,846 shares of the company's stock, valued at approximately $7,707,600. The trade was a 1.08% decrease in their position. The disclosure for this sale is available in the SEC filing. The transaction was executed under a pre-arranged Rule 10b5-1 trading plan. In the last three months, insiders sold 40,568 shares of company stock valued at $25,057,365. Insiders own 13.53% of the company's stock.

Analyst Ratings Changes

META has been the subject of several recent research reports. Rosenblatt Securities reissued a ""buy"" rating and issued a $1,015.00 price objective on shares of Meta Platforms in a research note on Thursday, May 28th. Wells Fargo & Company cut their target price on shares of Meta Platforms from $770.00 to $765.00 and set an ""overweight"" rating on the stock in a research note on Wednesday, May 20th. Arete Research set a $735.00 target price on shares of Meta Platforms and gave the stock a ""buy"" rating in a report on Tuesday, June 2nd. Weiss Ratings reissued a ""buy (b)"" rating on shares of Meta Platforms in a research report on Friday, March 27th. Finally, Wall Street Zen downgraded shares of Meta Platforms from a ""buy"" rating to a ""hold"" rating in a research note on Saturday, May 16th. Three equities research analysts have rated the stock with a Strong Buy rating, thirty-five have issued a Buy rating, nine have assigned a Hold rating and one has issued a Sell rating to the stock. According to data from MarketBeat.com, Meta Platforms presently has a consensus rating of ""Moderate Buy"" and a consensus target price of $840.60.

Check Out Our Latest Report on META

Key Meta Platforms News

Here are the key news stories impacting Meta Platforms this week:

Positive Sentiment: Meta is expanding its AI infrastructure by signing new computing deals with Crusoe, which should help support its long-term AI buildout and capacity needs. Reuters: Meta signs new AI computing deals with data center firm Crusoe

Positive Sentiment: Meta continues to strengthen its AI-led growth narrative through data center expansion in India and new creator-focused AI tools on Facebook, both of which could improve engagement and future monetization. Insider Monkey: Meta rolls out new AI features on Facebook for content creators

Positive Sentiment: Threads has reached 500 million monthly active users, and Meta is adding new community and feed features, reinforcing the companys platform growth beyond Facebook and Instagram. Yahoo Finance: Meta reaches 500 million Threads users

Neutral Sentiment: Metas COO Javier Olivan disclosed another pre-planned stock sale, which is notable but not necessarily a fundamental signal since it was executed under a 10b5-1 plan. InsiderTrades: Meta COO sells stock

Neutral Sentiment: Metas dividend and long-term shareholder-return profile are supportive, but this is unlikely to be the main short-term stock driver. Finbold: Meta to pay dividends next week

Negative Sentiment: Reuters reported that Meta is lobbying Congress for legal protection from child-harm lawsuits, keeping regulatory and litigation risk in focus for investors. Reuters: Meta lobbies Congress for protection from child-harm lawsuits

Negative Sentiment: Concerns around AI execution also weighed on sentiment after Reuters said a key executive overseeing Metas AI for work transformation is leaving the company. Reuters: Meta head of product for AI for work transformation is leaving company

Negative Sentiment: Meta was also hit by reports that attackers exploited its AI customer support chatbot to compromise Instagram accounts, raising trust and security concerns around its AI tools. Yahoo Finance: Meta faces AI support breach as key internal AI executive exits

About Meta Platforms

(Free Report)

Meta Platforms, Inc (NASDAQ: META), formerly Facebook, Inc, is a global technology company best known for building social networking services and immersive computing platforms. Founded in 2004 and headquartered in Menlo Park, California, the company operates a family of consumer-facing products and services that connect users, creators and businesses. In October 2021 the company rebranded as Meta to reflect an expanded strategic focus on augmented and virtual reality technologies alongside its social media businesses.

Meta's core consumer products include Facebook, Instagram, WhatsApp and Messenger, which enable social networking, messaging, content sharing and community building across mobile and desktop devices.

Featured Articles

Five stocks we like better than Meta Platforms

Credo Technologies Accelerates AIIts Stock Price Will Follow

Qualcomm Goes All-In: The $10B Bet to Crush NVIDIA

Jabil Just Gave Investors a Stronger Reason to Buy the Dip

CarMax In Reverse? Why You Should Buy Now Before the Big Catalysts Emerge

Want to see what other hedge funds are holding META? Visit HoldingsChannel.com to get the latest 13F filings and insider trades for Meta Platforms, Inc. (NASDAQ:META - Free Report).",d799f64fb2adb743ffc4646bf176640f8070c79484583b1302a3cabc2b30104b,ok,,10286,9536,0,week4_lseg_html_v1,True,True
2026-06-20 15:59:25.755,2026-06-20,2026-06-20T00:00:00,2026-06-20T23:59:59,META,META.O,R:META.O and Language:LEN,urn:newsml:newsroom:20260620:nNRA0ygsbb:0,newsroom,NS:MALGOV,"Italian Mother Takes On Meta, TikTok After Daughter's Death",,"Kualalumpur: Here is the text of news released by official news agency Bernama on its website:

In the span of just a few months, Irene Roggero Ugues watched her daughter Rossella's behaviour change as social media fed her an increasing stream of self-harm content, before the 12-year-old died by suicide.

Only after Rossella's death did Irene and her husband unlock her devices, according to Reuters.

They found that she had been using social media far more than they had known, including maintaining a secret Instagram profile called 'Just a dead pers0n' with a zero instead of an o.

In September, 2023, they said, Rossella began searching for depressive material which mirrored how she felt. Social media algorithms kept pushing it back to her, and just five months later she was dead.

""At some point, it seemed to take on a life of its own, growing until it overwhelmed the cheerful, sociable side of her - the brighter part,"" Irene told Reuters in a private room at a café in central Asti, her hometown in northern Italy.

Rossella's parents are among a number of families in Italy that have brought a lawsuit against Instagram-and-Facebook-owner Meta META.O, and its biggest social media rival TikTok.

In the first collective action in Italy to directly challenge social media companies and their algorithms, the families are seeking tighter limits on minors' access and greater awareness of risks.

Both companies deny the lawsuit's allegations that their services are harmful to young people, and say they take steps to protect young users by removing harmful content, limiting exposure to risky material and helping families manage children's accounts.

""We know parents worry about the safety of their teens online, which is why we're consistently making changes to help protect teens,"" a Meta spokesperson said, citing its ""Teen Accounts"" and built-in safeguards.

""We strongly disagree with these allegations, which ignore our longstanding commitment to supporting young people.""

TikTok said its efforts include strict enforcement of guidelines aimed at protecting users' mental and behavioural health, adding that it removes more than 99 per cent of content that violates those rules.

""We also continue to invest in safety measures to diversify recommended content, block potentially harmful searches and connect vulnerable users with support resources,"" a TikTok spokesperson said, citing local suicide prevention help lines.

Asked specifically about the role that Instagram may have played in Rossella's case, Meta told Reuters that it would not comment directly during the litigation, but that young people’s mental health is shaped by a wide range of factors.

The impact of social media platforms depends on how they are used, the safeguards in place to protect users, and the level of parental involvement, it said.

Speaking slowly and choosing her words carefully, Irene said Rossella's tragedy unfolded like a sudden, devastating ""illness"" that left her parents powerless.

Without the algorithm, she says, ""the progression of her distress - or psychosis, or whatever it was that I still cannot define - might have unfolded more naturally.""

Scrutiny of digital platforms is intensifying across Europe, with Britain announcing plans this week to ban social media for children under 16. In the United States, a US ruling found Meta and Alphabet's Google negligent in designing platforms deemed harmful to young people.

European Union regulators are stepping up enforcement of the Digital Services Act, pressing online platforms to better protect minors and curb harmful content.

""The goal is not to dismiss the benefits of social media, but to remove the technological and marketing mechanisms that make it harmful to the most vulnerable users,"" said lawyer Stefano Commodo, who is leading the case with the Italian association of parents MOIGE.

Parents say safeguards provided by the platforms fall short, noting that children can easily find online tutorials showing how to bypass filters or avoid time limits by switching devices.

""Monitoring social media use is a full-time job. It would require parents to spend all their time doing it, and that is simply unrealistic,"" said Valentina Muraglie, who sits on the board of Italy's association of large families.

Her own son Antonio put aside his collection of Harry Potter books and replaced reading with scrolling as a teenager. Now in his 20s, he finds it hard to read in depth, which she blames on social media algorithms that sucked away his attention.

""Once he had a phone in his hand, at 16, little by little books started to disappear,"" she told Reuters. ""Within a few years he stopped reading altogether.""

The World Health Organisation warns that problematic social media use - marked by addiction-like behaviour - is increasing among adolescents and is linked to lower well-being, poor sleep and broader health risks.

Studies published in JAM Paediatrics, a US medical journal, point to measurable differences in brain development among heavy social media users, particularly teenagers whose brains are still developing.

The Italian case argues that social media platforms use reward mechanisms modelled on slot machines to foster dependency, by repeatedly triggering dopamine, a brain chemical linked to pleasure and reward.

""Each 'like' or notification triggers dopamine release, tying users to the platform in a way that resembles addiction,"" said Tonino Cantelmi, a plaintiffs' advisor and director of the School of Specialisation in Cognitive-Interpersonal Psychotherapy in Rome.

Families bringing the case say brain scan studies of social media users show activity in areas of the brain associated with addiction.

Asked about the scientific evidence on addiction presented in court, spokespeople from Meta and TikTok declined to comment on the litigation, while repeating their earlier comments on the companies' records on mental health.

Some psychologists caution against drawing simple conclusions about the effects of social media on adolescents.

""The healthiest approach when dealing with adolescents is to accept that we are unprepared,"" Federico Tonioni, head of the Web Psychopathology Centre at Rome's Gemelli hospital, said.

He added he could not conclude that his patients would suffer less in a world without social networks, warning against over-reliance on parental control.

""If there is something dangerous, it is control over children. Young people need to be listened to. Control is not a healthy form of presence. The healthiest distance is trust.""

Irene Roggero Ugues said she joined the lawsuit to help ensure that other parents are made aware of risks that she did not learn about until after it was too late to save Rossella.

""We underestimated certain risks and didn't know they existed, but others can still act. There's no point keeping this to myself, and I don't think Rossella would mind.""",2f1805bcd47d915a1342be0d9c69ba0980d8da79baaa4c7cb66e2d0227c48ce3,ok,,7198,6931,0,week4_lseg_html_v1,True,True
2026-06-20 15:24:25.149,2026-06-20,2026-06-20T00:00:00,2026-06-20T23:59:59,META,META.O,R:META.O and Language:LEN,urn:newsml:newsroom:20260620:nNRA0ygg0a:0,newsroom,NS:MARDAJ,"6,617 Shares in Meta Platforms, Inc. $META Acquired by Titan Investment Management LLC",,"Jun 19, 2026

Titan Investment Management LLC acquired a new stake in Meta Platforms, Inc. (NASDAQ:META - Free Report) during the 4th quarter, according to the company in its most recent filing with the SEC. The institutional investor acquired 6,617 shares of the social networking company's stock, valued at approximately $4,368,000. Meta Platforms accounts for 4.0% of Titan Investment Management LLC's holdings, making the stock its 5th biggest holding.

A number of other hedge funds and other institutional investors also recently added to or reduced their stakes in META. Westchester Capital Management Inc. acquired a new position in shares of Meta Platforms in the third quarter worth $26,000. RHL Group LLC acquired a new stake in Meta Platforms during the fourth quarter valued at $28,000. Strategic Wealth Advisors LLC purchased a new position in Meta Platforms in the fourth quarter valued at about $29,000. Niles Investment Management LLC purchased a new position in Meta Platforms in the fourth quarter valued at about $29,000. Finally, Safe Harbor Fiduciary LLC acquired a new position in Meta Platforms in the 4th quarter worth about $42,000. Hedge funds and other institutional investors own 79.91% of the company's stock.

Analysts Set New Price Targets

A number of equities research analysts have recently weighed in on the company. Wells Fargo & Company cut their price target on Meta Platforms from $770.00 to $765.00 and set an ""overweight"" rating for the company in a research note on Wednesday, May 20th. Truist Financial dropped their price objective on Meta Platforms from $900.00 to $840.00 and set a ""buy"" rating on the stock in a report on Thursday, April 30th. Benchmark started coverage on shares of Meta Platforms in a research report on Tuesday, June 2nd. They set a ""buy"" rating on the stock. UBS Group cut shares of Meta Platforms from a ""buy"" rating to a ""neutral"" rating in a research note on Tuesday, June 2nd. Finally, The Goldman Sachs Group downgraded shares of Meta Platforms from a ""buy"" rating to a ""sell"" rating in a research report on Tuesday, June 2nd. Three equities research analysts have rated the stock with a Strong Buy rating, thirty-five have issued a Buy rating, nine have issued a Hold rating and one has issued a Sell rating to the company's stock. Based on data from MarketBeat.com, the stock presently has an average rating of ""Moderate Buy"" and a consensus target price of $840.60.

Read Our Latest Analysis on META

Meta Platforms News Roundup

Here are the key news stories impacting Meta Platforms this week:

Positive Sentiment: Wall Street commentary remains constructive on Metas long-term AI strategy, with Evercore ISIs Mark Mahaney naming META one of the best Magnificent 7 stock buys, reinforcing the view that the stock may still offer upside after its recent pullback. Article: Famous Wall Street Tech Analyst Names Meta and Amazon the Best Magnificent 7 Stock Buys Today

Positive Sentiment: Meta continues to expand its AI infrastructure, including new computing deals with Crusoe and a strategic data-center partnership in India, which supports the companys long-term AI capacity and monetization plans. Article: Meta signs new AI computing deals with data center firm Crusoe

Positive Sentiment: Meta also drew favorable attention for rolling out new AI features for Facebook creators and broader AI tools that could deepen engagement and create new ad products over time. Article: Meta Platforms Rolls Out New AI Features On Facebook For Content Creators

Neutral Sentiment: Meta continues to get attention for its cloud-computing ambitions, but that move is still viewed as a longer-term optionality story rather than an immediate earnings driver. Article: Meta and Cloud Computing: Real Potential, or a Shot in the Dark?

Neutral Sentiment: Metas strong last reported quarter and upcoming dividend remain supportive, but these are already well known and are not the main catalysts behind todays trading. Article: META stock and company profile

Negative Sentiment: Sentiment was hurt by reports that a senior AI executive is leaving Meta during a major AI transition, raising execution concerns at a time when the company is trying to accelerate its artificial intelligence roadmap. Article: Meta head of product for 'AI for work' transformation is leaving company

Negative Sentiment: Meta was also hit by reports that attackers exploited its AI-powered support chatbot to take over high-profile Instagram accounts, adding security and trust concerns around its AI tools and platform controls. Article: Meta faces AI support breach as key internal AI executive exits

Negative Sentiment: Meta is also facing regulatory and legal pressure, including a Washington high court decision upholding a $35 million campaign finance penalty, which adds to headline risk. Article: Washington high court upholds $35 million campaign finance penalty against Meta

Insider Buying and Selling

In related news, CTO Andrew Bosworth sold 7,847 shares of the company's stock in a transaction on Monday, May 18th. The shares were sold at an average price of $607.83, for a total transaction of $4,769,642.01. Following the completion of the sale, the chief technology officer directly owned 414 shares of the company's stock, valued at approximately $251,641.62. This represents a 94.99% decrease in their position. The transaction was disclosed in a filing with the Securities & Exchange Commission, which is accessible through this hyperlink. The transaction was executed under a pre-arranged Rule 10b5-1 trading plan. The sale was made to cover tax withholding obligations related to the vesting of equity awards. Also, CFO Susan J. Li sold 9,195 shares of the firm's stock in a transaction on Monday, May 18th. The shares were sold at an average price of $607.84, for a total transaction of $5,589,088.80. Following the completion of the transaction, the chief financial officer owned 13,186 shares in the company, valued at $8,014,978.24. The trade was a 41.08% decrease in their ownership of the stock. The disclosure for this sale is available in the SEC filing. The transaction was executed under a pre-arranged Rule 10b5-1 trading plan. The sale was made to cover tax withholding obligations related to the vesting of equity awards. In the last three months, insiders have sold 40,568 shares of company stock worth $25,057,365. 13.53% of the stock is currently owned by company insiders.

Meta Platforms Stock Performance

META opened at $577.22 on Friday. The company has a market cap of $1.46 trillion, a PE ratio of 20.98, a price-to-earnings-growth ratio of 1.02 and a beta of 1.23. The stock has a 50-day moving average of $621.27 and a 200-day moving average of $634.15. Meta Platforms, Inc. has a 52-week low of $520.26 and a 52-week high of $796.25. The company has a debt-to-equity ratio of 0.24, a quick ratio of 2.35 and a current ratio of 2.35.

Meta Platforms (NASDAQ:META - Get Free Report) last issued its quarterly earnings data on Wednesday, April 29th. The social networking company reported $10.44 EPS for the quarter, beating analysts' consensus estimates of $6.67 by $3.77. Meta Platforms had a return on equity of 36.93% and a net margin of 32.84%.The business had revenue of $56.31 billion for the quarter, compared to analyst estimates of $55.56 billion. During the same quarter in the prior year, the firm posted $6.43 EPS. The firm's revenue for the quarter was up 33.1% on a year-over-year basis. As a group, equities research analysts forecast that Meta Platforms, Inc. will post 29.35 earnings per share for the current fiscal year.

Meta Platforms Dividend Announcement

The business also recently declared a quarterly dividend, which will be paid on Thursday, June 25th. Shareholders of record on Monday, June 15th will be issued a dividend of $0.525 per share. This represents a $2.10 annualized dividend and a yield of 0.4%. The ex-dividend date is Monday, June 15th. Meta Platforms's dividend payout ratio (DPR) is 7.63%.

About Meta Platforms

(Free Report)

Meta Platforms, Inc (NASDAQ: META), formerly Facebook, Inc, is a global technology company best known for building social networking services and immersive computing platforms. Founded in 2004 and headquartered in Menlo Park, California, the company operates a family of consumer-facing products and services that connect users, creators and businesses. In October 2021 the company rebranded as Meta to reflect an expanded strategic focus on augmented and virtual reality technologies alongside its social media businesses.

Meta's core consumer products include Facebook, Instagram, WhatsApp and Messenger, which enable social networking, messaging, content sharing and community building across mobile and desktop devices.

Featured Articles

Five stocks we like better than Meta Platforms

Aehr Spikes on New Order, But Has Stock Gotten Ahead of Itself?

Rackspaces AI Land Grab: Plugging Into the Next Compute Boom

Satellogic Is Tiny But Its Revenue Growth Is Hard to Ignore

Why Krogers Pullback Could Be a Gift for Patient Investors",890b216de4fcea2051ad8443412d114208d8106c8cb980fb89eebd74ee900b01,ok,,9836,9104,0,week4_lseg_html_v1,True,True
2026-06-20 15:23:58.012,2026-06-20,2026-06-20T00:00:00,2026-06-20T23:59:59,META,META.O,R:META.O and Language:LEN,urn:newsml:newsroom:20260620:nNRA0ygfzl:0,newsroom,NS:MARDAJ,"Ketron Financial Buys New Shares in Meta Platforms, Inc. $META",,"Jun 19, 2026

Ketron Financial acquired a new position in shares of Meta Platforms, Inc. (NASDAQ:META - Free Report) during the 4th quarter, according to the company in its most recent Form 13F filing with the Securities and Exchange Commission. The firm acquired 14,649 shares of the social networking company's stock, valued at approximately $9,670,000. Meta Platforms makes up about 3.2% of Ketron Financial's investment portfolio, making the stock its 8th biggest holding.

Other institutional investors also recently modified their holdings of the company. Vanguard Group Inc. raised its stake in shares of Meta Platforms by 3.8% in the 4th quarter. Vanguard Group Inc. now owns 199,995,630 shares of the social networking company's stock valued at $132,015,115,000 after buying an additional 7,269,279 shares in the last quarter. State Street Corp lifted its holdings in shares of Meta Platforms by 5.1% during the 4th quarter. State Street Corp now owns 90,841,345 shares of the social networking company's stock worth $59,963,463,000 after acquiring an additional 4,395,763 shares during the period. Geode Capital Management LLC boosted its position in shares of Meta Platforms by 1.7% during the 4th quarter. Geode Capital Management LLC now owns 52,806,712 shares of the social networking company's stock valued at $34,734,628,000 after acquiring an additional 878,396 shares in the last quarter. Capital World Investors boosted its position in shares of Meta Platforms by 0.8% during the 4th quarter. Capital World Investors now owns 39,558,637 shares of the social networking company's stock valued at $26,112,735,000 after acquiring an additional 310,947 shares in the last quarter. Finally, Morgan Stanley increased its stake in Meta Platforms by 2.2% in the fourth quarter. Morgan Stanley now owns 37,553,102 shares of the social networking company's stock valued at $24,788,429,000 after acquiring an additional 823,883 shares during the period. Institutional investors and hedge funds own 79.91% of the company's stock.

More Meta Platforms News

Here are the key news stories impacting Meta Platforms this week:

Positive Sentiment: Wall Street commentary remains constructive on Metas long-term AI strategy, with Evercore ISIs Mark Mahaney naming META one of the best Magnificent 7 stock buys, reinforcing the view that the stock may still offer upside after its recent pullback. Article: Famous Wall Street Tech Analyst Names Meta and Amazon the Best Magnificent 7 Stock Buys Today

Positive Sentiment: Meta continues to expand its AI infrastructure, including new computing deals with Crusoe and a strategic data-center partnership in India, which supports the companys long-term AI capacity and monetization plans. Article: Meta signs new AI computing deals with data center firm Crusoe

Positive Sentiment: Meta also drew favorable attention for rolling out new AI features for Facebook creators and broader AI tools that could deepen engagement and create new ad products over time. Article: Meta Platforms Rolls Out New AI Features On Facebook For Content Creators

Neutral Sentiment: Meta continues to get attention for its cloud-computing ambitions, but that move is still viewed as a longer-term optionality story rather than an immediate earnings driver. Article: Meta and Cloud Computing: Real Potential, or a Shot in the Dark?

Neutral Sentiment: Metas strong last reported quarter and upcoming dividend remain supportive, but these are already well known and are not the main catalysts behind todays trading. Article: META stock and company profile

Negative Sentiment: Sentiment was hurt by reports that a senior AI executive is leaving Meta during a major AI transition, raising execution concerns at a time when the company is trying to accelerate its artificial intelligence roadmap. Article: Meta head of product for 'AI for work' transformation is leaving company

Negative Sentiment: Meta was also hit by reports that attackers exploited its AI-powered support chatbot to take over high-profile Instagram accounts, adding security and trust concerns around its AI tools and platform controls. Article: Meta faces AI support breach as key internal AI executive exits

Negative Sentiment: Meta is also facing regulatory and legal pressure, including a Washington high court decision upholding a $35 million campaign finance penalty, which adds to headline risk. Article: Washington high court upholds $35 million campaign finance penalty against Meta

Insider Activity at Meta Platforms

In related news, Director Robert M. Kimmitt sold 504 shares of the business's stock in a transaction that occurred on Monday, June 1st. The shares were sold at an average price of $629.29, for a total value of $317,162.16. Following the completion of the transaction, the director owned 3,943 shares in the company, valued at $2,481,290.47. The trade was a 11.33% decrease in their position. The transaction was disclosed in a document filed with the SEC, which is available at the SEC website. The transaction was executed under a pre-arranged Rule 10b5-1 trading plan. Also, insider Curtis J. Mahoney sold 2,079 shares of the stock in a transaction on Wednesday, May 27th. The shares were sold at an average price of $609.92, for a total value of $1,268,023.68. Following the completion of the transaction, the insider owned 1,118 shares in the company, valued at $681,890.56. The trade was a 65.03% decrease in their ownership of the stock. Additional details regarding this sale are available in the official SEC disclosure. The transaction was executed under a pre-arranged Rule 10b5-1 trading plan. Insiders sold a total of 40,568 shares of company stock valued at $25,057,365 over the last quarter. Corporate insiders own 13.53% of the company's stock.

Analyst Ratings Changes

META has been the subject of a number of analyst reports. Guggenheim cut their price target on shares of Meta Platforms from $850.00 to $800.00 and set a ""buy"" rating for the company in a research note on Thursday, April 30th. Morgan Stanley decreased their price objective on Meta Platforms from $825.00 to $775.00 and set an ""overweight"" rating on the stock in a report on Monday, March 30th. Wall Street Zen lowered Meta Platforms from a ""buy"" rating to a ""hold"" rating in a research note on Saturday, May 16th. KeyCorp reissued an ""overweight"" rating and issued a $760.00 target price on shares of Meta Platforms in a report on Thursday, April 30th. Finally, Arete Research set a $735.00 target price on Meta Platforms and gave the stock a ""buy"" rating in a research report on Tuesday, June 2nd. Three research analysts have rated the stock with a Strong Buy rating, thirty-five have given a Buy rating, nine have given a Hold rating and one has given a Sell rating to the company. According to data from MarketBeat.com, the company has an average rating of ""Moderate Buy"" and an average target price of $840.60.

Get Our Latest Report on Meta Platforms

Meta Platforms Price Performance

Shares of NASDAQ META opened at $577.22 on Friday. The firm's 50-day simple moving average is $621.27 and its 200 day simple moving average is $634.15. The company has a market cap of $1.46 trillion, a price-to-earnings ratio of 20.98, a price-to-earnings-growth ratio of 1.02 and a beta of 1.23. The company has a quick ratio of 2.35, a current ratio of 2.35 and a debt-to-equity ratio of 0.24. Meta Platforms, Inc. has a 12-month low of $520.26 and a 12-month high of $796.25.

Meta Platforms (NASDAQ:META - Get Free Report) last issued its quarterly earnings data on Wednesday, April 29th. The social networking company reported $10.44 EPS for the quarter, topping analysts' consensus estimates of $6.67 by $3.77. Meta Platforms had a net margin of 32.84% and a return on equity of 36.93%. The firm had revenue of $56.31 billion for the quarter, compared to analyst estimates of $55.56 billion. During the same quarter in the prior year, the firm earned $6.43 EPS. The company's revenue was up 33.1% on a year-over-year basis. On average, research analysts expect that Meta Platforms, Inc. will post 29.35 earnings per share for the current fiscal year.

Meta Platforms Announces Dividend

The business also recently declared a quarterly dividend, which will be paid on Thursday, June 25th. Investors of record on Monday, June 15th will be issued a $0.525 dividend. The ex-dividend date of this dividend is Monday, June 15th. This represents a $2.10 dividend on an annualized basis and a dividend yield of 0.4%. Meta Platforms's dividend payout ratio (DPR) is currently 7.63%.

Meta Platforms Profile

(Free Report)

Meta Platforms, Inc (NASDAQ: META), formerly Facebook, Inc, is a global technology company best known for building social networking services and immersive computing platforms. Founded in 2004 and headquartered in Menlo Park, California, the company operates a family of consumer-facing products and services that connect users, creators and businesses. In October 2021 the company rebranded as Meta to reflect an expanded strategic focus on augmented and virtual reality technologies alongside its social media businesses.

Meta's core consumer products include Facebook, Instagram, WhatsApp and Messenger, which enable social networking, messaging, content sharing and community building across mobile and desktop devices.

Recommended Stories

Five stocks we like better than Meta Platforms

Aehr Spikes on New Order, But Has Stock Gotten Ahead of Itself?

Rackspaces AI Land Grab: Plugging Into the Next Compute Boom

Satellogic Is Tiny But Its Revenue Growth Is Hard to Ignore

Why Krogers Pullback Could Be a Gift for Patient Investors",60fbc45d34b9f09d2d6c602c13b72225a1d8dc3a119b1451c25193db883c4ac1,ok,,10389,9665,0,week4_lseg_html_v1,True,True
2026-06-20 14:02:15.793,2026-06-20,2026-06-20T00:00:00,2026-06-20T23:59:59,META,META.O,R:META.O and Language:LEN,urn:newsml:newsroom:20260620:nNRA0yfm7b:0,newsroom,NS:ZOLCOM,"Ketron Financial Invests $9.67 Million in Meta Platforms, Inc. $META",,"Jun 19, 2026

(Free Report)

Ketron Financial acquired a new position in shares of Meta Platforms, Inc. (NASDAQ:META - Free Report) in the fourth quarter, HoldingsChannel reports. The fund acquired 14,649 shares of the social networking company's stock, valued at approximately $9,670,000. Meta Platforms accounts for 3.2% of Ketron Financial's holdings, making the stock its 8th biggest holding.

A number of other institutional investors have also made changes to their positions in META. First National Bank Sioux Falls boosted its holdings in Meta Platforms by 0.7% during the fourth quarter. First National Bank Sioux Falls now owns 2,001 shares of the social networking company's stock worth $1,321,000 after buying an additional 14 shares during the last quarter. Levin Capital Strategies L.P. increased its stake in shares of Meta Platforms by 1.4% in the 4th quarter. Levin Capital Strategies L.P. now owns 984 shares of the social networking company's stock valued at $649,000 after acquiring an additional 14 shares during the last quarter. Vista Capital Partners Inc. raised its position in shares of Meta Platforms by 1.3% in the 2nd quarter. Vista Capital Partners Inc. now owns 1,075 shares of the social networking company's stock valued at $794,000 after acquiring an additional 14 shares during the period. Arcataur Capital Management LLC raised its position in shares of Meta Platforms by 0.9% in the 4th quarter. Arcataur Capital Management LLC now owns 1,736 shares of the social networking company's stock valued at $1,146,000 after acquiring an additional 15 shares during the period. Finally, Acorn Creek Capital LLC boosted its stake in Meta Platforms by 0.7% during the 4th quarter. Acorn Creek Capital LLC now owns 2,118 shares of the social networking company's stock worth $1,398,000 after acquiring an additional 15 shares during the last quarter. 79.91% of the stock is owned by institutional investors and hedge funds.

Insider Buying and Selling at Meta Platforms

In related news, COO Javier Olivan sold 140 shares of Meta Platforms stock in a transaction that occurred on Monday, June 15th. The stock was sold at an average price of $600.00, for a total value of $84,000.00. Following the sale, the chief operating officer owned 12,846 shares of the company's stock, valued at approximately $7,707,600. This trade represents a 1.08% decrease in their position. The sale was disclosed in a filing with the Securities & Exchange Commission, which can be accessed through this hyperlink. The transaction was executed under a pre-arranged Rule 10b5-1 trading plan. Also, insider Curtis J. Mahoney sold 2,079 shares of the business's stock in a transaction that occurred on Wednesday, May 27th. The shares were sold at an average price of $609.92, for a total value of $1,268,023.68. Following the completion of the sale, the insider owned 1,118 shares in the company, valued at $681,890.56. The trade was a 65.03% decrease in their position. The disclosure for this sale is available in the SEC filing. The transaction was executed under a pre-arranged Rule 10b5-1 trading plan. Insiders have sold 40,568 shares of company stock valued at $25,057,365 in the last 90 days. 13.53% of the stock is currently owned by company insiders.

Meta Platforms News Roundup

Here are the key news stories impacting Meta Platforms this week:

Positive Sentiment: Wall Street commentary remains constructive on Metas long-term AI strategy, with Evercore ISIs Mark Mahaney naming META one of the best Magnificent 7 stock buys, reinforcing the view that the stock may still offer upside after its recent pullback.Article: Famous Wall Street Tech Analyst Names Meta and Amazon the Best Magnificent 7 Stock Buys Today

Positive Sentiment: Meta continues to expand its AI infrastructure, including new computing deals with Crusoe and a strategic data-center partnership in India, which supports the companys long-term AI capacity and monetization plans.Article: Meta signs new AI computing deals with data center firm Crusoe

Positive Sentiment: Meta also drew favorable attention for rolling out new AI features for Facebook creators and broader AI tools that could deepen engagement and create new ad products over time.Article: Meta Platforms Rolls Out New AI Features On Facebook For Content Creators

Neutral Sentiment: Meta continues to get attention for its cloud-computing ambitions, but that move is still viewed as a longer-term optionality story rather than an immediate earnings driver.Article: Meta and Cloud Computing: Real Potential, or a Shot in the Dark?

Neutral Sentiment: Metas strong last reported quarter and upcoming dividend remain supportive, but these are already well known and are not the main catalysts behind todays trading.Article: META stock and company profile

Negative Sentiment: Sentiment was hurt by reports that a senior AI executive is leaving Meta during a major AI transition, raising execution concerns at a time when the company is trying to accelerate its artificial intelligence roadmap.Article: Meta head of product for 'AI for work' transformation is leaving company

Negative Sentiment: Meta was also hit by reports that attackers exploited its AI-powered support chatbot to take over high-profile Instagram accounts, adding security and trust concerns around its AI tools and platform controls.Article: Meta faces AI support breach as key internal AI executive exits

Negative Sentiment: Meta is also facing regulatory and legal pressure, including a Washington high court decision upholding a $35 million campaign finance penalty, which adds to headline risk.Article: Washington high court upholds $35 million campaign finance penalty against Meta

Analyst Ratings Changes

META has been the subject of several recent analyst reports. Benchmark initiated coverage on shares of Meta Platforms in a research note on Tuesday, June 2nd. They issued a ""buy"" rating for the company. Raymond James Financial raised shares of Meta Platforms from an ""underperform"" rating to an ""outperform"" rating in a research report on Tuesday, June 2nd. Tigress Financial boosted their price target on shares of Meta Platforms from $935.00 to $945.00 and gave the company a ""strong-buy"" rating in a report on Wednesday, March 18th. KeyCorp restated an ""overweight"" rating and issued a $760.00 price objective on shares of Meta Platforms in a research report on Thursday, April 30th. Finally, UBS Group downgraded Meta Platforms from a ""buy"" rating to a ""neutral"" rating in a research note on Tuesday, June 2nd. Three investment analysts have rated the stock with a Strong Buy rating, thirty-five have given a Buy rating, nine have given a Hold rating and one has assigned a Sell rating to the company. Based on data from MarketBeat, Meta Platforms currently has an average rating of ""Moderate Buy"" and a consensus target price of $840.60.

Get Our Latest Stock Report on Meta Platforms

Meta Platforms Stock Performance

Shares of META opened at $577.22 on Friday. The firm has a market cap of $1.46 trillion, a P/E ratio of 20.98, a PEG ratio of 1.02 and a beta of 1.23. Meta Platforms, Inc. has a twelve month low of $520.26 and a twelve month high of $796.25. The company has a debt-to-equity ratio of 0.24, a quick ratio of 2.35 and a current ratio of 2.35. The firm's 50 day moving average price is $621.27 and its two-hundred day moving average price is $634.15.

Meta Platforms (NASDAQ:META - Get Free Report) last issued its quarterly earnings data on Wednesday, April 29th. The social networking company reported $10.44 earnings per share (EPS) for the quarter, topping the consensus estimate of $6.67 by $3.77. Meta Platforms had a net margin of 32.84% and a return on equity of 36.93%. The company had revenue of $56.31 billion during the quarter, compared to the consensus estimate of $55.56 billion. During the same quarter in the prior year, the firm earned $6.43 earnings per share. The firm's revenue was up 33.1% compared to the same quarter last year. On average, analysts forecast that Meta Platforms, Inc. will post 29.35 EPS for the current fiscal year.

Meta Platforms Dividend Announcement

The company also recently declared a quarterly dividend, which will be paid on Thursday, June 25th. Shareholders of record on Monday, June 15th will be paid a $0.525 dividend. The ex-dividend date of this dividend is Monday, June 15th. This represents a $2.10 annualized dividend and a dividend yield of 0.4%. Meta Platforms's dividend payout ratio (DPR) is currently 7.63%.

Meta Platforms Company Profile

Meta Platforms, Inc (NASDAQ: META), formerly Facebook, Inc, is a global technology company best known for building social networking services and immersive computing platforms. Founded in 2004 and headquartered in Menlo Park, California, the company operates a family of consumer-facing products and services that connect users, creators and businesses. In October 2021 the company rebranded as Meta to reflect an expanded strategic focus on augmented and virtual reality technologies alongside its social media businesses.

Meta's core consumer products include Facebook, Instagram, WhatsApp and Messenger, which enable social networking, messaging, content sharing and community building across mobile and desktop devices.

Recommended Stories

Five stocks we like better than Meta Platforms

Aehr Spikes on New Order, But Has Stock Gotten Ahead of Itself?

Rackspaces AI Land Grab: Plugging Into the Next Compute Boom

Satellogic Is Tiny But Its Revenue Growth Is Hard to Ignore

Why Krogers Pullback Could Be a Gift for Patient Investors

Want to see what other hedge funds are holding META?Visit HoldingsChannel.com to get the latest 13F filings and insider trades for Meta Platforms, Inc. (NASDAQ:META - Free Report).",0cd3815ecd21a13ec771d01002c8d85110bba59ae3fd2328e54524b664e17ac5,ok,,11766,9784,0,week4_lseg_html_v1,True,True
2026-06-20 13:02:59.967,2026-06-20,2026-06-20T00:00:00,2026-06-20T23:59:59,META,META.O,R:META.O and Language:LEN,urn:newsml:newsroom:20260620:nNRA0yey3n:0,newsroom,NS:DAILYQ,"Stone Wealth Partners Purchases Shares of 2,654 Meta Platforms, Inc. $META",,"Jun 19, 2026

(Free Report)

Stone Wealth Partners acquired a new position in shares of Meta Platforms, Inc. (NASDAQ:META - Free Report) in the 4th quarter, according to the company in its most recent disclosure with the Securities & Exchange Commission. The firm acquired 2,654 shares of the social networking company's stock, valued at approximately $1,752,000. Meta Platforms makes up 1.6% of Stone Wealth Partners' holdings, making the stock its 22nd largest position.

Other institutional investors also recently modified their holdings of the company. Vanguard Group Inc. raised its position in Meta Platforms by 3.8% in the 4th quarter. Vanguard Group Inc. now owns 199,995,630 shares of the social networking company's stock valued at $132,015,115,000 after purchasing an additional 7,269,279 shares during the last quarter. State Street Corp grew its holdings in shares of Meta Platforms by 5.1% during the fourth quarter. State Street Corp now owns 90,841,345 shares of the social networking company's stock worth $59,963,463,000 after purchasing an additional 4,395,763 shares during the last quarter. Geode Capital Management LLC increased its stake in shares of Meta Platforms by 1.7% in the fourth quarter. Geode Capital Management LLC now owns 52,806,712 shares of the social networking company's stock valued at $34,734,628,000 after buying an additional 878,396 shares in the last quarter. Capital World Investors raised its holdings in shares of Meta Platforms by 0.8% in the fourth quarter. Capital World Investors now owns 39,558,637 shares of the social networking company's stock valued at $26,112,735,000 after buying an additional 310,947 shares during the last quarter. Finally, Morgan Stanley raised its holdings in shares of Meta Platforms by 2.2% in the fourth quarter. Morgan Stanley now owns 37,553,102 shares of the social networking company's stock valued at $24,788,429,000 after buying an additional 823,883 shares during the last quarter. Institutional investors own 79.91% of the company's stock.

Meta Platforms Stock Performance

Shares of NASDAQ:META opened at $577.22 on Friday. The stock has a market capitalization of $1.46 trillion, a P/E ratio of 20.98, a P/E/G ratio of 1.02 and a beta of 1.23. Meta Platforms, Inc. has a 1-year low of $520.26 and a 1-year high of $796.25. The company has a current ratio of 2.35, a quick ratio of 2.35 and a debt-to-equity ratio of 0.24. The business has a 50-day moving average price of $621.27 and a two-hundred day moving average price of $634.15.

Meta Platforms (NASDAQ:META - Get Free Report) last issued its earnings results on Wednesday, April 29th. The social networking company reported $10.44 earnings per share (EPS) for the quarter, beating the consensus estimate of $6.67 by $3.77. Meta Platforms had a net margin of 32.84% and a return on equity of 36.93%. The company had revenue of $56.31 billion for the quarter, compared to analyst estimates of $55.56 billion. During the same quarter last year, the firm earned $6.43 EPS. The company's revenue for the quarter was up 33.1% on a year-over-year basis. Equities analysts predict that Meta Platforms, Inc. will post 29.35 earnings per share for the current year.

Meta Platforms Announces Dividend

The firm also recently disclosed a quarterly dividend, which will be paid on Thursday, June 25th. Investors of record on Monday, June 15th will be issued a $0.525 dividend. This represents a $2.10 annualized dividend and a yield of 0.4%. The ex-dividend date is Monday, June 15th. Meta Platforms's dividend payout ratio is currently 7.63%.

Insider Buying and Selling at Meta Platforms

In other news, insider Curtis J. Mahoney sold 2,079 shares of the stock in a transaction on Wednesday, May 27th. The stock was sold at an average price of $609.92, for a total value of $1,268,023.68. Following the transaction, the insider owned 1,118 shares of the company's stock, valued at $681,890.56. This represents a 65.03% decrease in their position. The transaction was disclosed in a document filed with the SEC, which is available through this hyperlink. The transaction was executed under a pre-arranged Rule 10b5-1 trading plan. Also, CFO Susan J. Li sold 9,195 shares of the firm's stock in a transaction on Monday, May 18th. The stock was sold at an average price of $607.84, for a total value of $5,589,088.80. Following the completion of the transaction, the chief financial officer owned 13,186 shares in the company, valued at $8,014,978.24. This represents a 41.08% decrease in their ownership of the stock. Additional details regarding this sale are available in the official SEC disclosure. The transaction was executed under a pre-arranged Rule 10b5-1 trading plan. The sale was made to cover tax withholding obligations related to the vesting of equity awards. Insiders sold a total of 40,568 shares of company stock valued at $25,057,365 in the last three months. Insiders own 13.53% of the company's stock.

Analysts Set New Price Targets

META has been the topic of a number of research analyst reports. KeyCorp reissued an ""overweight"" rating and set a $760.00 price objective on shares of Meta Platforms in a report on Thursday, April 30th. Stifel Nicolaus dropped their target price on shares of Meta Platforms from $805.00 to $780.00 and set a ""buy"" rating for the company in a research note on Friday, May 1st. Guggenheim reduced their target price on shares of Meta Platforms from $850.00 to $800.00 and set a ""buy"" rating on the stock in a research report on Thursday, April 30th. Roth Mkm reissued a ""buy"" rating on shares of Meta Platforms in a research note on Thursday, April 30th. Finally, Citizens Jmp reissued a ""market outperform"" rating and issued a $900.00 price target on shares of Meta Platforms in a report on Tuesday, April 21st. Three equities research analysts have rated the stock with a Strong Buy rating, thirty-five have issued a Buy rating, nine have given a Hold rating and one has assigned a Sell rating to the company. According to MarketBeat.com, Meta Platforms has a consensus rating of ""Moderate Buy"" and an average target price of $840.60.

Read Our Latest Report on Meta Platforms

Key Headlines Impacting Meta Platforms

Here are the key news stories impacting Meta Platforms this week:

Positive Sentiment: Wall Street commentary remains constructive on Metas long-term AI strategy, with Evercore ISIs Mark Mahaney naming META one of the best Magnificent 7 stock buys, reinforcing the view that the stock may still offer upside after its recent pullback.Article: Famous Wall Street Tech Analyst Names Meta and Amazon the Best Magnificent 7 Stock Buys Today

Positive Sentiment: Meta continues to expand its AI infrastructure, including new computing deals with Crusoe and a strategic data-center partnership in India, which supports the companys long-term AI capacity and monetization plans.Article: Meta signs new AI computing deals with data center firm Crusoe

Positive Sentiment: Meta also drew favorable attention for rolling out new AI features for Facebook creators and broader AI tools that could deepen engagement and create new ad products over time.Article: Meta Platforms Rolls Out New AI Features On Facebook For Content Creators

Neutral Sentiment: Meta continues to get attention for its cloud-computing ambitions, but that move is still viewed as a longer-term optionality story rather than an immediate earnings driver.Article: Meta and Cloud Computing: Real Potential, or a Shot in the Dark?

Neutral Sentiment: Metas strong last reported quarter and upcoming dividend remain supportive, but these are already well known and are not the main catalysts behind todays trading.Article: META stock and company profile

Negative Sentiment: Sentiment was hurt by reports that a senior AI executive is leaving Meta during a major AI transition, raising execution concerns at a time when the company is trying to accelerate its artificial intelligence roadmap.Article: Meta head of product for 'AI for work' transformation is leaving company

Negative Sentiment: Meta was also hit by reports that attackers exploited its AI-powered support chatbot to take over high-profile Instagram accounts, adding security and trust concerns around its AI tools and platform controls.Article: Meta faces AI support breach as key internal AI executive exits

Negative Sentiment: Meta is also facing regulatory and legal pressure, including a Washington high court decision upholding a $35 million campaign finance penalty, which adds to headline risk.Article: Washington high court upholds $35 million campaign finance penalty against Meta

About Meta Platforms

Meta Platforms, Inc (NASDAQ: META), formerly Facebook, Inc, is a global technology company best known for building social networking services and immersive computing platforms. Founded in 2004 and headquartered in Menlo Park, California, the company operates a family of consumer-facing products and services that connect users, creators and businesses. In October 2021 the company rebranded as Meta to reflect an expanded strategic focus on augmented and virtual reality technologies alongside its social media businesses.

Meta's core consumer products include Facebook, Instagram, WhatsApp and Messenger, which enable social networking, messaging, content sharing and community building across mobile and desktop devices.

Featured Stories

Five stocks we like better than Meta Platforms

Aehr Spikes on New Order, But Has Stock Gotten Ahead of Itself?

Rackspaces AI Land Grab: Plugging Into the Next Compute Boom

Satellogic Is Tiny But Its Revenue Growth Is Hard to Ignore

Why Krogers Pullback Could Be a Gift for Patient Investors",38550e9b876067e9f6d889131e8b204268b667253a164f015b41945e17cd0345,ok,,11657,9693,0,week4_lseg_html_v1,True,True
2026-06-21 23:53:09.613,2026-06-21,2026-06-21T00:00:00,2026-06-21T23:59:59,META,META.O,R:META.O and Language:LEN,urn:link:webnews:20260621:nNRA0yri1d:0,webnews,NS:YAHNEX,Nothing Seems to Be Going Right for Meta Platforms. How to Play META Stock Here.,,,,missing,story body is empty,0,0,0,week4_lseg_html_v1,False,False
2026-06-21 23:01:00.000,2026-06-21,2026-06-21T00:00:00,2026-06-21T23:59:59,META,META.O,R:META.O and Language:LEN,urn:newsml:reuters.com:20260621:nL6N42R0P4:2,reuters,NS:RTRS,"Tech, crypto firms to help tackle illegal wildlife trade",,"LONDON, June 22 (Reuters) - A group of leading international technology, crypto and other businesses on Monday announced plans to help stamp out the illegal trade in wildlife.

Announcement made as part of a business forum convened by Prince William and The Royal Foundation’s United for Wildlife during London Climate Action Week.

Companies including Google GOOGL.O, Meta META.O, TikTok and Alibaba 9988.HK commit to end trafficking on their platforms. To look for ways to eradicate online listings, including through AI-enabled detection and prevention.

Represent a fifth of the global e-commerce market and 90% of the world’s social media users.

Vodafone VOD.L, Vodacom VODJ.J, Safaricom SCOM.NR to use AI in anti-money-laundering and transaction monitoring systems across mobile money platform M-Pesa.

Crypto, blockchain analytics firms and payment companies including PayPal PYPL.O, TRM Labs, Chainalysis and Luno commit to disrupt financial flows linked to the illegal wildlife trade.

British Airways ICAG.L and Heathrow to launch a public awareness campaign about the trade.

A United Nations Environment Programme report says trade in wildlife products generates as much as $23 billion annually. Estimated 1 million plant and animal species are threatened with extinction.

David Fein, co-chair of United for Wildlife: ""What we see from the private sector today is a recognition that the illegal wildlife trade is both an environmental and a business issue.""

(Reporting by Simon Jessop; Editing by Kirsten Donovan)",b8e577b066eb73f328eaf5be852ec003693e49dd20af34dabebd3ca6dee37d24,ok,,3328,1528,0,week4_lseg_html_v1,True,True
2026-06-21 21:02:45.000,2026-06-21,2026-06-21T00:00:00,2026-06-21T23:59:59,META,META.O,R:META.O and Language:LEN,urn:newsml:social:20260621:nTWT21bjdD:1,social,NS:X,"@alphatrends: Notes for End of Week Video
$SPY
$QQQ
$IWM
$SMH
$XBI
$XLF
$TLT
$AAPL
$AMZN
$META
$MSFT
$NFLX
$TSLA
$GOOG
$FCEL
$BLDP
$PLUG
$OKTA
$DAVE
etc https://t.co/FZHhwQBpMk https://t.co/TiThRBue9d | @alphatrends Stock Market Analysis for Week Ending 6/18/26

$SPY $QQQ $IWM $SMH $XBI $XLF $TLT $AAPL $AMZN $META $MSFT $NFLX $TSLA $GOOG $FCEL $BLDP $PLUG $OKTA $DAVE etc https://t.co/OKajdCrdwp",,"Brian Shannon, CMT

@alphatrends

Notes for End of Week Video

$SPY

$QQQ

$IWM

$SMH

$XBI

$XLF

$TLT

$AAPL

$AMZN

$META

$MSFT

$NFLX

$TSLA

$GOOG

$FCEL

$BLDP

$PLUG

$OKTA

$DAVE

etc

pic.x.com/FZHhwQBpMk

x.com/alphatrends/st…

Brian Shannon, CMT

@alphatrends

Stock Market Analysis for Week Ending 6/18/26

$SPY

$QQQ

$IWM

$SMH

$XBI

$XLF

$TLT

$AAPL

$AMZN

$META

$MSFT

$NFLX

$TSLA

$GOOG

$FCEL

$BLDP

$PLUG

$OKTA

$DAVE

etc

pic.x.com/OKajdCrdwp",ebeac5f31ef9ec930634818532d0eb2536802861c71a44828b9b9851db9f98c5,ok,,17027,471,0,week4_lseg_html_v1,False,False
2026-06-21 17:35:08.768,2026-06-21,2026-06-21T00:00:00,2026-06-21T23:59:59,META,META.O,R:META.O and Language:LEN,urn:link:webnews:20260621:nNRA0ypwpg:0,webnews,NS:BARCHA,Nothing Seems to Be Going Right for Meta Platforms. How to Play META Stock Here.,,,,missing,story body is empty,0,0,0,week4_lseg_html_v1,False,False
2026-06-21 17:31:09.011,2026-06-21,2026-06-21T00:00:00,2026-06-21T23:59:59,META,META.O,R:META.O and Language:LEN,urn:link:webnews:20260621:nNRA0ypvuf:0,webnews,NS:FINSWI,Meta Platforms Looks Unbelievably Cheap After the Tech Sell-Off. Is It Time to Load Up on Shares?,,,,missing,story body is empty,0,0,0,week4_lseg_html_v1,False,False
2026-06-22 23:47:39.701,2026-06-22,2026-06-22T00:00:00,2026-06-22T23:59:59,META,META.O,R:META.O and Language:LEN,urn:link:webnews:20260622:nNRA0z77f9:0,webnews,NS:YAHNEX,"Elon Musk's X Executive Trolls Meta For Its Workplace Woes, Extends Better 'Snack Budget' Offers To Neglected Employees",,,,missing,story body is empty,0,0,0,week4_lseg_html_v1,False,False
2026-06-22 23:23:41.033,2026-06-22,2026-06-22T00:00:00,2026-06-22T23:59:59,META,META.O,R:META.O and Language:LEN,urn:newsml:newsroom:20260622:nNRA0z6zcc:0,newsroom,NS:TRADAJ,Meta Platforms (NASDAQ:META) Stock Price Down 2.3% – Time to Sell?,,"Jun 21, 2026

Meta Platforms, Inc. (NASDAQ:META - Get Free Report) shares were down 2.3% on Monday . The stock traded as low as $559.81 and last traded at $563.85. Approximately 15,229,022 shares were traded during trading, a decline of 7% from the average session volume of 16,349,012 shares. The stock had previously closed at $577.22.

Here are the key news stories impacting Meta Platforms this week:

Meta Platforms News Summary

Positive Sentiment: Meta is drawing bullish attention from Wall Street, with one report saying analysts average 12-month price target implies more than 40% upside and Evercore ISI recently reiterating a Buy rating. Wall Street Sees More Than 40% Upside for Meta Platforms (META)

Positive Sentiment: Meta is expanding its India strategy by appointing CRED founder Kunal Shah to lead WhatsApp and investing $900 million in CRED, signaling continued commitment to growth in a key market. Meta's WhatsApp to be led by Indian startup founder Kunal Shah

Positive Sentiment: Several market commentary pieces framed Metas recent decline as an attractive long-term buying opportunity, with investors arguing the stock has been oversold alongside other megacap tech names. The Magnificent 7 Selloff Is a Rare Buying Opportunity

Positive Sentiment: Meta is also trying to broaden engagement beyond mobile, with new Instagram-for-TV features aimed at competing for streaming/viewer attention on television screens. Meta Takes on Streaming Giants With New Instagram for TV' Offerings

Wall Street Analyst Weigh In

Several analysts have commented on META shares. Stifel Nicolaus decreased their price target on shares of Meta Platforms from $805.00 to $780.00 and set a ""buy"" rating on the stock in a research note on Friday, May 1st. Erste Group Bank lowered Meta Platforms from a ""buy"" rating to a ""hold"" rating in a research report on Thursday, April 2nd. KeyCorp reaffirmed an ""overweight"" rating and issued a $760.00 target price on shares of Meta Platforms in a report on Thursday, April 30th. JPMorgan Chase & Co. reaffirmed a ""neutral"" rating and issued a $725.00 target price (down from $825.00) on shares of Meta Platforms in a report on Thursday, April 30th. Finally, Barclays increased their price target on Meta Platforms from $800.00 to $830.00 and gave the company an ""overweight"" rating in a research note on Thursday, April 30th. Three analysts have rated the stock with a Strong Buy rating, thirty-five have given a Buy rating, nine have issued a Hold rating and one has given a Sell rating to the stock. Based on data from MarketBeat, Meta Platforms currently has an average rating of ""Moderate Buy"" and an average price target of $840.60.

Read Our Latest Stock Report on Meta Platforms

Meta Platforms Stock Performance

The company has a debt-to-equity ratio of 0.24, a current ratio of 2.35 and a quick ratio of 2.35. The business has a 50-day moving average of $621.27 and a 200-day moving average of $634.10. The company has a market capitalization of $1.43 trillion, a P/E ratio of 20.50, a P/E/G ratio of 1.02 and a beta of 1.23.

Meta Platforms (NASDAQ:META - Get Free Report) last released its earnings results on Wednesday, April 29th. The social networking company reported $10.44 EPS for the quarter, beating analysts' consensus estimates of $6.67 by $3.77. The firm had revenue of $56.31 billion for the quarter, compared to analysts' expectations of $55.56 billion. Meta Platforms had a return on equity of 36.93% and a net margin of 32.84%.The company's quarterly revenue was up 33.1% on a year-over-year basis. During the same quarter in the prior year, the firm posted $6.43 earnings per share. On average, sell-side analysts anticipate that Meta Platforms, Inc. will post 29.35 EPS for the current year.

Meta Platforms Announces Dividend

The business also recently declared a quarterly dividend, which will be paid on Thursday, June 25th. Stockholders of record on Monday, June 15th will be given a $0.525 dividend. This represents a $2.10 annualized dividend and a dividend yield of 0.4%. The ex-dividend date of this dividend is Monday, June 15th. Meta Platforms's payout ratio is presently 7.63%.

Insider Activity

In other news, COO Javier Olivan sold 2,778 shares of the company's stock in a transaction dated Monday, April 13th. The shares were sold at an average price of $629.45, for a total transaction of $1,748,612.10. Following the transaction, the chief operating officer owned 10,557 shares in the company, valued at $6,645,103.65. This represents a 20.83% decrease in their ownership of the stock. The transaction was disclosed in a legal filing with the SEC, which is available through this hyperlink. The transaction was executed under a pre-arranged Rule 10b5-1 trading plan. Also, CTO Andrew Bosworth sold 7,847 shares of the company's stock in a transaction on Monday, May 18th. The shares were sold at an average price of $607.83, for a total value of $4,769,642.01. Following the completion of the transaction, the chief technology officer directly owned 414 shares in the company, valued at approximately $251,641.62. The trade was a 94.99% decrease in their ownership of the stock. Additional details regarding this sale are available in the official SEC disclosure. The transaction was executed under a pre-arranged Rule 10b5-1 trading plan. The sale was made to cover tax withholding obligations related to the vesting of equity awards. Insiders sold a total of 39,013 shares of company stock valued at $24,115,999 over the last three months. Company insiders own 13.53% of the company's stock.

Institutional Investors Weigh In On Meta Platforms

Several hedge funds have recently added to or reduced their stakes in META. Brighton Jones LLC increased its position in shares of Meta Platforms by 1.7% in the fourth quarter. Brighton Jones LLC now owns 34,551 shares of the social networking company's stock valued at $20,230,000 after buying an additional 570 shares in the last quarter. Revolve Wealth Partners LLC lifted its position in shares of Meta Platforms by 10.2% during the 4th quarter. Revolve Wealth Partners LLC now owns 9,456 shares of the social networking company's stock valued at $5,537,000 after buying an additional 875 shares in the last quarter. Headwater Capital Co Ltd grew its stake in Meta Platforms by 294.7% in the 1st quarter. Headwater Capital Co Ltd now owns 150,000 shares of the social networking company's stock valued at $86,454,000 after acquiring an additional 112,000 shares during the period. Dymon Asia Capital Singapore PTE. LTD. acquired a new stake in Meta Platforms in the 2nd quarter valued at $213,000. Finally, Capital & Planning LLC purchased a new stake in Meta Platforms in the 2nd quarter worth $322,000. 79.91% of the stock is owned by hedge funds and other institutional investors.

Meta Platforms Company Profile

(Get Free Report)

Meta Platforms, Inc (NASDAQ: META), formerly Facebook, Inc, is a global technology company best known for building social networking services and immersive computing platforms. Founded in 2004 and headquartered in Menlo Park, California, the company operates a family of consumer-facing products and services that connect users, creators and businesses. In October 2021 the company rebranded as Meta to reflect an expanded strategic focus on augmented and virtual reality technologies alongside its social media businesses.

Meta's core consumer products include Facebook, Instagram, WhatsApp and Messenger, which enable social networking, messaging, content sharing and community building across mobile and desktop devices.

Featured Stories

Five stocks we like better than Meta Platforms

Buy CrowdStrike Before the Stock Split? Here's the Case

Investors Are Buying Into Sweetgreen AgainShould They?

Burlington Is Winning Over Shoppers But Investors Need Patience

USA Today's Digital Revival Is Gaining Steam, But With Plenty of Risk",608752c8c5100f5b8e16bb121186336bd80bf4cfc755e097673787aaf90d8aea,ok,,8601,7919,0,week4_lseg_html_v1,True,True
2026-06-22 22:52:18.967,2026-06-22,2026-06-22T00:00:00,2026-06-22T23:59:59,META,META.O,R:META.O and Language:LEN,urn:newsml:reuters.com:20260622:nNRA0z6nly:1,reuters,NS:ZACKSC,Meta Platforms (META) Sees a More Significant Dip Than Broader Market: Some Facts to Know,,"Jun 22, 2026

See Top Quantum Stocks Now >> Meta Platforms, Inc. (META): Free Stock Analysis Report

In the latest trading session, Meta Platforms (META) closed at $563.85, marking a -2.32% move from the previous day. The stock fell short of the S&P 500, which registered a loss of 0.37% for the day. At the same time, the Dow added 0.29%, and the tech-heavy Nasdaq lost 1.33%.

Coming into today, shares of the social media company had lost 5.41% in the past month. In that same time, the Computer and Technology sector gained 4.52%, while the S&P 500 gained 2.02%.

The investment community will be paying close attention to the earnings performance of Meta Platforms in its upcoming release. The company is expected to report EPS of $7.1, down 0.56% from the prior-year quarter. Meanwhile, our latest consensus estimate is calling for revenue of $60.13 billion, up 26.56% from the prior-year quarter.

In terms of the entire fiscal year, the Zacks Consensus Estimates predict earnings of $33.01 per share and a revenue of $253.28 billion, indicating changes of +40.53% and +26.03%, respectively, from the former year.

Investors should also note any recent changes to analyst estimates for Meta Platforms. These latest adjustments often mirror the shifting dynamics of short-term business patterns. Hence, positive alterations in estimates signify analyst optimism regarding the business and profitability.

Our research suggests that these changes in estimates have a direct relationship with upcoming stock price performance. To utilize this, we have created the Zacks Rank, a proprietary model that integrates these estimate changes and provides a functional rating system.

The Zacks Rank system, ranging from #1 (Strong Buy) to #5 (Strong Sell), possesses a remarkable history of outdoing, externally audited, with #1 stocks returning an average annual gain of +25% since 1988. Within the past 30 days, our consensus EPS projection remained stagnant. Meta Platforms presently features a Zacks Rank of #3 (Hold).

In terms of valuation, Meta Platforms is currently trading at a Forward P/E ratio of 17.49. This valuation marks a discount compared to its industry average Forward P/E of 18.33.

Investors should also note that META has a PEG ratio of 0.91 right now. The PEG ratio is similar to the widely-used P/E ratio, but this metric also takes the company's expected earnings growth rate into account. By the end of yesterday's trading, the Internet - Software industry had an average PEG ratio of 0.99.

The Internet - Software industry is part of the Computer and Technology sector. This industry currently has a Zacks Industry Rank of 84, which puts it in the top 35% of all 250+ industries.

The Zacks Industry Rank gauges the strength of our industry groups by measuring the average Zacks Rank of the individual stocks within the groups. Our research shows that the top 50% rated industries outperform the bottom half by a factor of 2 to 1.

To follow META in the coming trading sessions, be sure to utilize Zacks.com.

Radical New Technology Could Hand Investors Huge Gains

Quantum Computing is the next technological revolution, and it could be even more advanced than AI.

While some believed the technology was years away, it is already present and moving fast. Large hyperscalers, such as Microsoft, Google, Amazon, Oracle, and even Meta and Tesla, are scrambling to integrate quantum computing into their infrastructure.

Senior Stock Strategist Kevin Cook reveals 7 carefully selected stocks poised to dominate the quantum computing landscape in his report, Beyond AI: The Quantum Leap in Computing Power .

Kevin was among the early experts who recognized NVIDIA's enormous potential back in 2016. Now, he has keyed in on what could be ""the next big thing"" in quantum computing supremacy. Today, you have a rare chance to position your portfolio at the forefront of this opportunity.

Want the latest recommendations from Zacks Investment Research? Today, you can download 7 Best Stocks for the Next 30 Days. Click to get this free report

This article originally published on Zacks Investment Research (zacks.com).

Zacks Investment Research",54fd306ddf435a9d64f0868dabd1b6a230ea9ed3a78cfaa1a4e9585eff2f3eee,ok,,5700,4167,0,week4_lseg_html_v1,True,True
2026-06-22 21:42:08.712,2026-06-22,2026-06-22T00:00:00,2026-06-22T23:59:59,META,META.O,R:META.O and Language:LEN,urn:newsml:reuters.com:20260622:nNRA0z5sgn:1,reuters,NS:DATMTR,Meta Platforms Rumored to Invest in Dreamplug Technologies (Cred),,"Meta Platforms Inc (Meta), a US-based provider of social networking, advertising, and business insight solutions, rumored to invest in Dreamplug Technologies Pvt Ltd (Cred), an India-based financial technology company, according to cited by peoples

The talks signal Meta's growing interest in expanding its presence in India's digital payments market, where competition remains intense despite rapid growth in online transactions. Sources cited in the report said Meta has evaluated multiple options, including a strategic investment, a full acquisition at a lower valuation, and a potential operating role for Cred founder Kunal Shah within the company.

Meta Platforms Inc, a US-based provider of social networking, advertising, and business insight solutions, rumored to invest in Dreamplug Technologies Pvt Ltd, an India- based financial technology company, according to cited by peoples. The talks signal Meta' s growing interest in expanding its presence in India' s digital payments market, where competition... Deal In Brief

Deal TypeAcquisition

Sub-CategoryMinority Acquisition

Deal StatusRumour: 2026-06-19

Deal Participants

Target (Company)Cred

Acquirer (Company)Facebook, Inc.

Deal Rationale

The talks signal Meta's growing interest in expanding its presence in India's digital payments market, where competition remains intense despite rapid growth in online transactions.

(Republication or redistribution, including by framing or similar means, is expressly prohibited without prior written consent. Marketline shall not be liable for errors or delays in the content, or for any actions taken in reliance thereon.)",bd154d44bbd2b8c836b1bc4428f9d1803ac8e39d4bff541712287f79aca996a0,ok,,2177,1638,0,week4_lseg_html_v1,True,True
2026-06-22 21:30:00.000,2026-06-22,2026-06-22T00:00:00,2026-06-22T23:59:59,META,META.O,R:META.O and Language:LEN,urn:newsml:reuters.com:20260622:nL8N42U159:1,reuters,NS:RTRS,UK considers forcing social media firms to prioritise trusted news,,"LONDON, June 22 (Reuters) - Britain is considering forcing social media companies to prioritise what the government called trusted news sources as part of its broader push to tighten regulation of the sector.

The culture department said on Monday it was considering requiring platforms such as Meta's META.O Facebook, Alphabet-owned GOOGL.O YouTube and TikTok to make content from public service media — including the BBC, ITV ITV.L and Channel 4 — and other trusted news providers easier to find in users' feeds and searches.

The move comes a week after the government announced a ban on under-16s using most social media platforms.

Data from media regulator Ofcom show social media has become a main source for a majority of UK adults and around three-quarters of younger people aged 16 to 24. Separate Ofcom research from 2024 found four in 10 UK adults had encountered misinformation in a single month, most of it online.

""It is vital that we make sure that people have better access to trusted and accurate news and that our regulated public service media is seen and heard in the fierce battle against mis- and disinformation,"" culture minister Lisa Nandy said in a statement.

Boosting the visibility of regulated news providers could help tackle misinformation, particularly during crises, the government said.

However, any move to influence how platforms rank content is likely to face scrutiny from the social media firms, which say such rules could override user choice and disadvantage other creators.

X, Meta, TikTok and YouTube did not immediately respond to requests for comment.

The proposals form part of a broader overhaul of Britain's public service media system to help broadcasters compete with streaming platforms and shifting viewing habits.

Ministers are also considering widening public service media status to include online-only providers, extending free-to-air protections for major sporting events to on-demand viewing, and consulting on a shift to internet-based TV from 2034 or 2044.

(Reporting by Sam Tabahriti; editing by William James)",670f438fd7ab300ed475ca3af16dc255f9d7b73d0b45d165229251cbc33a7907,ok,,3070,2078,0,week4_lseg_html_v1,True,True
2026-06-23 22:55:40.000,2026-06-23,2026-06-23T00:00:00,2026-06-23T23:59:59,META,META.O,R:META.O and Language:LEN,urn:newsml:reuters.com:20260623:nL4N42V1Q6:6,reuters,NS:RTRS,"UPDATE 2-US presses Meta to agree to AI reviews as security concerns rise, NYT reports",,"Adds background in paragraphs 6-8

June 23 (Reuters) - The Trump administration is pressing Meta META.O to submit its AI models for voluntary review, which would allow the government to evaluate their abilities and vulnerabilities, the New York Times reported on Tuesday, citing four people familiar with the confidential request.

The request was made in emails with the social media giant, the report said, as the administration steps up oversight of the AI industry.

The Facebook parent, which launched the Muse Spark AI model in April, is the only major U.S. developer of AI technology that has not reached an agreement to voluntarily share its models with the federal government for review, according to the report.

""We share the administration's goal of advancing U.S. leadership on robust and secure frontier AI. While we are working through the details, we hope to sign the agreement soon,"" Meta told Reuters in an emailed response.

The U.S. Commerce Department did not immediately respond to a Reuters request for comment.

Earlier this month, the U.S. government ordered Anthropic to suspend access to its most advanced AI models for foreign nationals, citing national security ‌concerns.

OpenAI and Anthropic had already been working with the U.S. government to test unreleased AI models, while Google DeepMind GOOGL.O, Microsoft MSFT.O and xAI agreed in May to provide the government early access to new models for national-security evaluations.

Concern ​is growing in Washington over the national security risks posed by powerful AI systems. By securing early access to frontier models, U.S. officials are aiming to identify threats ranging from cyberattacks to military misuse before the tools are widely deployed.

On June 2, President Donald Trump signed an executive order establishing a voluntary framework for AI developers to offer ""covered frontier models"" to the U.S. government for up to 30 days before releasing them to trusted partners.

(Reporting by Jaspreet Singh in Bengaluru; Editing by Sahal Muhammed and Vijay Kishore)",7f11543808caaf55ca107761702762fbca473145aca0433ae97552283319e2a7,ok,,3205,2055,0,week4_lseg_html_v1,True,True
2026-06-23 22:02:28.000,2026-06-23,2026-06-23T00:00:00,2026-06-23T23:59:59,META,META.O,R:META.O and Language:LEN,urn:newsml:reuters.com:20260623:nL8N42V268:2,reuters,NS:RTRS,"RPT-USER REPORTS SHOW PROBLEMS WITH INSTAGRAM, FACEBOOK IN UK - DOWNDETECTOR",,,,boilerplate_only,story contains no substantive text after boilerplate removal,21,0,0,week4_lseg_html_v1,True,False
2026-06-23 22:02:27.000,2026-06-23,2026-06-23T00:00:00,2026-06-23T23:59:59,META,META.O,R:META.O and Language:LEN,urn:newsml:reuters.com:20260623:nL8N42V268:1,reuters,NS:RTRS,"CORRECTED-DOWNDETECTOR: OVER 18,000 USERS REPORT PROBLEMS WITH INSTAGRAM (NOT FACEBOOK), OVER 20,000 REPORTS FOR FACEBOOK IN U.S.",,,,boilerplate_only,story contains no substantive text after boilerplate removal,21,0,0,week4_lseg_html_v1,True,False
2026-06-23 21:56:56.727,2026-06-23,2026-06-23T00:00:00,2026-06-23T23:59:59,META,META.O,R:META.O and Language:LEN,urn:newsml:reuters.com:20260623:nFWN42V110:1,reuters,NS:RTRS,"USER REPORTS SHOW PROBLEMS WITH INSTAGRAM, FACEBOOK IN U.S. - DOWNDETECTOR",,,,boilerplate_only,story contains no substantive text after boilerplate removal,21,0,0,week4_lseg_html_v1,True,False
2026-06-23 21:49:12.018,2026-06-23,2026-06-23T00:00:00,2026-06-23T23:59:59,META,META.O,R:META.O and Language:LEN,urn:link:webnews:20260623:nNRA0znj8m:0,webnews,NS:LAWAAB,Meta Fights Authors' Bid For Quick Appeal In AI Training Case,,,,missing,story body is empty,0,0,0,week4_lseg_html_v1,False,False
2026-06-24 21:08:45.000,2026-06-24,2026-06-24T00:00:00,2026-06-24T23:59:59,META,META.O,R:META.O and Language:LEN,urn:newsml:reuters.com:20260624:nL6N42W164:6,reuters,NS:RTRS,"UPDATE 2-Qualcomm forecasts $15 billion data center chip sales by 2029, shares soar",,"Custom chip revenue from two hyperscaler customers will start before year-end, Qualcomm says

Microsoft will use Qualcomm's HBC chips for AI tasks

Meta will use Dragonfly C1000 CPU designed for AI data centers

Adds details on financial forecast, context

By Anhata Rooprai and Stephen Nellis

June 24 (Reuters) - Qualcomm QCOM.O said it expects to generate $15 billion in sales from its data center business by 2029 as it moves beyond its core smartphone chips, sending shares more than 12% higher in after-hours trading on Wednesday.

Chief Financial Officer Akash Palkhiwala said at an investor presentation that the data center business will bring in $5 billion for fiscal 2027, with $1 billion coming from the new custom-chip customers.

Qualcomm also said it expects $40 billion in revenue from chips outside its smartphone stronghold by 2029, up from previous estimates of $22 billion, and with handsets only making up a third of its chip revenue by then.

""We will be truly diversified,"" Palkhiwala said.

Arm Holdings, which supplies underlying technology for many Qualcomm chips, also rose 5% after the forecast.

Bank of America analysts had earlier said they expect modest revenue of roughly $2 billion to $5 billion annually from Qualcomm's data center push by fiscal 2027-2028.

META, MICROSOFT AMONG CUSTOMERS

Earlier in the day, Qualcomm said Microsoft MSFT.O and Meta Platforms META.O will use its new AI chips and that it will make custom chips for two other unnamed ""hyperscalers.""

Qualcomm's shift to AI chips reflects mounting pressure in the smartphone market, which has been squeezed by a memory chip shortage driven by surging demand for AI infrastructure, and major customers such as Apple AAPL.O and Samsung 005930.KS developing chips in-house.

The chipmaker on Wednesday said Microsoft will use its new category of chips that relies on cheap memory chips used in smartphones and laptops, instead of the pricey high-bandwidth chips used by Nvidia and SRAM memory used by Cerebras Systems CBRS.O.

The company calls the new category ""High Bandwidth Compute"" or HBC.

""That is a tremendous value that we deliver to the industry in terms of performance per cost advantage,"" said Tony Pialis, Qualcomm's data center chief.

Qualcomm said Meta will use its new CPU called Dragonfly C1000 that it has designed specifically for AI data centers, entering a market where both Arm Holdings and Nvidia are courting customers.

Pialis also said Qualcomm has won two major customers — called ""hyperscalers"" in the computing industry — for whom it will make custom chips, with revenue starting before the end of this calendar year.

""I have not had to push my way into hyperscale customers; they've been pulling us in,"" Pialis said, without naming the customers.

CROWDED DATA CENTER CHIP MARKET

Qualcomm, which has attempted to boost its data-center business multiple times, is re-entering a fast-growing, but hyper-competitive AI market full of large incumbents such as Nvidia NVDA.O, the newly minted Cerebras and other custom chip options including Amazon's AMZN.O Graviton and Google's GOOGL.O Axion, Bank of America analysts warned in a client note on Tuesday.

Qualcomm said in April that it plans to begin shipping processors and other AI chips for data centers by year-end.

It also said it was working with customers on three kinds of chips: central processing units, inference accelerators, and custom application-specific integrated circuits (ASICs), a segment that has been booming for rivals such as Broadcom AVGO.O and Marvell MRVL.O.

AI inference — running trained AI models — has emerged as a key battleground.

(Reporting by Anhata Rooprai in Bengaluru; Editing by Sayantani Ghosh and Sahal Muhammed)",33f77d249df3c068956f93e0eef49bdbe2a6251891ecea55c74996f2543ac75b,ok,,7083,3736,0,week4_lseg_html_v1,True,True
2026-06-24 20:56:14.000,2026-06-24,2026-06-24T00:00:00,2026-06-24T23:59:59,META,META.O,R:META.O and Language:LEN,urn:newsml:social:20260624:nTWT4wZWrK:1,social,NS:X,"@theinformation: Meta is building a prediction markets app but hasn’t optimized revenue on it’s other apps, @Oppenheimer’s Jason Helfstein claims. 

“You could argue the biggest opportunity is monetizing WhatsApp, right?”

“…but they're not doing that.” https://t.co/1I8gPcnNyy",,"The Information

@theinformation

Meta is building a prediction markets app but hasn’t optimized revenue on it’s other apps,

@Oppenheimer

’s Jason Helfstein claims.

“You could argue the biggest opportunity is monetizing WhatsApp, right?”

“…but they're not doing that.”

pic.x.com/1I8gPcnNyy",b855daabee83c8c7ed71b0508cf561356b012b3283fc9a7037c7483e8770435a,ok,,5990,294,0,week4_lseg_html_v1,False,False
2026-06-24 20:52:54.264,2026-06-24,2026-06-24T00:00:00,2026-06-24T23:59:59,META,META.O,R:META.O and Language:LEN,urn:newsml:newsroom:20260624:nNRA104xr7:0,newsroom,NS:NEWUSN,"Meta Platforms, Inc. (NASDAQ:META) drops to three-month low; -$4.58 [-0.8%]",,"NASDAQ END-OF-DAY STOCK REPORT

Meta Platforms, Inc.'s (NASDAQ: META $557.64) stock price traded at its 85-day low of $555.55. The last time the price hit that low level was on Tuesday, Mar 31, 2026.

Meta Platforms, Inc.'s stock price decreased $4.58 (0.8%) from its previous trading session to close at $557.64.

Compared with the NASDAQ-100 Index which fell 127.2 points (0.4%) in the day, the relative price change was -0.4%.

There were 10,439,041 shares worth $5.8 billion traded today; the volume was 0.8 times the average daily trading volume of 12.7 million shares.

META PLATFORMS, INC. (META) Stock Dashboard [traded in US Dollars, USD] End-of-Day Wed, Jun 24

http://www.facebook.com

Last$557.64

52-Week Price Range$519.78 - $794.33

Ave Daily Volume12,680,581 shares

Today's Volume [VI]10,439,041 [0.8]

Market Cap$1,214.5 billion

ExchangeNASDAQ [Nasdaq]

P/E19.9

EPS (FY2025)$23.98

EPS Growth (Q1 2026 vs Q4 2025)17.2%

Shares Outstanding2,178,000,000

Institutional Ownership% of shares outstanding 63.6%

META in IndicesNASDAQ-100 [of 100 stocks]

Dividend Yield % (TTM)0.28%

DPS (past 12 months)$2.10 or 210c

SectorTechnology [Rank by MCap 2 of 218 stocks]

Bullish Turning Point

Relative Strength Index (RSI)

The Relative Strength Index (RSI) of 29.9 has breached the oversold line of 30, suggesting the price decrease of 11.1% in the last 14 days is unusually high. The RSI was previously 40.4.

INDEX

SECTION 1 RECENT NEWS AND RESEARCH

SECTION 2 THE PAST YEAR: PRESS RELEASES

SECTION 3 META PLATFORMS, INC. 10-Q: 12 CONSEQUENTIAL MANAGEMENT DECISIONS

SECTION 4 INSTITUTIONAL OWNERSHIP UPDATED AFTER LAST SEC FILING Q1/2026 REPORTED ON MAY 18

SECTION 5 TODAY'S BEARISH SIGNALS

SECTION 6 ONGOING BEARISH PARAMETERS

SECTION 7 TODAY'S BULLISH SIGNALS

SECTION 8 ONGOING BULLISH PARAMETERS

SECTION 9 CORPORATE PROFILE AND INDEPENDENT RATINGS

SECTION 10 FINANCIALS FY 2025

SECTION 11 TAX

SECTION 12 TOP MANAGEMENT AND BOARD OF DIRECTORS

Read more...

ANNEXURE

APPENDIX I DATA & ARCHIVE DOWNLOAD CENTER

APPENDIX II STOCK IDENTIFIERS

GLOSSARY

SECTION 1 RECENT NEWS AND RESEARCH

Meta Platforms, Inc. (NASDAQ:META) spearheads a digital ecosystem centered on social media, augmented reality, and artificial intelligence. With core operations anchored in platforms like Facebook and Meta Quest VR headsets, the company continues innovating with initiatives, including Ray-Ban Meta Smart Glasses. Meta's advancements in AI, exemplified by the Meta Muse Spark AI model, complement strategic partnerships such as the Meta-CoreWeave AI cloud capacity agreement, enhancing their cloud and AI service offerings. The firm's commitment to infrastructure, as seen in Meta data centers and sustainable energy projects with Noon Energy, underscores its long-term competitive edge through technological leadership and energy-efficient practices.

Source: Nasdaq Stock Exchange: https://www.nasdaq.com/market-activity/stocks/META, company (Meta Platforms, Inc.), Ticker(META)

SEC Form 4-Insider Selling

Wednesday June 17

Meta Platforms (NASDAQ:META) Chief Operating Officer Olivan Javier sold 1,234 shares worth $740,400 on June 15. The selling price was $600.0. The shares hit a ten-day high on the day.

Source: U.S. Securities and Exchange Commission (SEC Form 4) https://www.sec.gov/edgar/browse/?CIK=1326801, company (Meta Platforms, Inc.), Ticker(META)

Please view more stories in DATA DOWNLOAD CENTER

META PLATFORMS, INC. EX-DIVIDENDS SINCE JUN 15

The shares plummeted 6.0% in the 6 trading sessions since the ex-dividend date of June 15. The company paid a dividend of 52.50c per share. Based on dividends of $1.58 per share for the trailing twelve months and the last price of $557.64 the dividend yield is 0.3%.

Source: Nasdaq Stock Exchange: https://www.nasdaq.com/market-activity/dividends, company (Meta Platforms, Inc.), Ticker(META)

Financial News

Quarterly Report (Q1/2026):

Release Date: April 30, 2026

Quarterly Report Analysis Quarter ending 31 March 2026: Meta Platforms EPS gains 17%

Meta Platforms (NASDAQ:META), announced EPS of $10.57 for the quarter-ended 31 March 2026 [Q1/2026], up 17% sequentially from $9.02 in the previous quarter [Q4/2025].

Quarterly Report (Quarter ending 31 Mar 2026)

Quarter-ended31 Mar 202631 Dec 202530 Sep 2025

EPS, $10.69.01.1

Sequential growth in EPS %17735-85

Revenue, $ billion56.359.951.2

Sequential growth in Revenue %-6.016.97.8

Net Profit, $ billion26.822.82.7

Sequential growth in Net Profit %17.6740-85

Compared with the Previous Corresponding Period [PCP; Q1/2025], year-over-year [y.o.y.] EPS was up 60.4%, Revenue was up 33.1% and Net Profit was up 60.9%.

Quarter-ended31 Mar 202631 Mar 2025

EPS, $10.66.6

PCP growth in EPS %6036

Revenue, $ billion56.342.3

PCP growth in Revenue %33.116.1

Net Profit, $ billion26.816.6

PCP growth in Net Profit %6134.6

Source: Meta Platforms, Inc.'s, 10-Q filing dated April 30, 2026, available at the U.S. Securities and Exchange Commission website: https://www.sec.gov/Archives/edgar/data/1326801/000162828026028526/meta-20260331.htm. company (Meta Platforms, Inc.), Ticker(META)

VI* Volume Index = Number of shares traded today/Average number of shares traded per day.

Source: Nasdaq Stock Exchange: https://www.nasdaq.com/market-activity/stocks/META, company (Meta Platforms, Inc.), Ticker(META)

Stock Buzz

Other Publishers Buzz in the past week

JunHeadlinePublisher

Wed 24Meta Platforms Is Building A Prediction Market AppYahoo Finance

Tue 23Jim Cramer Discusses Major Market Questions About Meta Platforms (META)Insider Monkey

Thu 18Why Meta Platforms Stock Plummeted by Over 5% on WednesdayAOL

Analyst Recommendations: Past 55 days

2026BrokerageCurrent RatingPrev TargetPrice Target

May 20Wells Fargo & CompanyOverweight770765

May 05MizuhoOutperform850835

May 01Stifel NicolausBuy805780

Apr 30GuggenheimBuy850800

Apr 30BarclaysOverweight800830

SECTION 2 THE PAST YEAR: PRESS RELEASES

2.1 Press Releases and Corporate Wire

Press Release article 1 of 11, Source: Lamdag Eskrima to, 301 words

June 24: Lamdag Eskrima to Host Thanksgiving to the Lord Tournament 2026

In a sporting landscape often fueled by sponsorships, institutional support, and large organizational backing, one independent martial arts team from Cebu has proven that faith, determination, and strong leadership can still move mountains.

The Lamdag Eskrima Team, a homegrown Filipino Martial Arts organization based in Cebu, proudly announces its upcoming Thanksgiving to the Lord Tournament 2026, projected to take place between September and December 2026, with the official date and venue to be announced in August.

This tournament will be unlike any other.

For years, Lamdag Eskrima has quietly traveled beyond Cebu, competing in regional and national-level competitions despite having little to no financial support, limited resources, and almost no formal accreditation or organizational affiliations. Through sacrifice, discipline, and unwavering faith, the team has managed to represent Cebu and bring home medals from various prestigious competitions across the country.

What makes this achievement remarkable is that Lamdags journey was never built on financial abundance. Instead, it was built on commitment, brotherhood, and a deep belief that God opens doors where none seem to exist.

We have traveled, competed, and overcome obstacles that many thought would stop us. Yet every tournament, every victory, and every lesson learned reminded us of one thing, none of this would have been possible without Gods grace, said Mr. Ralph Coming, Co-Founder of Lamdag Eskrima.

The upcoming tournament serves as a tribute to what the team considers its greatest sponsornot a corporation, not a government agency, and not a wealthy benefactor but the Lord Himself.

This tournament is our way of saying thank you, said Head Coach Master Jose Roel Patria Jr. Every opportunity, every safe journey, every medal, and every athlete who continues to grow under Lamdag is a blessing.

Press Release article 2 of 11, Source: Arianne Phosphate Inc., 312 words

June 18: Arianne Phosphate Successfully Completes Pilot Scale Purified Phosphoric Acid Production with Travertine Technologies

SAGUENAY, Quebec, June 18, 2026 -- Arianne Phosphate Inc (the Company or Arianne) (TSX VENTURE: DAN; OTCQB: DRRSF; FRANKFURT: JE9N), a development-stage phosphate mining company, advancing its Lac a Paul project in Quebecs Saguenay-Lac-Saint-Jean region, is pleased to announce that it has successfully completed the production of purified phosphoric acid (PPA) with its partner Travertine Technologies. As announced in November of 2025, the companies partnered by way of an MoU to test the ability of producing PPA by combining Travertines proprietary process with Ariannes high-purity phosphate concentrate and, subsequently, signed the joint-venture framework agreement earlier this month (see Press Release dated June 2, 2026).

Following the establishment of the partnership, Arianne provided samples of its phosphate concentrate to be processed at Travertines facility in Boulder, Colorado. Pilot scale testing was successfully performed demonstrating proof of concept on the process and production of a high-quality PPA. Further, Travertine has demonstrated that over 95% of the sulphur used in the process of making PPA can be recaptured and recycled, providing a virtually closed loop system. The PPA produced using the process met specifications required for LFP batteries as well as other technical-grade applications.

These results are extremely encouraging as Arianne looks to move downstream and become a producer of purified phosphoric acid, said Brian Ostroff, Head of Strategic & Business Initiatives at Arianne Phosphate. Growing demand driven by the deployment of LFP batteries, coupled with increased geopolitical uncertainties, is driving the West to question its access to this vital material and look for alternatives. Having the only permitted phosphate project in the West, the advanced nature of our phosphate mining project coupled with the ability to transform our concentrate into PPA will provide an alternative to the current supply challenge.

Press Release article 3 of 11, Source: WEC, 51 words

June 02: Meta Platforms announces dividend

Meta Platforms today announced a quarterly dividend of 52.50c per share. The ex-dividend date is Monday, June 15, 2026 and the record date is Monday, June 15, 2026 and it is payable on Thursday, June 25.

Press Release article 4 of 11, Source: Arianne Phosphate Inc., 312 words

June 02: Arianne Phosphate Executes Joint Venture Framework Agreement with Travertine Technologies

SAGUENAY, Quebec, June 02, 2026 -- Arianne Phosphate Inc (the Company or Arianne) (TSX VENTURE: DAN; OTCQB: DRRSF; FRANKFURT: JE9N), a development-stage phosphate mining company, advancing its Lac a Paul project in Quebecs Saguenay-Lac-Saint-Jean region, is pleased to announce that it has signed its Joint Venture Framework Agreement with Travertine Technologies Inc. (Travertine) which will serve as the template for its final shareholder agreement between the parties. As previously announced (see Press Release dated November 6, 2025), Arianne partnered with Travertine, by way of a Memorandum of Understanding (MoU), for the production of purified phosphoric acid (PPA) by combining Travertines proprietary process with Ariannes high-purity phosphate concentrate.

Ariannes phosphate concentrate is a perfect feedstock for the Travertine process given its high-purity, low-contaminant nature. Travertines phosphate process can produce PPA from phosphate concentrate using recycled sulfuric acid, addressing both the significant cost and supply concerns that are now being felt in the sulphur and phosphate markets. As well, the process eliminates phosphogypsum waste, converting it into material that can be used in several other industries, resulting in a more environmentally friendly process and enhanced economics. The PPA produced from this process would meet the requirements necessary for LFP batteries, as well as other technical grades used in pharmaceuticals, semiconductor production and food additives.

Since the signing of our MoU, global events have led to significant issues in the sulphur market, greatly effecting many industries including phosphate production, said Brian Ostroff, Head of Strategic & Business Initiatives at Arianne Phosphate. Due to the nature of our phosphate concentrate, less sulphuric acid is required in the production of the phosphoric acid feedstock and then, when put through the Travertine process, much of the sulphuric acid can be recycled and used again in the process.

Press Release article 5 of 11, Source: Facebook, 326 words

May 28: New Bible Study Strangers in a Strange Land Encourages Christian Women Struggling with the Feeling that They Dont Belong

Bible teacher, speaker, and author Sherri Mewha invites Christian women to rediscover their identity and sense of belonging in Christ through her new 10-week Bible study, Strangers in a Strange Land: A Study of 1 & 2 Peter, released on April 16, 2026.

Written for women navigating the tension of living faithfully in todays culture, the study explores the apostle Peters message to believers who felt spiritually displaced, uncertain, and overwhelmed by the world around them.

Many Christian women today feel out of step with the culture and sometimes even within the church, said Mewha. Peter reminds us that we should not be confused. We have not been forgotten; we are chosen sojourners whose true citizenship is in heaven.

What sets Strangers in a Strange Land apart from other Bible studies is its creative structure. Each week opens with Scripturally on-point first-person narrative from the perspective of an Old Testament woman who understood what it meant to live as a stranger in unfamiliar circumstances. Women such as Ruth, Esther, and Rebekah help illuminate Peters teachings while drawing readers deeper into Scripture.

Designed for both individual and group study, each week Strangers in a Strange Land offers five days of thought-provoking homework, reflection prompts, contextual teaching, and discussion questions intended to foster meaningful spiritual growth and conversation.

Early readers and ministry leaders are already praising the studys depth and accessibility. In my role as a pastor, I have had the joy and responsibility of reviewing a wide range of womens Bible studies over the years, said Kevin Meek, Pastor of Discipleship & Teaching at Solid Rock Bible Church in Plymouth, Michigan. I can say that this study by Sherri Mewha on 1 and 2 Peter is one of the very best, if not the best, that I have ever read and studied.

Press Release article 6 of 11, Source: Meta, 73 words

May 28: Meta Announces Quarterly Cash Dividend

MENLO PARK, Calif., May 28, 2026 --The Meta Platforms, Inc. (Nasdaq: META) board of directors today declared a quarterly cash dividend of $0.525 per share of the company's outstanding Class A common stock and Class B common stock, payable on June 25, 2026 to stockholders of record as of the close of business on June 15, 2026.

Press Release article 7 of 11, Source: JLens, 321 words

May 26: JLens Urges Meta Shareholders to Take Action Against Online Hate and Vote FOR Proposal 8 at the Annual Meeting on May 27, 2026

NEW YORK----JLens, a Registered Investment Advisor that empowers investors to align their capital with Jewish values, today reiterated its call for shareholders of Meta Platforms, Inc. (NASDAQ: META) (Meta or the Company) to vote FOR Shareholder Proposal 8, which seeks greater accountability and transparency for Metas content moderation practices. The proposal is on the ballot for Metas annual shareholder meeting taking place on May 27, 2025, at 1:00 PM ET / 10:00 AM PT.

Proposal 8 submitted by JLens seeks much needed transparency into the proliferation of antisemitism and other forms of online hate on Metas platforms and services. The proposal reads as follows:

RESOLVED: Shareholders request that Meta Platforms, Inc. prepare a report, at reasonable cost and omitting proprietary information, detailing the companys policies, practices, and effectiveness in addressing antisemitism and other forms of online hate on its platforms and services. The report should evaluate the adequacy of moderation, enforcement, user protection, ad policies, and transparency efforts, with findings made publicly available within one year.

JLens believes that a detailed report on Metas efforts to combat antisemitism and other forms of online hate would provide shareholders critical insights into corporate policies while fostering a safer online environment. JLens argues that ineffective content moderation may drive users to platforms with stronger protections and deter advertisers that prioritize brand safety, thereby reducing engagement and revenue.

Independent Proxy Advisor and Shareholder Support

JLens noted that a leading independent proxy advisory firm, Glass, Lewis & Co., has recommended that Meta shareholders vote FOR Proposal 8. A similar proposal submitted by JLens at Metas 2025 annual meeting received nearly 47% support from the votes cast by the Companys independent shareholders, making it the highest-performing human rights-related shareholder proposal of the 2025 proxy season at any U.S.

Press Release article 8 of 11, 308 words

December 31 2025: Meta Platforms: File SEC Form 10-K - Management's Discussion and Analysis 10-K

Management's Discussion and Analysis of Financial Condition and Results of Operations

You should read the following discussion of our financial condition and results of operations in conjunction with our consolidated financial statements and the related notes included in Part II, Item 8, ""Financial Statements and Supplementary Data"" of this Annual Report on Form 10-K. In addition to our historical consolidated financial information, the following discussion contains forward-looking statements that reflect our plans, estimates, and beliefs. Our actual results could differ materially from those discussed in the forward-looking statements. Factors that could cause or contribute to these differences include those discussed below and elsewhere in this Annual Report on Form 10-K, particularly in Part I, Item 1A, ""Risk Factors."" For a discussion of limitations in the measurement of our Family metrics, see the section entitled ""Limitations of Key Metrics and Other Data"" in this Annual Report on Form 10-K.

To supplement our consolidated financial statements, which are prepared and presented in accordance with generally accepted accounting principles in the United States (GAAP), we present revenue on a constant currency basis and free cash flow, which are non-GAAP financial measures. Revenue on a constant currency basis is presented in the section entitled ""-Revenue-Foreign Exchange Impact on Revenue."" To calculate revenue on a constant currency basis, we translated revenue for the full year 2025 using 2024 monthly exchange rates for our settlement or billing currencies other than the U.S. dollar. For a full description of our free cash flow non-GAAP measure, see the section entitled ""-Liquidity and Capital Resources-Free Cash Flow.""

These non-GAAP financial measures are not intended to be considered in isolation or as a substitute for, or superior to, financial information prepared and presented in accordance with GAAP.

Press Release article 9 of 11, Source: WEC, 78 words

December 05 2025: Meta Platforms quarterly dividends steady

Meta Platforms today announced a quarterly dividend of 52.50c per share for Q3/2025; unchanged from the previous quarter (Q2/2025) dividend of 52.50c. The ex-dividend date is Monday, December 15, 2025 and the record date is Monday, December 15, 2025 and it is payable on Tuesday, December 23. Total dividends per share paid in the 12 months ended December 05 were $2.08.

Press Release article 10 of 11, Source: WEC, 78 words

September 15 2025: Meta Platforms quarterly dividends steady

Meta Platforms today announced a quarterly dividend of 52.50c per share for Q2/2025; unchanged from the previous quarter (Q1/2025) dividend of 52.50c. The ex-dividend date is Monday, September 22, 2025 and the record date is Monday, September 22, 2025 and it is payable on Monday, September 29. Total dividends per share paid in the 12 months ended September 15 were $2.05.

Press Release article 11 of 11, Source: Company Website, 136 words

July 01 2025: Meta to Announce Second Quarter 2025 Results

MENLO PARK, Calif., July 1, 2025 -- Meta Platforms, Inc. (NASDAQ: META) announced today that the company's second quarter 2025 financial results will be released after market close on Wednesday, July 30, 2025.

Meta will host a conference call to discuss its results at 2 p.m. PT / 5 p.m. ET the same day. The live webcast of the call can be accessed at the Meta Investor Relations website at investor.atmeta.com, along with the company's earnings press release, financial tables, and slide presentation.

Following the call, a replay will be available at the same website. Transcripts of conference calls with publishing equity research analysts held on July 30, 2025 will also be posted to the investor.atmeta.com website.

Source: Company Website

SECTION 3 META PLATFORMS, INC. 10-Q: 12 CONSEQUENTIAL MANAGEMENT DECISIONS

AI Investment Becomes the Core Growth and Competitive Defense Strategy

Management accelerated investment in AI initiatives, including generative AI and superintelligence, across advertising, content recommendations, and infrastructure. This drove a 46% increase in R&D expenses and elevated capital spending. For investors, the decision strengthens Meta's competitive position in ad performance and engagement, but raises near-term cost intensity. The key valuation question is whether these investments translate into durable revenue growth and operating leverage.

Capital Expenditures Signal a Larger AI Infrastructure Commitment

Management plans $125-145 billion in 2026 capital expenditures to support AI and core business needs, including servers, data centers, and network capacity. With $19.84 billion already spent in Q1, Meta is prioritizing long-term scale over near-term free cash flow optimization. Investors should view this as a confidence signal, but also monitor cash conversion and returns on invested capital.

Shareholder Returns Continue While Buyback Flexibility Is Preserved

Management returned $1.35 billion through dividends and dividend equivalents while maintaining $25.03 billion in share repurchase authorization. No shares were repurchased in Q1. This approach provides recurring shareholder yield while preserving capital allocation flexibility during a heavy investment cycle. For investors, dividends support near-term returns, while buyback optionality remains available if management sees attractive capital deployment opportunities.

Reality Labs Remains a Long-Duration Strategic Bet With Profit Drag

Management continued funding Reality Labs despite a $4.03 billion Q1 operating loss, with full-year 2026 losses expected to remain similar. The decision reflects a long-term commitment to virtual and augmented reality platforms. Investors should treat this as a high-risk capital allocation choice that currently weighs on consolidated profitability but could create upside if Meta builds a scaled future platform.

European Ad Compliance Shifts Aim to Protect Revenue Under Regulatory Pressure

Management adjusted advertising practices in Europe by moving to a consent-based model, offering a ""subscription for no ads"" option, and introducing less personalized ads. These steps are designed to reduce regulatory risk while preserving monetization. Investors should monitor whether lower personalization reduces ad effectiveness, user engagement, or regional revenue growth, especially as privacy regulation remains a structural pressure on the ad model.

Privacy-Focused Ad Systems Reinforce Monetization Resilience

Management advanced advertising systems through privacy-enhancing technologies, first-party data tools, and AI-driven optimization to offset regulatory and platform restrictions. The strategy supported 19% ad impression growth and a 12% increase in average price per ad, contributing to 33% year-over-year ad revenue growth. For investors, this shows Meta's core ad engine remains adaptable despite external privacy headwinds.

Family of Apps Cost Discipline Supports Strong Core Margins

Management maintained cost discipline in Family of Apps even as total expenses rose 35%, with 87% of costs allocated to FoA. The segment delivered a 24% increase in operating income to $26.9 billion and a 48% operating margin. This balance of investment and profitability underscores the scalability of Meta's core advertising business and supports confidence in earnings durability.

Tax Benefit Temporarily Lifts Earnings and Cash Flow

Management used U.S. Corporate Alternative Minimum Tax transitional relief, resulting in an $8.03 billion tax benefit and a negative 23% effective tax rate for Q1. This materially boosted net income to $26.77 billion and supported cash flow. Investors should recognize the benefit as temporary, with future effective tax rates expected to normalize to 13-16%.

Infrastructure Commitments Increase Capacity but Reduce Financial Flexibility

Management entered major multi-year infrastructure contracts, increasing non-cancelable commitments and restricting $5 billion in cash equivalents. Additional commitments of $24 billion were added in April 2026. These actions secure capacity for AI expansion and future business growth, but they also raise fixed obligations. Investors should assess how these commitments affect liquidity, flexibility, and long-term capital efficiency.

Reels and Business Messaging Expand Ad Surfaces With Near-Term Margin Trade-Offs

Management accelerated development of Reels ads and business messaging products to drive onsite conversions and broaden monetization. Reels continues to monetize at lower rates than more mature formats, creating near-term margin pressure. For investors, the strategic value lies in expanding ad inventory and engagement-based revenue pools, while the key risk is the pace of monetization improvement.

WhatsApp Paid Messaging and Meta Verified Build Early Non-Ad Revenue Momentum

Management grew other revenue 74%, driven by WhatsApp paid messaging and Meta Verified subscriptions. These businesses remain small compared with advertising, but they signal progress toward revenue diversification. For investors, the opportunity is not yet material to consolidated results, but continued growth could reduce long-term reliance on the core ad business and improve Meta's revenue mix.

Headcount Growth Stays Measured Amid AI and Infrastructure Expansion

Management increased headcount by 1% year over year to 77,986 while continuing to evaluate workforce needs against strategic priorities. This measured hiring approach occurred alongside higher employee compensation costs and major AI investment. Investors should view the decision as an effort to support critical growth initiatives while limiting broad cost expansion and preserving operating discipline.

Source: Meta Platforms, Inc.'s, 10-Q filing dated April 30, 2026, available at the U.S. Securities and Exchange Commission website: https://www.sec.gov/Archives/edgar/data/1326801/000162828026028526/meta-20260331.htm. company (Meta Platforms, Inc.), Ticker(META)

SECTION 4 INSTITUTIONAL OWNERSHIP UPDATED AFTER LAST SEC FILING Q1/2026 REPORTED ON MAY 18

Institutional Ownership as at Mar 31, 2026

4.1 Reported holdings of institutions end of quarter

As at March 31, 2026 institutions had decreased their holdings to 63.6% of issued capital, down from 77.2% nine months ago.

Quarter - endedMar 31Dec 31, 2025Sep 30, 2025Jun 30, 2025

% of issued capital63.679.374.977.2

Source: U.S. Securities and Exchange Commission (SEC) https://www.sec.gov/edgar/browse/?CIK=1326801, company (Meta Platforms, Inc.), Ticker(META)

4.2 Top 5 Institutional Ownership of Meta Platforms, Inc. as at March 31, 2026

As at March 31, 2026, 4996 Institutions (Funds) held investments in shares of Meta Platforms, Inc.. Institutions decreased their holdings to 63.6% of issued capital, down from 79.3% as at Dec 31. The largest shareholder was Blackrock Inc. with 8% of Meta Platforms, Inc.. The second largest shareholder was FMR LLC with 5%.

*Note: Minimum Core Shareholding is computed on the basis of SEC filings over the last 12 quarters (3 years). A higher % of shareholding above the minimum core holding may be indicative of a potential positioning by an active institution to overweight.

Meta Platforms, Inc. Top 3 Active Funds (in desc order of Shares) hold 12.1% [second last column shows % above minimum core shareholding; last column shows percentile rank by AUM (Assets Under Management) among 8584 Funds]. Please download the spreadsheet to view full list of 3178 Active Funds holding 41.1% of Meta Platforms, Inc. as at March 31, 2026.

FundShares% of TotalValue $

Blackrock Inc. (0002012383)168,843,283896.6 B

Geode Capital Management, LLC (0001214717)54,165,192231 B

Capital World Investors (0001422849)41,055,422223.5 B

% Held by Top 3 Institutional shareholders264,063,89712.1151 B

Fund% above Core*Percentile rank

Blackrock Inc. (0002012383)10100

Geode Capital Management, LLC (0001214717)23100

Capital World Investors (0001422849)16100

Meta Platforms, Inc. Top 2 Index Funds (in desc order of Shares) hold 9.4% [second last column shows % above minimum core shareholding; last column shows percentile rank by AUM (Assets Under Management) among 8584 Funds]. Please download the spreadsheet to view full list of 1819 Index Funds holding 22.5% of Meta Platforms, Inc. as at March 31, 2026.

FundShares% of TotalValue $

FMR LLC (0000315066)116,614,753566.7 B

State Street Corporation (0000093751)88,523,840450.6 B

% Held by Top 2 Institutional shareholders205,138,5939.4117.3 B

Fund% above Core*Percentile rank

FMR LLC (0000315066)-100

State Street Corporation (0000093751)4100

Source: U.S. Securities and Exchange Commission (SEC) https://www.sec.gov/edgar/browse/?CIK=1326801, company (Meta Platforms, Inc.), Ticker(META)

4.3 Top 5 Increases [March 31, 2026 vs December 31, 2025]

Value is shown in the table below at March 31 META share price of $572.02.

Institution (CIK)SharesValue, $% increase

PEAK6 LLC (0001389958)88,36256.6 M4,418,100.0

Vestor Capital, LLC (0001132699)69,29944.4 M6,929.9

Madison Asset Management, LLC (0001299351)85,54254.8 M2,293.4

Westchester Capital Management, Inc. (0001390063)700448,1872,000.0

Financiere des Professionnels - Fonds d,investissement inc. (0001996846)28,57218.3 M1,333.3

Total272,475174.5 million-

Source: U.S. Securities and Exchange Commission (SEC) https://www.sec.gov/edgar/browse/?CIK=1326801, company (Meta Platforms, Inc.), Ticker(META)

4.4 Institutional ownership of META at March 31, 2026: Capital Research Global Investors top increase by worth

Top 5 Increases by worth [March 31, 2026 vs December 31, 2025]

Value is shown in the table below at March 31 META share price of $572.02.

Institution (CIK)SharesWorth Change, $

Capital Research Global Investors (0001422848)13,036,2618.3 B

SG Americas Securities LLC (0001313360)3,798,8712.4 B

Goldman Sachs Group Inc. (0000886982)3,257,2952.1 B

Capital World Investors (0001422849)1,496,785958.3 M

Geode Capital Management, LLC (0001214717)1,358,480869.8 M

Total22,947,69214.7 billion

Source: U.S. Securities and Exchange Commission (SEC) https://www.sec.gov/edgar/browse/?CIK=1326801, company (Meta Platforms, Inc.), Ticker(META)

4.5 Top 5 Decreases [March 31, 2026 vs December 31, 2025]

Institution (CIK)SharesValue, $% Decreases

J. Stern and Co. LLP (0002011335)69,542,818(44.5 B)-99.8

HWG Holdings LP (0001599390)15,823(10.1 M)-99.8

Copeland Capital Management, LLC (0001541743)18,904(12.1 M)-99.6

IFG Advisory, LLC (0001728319)9,397(6 M)-99.4

FSA Advisors, Inc. (0001905627)64,470(41.3 M)-98.1

Total69,651,412(44.6 billion)-

Source: U.S. Securities and Exchange Commission (SEC) https://www.sec.gov/edgar/browse/?CIK=1326801, company (Meta Platforms, Inc.), Ticker(META)

4.6 Top 5 New shareholders as at March 31, 2026

Value is shown at price of March 31, 2026 (in desc order of Shares)

Institution (CIK)SharesValue, $

Capitolis Liquid Global Markets LLC (0002094379)975,667558.1 M

Dragoneer Investment Group, LLC (0001602189)712,800407.7 M

SEB Asset Management AB (0002127509)707,960405 M

Avantyr Capital Partners, LP (0002087378)195,100111.6 M

TIAA Wealth Investment Management LLC (0002124867)167,23795.7 M

Total2,758,7641.6 billion

Source: U.S. Securities and Exchange Commission (SEC) https://www.sec.gov/edgar/browse/?CIK=1326801, company (Meta Platforms, Inc.), Ticker(META)

4.7 Institutional ownership of META at Mar 31: Capitolis Liquid Global Markets LLC top exit

An analysis conducted after the mid - quarter deadline of May 18 for 20261 SEC filings by 8647 institutions shows that there were 5 exits. Capitolis Liquid Global Markets LLC was the largest exit with 1,274,241 shares valued at 840.9 M as at March 31.

Institution (CIK)SharesValue, $

Capitolis Liquid Global Markets LLC (0001960050)1,274,241840.9 M

CIBC World Markets Corp (0001056527)677,337447 M

Virginia Retirement Systems ET AL (0001005354)658,974434.9 M

Forsta AP-fonden (0001603328)596,760393.8 M

Jericho Capital Asset Management LP (0001525234)397,858262.5 M

Total3,605,1702.4 billion

Source: U.S. Securities and Exchange Commission (SEC) https://www.sec.gov/edgar/browse/?CIK=1326801, company (Meta Platforms, Inc.), Ticker(META)

Please view detailed Institutional Shareholders - Categorised and Complete List in DATA & ARCHIVE DOWNLOAD CENTER

SECTION 5 TODAY'S BEARISH SIGNALS

5.1 PAST WEEK: WEAK MOMENTUM DOWN

META dips 1.8% on below average volume 0.9 times average. Compared with the NASDAQ-100 Index which fell 450.9 points (or 1.5%) in the week, the relative price change was -0.2%.

Meta Platforms, Inc. (META) underperformed the NASDAQ-100 Index in 4 out of 5 days. The price ranged between a low of $557.64 on Wednesday Jun 24 and a high of $577.30 on Thursday Jun 18.

JunMeta Platforms, Inc.Close [$]Change %Comment

Wed 24Drops to three-month low557.64-0.8Price/MAP50 below 1 and falling

Tue 23Weakens below moving average price562.22-0.3Price fall on falling relative strength; RPC=3.0%

Mon 22Falls 2.3%, underperforming 83% of the market563.85-2.3VI*=1.2

Thu 18Lifts 1.7% on firm volume577.31.7Top Rise

Wed 17Tumbles 5.4% on average volume567.58-5.4Steepest Fall; VI*=1.6

* RPC - Relative Price Change is % price change of stock less % change of the NASDAQ-100 Index.

[Volume Index (VI); 1 is average]

5.2 Rank in the bottom 19% by Relative Valuation in the NASDAQ market

DescriptionValueRank

Price to Book Value7In Bottom 19%

P/E * P/NTA140.65In Bottom 17%

Price to Sales5.7In Bottom 17%

Earnings Yield %5.0In Bottom 13%

Dividend Yield %0.3%In Bottom 3%

Source: Meta Platforms, Inc.'s, 10-K filing dated January 29, 2026, available at the U.S. Securities and Exchange Commission website: https://www.sec.gov/Archives/edgar/data/1326801/000162828026003942/meta-20251231.htm. company (Meta Platforms, Inc.), Ticker(META)

5.3 Rank in the bottom 23% by Price Performance in the NASDAQ market

DescriptionValueRank

Rel Strength 6 mo24In Bottom 23%

Source: Meta Platforms, Inc.'s, 10-K filing dated January 29, 2026, available at the U.S. Securities and Exchange Commission website: https://www.sec.gov/Archives/edgar/data/1326801/000162828026003942/meta-20251231.htm. company (Meta Platforms, Inc.), Ticker(META)

5.4 Downtrend

Price/Moving Average Price of 0.85 and negative MACD:

- The Price/MAP 200 for Meta Platforms, Inc. is 0.85. Being less than 1 is a bearish indicator. It is lower than the Price/MAP 200 for the NASDAQ-100 Index of 1.13, a second bearish indicator. The stock is trading below both its MAPs and the 50-day MAP of $617.79 is lower than the 200-day MAP of $655.25, a third bearish indicator. The 200-day MAP has decreased to $655.25, a fourth bearish indicator.

- The Moving Average Convergence Divergence (MACD) indicator of 12-day Exponential Moving Average (EMA) of 577.69 minus the 26-day EMA of 589.59 is negative, suggesting a bearish signal. Both the 12-day EMA as well as the 26-day EMA are falling, another bearish signal.

- The price to 50-day EMAP ratio is 0.9, a bearish indicator. The 50-day EMAP has decreased to $607.05. A decrease is another bearish indicator.

Past Month:

- Falls to Rises: In the past month the number of falls outnumbered rises 13:8 or 1.6:1.

Past Quarter:

The Worst 3 weeks in the past quarter

In the past quarter the steepest fall of 11.5% took place in the week beginning Monday March 23.

Mon-FriChange %NASDAQ-100 Index Change %Vol Ind [1 is avg]

Mar 23-27-11.5-3.21.1

Apr 27-May 01-9.81.51.4

Jun 01-05-6.3-4.51.6

Trailing Relative Strength (6 months) at 24 percentile:

- The stock has a 6-month relative strength of 24 in the NASDAQ market of 2,828 stocks, 2 ADRs and 1 preference stock indicating it is trailing 76% of the market.

5.5 Other Bearish Signals

- Return on Equity of 27.8% versus sector average of 40.8%.

- Return on Assets of 16.5% versus sector average of 19.7%.

- Return on Capital Employed of 26.5% versus sector average of 30.4%.

MCap/Total Assets:

- Tobin's Q Ratio, defined as MCap divided by Total Assets, is 3.3. Compared with the rest of the market the stock is overvalued and ranks in the bottom quartile of stocks by value of Q Ratio.

Source: Meta Platforms, Inc.'s, 10-K filing dated January 29, 2026, available at the U.S. Securities and Exchange Commission website: https://www.sec.gov/Archives/edgar/data/1326801/000162828026003942/meta-20251231.htm. company (Meta Platforms, Inc.), Ticker(META)

Source: Nasdaq Stock Exchange: https://www.nasdaq.com/market-activity/stocks/META, company (Meta Platforms, Inc.), Ticker(META)

SECTION 6 ONGOING BEARISH PARAMETERS

6.1 Past quarter momentum down: Meta Platforms, Inc. falls 5.9% on average volume 1.1 times average.

Past month toHighLowVWAPVolume Index *

24 Jun 2026642.40555.55595.741.1

22 May 2026614.24606.39623.281.0

24 Apr 2026680.04653.23605.621.0

[*Volume Index of 1.1 means volume for the month was 1.1 times its 12-month average]

[VWAP is defined as the Volume Weighted Average Price; High Low prices and VWAP are shown in USD]

6.2 Present Value of $1000 Invested in the Past [3 Mo, 1 Yr]; The Worst Periods with PV$1000 < 943

PV$1,0003 mo ago1 yr ago

META.NASDAQ$942$787

Technology sector$1,173$1,318

NASDAQ-100 Index$1,219$1,317

6.3 The Worst Periods [3 Mo, 1 Yr] with Price Change % < -5.8

1-Year price change of -21.5% for Meta Platforms, Inc. underperformed the change of 33.7% in the NASDAQ-100 Index for a relative price change of -55.2%.

Price Change %QuarterYear

Meta Platforms, Inc.-5.9-21.5

Technology sector17.233

NASDAQ-100 Index23.933.7

6.4 EPS growth [FY2025 vs FY2024] of -2.6%:

FYEPS ($)Growth %

202523.98-2.6

202424.6162.0

Source: Meta Platforms, Inc.'s, 10-K filing dated January 29, 2026, available at the U.S. Securities and Exchange Commission website: https://www.sec.gov/Archives/edgar/data/1326801/000162828026003942/meta-20251231.htm. company (Meta Platforms, Inc.), Ticker(META)

6.5 Annualised Period-based Total Shareholder Returns [TSR %]: The Worst Period with TSR < -21.2%

TSR %1 yr

META.NASDAQ-21.3

6.6 Declining Volume, down 52% in 5 years

In the past five years, Average Daily Volume of Trading (ADVT) has decreased 51.9% to 12.7 million shares.

Avg. Daily Volume Traded 12 months ended Jun 24, million shares

YearADVT

202612.7

202514.3

202418.6

202332.0

202226.3

Source: Nasdaq Stock Exchange: https://www.nasdaq.com/market-activity/stocks/META, company (Meta Platforms, Inc.), Ticker(META)

SECTION 7 TODAY'S BULLISH SIGNALS

Price/Earnings:

Meta Platforms, Inc. stock is trading at the fifteenth lowest P/E multiple in the NASDAQ-100 Index.

Price/Earnings of 19.9 < Technology sector (of 218 stocks) avg of 33.6:

- The price-to-earnings ratio of 19.9 indicates undervaluation compared with sector average of 33.6 and market average of 36.1.

Earnings Yield

- The earnings yield of 5.0% is 1.2 times the 10-year bond yield of 4.35%.

Brand Value/Enterprise Value:

- Brandirectory have estimated Meta Platforms, Inc. brand value at $5.6 billion. The Brand Value represents 0.4% of the estimated Enterprise Value of $1,275.5 billion. Enterprise Value is defined as MCap of $1,214.5 billion plus net debt of $61 billion.

7.1 Other Bullish Signals

- Total Liabilities/EBITDA of 1.7 is less than 5, this compares favourably with the Joseph Piotroski benchmark of 5.

- Net profit margin has averaged 32.3% in the last 3 years. This is considered superior and suggests a high margin of safety.

- As per the Du Pont analysis, Return on Equity is high at 27.8%. This is computed as net profit margin of 30.1% times asset turnover [sales/assets] of 0.55 times leverage factor [total assets/shareholders' equity] of 1.7.

Source: Meta Platforms, Inc.'s, 10-K filing dated January 29, 2026, available at the U.S. Securities and Exchange Commission website: https://www.sec.gov/Archives/edgar/data/1326801/000162828026003942/meta-20251231.htm. company (Meta Platforms, Inc.), Ticker(META)

7.2 Oversold/Bullish Signals:

- The Relative Strength Index (RSI) of 29.9 has breached the oversold line of 30, suggesting the price decrease of 11.1% in the last 14 days is unusually high.

- The stock is oversold according to the Williams % R indicator of -97.6, suggesting the price is close to its 14-day low of $555.55.

Source: Nasdaq Stock Exchange: https://www.nasdaq.com/market-activity/stocks/META, company (Meta Platforms, Inc.), Ticker(META)

SECTION 8 ONGOING BULLISH PARAMETERS

8.1 Rule of 40

The stock scores a favorable score exceeding 40 when using the Rule of 40 (Revenue Growth plus EBITDA margin). Y.o.y revenue growth of 22%, EBITDA margin is 42.8% and the sum of the two 64.9% needs to exceed 40%.

Source: Meta Platforms, Inc.'s, 10-K filing dated January 29, 2026, available at the U.S. Securities and Exchange Commission website: https://www.sec.gov/Archives/edgar/data/1326801/000162828026003942/meta-20251231.htm. company (Meta Platforms, Inc.), Ticker(META)

8.2 Rank in the top 95% by Liquidity in the NASDAQ market

DescriptionValueRank

Ave daily turnover$8 billionIn top 95%

Source: Meta Platforms, Inc.'s, 10-K filing dated January 29, 2026, available at the U.S. Securities and Exchange Commission website: https://www.sec.gov/Archives/edgar/data/1326801/000162828026003942/meta-20251231.htm. company (Meta Platforms, Inc.), Ticker(META)

8.3 Rank in the top 6% by Size in the NASDAQ market

DescriptionValueRank

Turnover$5.8 billionIn Top 1%

Tr 12 months Revenue$215 billionIn Top 2%

MCap$1,215 billionIn Top 6%

Source: Meta Platforms, Inc.'s, 10-K filing dated January 29, 2026, available at the U.S. Securities and Exchange Commission website: https://www.sec.gov/Archives/edgar/data/1326801/000162828026003942/meta-20251231.htm. company (Meta Platforms, Inc.), Ticker(META)

8.4 Rank in the top 14% by Performance in the NASDAQ market

DescriptionValueRank

EBITDA Margin %42.8In Top 11%

Net Profit Margin %30.1In Top 14%

Source: Meta Platforms, Inc.'s, 10-K filing dated January 29, 2026, available at the U.S. Securities and Exchange Commission website: https://www.sec.gov/Archives/edgar/data/1326801/000162828026003942/meta-20251231.htm. company (Meta Platforms, Inc.), Ticker(META)

8.5 Rank in the top 11% by Productivity in the NASDAQ market

DescriptionValueRank

Return on Capital Employed [ROCE] %26.5In Top 9%

Return on Assets [ROA] %16.5In Top 10%

Return on Equity [ROE] %27.8In Top 11%

Source: Meta Platforms, Inc.'s, 10-K filing dated January 29, 2026, available at the U.S. Securities and Exchange Commission website: https://www.sec.gov/Archives/edgar/data/1326801/000162828026003942/meta-20251231.htm. company (Meta Platforms, Inc.), Ticker(META)

8.6 Present Value of $1000 Invested in the Past 3 Years; The Best Period with PV$1000 > 1,961

PV$1,0003 yrs ago

META.NASDAQ$1,962

Technology sector$1,828

NASDAQ-100 Index$1,962

8.7 Created Market Value [CMV] past 10 yrs of $778.9 billion

- Market Capitalization has increased by $890.3 billion from $324.2 billion to $1,214.5 billion in the last 10 years. This increase comprises cumulative retained earnings (RETE) of $111.4 billion and Created Market Value of $778.9 billion. The Created Market Value multiple, defined by the change in MCap for every $1 of retained earnings is exemplary at $7.99.

8.8 Sequential growth in EPS [Q1/2026 vs Q4/2025] of 17.2%:

The most recent quarter (Q1/2026) showed a rise of 17.2% in sequential growth of Quarterly EPS.

Quarterly ReportEPS ($)Growth %

Q1/202610.5717.2

Q4/20259.02735.2

Source: Meta Platforms, Inc.'s, 10-Q filing dated April 30, 2026, available at the U.S. Securities and Exchange Commission website: https://www.sec.gov/Archives/edgar/data/1326801/000162828026028526/meta-20260331.htm. company (Meta Platforms, Inc.), Ticker(META)

8.9 Annualised Period-based Total Shareholder Returns [TSR %]: The Best Periods with TSR > 10.6%

TSR %3 yrs5 yrs10 yrs

META.NASDAQ24.910.717.3

8.10 Low Debt to Equity (%)

The debt to equity ratio of 28.1% is under a safe benchmark figure of 50%. However, it has deteriorated in the past four years.

YearsDebt to Equity (%)

Dec 202528.06

Dec 202416.85

Dec 202313.06

Dec 20228.98

Dec 20210.9

Source: Meta Platforms, Inc.'s, 10-K filing dated January 29, 2026, available at the U.S. Securities and Exchange Commission website: https://www.sec.gov/Archives/edgar/data/1326801/000162828026003942/meta-20251231.htm. company (Meta Platforms, Inc.), Ticker(META)

8.11 % Growth in EPS > RPS

EPS growth has consistently exceeded growth in RPS [Revenue Per Share].

EPS growth: Sequential EPS growth (Q1 2026 vs Q4 2025) was up 17.2% and PCP EPS growth (Q1 2026 vs Q1 2025) was up 60.4%. FY EPS growth (FY2025 vs FY2024) was down 2.6%.

RPS growth: Sequential growth in Revenue per share (Q1 2026 vs Q4 2025) was down 4.8% and PCP growth in Revenue per share (Q1 2026 vs Q1 2025) was up 36.0%. FY growth in Revenue per share (FY2025 vs FY2024) was up 24.1%.

(All figures in %)

Sequential growth in EPS (Q1 2026 vs Q4 2025)17.2

Sequential growth in RPS (Q1 2026 vs Q4 2025)-4.8

PCP growth in EPS (Q1 2026 vs Q1 2025)60.4

PCP growth in RPS (Q1 2026 vs Q1 2025)36.0

FY growth in EPS (FY2025 vs FY2024)-2.6

FY growth in RPS (FY2025 vs FY2024)24.1

Source: Meta Platforms, Inc.'s, 10-Q filing dated April 30, 2026, available at the U.S. Securities and Exchange Commission website: https://www.sec.gov/Archives/edgar/data/1326801/000162828026028526/meta-20260331.htm. company (Meta Platforms, Inc.), Ticker(META)

8.12 A 89.8% Decrease in Insider Selling

In the past 5 years a total of 15,585,773 Meta Platforms, Inc. shares worth $6.7 billion were sold by insiders. Based on a dynamic start date of 5 years ago, insider selling has averaged 3,117,155 shares per year. In the past year, insiders sold 281,746 shares, a decrease of 89.8% from the previous year.

YearNo. of SharesValue, $

Jun 24, 2026281,746189,043,821

1 Yr ago2,760,1141,696,494,413

2 Yrs ago5,603,9682,446,776,554

3 Yrs ago356,39460,619,436

4 Yrs ago6,583,5512,306,659,910

Total15,585,7736,699,594,134

Source: U.S. Securities and Exchange Commission (SEC Form 4) https://www.sec.gov/edgar/browse/?CIK=1326801, company (Meta Platforms, Inc.), Ticker(META)

8.13 Increased VWAP, up 155% in 5 years

In the past five years Volume Weighted Average Price (VWAP) has increased by 154.6% to $664.45. Based on a dynamic start date of five years ago, there have been declines in VWAP in 2 out of 5 years.

Past five years, 12 months ended Jun 24 (USD)

YearHigh PriceVWAPLow Price

2026794.33664.45519.78

2025737.9582.58440.07

2024527.87370.76272.22

2023287.39159.6287.4

2022381.31260.95153.04

8.14 Increased share turnover, up 22% in 5 years

In the past five years, average daily share turnover has increased 21.7% to $8.4 billion. This suggests increased liquidity.

Past five years, 12 months ended Jun 24 (USD billion)

YearAverage Daily Turnover

20268.4

20258.3

20246.9

20235.1

20226.9

8.15 Growth > 17% for Net Profit:

- Net Profit margin is positive and has seen consecutive rises in recent quarters. [All figures in %]

Qtr-endedRevenue GrowthNet Profit GrowthNet Profit Margin

Mar 26 [Q1 vs Q4]-617.681.9

Dec 25 [Q4 vs Q3]16.9740.581.8

Source: Meta Platforms, Inc.'s, 10-Q filing dated April 30, 2026, available at the U.S. Securities and Exchange Commission website: https://www.sec.gov/Archives/edgar/data/1326801/000162828026028526/meta-20260331.htm. company (Meta Platforms, Inc.), Ticker(META)

8.16 Satisfies three criteria of Benjamin Graham

-""Total debt less than tangible book value""; total debt of USD61.0 billion is less than tangible book value of USD172.3 billion.

-""Current ratio of two or more""; current assets are 2.6 times current liabilities.

-""Stability of growth in earnings over the last 5 years, defined as no more than two declines of 5% or greater in year-end earnings""; there has been only 1 decline in earnings in the last 5 years.

Source: Meta Platforms, Inc.'s, 10-K filing dated January 29, 2026, available at the U.S. Securities and Exchange Commission website: https://www.sec.gov/Archives/edgar/data/1326801/000162828026003942/meta-20251231.htm. company (Meta Platforms, Inc.), Ticker(META)

8.17 Satisfies 5 out of 9 criteria of Joseph Piotroski [pass mark 5]:

- Positive net income.

- Positive operating cashflow.

- Good quality of earnings [operating cashflow exceeds net income].

- Reduction in total shares on issue.

- Improvement in gross margin [from 81.7% to 82.0%].

But does not meet the following 4 criteria of Joseph Piotroski:

- Return on Assets improvement.

- Improvement in long-term debt to total assets.

- Improvement in current ratio.

- Improvement in asset turnover.

Source: Meta Platforms, Inc.'s, 10-K filing dated January 29, 2026, available at the U.S. Securities and Exchange Commission website: https://www.sec.gov/Archives/edgar/data/1326801/000162828026003942/meta-20251231.htm. company (Meta Platforms, Inc.), Ticker(META)

Source: Nasdaq Stock Exchange: https://www.nasdaq.com/market-activity/stocks/META, company (Meta Platforms, Inc.), Ticker(META)

SECTION 9 CORPORATE PROFILE AND INDEPENDENT RATINGS

9.1 Activities

Meta Platforms, Inc., headquartered in Menlo Park, California, is a leading global technology company that operates a suite of social media and digital communication platforms, including Facebook, Instagram, WhatsApp, and Messenger. Its core business revolves around connecting billions of users worldwide through innovative social networking services, while generating primary revenue from targeted digital advertising. The company also advances virtual reality and augmented reality technologies via its Reality Labs division, aiming to build the metaverse as a next-generation computing platform. Among its fastest-growing segments are e-commerce integrations on Instagram and WhatsApp, which leverage user engagement for business tools and advertising, as well as metaverse-related initiatives that drive hardware sales and immersive experiences. This strategic focus on emerging technologies and user monetization has fueled Meta's expansion, positioning it as a key player in the digital economy with a market capitalization exceeding $500 billion as of recent reports. It is the NASDAQ's 2nd largest Technology company by market capitalisation.

Meta Platforms, Inc. (NASDAQ:META) is a global leader in social technology, driving innovation through its diverse ecosystem, including Facebook, Instagram, WhatsApp, and Messenger. The company leverages its advanced Meta AI and Generative AI technologies, focusing on AI safety and Responsible AI, to push boundaries in digital communication and content. Meta's Break In Case of Emergency AI Plan ensures adaptability in the evolving tech landscape. Products like LLaMA 2 and tools such as Meta Quest and Meta Quest Pro, including Oculus Quest, contribute to its dominance in the Virtual Reality and Augmented Reality sectors. Initiatives like Horizon Worlds and Horizon Workrooms solidify its metaverse leadership, further enhanced by creative tools like Threads and Reels. As a pivotal player in digital advertising, Meta leverages platforms such as Meta Ads, Facebook Ads, and Instagram Shopping. The integration of Spark AR and projects like Ray-Ban Stories and Portal showcase Meta's forward-thinking approach to immersive experiences, underscoring its strategic relevance and robust growth potential.

9.2 Independent Ratings and Relative Value Indicators

+ Clarivate 100:

Meta Platforms, Inc. is ranked 3 in the Top 100 innovators by Clarivate Analytics.

+ Brand Finance 500:

It is in the Brand Finance list of the world's 500 Valuable Banking brands by brand value in 2025, ranked 8.

+ Fortune 500:

It is in the Fortune list of Top 500 Global companies by Revenues in 2025, ranked 66.

+ PwC 100:

It is in PwC's list of Top 100 Global companies; ranked 7th by market capitalization in 2025.

9.3 Contact Details

Website: http://www.facebook.com

Physical Address: 1601 Willow Road,Menlo Park,CA,94025

Phone: +1 650 543-4800

Email: investor@fb.com

9.4 U.S. Industry & Sector

Classification Level: Name of Sector

Economic Sector: Technology

SECTION 10 FINANCIALS FY 2025

10.1 META Financials 3-Year Summary:

Year ended Dec 31FY2025FY2024FY2023

Sales ($ B)201164.5134.9

Pretax ($ B)85.970.747.4

Net ($ B)60.562.439.1

EPS ($)23.9824.6115.19

EPS down 2.6% to $23.98 in FY2025 [ y.e. 31 Dec 2025]

+ Net profit was down 3.1% from $62.4 billion in FY2024 to $60.5 billion in FY2025.

+ Earnings Per Share (EPS) was down 2.6% from $24.61 in FY2024 to $23.98 in FY2025.

10.2 Financials, FY 2025 [year-ended 31 December 2025 ]

Meta Platforms Net Profit down 3.1%

Release Date: February 03, 2026

Meta Platforms (NASDAQ:META) reported net profit for the year-ended 31 December 2025 [FY2025] of $60.5b, down 3.1% from $62.4b in the previous year [FY2024]. Earnings per share (EPS) were down 2.6% from $24.61 in FY2024 to $23.98 in FY2025.

10.3 Annual growth in Revenue, Net Profit and EPS

Year-ended31 December [FY/2025]31 December [FY/2024]

Revenue, $ Billion201165

Growth in Revenue %22.221.9

Net Profit, $ Billion60.562.4

Growth in Net Profit %-3.159.5

EPS, $23.9824.61

Growth in EPS %-2.662.0

Major changes compared with previous year (FY2025 vs FY2024):

Favourable Changes:

- Total revenue up 22.2% from $164.5b to $201.0b

- Sales and marketing expenses to Revenues down from 6.9% to 6%

- Total non-current assets to Total Assets up from 63.8% to 70.3%

- Fixed Assets to Total Assets up from 44% to 48.2%

- Total Liabilities to EBITDA of 1.7 compares favourably with the Joseph Piotroski benchmark of <5. However, it has deteriorated by 31.1% from the previous year's ratio of 1.3.

Unfavourable Changes:

- Net profit down 3.1% from $62.4b to $60.5b

- EPS down 2.6% from $24.61 to $23.98

- EBIT to total assets down from 25.6% to 23.5%

- Total revenue to total assets down from 0.6 to 0.5

- Debt to Equity up 64.7% from 0.2 to 0.3

Year-on-year comparison of Performance Ratios [FY2025 vs FY2024]

December 31FY2025FY2024Change (%)

Return on Equity (%)27.834.1Down 18.5

Return on Assets (%)16.522.6Down 27

Total debt to net tangible assets (%)35.420.9Up 69.4

Debt/Equity0.30.2Up 64.7

Common Size Ratios by Assets %

Long-term investments to Total Assets7.52.2Up 241.1

Current Debtors to Total Assets5.46.2Down 12.3

Five-year record of growth and performance:

In the last 5 years Total Revenue averaged $147B, EBITDA averaged $56B and Net Profit averaged $44.9B. Compound Annual Growth Rate (CAGR) averaged 18.5% for Total Revenue, 15.7% for Net Profit and 21.0% for EBITDA.

DescriptionAnnual ($ B)5-year Avg ($ B)5-year CAGR %

Total Revenue20114718.5

EBITDA85.95621

Operating Profit85.95621

Net Profit60.544.915.7

Five-year record of EBITDA, Operating Profit, Net Profit, ROE, ROA and ROCE

In 2025 Net Profit Margin of 82.0% was above its 5-year Avg of 30.1% (All Figures in %)

Description20255-year Avg

EBITDA Margin42.837.1

Operating Profit Margin42.837.1

Net Profit Margin8230.1

Return on Equity27.827.5

Return on Assets16.518.5

Return on Capital Employed26.526.1

Source: Meta Platforms, Inc.'s, 10-K filing dated January 29, 2026, available at the U.S. Securities and Exchange Commission website: https://www.sec.gov/Archives/edgar/data/1326801/000162828026003942/meta-20251231.htm. company (Meta Platforms, Inc.), Ticker(META)

SECTION 11 TAX

11.1 Average Income Tax Paid (Past 5 Years)

In the past 5 years, Income Tax as % of profit before tax increased from 16.7% to 29.6%, Income Tax as % of sales increased from 6.7% to 12.7% and Income Tax as % of operating cash flow increased from 16.7% to 29.6%.

Description20252024202320222021

As % of profit before tax29.611.817.619.516.7

As % of operating cash flow29.611.817.619.516.7

As % of sales12.756.24.86.7

The 5-year average of profit before tax was 19%.

SECTION 12 TOP MANAGEMENT AND BOARD OF DIRECTORS

12.1 Top Management

Top Management [Seven top executives with tenure > 21 yrs]

NameDesignationSince Appointment

Mark ZuckerbergChief Executive Officer, Chairman, Director, Founder21 Yrs, 12 Mos

Dina Powell MccormickPresident, Vice Chairman-

Li Susan JChief Financial Officer-

Olivan JavierChief Operating Officer-

Bosworth AndrewChief Technology Officer-

C. J. MahoneyChief Legal Officer-

Christopher K. CoxChief Product Officer-

12.2 Board Of Directors

Board Of Directors [Six directors with tenure > 6 yrs]

NameDesignationSince Appointment

Andrew W. HoustonIndependent Director6 Yrs, 4 Mos

Nancy KilleferIndependent Director6 Yrs, 3 Mos

Marc L. AndreessenIndependent Director18 Yrs

Peggy AlfordIndependent Director7 Yrs, 1 Mo

Tracey Thomas TravisIndependent Director6 Yrs, 3 Mos

Robert M. KimmittLead Independent Director6 Yrs, 3 Mos

Board Of Directors [Seven directors with tenure < 5 yrs]

NameDesignationSince Appointment

Xu TonyIndependent Director4 Yrs, 4 Mos

Dana WhiteDirector-

Arnold John DouglasIndependent Director-

Charles SonghurstIndependent Director-

Tan Hock EIndependent Director-

Patrick CollisonIndependent Director-

John Philipp ElkannIndependent Director-

12.3 Independent Ratings of Directors

+ Mark Zuckerberg- Forbes Billionaires Ranking:

Mark Zuckerberg was ranked 2 in the Forbes Billionaires list in the world for 2025, an improvement from rank 4 in 2024. According to Forbes, Mark Zuckerberg's net worth had increased by (22.0%) $39 billion to $216 billion in 2025.

APPENDIX I DATA & ARCHIVE DOWNLOAD CENTER

META: EXPORT DATA TO EXCEL:

+ PRICE VOLUME - 5-YEAR HISTORY

+ FINANCIALS - 10-YEAR HISTORY [INCLUDING Q4/2025]:

+ SHAREHOLDERS - COMPLETE LIST OF 5012 INSTITUTIONS

+ PEER COMPARISON

META: OTHER INFORMATION:

+ PRICE VOLUME CHARTS

+ SEC FILINGS

+ NOTES to ACCOUNTS

+ INSIDER OWNERSHIP AND SELLING IN THE PAST 10 YEARS

+ BOARD OF DIRECTORS

APPENDIX II STOCK IDENTIFIERS

ISIN: US30303M1027

PermID: 4297297477

Central Index Key (CIK): 1326801

CUSIP: 30303M102

RIC: META.O

FIGI: BBG002GPKKZ7

LEI: BQ4BKCS1HXDV9HN80Z93

GLOSSARY

Disclaimer:",69cfd504c4be7d89c7f4018667ce8496401d54aa162e333e79a99b7713e19a38,ok,,81977,59671,0,week4_lseg_html_v1,True,True
2026-06-24 20:52:25.406,2026-06-24,2026-06-24T00:00:00,2026-06-24T23:59:59,META,META.O,R:META.O and Language:LEN,urn:newsml:newsroom:20260624:nNRA104x32:0,newsroom,NS:NEWUSN,"Meta Platforms, Inc. (NASDAQ:META) weakens below moving average price; -$4.58 [-0.8%]",,"NASDAQ END-OF-DAY STOCK REPORT

Meta Platforms, Inc.'s (NASDAQ: META $557.64) stock price decreased $4.58 (0.8%) from its previous trading session to close at $557.64.

Compared with the NASDAQ-100 Index which fell 127.2 points (0.4%) in the day, the relative price change was -0.4%.

The 200-day Moving Average Price (MAP) is $655.25, down from $655.74 on Tuesday. The price to MAP ratio is 0.85.

In the past month the MAP has exceeded the share price on 21/21 days; another bearish signal.

There were 10,439,041 shares worth $5.8 billion traded today; the volume was 0.8 times the average daily trading volume of 12.7 million shares.

META PLATFORMS, INC. (META) Stock Dashboard [traded in US Dollars, USD] End-of-Day Wed, Jun 24

http://www.facebook.com

Last$557.64

52-Week Price Range$519.78 - $794.33

Ave Daily Volume12,680,581 shares

Today's Volume [VI]10,439,041 [0.8]

Market Cap$1,214.5 billion

ExchangeNASDAQ [Nasdaq]

P/E19.9

EPS (FY2025)$23.98

EPS Growth (Q1 2026 vs Q4 2025)17.2%

Shares Outstanding2,178,000,000

Institutional Ownership% of shares outstanding 63.6%

META in IndicesNASDAQ-100 [of 100 stocks]

Dividend Yield % (TTM)0.28%

DPS (past 12 months)$2.10 or 210c

SectorTechnology [Rank by MCap 2 of 218 stocks]

Bullish Turning Point

Relative Strength Index (RSI)

The Relative Strength Index (RSI) of 29.9 has breached the oversold line of 30, suggesting the price decrease of 11.1% in the last 14 days is unusually high. The RSI was previously 40.4.

INDEX

SECTION 1 RECENT NEWS AND RESEARCH

SECTION 2 THE PAST YEAR: PRESS RELEASES

SECTION 3 META PLATFORMS, INC. 10-Q: 12 CONSEQUENTIAL MANAGEMENT DECISIONS

SECTION 4 INSTITUTIONAL OWNERSHIP UPDATED AFTER LAST SEC FILING Q1/2026 REPORTED ON MAY 18

SECTION 5 TODAY'S BEARISH SIGNALS

SECTION 6 ONGOING BEARISH PARAMETERS

SECTION 7 TODAY'S BULLISH SIGNALS

SECTION 8 ONGOING BULLISH PARAMETERS

SECTION 9 CORPORATE PROFILE AND INDEPENDENT RATINGS

SECTION 10 FINANCIALS FY 2025

SECTION 11 TAX

SECTION 12 TOP MANAGEMENT AND BOARD OF DIRECTORS

Read more...

ANNEXURE

APPENDIX I DATA & ARCHIVE DOWNLOAD CENTER

APPENDIX II STOCK IDENTIFIERS

GLOSSARY

SECTION 1 RECENT NEWS AND RESEARCH

Meta Platforms, Inc. (NASDAQ:META) spearheads a digital ecosystem centered on social media, augmented reality, and artificial intelligence. With core operations anchored in platforms like Facebook and Meta Quest VR headsets, the company continues innovating with initiatives, including Ray-Ban Meta Smart Glasses. Meta's advancements in AI, exemplified by the Meta Muse Spark AI model, complement strategic partnerships such as the Meta-CoreWeave AI cloud capacity agreement, enhancing their cloud and AI service offerings. The firm's commitment to infrastructure, as seen in Meta data centers and sustainable energy projects with Noon Energy, underscores its long-term competitive edge through technological leadership and energy-efficient practices.

Source: Nasdaq Stock Exchange: https://www.nasdaq.com/market-activity/stocks/META, company (Meta Platforms, Inc.), Ticker(META)

SEC Form 4-Insider Selling

Wednesday June 17

Meta Platforms (NASDAQ:META) Chief Operating Officer Olivan Javier sold 1,234 shares worth $740,400 on June 15. The selling price was $600.0. The shares hit a ten-day high on the day.

Source: U.S. Securities and Exchange Commission (SEC Form 4) https://www.sec.gov/edgar/browse/?CIK=1326801, company (Meta Platforms, Inc.), Ticker(META)

Please view more stories in DATA DOWNLOAD CENTER

META PLATFORMS, INC. EX-DIVIDENDS SINCE JUN 15

The shares plummeted 6.0% in the 6 trading sessions since the ex-dividend date of June 15. The company paid a dividend of 52.50c per share. Based on dividends of $1.58 per share for the trailing twelve months and the last price of $557.64 the dividend yield is 0.3%.

Source: Nasdaq Stock Exchange: https://www.nasdaq.com/market-activity/dividends, company (Meta Platforms, Inc.), Ticker(META)

Financial News

Quarterly Report (Q1/2026):

Release Date: April 30, 2026

Quarterly Report Analysis Quarter ending 31 March 2026: Meta Platforms EPS gains 17%

Meta Platforms (NASDAQ:META), announced EPS of $10.57 for the quarter-ended 31 March 2026 [Q1/2026], up 17% sequentially from $9.02 in the previous quarter [Q4/2025].

Quarterly Report (Quarter ending 31 Mar 2026)

Quarter-ended31 Mar 202631 Dec 202530 Sep 2025

EPS, $10.69.01.1

Sequential growth in EPS %17735-85

Revenue, $ billion56.359.951.2

Sequential growth in Revenue %-6.016.97.8

Net Profit, $ billion26.822.82.7

Sequential growth in Net Profit %17.6740-85

Compared with the Previous Corresponding Period [PCP; Q1/2025], year-over-year [y.o.y.] EPS was up 60.4%, Revenue was up 33.1% and Net Profit was up 60.9%.

Quarter-ended31 Mar 202631 Mar 2025

EPS, $10.66.6

PCP growth in EPS %6036

Revenue, $ billion56.342.3

PCP growth in Revenue %33.116.1

Net Profit, $ billion26.816.6

PCP growth in Net Profit %6134.6

Source: Meta Platforms, Inc.'s, 10-Q filing dated April 30, 2026, available at the U.S. Securities and Exchange Commission website: https://www.sec.gov/Archives/edgar/data/1326801/000162828026028526/meta-20260331.htm. company (Meta Platforms, Inc.), Ticker(META)

VI* Volume Index = Number of shares traded today/Average number of shares traded per day.

Source: Nasdaq Stock Exchange: https://www.nasdaq.com/market-activity/stocks/META, company (Meta Platforms, Inc.), Ticker(META)

Stock Buzz

Other Publishers Buzz in the past week

JunHeadlinePublisher

Wed 24Meta Platforms Is Building A Prediction Market AppYahoo Finance

Tue 23Jim Cramer Discusses Major Market Questions About Meta Platforms (META)Insider Monkey

Thu 18Why Meta Platforms Stock Plummeted by Over 5% on WednesdayAOL

Analyst Recommendations: Past 55 days

2026BrokerageCurrent RatingPrev TargetPrice Target

May 20Wells Fargo & CompanyOverweight770765

May 05MizuhoOutperform850835

May 01Stifel NicolausBuy805780

Apr 30GuggenheimBuy850800

Apr 30BarclaysOverweight800830

SECTION 2 THE PAST YEAR: PRESS RELEASES

2.1 Press Releases and Corporate Wire

Press Release article 1 of 11, Source: Lamdag Eskrima to, 301 words

June 24: Lamdag Eskrima to Host Thanksgiving to the Lord Tournament 2026

In a sporting landscape often fueled by sponsorships, institutional support, and large organizational backing, one independent martial arts team from Cebu has proven that faith, determination, and strong leadership can still move mountains.

The Lamdag Eskrima Team, a homegrown Filipino Martial Arts organization based in Cebu, proudly announces its upcoming Thanksgiving to the Lord Tournament 2026, projected to take place between September and December 2026, with the official date and venue to be announced in August.

This tournament will be unlike any other.

For years, Lamdag Eskrima has quietly traveled beyond Cebu, competing in regional and national-level competitions despite having little to no financial support, limited resources, and almost no formal accreditation or organizational affiliations. Through sacrifice, discipline, and unwavering faith, the team has managed to represent Cebu and bring home medals from various prestigious competitions across the country.

What makes this achievement remarkable is that Lamdags journey was never built on financial abundance. Instead, it was built on commitment, brotherhood, and a deep belief that God opens doors where none seem to exist.

We have traveled, competed, and overcome obstacles that many thought would stop us. Yet every tournament, every victory, and every lesson learned reminded us of one thing, none of this would have been possible without Gods grace, said Mr. Ralph Coming, Co-Founder of Lamdag Eskrima.

The upcoming tournament serves as a tribute to what the team considers its greatest sponsornot a corporation, not a government agency, and not a wealthy benefactor but the Lord Himself.

This tournament is our way of saying thank you, said Head Coach Master Jose Roel Patria Jr. Every opportunity, every safe journey, every medal, and every athlete who continues to grow under Lamdag is a blessing.

Press Release article 2 of 11, Source: Arianne Phosphate Inc., 312 words

June 18: Arianne Phosphate Successfully Completes Pilot Scale Purified Phosphoric Acid Production with Travertine Technologies

SAGUENAY, Quebec, June 18, 2026 -- Arianne Phosphate Inc (the Company or Arianne) (TSX VENTURE: DAN; OTCQB: DRRSF; FRANKFURT: JE9N), a development-stage phosphate mining company, advancing its Lac a Paul project in Quebecs Saguenay-Lac-Saint-Jean region, is pleased to announce that it has successfully completed the production of purified phosphoric acid (PPA) with its partner Travertine Technologies. As announced in November of 2025, the companies partnered by way of an MoU to test the ability of producing PPA by combining Travertines proprietary process with Ariannes high-purity phosphate concentrate and, subsequently, signed the joint-venture framework agreement earlier this month (see Press Release dated June 2, 2026).

Following the establishment of the partnership, Arianne provided samples of its phosphate concentrate to be processed at Travertines facility in Boulder, Colorado. Pilot scale testing was successfully performed demonstrating proof of concept on the process and production of a high-quality PPA. Further, Travertine has demonstrated that over 95% of the sulphur used in the process of making PPA can be recaptured and recycled, providing a virtually closed loop system. The PPA produced using the process met specifications required for LFP batteries as well as other technical-grade applications.

These results are extremely encouraging as Arianne looks to move downstream and become a producer of purified phosphoric acid, said Brian Ostroff, Head of Strategic & Business Initiatives at Arianne Phosphate. Growing demand driven by the deployment of LFP batteries, coupled with increased geopolitical uncertainties, is driving the West to question its access to this vital material and look for alternatives. Having the only permitted phosphate project in the West, the advanced nature of our phosphate mining project coupled with the ability to transform our concentrate into PPA will provide an alternative to the current supply challenge.

Press Release article 3 of 11, Source: WEC, 51 words

June 02: Meta Platforms announces dividend

Meta Platforms today announced a quarterly dividend of 52.50c per share. The ex-dividend date is Monday, June 15, 2026 and the record date is Monday, June 15, 2026 and it is payable on Thursday, June 25.

Press Release article 4 of 11, Source: Arianne Phosphate Inc., 312 words

June 02: Arianne Phosphate Executes Joint Venture Framework Agreement with Travertine Technologies

SAGUENAY, Quebec, June 02, 2026 -- Arianne Phosphate Inc (the Company or Arianne) (TSX VENTURE: DAN; OTCQB: DRRSF; FRANKFURT: JE9N), a development-stage phosphate mining company, advancing its Lac a Paul project in Quebecs Saguenay-Lac-Saint-Jean region, is pleased to announce that it has signed its Joint Venture Framework Agreement with Travertine Technologies Inc. (Travertine) which will serve as the template for its final shareholder agreement between the parties. As previously announced (see Press Release dated November 6, 2025), Arianne partnered with Travertine, by way of a Memorandum of Understanding (MoU), for the production of purified phosphoric acid (PPA) by combining Travertines proprietary process with Ariannes high-purity phosphate concentrate.

Ariannes phosphate concentrate is a perfect feedstock for the Travertine process given its high-purity, low-contaminant nature. Travertines phosphate process can produce PPA from phosphate concentrate using recycled sulfuric acid, addressing both the significant cost and supply concerns that are now being felt in the sulphur and phosphate markets. As well, the process eliminates phosphogypsum waste, converting it into material that can be used in several other industries, resulting in a more environmentally friendly process and enhanced economics. The PPA produced from this process would meet the requirements necessary for LFP batteries, as well as other technical grades used in pharmaceuticals, semiconductor production and food additives.

Since the signing of our MoU, global events have led to significant issues in the sulphur market, greatly effecting many industries including phosphate production, said Brian Ostroff, Head of Strategic & Business Initiatives at Arianne Phosphate. Due to the nature of our phosphate concentrate, less sulphuric acid is required in the production of the phosphoric acid feedstock and then, when put through the Travertine process, much of the sulphuric acid can be recycled and used again in the process.

Press Release article 5 of 11, Source: Facebook, 326 words

May 28: New Bible Study Strangers in a Strange Land Encourages Christian Women Struggling with the Feeling that They Dont Belong

Bible teacher, speaker, and author Sherri Mewha invites Christian women to rediscover their identity and sense of belonging in Christ through her new 10-week Bible study, Strangers in a Strange Land: A Study of 1 & 2 Peter, released on April 16, 2026.

Written for women navigating the tension of living faithfully in todays culture, the study explores the apostle Peters message to believers who felt spiritually displaced, uncertain, and overwhelmed by the world around them.

Many Christian women today feel out of step with the culture and sometimes even within the church, said Mewha. Peter reminds us that we should not be confused. We have not been forgotten; we are chosen sojourners whose true citizenship is in heaven.

What sets Strangers in a Strange Land apart from other Bible studies is its creative structure. Each week opens with Scripturally on-point first-person narrative from the perspective of an Old Testament woman who understood what it meant to live as a stranger in unfamiliar circumstances. Women such as Ruth, Esther, and Rebekah help illuminate Peters teachings while drawing readers deeper into Scripture.

Designed for both individual and group study, each week Strangers in a Strange Land offers five days of thought-provoking homework, reflection prompts, contextual teaching, and discussion questions intended to foster meaningful spiritual growth and conversation.

Early readers and ministry leaders are already praising the studys depth and accessibility. In my role as a pastor, I have had the joy and responsibility of reviewing a wide range of womens Bible studies over the years, said Kevin Meek, Pastor of Discipleship & Teaching at Solid Rock Bible Church in Plymouth, Michigan. I can say that this study by Sherri Mewha on 1 and 2 Peter is one of the very best, if not the best, that I have ever read and studied.

Press Release article 6 of 11, Source: Meta, 73 words

May 28: Meta Announces Quarterly Cash Dividend

MENLO PARK, Calif., May 28, 2026 --The Meta Platforms, Inc. (Nasdaq: META) board of directors today declared a quarterly cash dividend of $0.525 per share of the company's outstanding Class A common stock and Class B common stock, payable on June 25, 2026 to stockholders of record as of the close of business on June 15, 2026.

Press Release article 7 of 11, Source: JLens, 321 words

May 26: JLens Urges Meta Shareholders to Take Action Against Online Hate and Vote FOR Proposal 8 at the Annual Meeting on May 27, 2026

NEW YORK----JLens, a Registered Investment Advisor that empowers investors to align their capital with Jewish values, today reiterated its call for shareholders of Meta Platforms, Inc. (NASDAQ: META) (Meta or the Company) to vote FOR Shareholder Proposal 8, which seeks greater accountability and transparency for Metas content moderation practices. The proposal is on the ballot for Metas annual shareholder meeting taking place on May 27, 2025, at 1:00 PM ET / 10:00 AM PT.

Proposal 8 submitted by JLens seeks much needed transparency into the proliferation of antisemitism and other forms of online hate on Metas platforms and services. The proposal reads as follows:

RESOLVED: Shareholders request that Meta Platforms, Inc. prepare a report, at reasonable cost and omitting proprietary information, detailing the companys policies, practices, and effectiveness in addressing antisemitism and other forms of online hate on its platforms and services. The report should evaluate the adequacy of moderation, enforcement, user protection, ad policies, and transparency efforts, with findings made publicly available within one year.

JLens believes that a detailed report on Metas efforts to combat antisemitism and other forms of online hate would provide shareholders critical insights into corporate policies while fostering a safer online environment. JLens argues that ineffective content moderation may drive users to platforms with stronger protections and deter advertisers that prioritize brand safety, thereby reducing engagement and revenue.

Independent Proxy Advisor and Shareholder Support

JLens noted that a leading independent proxy advisory firm, Glass, Lewis & Co., has recommended that Meta shareholders vote FOR Proposal 8. A similar proposal submitted by JLens at Metas 2025 annual meeting received nearly 47% support from the votes cast by the Companys independent shareholders, making it the highest-performing human rights-related shareholder proposal of the 2025 proxy season at any U.S.

Press Release article 8 of 11, 308 words

December 31 2025: Meta Platforms: File SEC Form 10-K - Management's Discussion and Analysis 10-K

Management's Discussion and Analysis of Financial Condition and Results of Operations

You should read the following discussion of our financial condition and results of operations in conjunction with our consolidated financial statements and the related notes included in Part II, Item 8, ""Financial Statements and Supplementary Data"" of this Annual Report on Form 10-K. In addition to our historical consolidated financial information, the following discussion contains forward-looking statements that reflect our plans, estimates, and beliefs. Our actual results could differ materially from those discussed in the forward-looking statements. Factors that could cause or contribute to these differences include those discussed below and elsewhere in this Annual Report on Form 10-K, particularly in Part I, Item 1A, ""Risk Factors."" For a discussion of limitations in the measurement of our Family metrics, see the section entitled ""Limitations of Key Metrics and Other Data"" in this Annual Report on Form 10-K.

To supplement our consolidated financial statements, which are prepared and presented in accordance with generally accepted accounting principles in the United States (GAAP), we present revenue on a constant currency basis and free cash flow, which are non-GAAP financial measures. Revenue on a constant currency basis is presented in the section entitled ""-Revenue-Foreign Exchange Impact on Revenue."" To calculate revenue on a constant currency basis, we translated revenue for the full year 2025 using 2024 monthly exchange rates for our settlement or billing currencies other than the U.S. dollar. For a full description of our free cash flow non-GAAP measure, see the section entitled ""-Liquidity and Capital Resources-Free Cash Flow.""

These non-GAAP financial measures are not intended to be considered in isolation or as a substitute for, or superior to, financial information prepared and presented in accordance with GAAP.

Press Release article 9 of 11, Source: WEC, 78 words

December 05 2025: Meta Platforms quarterly dividends steady

Meta Platforms today announced a quarterly dividend of 52.50c per share for Q3/2025; unchanged from the previous quarter (Q2/2025) dividend of 52.50c. The ex-dividend date is Monday, December 15, 2025 and the record date is Monday, December 15, 2025 and it is payable on Tuesday, December 23. Total dividends per share paid in the 12 months ended December 05 were $2.08.

Press Release article 10 of 11, Source: WEC, 78 words

September 15 2025: Meta Platforms quarterly dividends steady

Meta Platforms today announced a quarterly dividend of 52.50c per share for Q2/2025; unchanged from the previous quarter (Q1/2025) dividend of 52.50c. The ex-dividend date is Monday, September 22, 2025 and the record date is Monday, September 22, 2025 and it is payable on Monday, September 29. Total dividends per share paid in the 12 months ended September 15 were $2.05.

Press Release article 11 of 11, Source: Company Website, 136 words

July 01 2025: Meta to Announce Second Quarter 2025 Results

MENLO PARK, Calif., July 1, 2025 -- Meta Platforms, Inc. (NASDAQ: META) announced today that the company's second quarter 2025 financial results will be released after market close on Wednesday, July 30, 2025.

Meta will host a conference call to discuss its results at 2 p.m. PT / 5 p.m. ET the same day. The live webcast of the call can be accessed at the Meta Investor Relations website at investor.atmeta.com, along with the company's earnings press release, financial tables, and slide presentation.

Following the call, a replay will be available at the same website. Transcripts of conference calls with publishing equity research analysts held on July 30, 2025 will also be posted to the investor.atmeta.com website.

Source: Company Website

SECTION 3 META PLATFORMS, INC. 10-Q: 12 CONSEQUENTIAL MANAGEMENT DECISIONS

AI Investment Becomes the Core Growth and Competitive Defense Strategy

Management accelerated investment in AI initiatives, including generative AI and superintelligence, across advertising, content recommendations, and infrastructure. This drove a 46% increase in R&D expenses and elevated capital spending. For investors, the decision strengthens Meta's competitive position in ad performance and engagement, but raises near-term cost intensity. The key valuation question is whether these investments translate into durable revenue growth and operating leverage.

Capital Expenditures Signal a Larger AI Infrastructure Commitment

Management plans $125-145 billion in 2026 capital expenditures to support AI and core business needs, including servers, data centers, and network capacity. With $19.84 billion already spent in Q1, Meta is prioritizing long-term scale over near-term free cash flow optimization. Investors should view this as a confidence signal, but also monitor cash conversion and returns on invested capital.

Shareholder Returns Continue While Buyback Flexibility Is Preserved

Management returned $1.35 billion through dividends and dividend equivalents while maintaining $25.03 billion in share repurchase authorization. No shares were repurchased in Q1. This approach provides recurring shareholder yield while preserving capital allocation flexibility during a heavy investment cycle. For investors, dividends support near-term returns, while buyback optionality remains available if management sees attractive capital deployment opportunities.

Reality Labs Remains a Long-Duration Strategic Bet With Profit Drag

Management continued funding Reality Labs despite a $4.03 billion Q1 operating loss, with full-year 2026 losses expected to remain similar. The decision reflects a long-term commitment to virtual and augmented reality platforms. Investors should treat this as a high-risk capital allocation choice that currently weighs on consolidated profitability but could create upside if Meta builds a scaled future platform.

European Ad Compliance Shifts Aim to Protect Revenue Under Regulatory Pressure

Management adjusted advertising practices in Europe by moving to a consent-based model, offering a ""subscription for no ads"" option, and introducing less personalized ads. These steps are designed to reduce regulatory risk while preserving monetization. Investors should monitor whether lower personalization reduces ad effectiveness, user engagement, or regional revenue growth, especially as privacy regulation remains a structural pressure on the ad model.

Privacy-Focused Ad Systems Reinforce Monetization Resilience

Management advanced advertising systems through privacy-enhancing technologies, first-party data tools, and AI-driven optimization to offset regulatory and platform restrictions. The strategy supported 19% ad impression growth and a 12% increase in average price per ad, contributing to 33% year-over-year ad revenue growth. For investors, this shows Meta's core ad engine remains adaptable despite external privacy headwinds.

Family of Apps Cost Discipline Supports Strong Core Margins

Management maintained cost discipline in Family of Apps even as total expenses rose 35%, with 87% of costs allocated to FoA. The segment delivered a 24% increase in operating income to $26.9 billion and a 48% operating margin. This balance of investment and profitability underscores the scalability of Meta's core advertising business and supports confidence in earnings durability.

Tax Benefit Temporarily Lifts Earnings and Cash Flow

Management used U.S. Corporate Alternative Minimum Tax transitional relief, resulting in an $8.03 billion tax benefit and a negative 23% effective tax rate for Q1. This materially boosted net income to $26.77 billion and supported cash flow. Investors should recognize the benefit as temporary, with future effective tax rates expected to normalize to 13-16%.

Infrastructure Commitments Increase Capacity but Reduce Financial Flexibility

Management entered major multi-year infrastructure contracts, increasing non-cancelable commitments and restricting $5 billion in cash equivalents. Additional commitments of $24 billion were added in April 2026. These actions secure capacity for AI expansion and future business growth, but they also raise fixed obligations. Investors should assess how these commitments affect liquidity, flexibility, and long-term capital efficiency.

Reels and Business Messaging Expand Ad Surfaces With Near-Term Margin Trade-Offs

Management accelerated development of Reels ads and business messaging products to drive onsite conversions and broaden monetization. Reels continues to monetize at lower rates than more mature formats, creating near-term margin pressure. For investors, the strategic value lies in expanding ad inventory and engagement-based revenue pools, while the key risk is the pace of monetization improvement.

WhatsApp Paid Messaging and Meta Verified Build Early Non-Ad Revenue Momentum

Management grew other revenue 74%, driven by WhatsApp paid messaging and Meta Verified subscriptions. These businesses remain small compared with advertising, but they signal progress toward revenue diversification. For investors, the opportunity is not yet material to consolidated results, but continued growth could reduce long-term reliance on the core ad business and improve Meta's revenue mix.

Headcount Growth Stays Measured Amid AI and Infrastructure Expansion

Management increased headcount by 1% year over year to 77,986 while continuing to evaluate workforce needs against strategic priorities. This measured hiring approach occurred alongside higher employee compensation costs and major AI investment. Investors should view the decision as an effort to support critical growth initiatives while limiting broad cost expansion and preserving operating discipline.

Source: Meta Platforms, Inc.'s, 10-Q filing dated April 30, 2026, available at the U.S. Securities and Exchange Commission website: https://www.sec.gov/Archives/edgar/data/1326801/000162828026028526/meta-20260331.htm. company (Meta Platforms, Inc.), Ticker(META)

SECTION 4 INSTITUTIONAL OWNERSHIP UPDATED AFTER LAST SEC FILING Q1/2026 REPORTED ON MAY 18

Institutional Ownership as at Mar 31, 2026

4.1 Reported holdings of institutions end of quarter

As at March 31, 2026 institutions had decreased their holdings to 63.6% of issued capital, down from 77.2% nine months ago.

Quarter - endedMar 31Dec 31, 2025Sep 30, 2025Jun 30, 2025

% of issued capital63.679.374.977.2

Source: U.S. Securities and Exchange Commission (SEC) https://www.sec.gov/edgar/browse/?CIK=1326801, company (Meta Platforms, Inc.), Ticker(META)

4.2 Top 5 Institutional Ownership of Meta Platforms, Inc. as at March 31, 2026

As at March 31, 2026, 4996 Institutions (Funds) held investments in shares of Meta Platforms, Inc.. Institutions decreased their holdings to 63.6% of issued capital, down from 79.3% as at Dec 31. The largest shareholder was Blackrock Inc. with 8% of Meta Platforms, Inc.. The second largest shareholder was FMR LLC with 5%.

*Note: Minimum Core Shareholding is computed on the basis of SEC filings over the last 12 quarters (3 years). A higher % of shareholding above the minimum core holding may be indicative of a potential positioning by an active institution to overweight.

Meta Platforms, Inc. Top 3 Active Funds (in desc order of Shares) hold 12.1% [second last column shows % above minimum core shareholding; last column shows percentile rank by AUM (Assets Under Management) among 8584 Funds]. Please download the spreadsheet to view full list of 3178 Active Funds holding 41.1% of Meta Platforms, Inc. as at March 31, 2026.

FundShares% of TotalValue $

Blackrock Inc. (0002012383)168,843,283896.6 B

Geode Capital Management, LLC (0001214717)54,165,192231 B

Capital World Investors (0001422849)41,055,422223.5 B

% Held by Top 3 Institutional shareholders264,063,89712.1151 B

Fund% above Core*Percentile rank

Blackrock Inc. (0002012383)10100

Geode Capital Management, LLC (0001214717)23100

Capital World Investors (0001422849)16100

Meta Platforms, Inc. Top 2 Index Funds (in desc order of Shares) hold 9.4% [second last column shows % above minimum core shareholding; last column shows percentile rank by AUM (Assets Under Management) among 8584 Funds]. Please download the spreadsheet to view full list of 1819 Index Funds holding 22.5% of Meta Platforms, Inc. as at March 31, 2026.

FundShares% of TotalValue $

FMR LLC (0000315066)116,614,753566.7 B

State Street Corporation (0000093751)88,523,840450.6 B

% Held by Top 2 Institutional shareholders205,138,5939.4117.3 B

Fund% above Core*Percentile rank

FMR LLC (0000315066)-100

State Street Corporation (0000093751)4100

Source: U.S. Securities and Exchange Commission (SEC) https://www.sec.gov/edgar/browse/?CIK=1326801, company (Meta Platforms, Inc.), Ticker(META)

4.3 Top 5 Increases [March 31, 2026 vs December 31, 2025]

Value is shown in the table below at March 31 META share price of $572.02.

Institution (CIK)SharesValue, $% increase

PEAK6 LLC (0001389958)88,36256.6 M4,418,100.0

Vestor Capital, LLC (0001132699)69,29944.4 M6,929.9

Madison Asset Management, LLC (0001299351)85,54254.8 M2,293.4

Westchester Capital Management, Inc. (0001390063)700448,1872,000.0

Financiere des Professionnels - Fonds d,investissement inc. (0001996846)28,57218.3 M1,333.3

Total272,475174.5 million-

Source: U.S. Securities and Exchange Commission (SEC) https://www.sec.gov/edgar/browse/?CIK=1326801, company (Meta Platforms, Inc.), Ticker(META)

4.4 Institutional ownership of META at March 31, 2026: Capital Research Global Investors top increase by worth

Top 5 Increases by worth [March 31, 2026 vs December 31, 2025]

Value is shown in the table below at March 31 META share price of $572.02.

Institution (CIK)SharesWorth Change, $

Capital Research Global Investors (0001422848)13,036,2618.3 B

SG Americas Securities LLC (0001313360)3,798,8712.4 B

Goldman Sachs Group Inc. (0000886982)3,257,2952.1 B

Capital World Investors (0001422849)1,496,785958.3 M

Geode Capital Management, LLC (0001214717)1,358,480869.8 M

Total22,947,69214.7 billion

Source: U.S. Securities and Exchange Commission (SEC) https://www.sec.gov/edgar/browse/?CIK=1326801, company (Meta Platforms, Inc.), Ticker(META)

4.5 Top 5 Decreases [March 31, 2026 vs December 31, 2025]

Institution (CIK)SharesValue, $% Decreases

J. Stern and Co. LLP (0002011335)69,542,818(44.5 B)-99.8

HWG Holdings LP (0001599390)15,823(10.1 M)-99.8

Copeland Capital Management, LLC (0001541743)18,904(12.1 M)-99.6

IFG Advisory, LLC (0001728319)9,397(6 M)-99.4

FSA Advisors, Inc. (0001905627)64,470(41.3 M)-98.1

Total69,651,412(44.6 billion)-

Source: U.S. Securities and Exchange Commission (SEC) https://www.sec.gov/edgar/browse/?CIK=1326801, company (Meta Platforms, Inc.), Ticker(META)

4.6 Top 5 New shareholders as at March 31, 2026

Value is shown at price of March 31, 2026 (in desc order of Shares)

Institution (CIK)SharesValue, $

Capitolis Liquid Global Markets LLC (0002094379)975,667558.1 M

Dragoneer Investment Group, LLC (0001602189)712,800407.7 M

SEB Asset Management AB (0002127509)707,960405 M

Avantyr Capital Partners, LP (0002087378)195,100111.6 M

TIAA Wealth Investment Management LLC (0002124867)167,23795.7 M

Total2,758,7641.6 billion

Source: U.S. Securities and Exchange Commission (SEC) https://www.sec.gov/edgar/browse/?CIK=1326801, company (Meta Platforms, Inc.), Ticker(META)

4.7 Institutional ownership of META at Mar 31: Capitolis Liquid Global Markets LLC top exit

An analysis conducted after the mid - quarter deadline of May 18 for 20261 SEC filings by 8647 institutions shows that there were 5 exits. Capitolis Liquid Global Markets LLC was the largest exit with 1,274,241 shares valued at 840.9 M as at March 31.

Institution (CIK)SharesValue, $

Capitolis Liquid Global Markets LLC (0001960050)1,274,241840.9 M

CIBC World Markets Corp (0001056527)677,337447 M

Virginia Retirement Systems ET AL (0001005354)658,974434.9 M

Forsta AP-fonden (0001603328)596,760393.8 M

Jericho Capital Asset Management LP (0001525234)397,858262.5 M

Total3,605,1702.4 billion

Source: U.S. Securities and Exchange Commission (SEC) https://www.sec.gov/edgar/browse/?CIK=1326801, company (Meta Platforms, Inc.), Ticker(META)

Please view detailed Institutional Shareholders - Categorised and Complete List in DATA & ARCHIVE DOWNLOAD CENTER

SECTION 5 TODAY'S BEARISH SIGNALS

5.1 PAST WEEK: WEAK MOMENTUM DOWN

META dips 1.8% on below average volume 0.9 times average. Compared with the NASDAQ-100 Index which fell 450.9 points (or 1.5%) in the week, the relative price change was -0.2%.

Meta Platforms, Inc. (META) underperformed the NASDAQ-100 Index in 4 out of 5 days. The price ranged between a low of $557.64 on Wednesday Jun 24 and a high of $577.30 on Thursday Jun 18.

JunMeta Platforms, Inc.Close [$]Change %Comment

Wed 24Drops to three-month low557.64-0.8Price/MAP50 below 1 and falling

Tue 23Weakens below moving average price562.22-0.3Price fall on falling relative strength; RPC=3.0%

Mon 22Falls 2.3%, underperforming 83% of the market563.85-2.3VI*=1.2

Thu 18Lifts 1.7% on firm volume577.31.7Top Rise

Wed 17Tumbles 5.4% on average volume567.58-5.4Steepest Fall; VI*=1.6

* RPC - Relative Price Change is % price change of stock less % change of the NASDAQ-100 Index.

[Volume Index (VI); 1 is average]

5.2 Rank in the bottom 19% by Relative Valuation in the NASDAQ market

DescriptionValueRank

Price to Book Value7In Bottom 19%

P/E * P/NTA140.65In Bottom 17%

Price to Sales5.7In Bottom 17%

Earnings Yield %5.0In Bottom 13%

Dividend Yield %0.3%In Bottom 3%

Source: Meta Platforms, Inc.'s, 10-K filing dated January 29, 2026, available at the U.S. Securities and Exchange Commission website: https://www.sec.gov/Archives/edgar/data/1326801/000162828026003942/meta-20251231.htm. company (Meta Platforms, Inc.), Ticker(META)

5.3 Rank in the bottom 23% by Price Performance in the NASDAQ market

DescriptionValueRank

Rel Strength 6 mo24In Bottom 23%

Source: Meta Platforms, Inc.'s, 10-K filing dated January 29, 2026, available at the U.S. Securities and Exchange Commission website: https://www.sec.gov/Archives/edgar/data/1326801/000162828026003942/meta-20251231.htm. company (Meta Platforms, Inc.), Ticker(META)

5.4 Downtrend

Price/Moving Average Price of 0.85 and negative MACD:

- The Price/MAP 200 for Meta Platforms, Inc. is 0.85. Being less than 1 is a bearish indicator. It is lower than the Price/MAP 200 for the NASDAQ-100 Index of 1.13, a second bearish indicator. The stock is trading below both its MAPs and the 50-day MAP of $617.79 is lower than the 200-day MAP of $655.25, a third bearish indicator. The 200-day MAP has decreased to $655.25, a fourth bearish indicator.

- The Moving Average Convergence Divergence (MACD) indicator of 12-day Exponential Moving Average (EMA) of 577.69 minus the 26-day EMA of 589.59 is negative, suggesting a bearish signal. Both the 12-day EMA as well as the 26-day EMA are falling, another bearish signal.

- The price to 50-day EMAP ratio is 0.9, a bearish indicator. The 50-day EMAP has decreased to $607.05. A decrease is another bearish indicator.

Past Month:

- Falls to Rises: In the past month the number of falls outnumbered rises 13:8 or 1.6:1.

Past Quarter:

The Worst 3 weeks in the past quarter

In the past quarter the steepest fall of 11.5% took place in the week beginning Monday March 23.

Mon-FriChange %NASDAQ-100 Index Change %Vol Ind [1 is avg]

Mar 23-27-11.5-3.21.1

Apr 27-May 01-9.81.51.4

Jun 01-05-6.3-4.51.6

Trailing Relative Strength (6 months) at 24 percentile:

- The stock has a 6-month relative strength of 24 in the NASDAQ market of 2,828 stocks, 2 ADRs and 1 preference stock indicating it is trailing 76% of the market.

5.5 Other Bearish Signals

- Return on Equity of 27.8% versus sector average of 40.8%.

- Return on Assets of 16.5% versus sector average of 19.7%.

- Return on Capital Employed of 26.5% versus sector average of 30.4%.

MCap/Total Assets:

- Tobin's Q Ratio, defined as MCap divided by Total Assets, is 3.3. Compared with the rest of the market the stock is overvalued and ranks in the bottom quartile of stocks by value of Q Ratio.

Source: Meta Platforms, Inc.'s, 10-K filing dated January 29, 2026, available at the U.S. Securities and Exchange Commission website: https://www.sec.gov/Archives/edgar/data/1326801/000162828026003942/meta-20251231.htm. company (Meta Platforms, Inc.), Ticker(META)

Source: Nasdaq Stock Exchange: https://www.nasdaq.com/market-activity/stocks/META, company (Meta Platforms, Inc.), Ticker(META)

SECTION 6 ONGOING BEARISH PARAMETERS

6.1 Past quarter momentum down: Meta Platforms, Inc. falls 5.9% on average volume 1.1 times average.

Past month toHighLowVWAPVolume Index *

24 Jun 2026642.40555.55595.741.1

22 May 2026614.24606.39623.281.0

24 Apr 2026680.04653.23605.621.0

[*Volume Index of 1.1 means volume for the month was 1.1 times its 12-month average]

[VWAP is defined as the Volume Weighted Average Price; High Low prices and VWAP are shown in USD]

6.2 Present Value of $1000 Invested in the Past [3 Mo, 1 Yr]; The Worst Periods with PV$1000 < 943

PV$1,0003 mo ago1 yr ago

META.NASDAQ$942$787

Technology sector$1,173$1,318

NASDAQ-100 Index$1,219$1,317

6.3 The Worst Periods [3 Mo, 1 Yr] with Price Change % < -5.8

1-Year price change of -21.5% for Meta Platforms, Inc. underperformed the change of 33.7% in the NASDAQ-100 Index for a relative price change of -55.2%.

Price Change %QuarterYear

Meta Platforms, Inc.-5.9-21.5

Technology sector17.233

NASDAQ-100 Index23.933.7

6.4 EPS growth [FY2025 vs FY2024] of -2.6%:

FYEPS ($)Growth %

202523.98-2.6

202424.6162.0

Source: Meta Platforms, Inc.'s, 10-K filing dated January 29, 2026, available at the U.S. Securities and Exchange Commission website: https://www.sec.gov/Archives/edgar/data/1326801/000162828026003942/meta-20251231.htm. company (Meta Platforms, Inc.), Ticker(META)

6.5 Annualised Period-based Total Shareholder Returns [TSR %]: The Worst Period with TSR < -21.2%

TSR %1 yr

META.NASDAQ-21.3

6.6 Declining Volume, down 52% in 5 years

In the past five years, Average Daily Volume of Trading (ADVT) has decreased 51.9% to 12.7 million shares.

Avg. Daily Volume Traded 12 months ended Jun 24, million shares

YearADVT

202612.7

202514.3

202418.6

202332.0

202226.3

Source: Nasdaq Stock Exchange: https://www.nasdaq.com/market-activity/stocks/META, company (Meta Platforms, Inc.), Ticker(META)

SECTION 7 TODAY'S BULLISH SIGNALS

Price/Earnings:

Meta Platforms, Inc. stock is trading at the fifteenth lowest P/E multiple in the NASDAQ-100 Index.

Price/Earnings of 19.9 < Technology sector (of 218 stocks) avg of 33.6:

- The price-to-earnings ratio of 19.9 indicates undervaluation compared with sector average of 33.6 and market average of 36.1.

Earnings Yield

- The earnings yield of 5.0% is 1.2 times the 10-year bond yield of 4.35%.

Brand Value/Enterprise Value:

- Brandirectory have estimated Meta Platforms, Inc. brand value at $5.6 billion. The Brand Value represents 0.4% of the estimated Enterprise Value of $1,275.5 billion. Enterprise Value is defined as MCap of $1,214.5 billion plus net debt of $61 billion.

7.1 Other Bullish Signals

- Total Liabilities/EBITDA of 1.7 is less than 5, this compares favourably with the Joseph Piotroski benchmark of 5.

- Net profit margin has averaged 32.3% in the last 3 years. This is considered superior and suggests a high margin of safety.

- As per the Du Pont analysis, Return on Equity is high at 27.8%. This is computed as net profit margin of 30.1% times asset turnover [sales/assets] of 0.55 times leverage factor [total assets/shareholders' equity] of 1.7.

Source: Meta Platforms, Inc.'s, 10-K filing dated January 29, 2026, available at the U.S. Securities and Exchange Commission website: https://www.sec.gov/Archives/edgar/data/1326801/000162828026003942/meta-20251231.htm. company (Meta Platforms, Inc.), Ticker(META)

7.2 Oversold/Bullish Signals:

- The Relative Strength Index (RSI) of 29.9 has breached the oversold line of 30, suggesting the price decrease of 11.1% in the last 14 days is unusually high.

- The stock is oversold according to the Williams % R indicator of -97.6, suggesting the price is close to its 14-day low of $555.55.

Source: Nasdaq Stock Exchange: https://www.nasdaq.com/market-activity/stocks/META, company (Meta Platforms, Inc.), Ticker(META)

SECTION 8 ONGOING BULLISH PARAMETERS

8.1 Rule of 40

The stock scores a favorable score exceeding 40 when using the Rule of 40 (Revenue Growth plus EBITDA margin). Y.o.y revenue growth of 22%, EBITDA margin is 42.8% and the sum of the two 64.9% needs to exceed 40%.

Source: Meta Platforms, Inc.'s, 10-K filing dated January 29, 2026, available at the U.S. Securities and Exchange Commission website: https://www.sec.gov/Archives/edgar/data/1326801/000162828026003942/meta-20251231.htm. company (Meta Platforms, Inc.), Ticker(META)

8.2 Rank in the top 95% by Liquidity in the NASDAQ market

DescriptionValueRank

Ave daily turnover$8 billionIn top 95%

Source: Meta Platforms, Inc.'s, 10-K filing dated January 29, 2026, available at the U.S. Securities and Exchange Commission website: https://www.sec.gov/Archives/edgar/data/1326801/000162828026003942/meta-20251231.htm. company (Meta Platforms, Inc.), Ticker(META)

8.3 Rank in the top 6% by Size in the NASDAQ market

DescriptionValueRank

Turnover$5.8 billionIn Top 1%

Tr 12 months Revenue$215 billionIn Top 2%

MCap$1,215 billionIn Top 6%

Source: Meta Platforms, Inc.'s, 10-K filing dated January 29, 2026, available at the U.S. Securities and Exchange Commission website: https://www.sec.gov/Archives/edgar/data/1326801/000162828026003942/meta-20251231.htm. company (Meta Platforms, Inc.), Ticker(META)

8.4 Rank in the top 14% by Performance in the NASDAQ market

DescriptionValueRank

EBITDA Margin %42.8In Top 11%

Net Profit Margin %30.1In Top 14%

Source: Meta Platforms, Inc.'s, 10-K filing dated January 29, 2026, available at the U.S. Securities and Exchange Commission website: https://www.sec.gov/Archives/edgar/data/1326801/000162828026003942/meta-20251231.htm. company (Meta Platforms, Inc.), Ticker(META)

8.5 Rank in the top 11% by Productivity in the NASDAQ market

DescriptionValueRank

Return on Capital Employed [ROCE] %26.5In Top 9%

Return on Assets [ROA] %16.5In Top 10%

Return on Equity [ROE] %27.8In Top 11%

Source: Meta Platforms, Inc.'s, 10-K filing dated January 29, 2026, available at the U.S. Securities and Exchange Commission website: https://www.sec.gov/Archives/edgar/data/1326801/000162828026003942/meta-20251231.htm. company (Meta Platforms, Inc.), Ticker(META)

8.6 Present Value of $1000 Invested in the Past 3 Years; The Best Period with PV$1000 > 1,961

PV$1,0003 yrs ago

META.NASDAQ$1,962

Technology sector$1,828

NASDAQ-100 Index$1,962

8.7 Created Market Value [CMV] past 10 yrs of $778.9 billion

- Market Capitalization has increased by $890.3 billion from $324.2 billion to $1,214.5 billion in the last 10 years. This increase comprises cumulative retained earnings (RETE) of $111.4 billion and Created Market Value of $778.9 billion. The Created Market Value multiple, defined by the change in MCap for every $1 of retained earnings is exemplary at $7.99.

8.8 Sequential growth in EPS [Q1/2026 vs Q4/2025] of 17.2%:

The most recent quarter (Q1/2026) showed a rise of 17.2% in sequential growth of Quarterly EPS.

Quarterly ReportEPS ($)Growth %

Q1/202610.5717.2

Q4/20259.02735.2

Source: Meta Platforms, Inc.'s, 10-Q filing dated April 30, 2026, available at the U.S. Securities and Exchange Commission website: https://www.sec.gov/Archives/edgar/data/1326801/000162828026028526/meta-20260331.htm. company (Meta Platforms, Inc.), Ticker(META)

8.9 Annualised Period-based Total Shareholder Returns [TSR %]: The Best Periods with TSR > 10.6%

TSR %3 yrs5 yrs10 yrs

META.NASDAQ24.910.717.3

8.10 Low Debt to Equity (%)

The debt to equity ratio of 28.1% is under a safe benchmark figure of 50%. However, it has deteriorated in the past four years.

YearsDebt to Equity (%)

Dec 202528.06

Dec 202416.85

Dec 202313.06

Dec 20228.98

Dec 20210.9

Source: Meta Platforms, Inc.'s, 10-K filing dated January 29, 2026, available at the U.S. Securities and Exchange Commission website: https://www.sec.gov/Archives/edgar/data/1326801/000162828026003942/meta-20251231.htm. company (Meta Platforms, Inc.), Ticker(META)

8.11 % Growth in EPS > RPS

EPS growth has consistently exceeded growth in RPS [Revenue Per Share].

EPS growth: Sequential EPS growth (Q1 2026 vs Q4 2025) was up 17.2% and PCP EPS growth (Q1 2026 vs Q1 2025) was up 60.4%. FY EPS growth (FY2025 vs FY2024) was down 2.6%.

RPS growth: Sequential growth in Revenue per share (Q1 2026 vs Q4 2025) was down 4.8% and PCP growth in Revenue per share (Q1 2026 vs Q1 2025) was up 36.0%. FY growth in Revenue per share (FY2025 vs FY2024) was up 24.1%.

(All figures in %)

Sequential growth in EPS (Q1 2026 vs Q4 2025)17.2

Sequential growth in RPS (Q1 2026 vs Q4 2025)-4.8

PCP growth in EPS (Q1 2026 vs Q1 2025)60.4

PCP growth in RPS (Q1 2026 vs Q1 2025)36.0

FY growth in EPS (FY2025 vs FY2024)-2.6

FY growth in RPS (FY2025 vs FY2024)24.1

Source: Meta Platforms, Inc.'s, 10-Q filing dated April 30, 2026, available at the U.S. Securities and Exchange Commission website: https://www.sec.gov/Archives/edgar/data/1326801/000162828026028526/meta-20260331.htm. company (Meta Platforms, Inc.), Ticker(META)

8.12 A 89.8% Decrease in Insider Selling

In the past 5 years a total of 15,585,773 Meta Platforms, Inc. shares worth $6.7 billion were sold by insiders. Based on a dynamic start date of 5 years ago, insider selling has averaged 3,117,155 shares per year. In the past year, insiders sold 281,746 shares, a decrease of 89.8% from the previous year.

YearNo. of SharesValue, $

Jun 24, 2026281,746189,043,821

1 Yr ago2,760,1141,696,494,413

2 Yrs ago5,603,9682,446,776,554

3 Yrs ago356,39460,619,436

4 Yrs ago6,583,5512,306,659,910

Total15,585,7736,699,594,134

Source: U.S. Securities and Exchange Commission (SEC Form 4) https://www.sec.gov/edgar/browse/?CIK=1326801, company (Meta Platforms, Inc.), Ticker(META)

8.13 Increased VWAP, up 155% in 5 years

In the past five years Volume Weighted Average Price (VWAP) has increased by 154.6% to $664.45. Based on a dynamic start date of five years ago, there have been declines in VWAP in 2 out of 5 years.

Past five years, 12 months ended Jun 24 (USD)

YearHigh PriceVWAPLow Price

2026794.33664.45519.78

2025737.9582.58440.07

2024527.87370.76272.22

2023287.39159.6287.4

2022381.31260.95153.04

8.14 Increased share turnover, up 22% in 5 years

In the past five years, average daily share turnover has increased 21.7% to $8.4 billion. This suggests increased liquidity.

Past five years, 12 months ended Jun 24 (USD billion)

YearAverage Daily Turnover

20268.4

20258.3

20246.9

20235.1

20226.9

8.15 Growth > 17% for Net Profit:

- Net Profit margin is positive and has seen consecutive rises in recent quarters. [All figures in %]

Qtr-endedRevenue GrowthNet Profit GrowthNet Profit Margin

Mar 26 [Q1 vs Q4]-617.681.9

Dec 25 [Q4 vs Q3]16.9740.581.8

Source: Meta Platforms, Inc.'s, 10-Q filing dated April 30, 2026, available at the U.S. Securities and Exchange Commission website: https://www.sec.gov/Archives/edgar/data/1326801/000162828026028526/meta-20260331.htm. company (Meta Platforms, Inc.), Ticker(META)

8.16 Satisfies three criteria of Benjamin Graham

-""Total debt less than tangible book value""; total debt of USD61.0 billion is less than tangible book value of USD172.3 billion.

-""Current ratio of two or more""; current assets are 2.6 times current liabilities.

-""Stability of growth in earnings over the last 5 years, defined as no more than two declines of 5% or greater in year-end earnings""; there has been only 1 decline in earnings in the last 5 years.

Source: Meta Platforms, Inc.'s, 10-K filing dated January 29, 2026, available at the U.S. Securities and Exchange Commission website: https://www.sec.gov/Archives/edgar/data/1326801/000162828026003942/meta-20251231.htm. company (Meta Platforms, Inc.), Ticker(META)

8.17 Satisfies 5 out of 9 criteria of Joseph Piotroski [pass mark 5]:

- Positive net income.

- Positive operating cashflow.

- Good quality of earnings [operating cashflow exceeds net income].

- Reduction in total shares on issue.

- Improvement in gross margin [from 81.7% to 82.0%].

But does not meet the following 4 criteria of Joseph Piotroski:

- Return on Assets improvement.

- Improvement in long-term debt to total assets.

- Improvement in current ratio.

- Improvement in asset turnover.

Source: Meta Platforms, Inc.'s, 10-K filing dated January 29, 2026, available at the U.S. Securities and Exchange Commission website: https://www.sec.gov/Archives/edgar/data/1326801/000162828026003942/meta-20251231.htm. company (Meta Platforms, Inc.), Ticker(META)

Source: Nasdaq Stock Exchange: https://www.nasdaq.com/market-activity/stocks/META, company (Meta Platforms, Inc.), Ticker(META)

SECTION 9 CORPORATE PROFILE AND INDEPENDENT RATINGS

9.1 Activities

Meta Platforms, Inc., headquartered in Menlo Park, California, is a leading global technology company that operates a suite of social media and digital communication platforms, including Facebook, Instagram, WhatsApp, and Messenger. Its core business revolves around connecting billions of users worldwide through innovative social networking services, while generating primary revenue from targeted digital advertising. The company also advances virtual reality and augmented reality technologies via its Reality Labs division, aiming to build the metaverse as a next-generation computing platform. Among its fastest-growing segments are e-commerce integrations on Instagram and WhatsApp, which leverage user engagement for business tools and advertising, as well as metaverse-related initiatives that drive hardware sales and immersive experiences. This strategic focus on emerging technologies and user monetization has fueled Meta's expansion, positioning it as a key player in the digital economy with a market capitalization exceeding $500 billion as of recent reports. It is the NASDAQ's 2nd largest Technology company by market capitalisation.

Meta Platforms, Inc. (NASDAQ:META) is a global leader in social technology, driving innovation through its diverse ecosystem, including Facebook, Instagram, WhatsApp, and Messenger. The company leverages its advanced Meta AI and Generative AI technologies, focusing on AI safety and Responsible AI, to push boundaries in digital communication and content. Meta's Break In Case of Emergency AI Plan ensures adaptability in the evolving tech landscape. Products like LLaMA 2 and tools such as Meta Quest and Meta Quest Pro, including Oculus Quest, contribute to its dominance in the Virtual Reality and Augmented Reality sectors. Initiatives like Horizon Worlds and Horizon Workrooms solidify its metaverse leadership, further enhanced by creative tools like Threads and Reels. As a pivotal player in digital advertising, Meta leverages platforms such as Meta Ads, Facebook Ads, and Instagram Shopping. The integration of Spark AR and projects like Ray-Ban Stories and Portal showcase Meta's forward-thinking approach to immersive experiences, underscoring its strategic relevance and robust growth potential.

9.2 Independent Ratings and Relative Value Indicators

+ Clarivate 100:

Meta Platforms, Inc. is ranked 3 in the Top 100 innovators by Clarivate Analytics.

+ Brand Finance 500:

It is in the Brand Finance list of the world's 500 Valuable Banking brands by brand value in 2025, ranked 8.

+ Fortune 500:

It is in the Fortune list of Top 500 Global companies by Revenues in 2025, ranked 66.

+ PwC 100:

It is in PwC's list of Top 100 Global companies; ranked 7th by market capitalization in 2025.

9.3 Contact Details

Website: http://www.facebook.com

Physical Address: 1601 Willow Road,Menlo Park,CA,94025

Phone: +1 650 543-4800

Email: investor@fb.com

9.4 U.S. Industry & Sector

Classification Level: Name of Sector

Economic Sector: Technology

SECTION 10 FINANCIALS FY 2025

10.1 META Financials 3-Year Summary:

Year ended Dec 31FY2025FY2024FY2023

Sales ($ B)201164.5134.9

Pretax ($ B)85.970.747.4

Net ($ B)60.562.439.1

EPS ($)23.9824.6115.19

EPS down 2.6% to $23.98 in FY2025 [ y.e. 31 Dec 2025]

+ Net profit was down 3.1% from $62.4 billion in FY2024 to $60.5 billion in FY2025.

+ Earnings Per Share (EPS) was down 2.6% from $24.61 in FY2024 to $23.98 in FY2025.

10.2 Financials, FY 2025 [year-ended 31 December 2025 ]

Meta Platforms Net Profit down 3.1%

Release Date: February 03, 2026

Meta Platforms (NASDAQ:META) reported net profit for the year-ended 31 December 2025 [FY2025] of $60.5b, down 3.1% from $62.4b in the previous year [FY2024]. Earnings per share (EPS) were down 2.6% from $24.61 in FY2024 to $23.98 in FY2025.

10.3 Annual growth in Revenue, Net Profit and EPS

Year-ended31 December [FY/2025]31 December [FY/2024]

Revenue, $ Billion201165

Growth in Revenue %22.221.9

Net Profit, $ Billion60.562.4

Growth in Net Profit %-3.159.5

EPS, $23.9824.61

Growth in EPS %-2.662.0

Major changes compared with previous year (FY2025 vs FY2024):

Favourable Changes:

- Total revenue up 22.2% from $164.5b to $201.0b

- Sales and marketing expenses to Revenues down from 6.9% to 6%

- Total non-current assets to Total Assets up from 63.8% to 70.3%

- Fixed Assets to Total Assets up from 44% to 48.2%

- Total Liabilities to EBITDA of 1.7 compares favourably with the Joseph Piotroski benchmark of <5. However, it has deteriorated by 31.1% from the previous year's ratio of 1.3.

Unfavourable Changes:

- Net profit down 3.1% from $62.4b to $60.5b

- EPS down 2.6% from $24.61 to $23.98

- EBIT to total assets down from 25.6% to 23.5%

- Total revenue to total assets down from 0.6 to 0.5

- Debt to Equity up 64.7% from 0.2 to 0.3

Year-on-year comparison of Performance Ratios [FY2025 vs FY2024]

December 31FY2025FY2024Change (%)

Return on Equity (%)27.834.1Down 18.5

Return on Assets (%)16.522.6Down 27

Total debt to net tangible assets (%)35.420.9Up 69.4

Debt/Equity0.30.2Up 64.7

Common Size Ratios by Assets %

Long-term investments to Total Assets7.52.2Up 241.1

Current Debtors to Total Assets5.46.2Down 12.3

Five-year record of growth and performance:

In the last 5 years Total Revenue averaged $147B, EBITDA averaged $56B and Net Profit averaged $44.9B. Compound Annual Growth Rate (CAGR) averaged 18.5% for Total Revenue, 15.7% for Net Profit and 21.0% for EBITDA.

DescriptionAnnual ($ B)5-year Avg ($ B)5-year CAGR %

Total Revenue20114718.5

EBITDA85.95621

Operating Profit85.95621

Net Profit60.544.915.7

Five-year record of EBITDA, Operating Profit, Net Profit, ROE, ROA and ROCE

In 2025 Net Profit Margin of 82.0% was above its 5-year Avg of 30.1% (All Figures in %)

Description20255-year Avg

EBITDA Margin42.837.1

Operating Profit Margin42.837.1

Net Profit Margin8230.1

Return on Equity27.827.5

Return on Assets16.518.5

Return on Capital Employed26.526.1

Source: Meta Platforms, Inc.'s, 10-K filing dated January 29, 2026, available at the U.S. Securities and Exchange Commission website: https://www.sec.gov/Archives/edgar/data/1326801/000162828026003942/meta-20251231.htm. company (Meta Platforms, Inc.), Ticker(META)

SECTION 11 TAX

11.1 Average Income Tax Paid (Past 5 Years)

In the past 5 years, Income Tax as % of profit before tax increased from 16.7% to 29.6%, Income Tax as % of sales increased from 6.7% to 12.7% and Income Tax as % of operating cash flow increased from 16.7% to 29.6%.

Description20252024202320222021

As % of profit before tax29.611.817.619.516.7

As % of operating cash flow29.611.817.619.516.7

As % of sales12.756.24.86.7

The 5-year average of profit before tax was 19%.

SECTION 12 TOP MANAGEMENT AND BOARD OF DIRECTORS

12.1 Top Management

Top Management [Seven top executives with tenure > 21 yrs]

NameDesignationSince Appointment

Mark ZuckerbergChief Executive Officer, Chairman, Director, Founder21 Yrs, 12 Mos

Dina Powell MccormickPresident, Vice Chairman-

Li Susan JChief Financial Officer-

Olivan JavierChief Operating Officer-

Bosworth AndrewChief Technology Officer-

C. J. MahoneyChief Legal Officer-

Christopher K. CoxChief Product Officer-

12.2 Board Of Directors

Board Of Directors [Six directors with tenure > 6 yrs]

NameDesignationSince Appointment

Andrew W. HoustonIndependent Director6 Yrs, 4 Mos

Nancy KilleferIndependent Director6 Yrs, 3 Mos

Marc L. AndreessenIndependent Director18 Yrs

Peggy AlfordIndependent Director7 Yrs, 1 Mo

Tracey Thomas TravisIndependent Director6 Yrs, 3 Mos

Robert M. KimmittLead Independent Director6 Yrs, 3 Mos

Board Of Directors [Seven directors with tenure < 5 yrs]

NameDesignationSince Appointment

Xu TonyIndependent Director4 Yrs, 4 Mos

Dana WhiteDirector-

Arnold John DouglasIndependent Director-

Charles SonghurstIndependent Director-

Tan Hock EIndependent Director-

Patrick CollisonIndependent Director-

John Philipp ElkannIndependent Director-

12.3 Independent Ratings of Directors

+ Mark Zuckerberg- Forbes Billionaires Ranking:

Mark Zuckerberg was ranked 2 in the Forbes Billionaires list in the world for 2025, an improvement from rank 4 in 2024. According to Forbes, Mark Zuckerberg's net worth had increased by (22.0%) $39 billion to $216 billion in 2025.

APPENDIX I DATA & ARCHIVE DOWNLOAD CENTER

META: EXPORT DATA TO EXCEL:

+ PRICE VOLUME - 5-YEAR HISTORY

+ FINANCIALS - 10-YEAR HISTORY [INCLUDING Q4/2025]:

+ SHAREHOLDERS - COMPLETE LIST OF 5012 INSTITUTIONS

+ PEER COMPARISON

META: OTHER INFORMATION:

+ PRICE VOLUME CHARTS

+ SEC FILINGS

+ NOTES to ACCOUNTS

+ INSIDER OWNERSHIP AND SELLING IN THE PAST 10 YEARS

+ BOARD OF DIRECTORS

APPENDIX II STOCK IDENTIFIERS

ISIN: US30303M1027

PermID: 4297297477

Central Index Key (CIK): 1326801

CUSIP: 30303M102

RIC: META.O

FIGI: BBG002GPKKZ7

LEI: BQ4BKCS1HXDV9HN80Z93

GLOSSARY

Disclaimer:",30477bd5252ea8dc37d65aef1c3dd547bd860f0aa396f22f668f0b398a2de9f9,ok,,82045,59734,0,week4_lseg_html_v1,True,True
2026-06-24 20:04:34.000,2026-06-24,2026-06-24T00:00:00,2026-06-24T23:59:59,META,META.O,R:META.O and Language:LEN,urn:newsml:reuters.com:20260623:nL6N42V1CV:8,reuters,NS:RTRS,CORRECTED-UPDATE 2-Google's YouTube settles case over social media harm to children,,"In June 23 story, corrects paragraph 6 to change R.K.C.'s age to 15 years old from 16

Trial will go forward against Meta, Snap and TikTok in July

Companies face thousands of similar lawsuits

Several other trials are scheduled in the coming months

By Diana Novak Jones

June 23 (Reuters) - Google's GOOGL.O YouTube has settled a lawsuit brought by a minor who claimed the platform damaged his mental health, his lawyers said Tuesday, ahead of a second California trial over social media's role in the youth mental health crisis.

The terms of the settlement of the state court lawsuit were confidential, the lawyers said on Tuesday. The suit named four defendants — YouTube, Meta's META.O Instagram, Snap Inc's SNAP.N Snapchat and ByteDance's TikTok — and the remaining three companies are still set to face trial in July.

Google spokesperson Jose Castaneda said in a statement that the lawsuit had been amicably resolved. ""Our focus remains on building age-appropriate products and parental controls that deliver on that promise,” Castaneda said.

John Morgan and Emily Jeffcott, attorneys for the plaintiff, known by his initials R.K.C., said in a statement: ""YouTube's decision to resolve this case before having to face a jury speaks for itself.""

""We will continue fighting on behalf of all those affected by social media addiction to bring these companies to justice and compel them to prioritize the safety of their young users over their bottom lines.""

R.K.C., a 15-year-old boy from Florida, said he started using social media when he was about eight, according to court filings. He became addicted to it, losing sleep and suffering from depression and anxiety, according to the filings.

R.K.C.'s lawsuit is set to be the second trial in California state court testing claims by individuals who say they were harmed by social media platforms deliberately designed to be addictive. The trial is scheduled to kick off July 27.

THOUSANDS OF CASES REMAIN

More than 3,300 lawsuits involving addiction claims against social media companies are pending in California state court. Another 2,600 cases brought by individuals, school districts, municipalities and states are pending in California federal court.

The companies have denied the allegations and say they take extensive steps ⁠to keep teens and young users safe on their platforms.

The first trial, which ended in March, was in the case of a woman who said ⁠she became addicted to YouTube and Meta's Instagram at a ​young age because of their attention-grabbing design. A jury found the companies negligent ​and ordered Meta to pay $4.2 million in damages and Google to pay $1.8 million. Earlier this month, the judge rejected the companies’ bid to set aside that verdict.

The first trial in federal court had been set to begin in June in a lawsuit brought by a Kentucky school district against Meta, Snap, TikTok and YouTube. All of the companies settled before trial, paying the district a combined $27 million.

In addition to the cases in Los Angeles and in federal court, nearly every state in the country has filed lawsuits in its local courts against the companies. The lawsuits accuse the companies of misrepresenting the safety of their platforms for young users and of designing them to addict children.

In the first of the lawsuits by states to go to trial, a jury in New Mexico ordered Meta to pay the state $375 million after finding the company misrepresented the safety of Facebook, Instagram and WhatsApp. A judge is weighing whether to order the company to make changes to its platforms as part of a separate phase in the lawsuit.

Meta will face a trial in a lawsuit brought by Tennessee next month.

In August, a trial in federal court over the combined claims of multiple states will go forward against Meta.

(Reporting by Diana Novak Jones; Editing by Jamie Freed, Alexia Garamfalvi and Cynthia Osterman)

(( diana.jones2@thomsonreuters.com ; 720-206-9604) )",11d5477bd6561ce4a52d9a692111aa53f2005eb01e3761f460a4704180f78a79,ok,,5575,3953,0,week4_lseg_html_v1,True,True
