session_date,n_names,intercept,beta_mean_continuous,beta_negative_share,beta_log_story_count,r_squared,condition_number
2011-01-03,80,0.004619695034095086,-0.005698219202095965,0.05721780838357794,0.20932920536330357,0.035403635846360526,7.481269196540067
2011-01-04,118,0.005458812001634239,0.036373121400903784,-0.2423407515990193,-0.08231200218756249,0.04942195336594679,7.138750899122908
2011-01-05,134,0.0029387063120870725,0.07876888487898645,-0.09618700016585838,0.2298448236475417,0.0488344141331305,7.730488953892368
2011-01-06,155,0.003755045552336442,-0.001282558384526676,-0.18982052411205463,0.027038961272281253,0.014794617731905157,7.300721320044557
2011-01-07,138,0.00501182724573841,-0.07832414832055624,-0.2694772981893645,-0.035462873313876375,0.027357318294631727,7.185438286866747
2011-01-10,147,0.0037351534163653642,0.04676331039353598,-0.18739291050575257,0.042494495700809716,0.029965509749467656,7.602624766278607
2011-01-11,129,0.004887726476247396,-0.03736417764613903,-0.1760035886342197,-0.04766566459146098,0.013117023955195428,7.0470387496937015
2011-01-12,143,0.0035833063936064878,-0.11883655491307744,-0.05877303902291579,0.15278396536453492,0.028149259995676634,6.282452624506885
2011-01-13,142,0.003550966919153494,-0.02963740279714197,-0.06272528665265246,0.08388808441019406,0.005903807699655816,7.500038099335271
2011-01-14,148,0.004316158271108518,0.001479534047110387,-0.2393673512654971,-0.03969503102973574,0.01961330409773787,7.855881195653422
2011-01-18,166,0.0029626893353756362,-0.04984178325476014,-0.07175153486938553,0.1379804587794378,0.016254828698903268,7.1485098596517656
2011-01-19,142,0.003285283911540803,0.02794902195979023,0.022281585646362814,0.016748761516263283,0.00076729475106041,7.281034660112098
2011-01-20,139,0.004863431054534933,-0.0459452938426756,-0.36590706028294506,0.05981852096491443,0.04754161135669066,7.16102050789275
2011-01-21,152,0.0007541656585861593,0.2554144748247952,0.3252643573441928,0.1900548076208213,0.07214974712669897,7.442103850134056
2011-01-24,134,0.0034784250771094467,0.02969392049917749,-0.0033786205017865404,0.04146677933727805,0.002111147420725934,7.631592005911799
2011-01-25,154,0.0030531913446051316,0.10992013552727115,-0.13055045721489608,0.08024738754923143,0.027105876112405225,7.344090194984848
2011-01-26,144,0.0044702452049175416,0.0008404572706804733,-0.19149143990615644,-0.09677963638077822,0.034831736298348015,7.3872220633498396
2011-01-27,118,0.0048669888265322255,-0.0152679324578801,-0.17206202123824105,0.038720590634520755,0.009010713228898681,7.672916882365198
2011-01-28,114,0.0027229075695726947,0.19624800002922302,0.14191143400714804,0.041017640101055027,0.029610261087490874,6.703871227917504
2011-01-31,143,0.0031455843025736947,-0.005779833075861878,-0.10745538438559292,0.21359810692538114,0.03511182827507153,7.236323146886791
2011-02-01,136,0.002999919648759031,0.19826336514698648,0.010212788162031894,-0.024454297771470526,0.03928984110430778,7.5022662665796735
2011-02-02,141,0.0038621958719663157,-0.12945022511458176,-0.028280215525241754,0.06859120474531846,0.01571095207193207,7.004876485610534
2011-02-03,118,0.0037314458790638624,0.0891289918084157,0.13974046055727485,-0.10949067982476164,0.014208161852425572,6.951160996651074
2011-02-04,143,0.0023606661643287646,0.10804207284848981,0.12818942132370875,0.08861798282977852,0.017570730573523985,6.998142676041737
2011-02-07,130,0.003381457770650679,0.00470504663686484,0.14522583666326366,-0.029109903669298637,0.011424879600808291,7.5053604421801925
2011-02-08,132,0.002900340745860079,0.2577199068845611,0.14693217428105046,-0.17034203807267428,0.05519071052317526,8.059021025453188
2011-02-09,134,0.004427367823364143,-0.02552197359627931,-0.09165417423689894,-0.06935842882841636,0.007985539061468372,7.872762052564532
2011-02-10,139,0.0038928392818460425,-0.15787619582933413,-0.012699693913056205,0.08836656938919031,0.028649466199453744,7.246262922123307
2011-02-11,117,0.0051676988771866845,-0.044745216598841994,-0.18121992374722604,0.01672360308438486,0.014320735559337883,6.941173753533146
2011-02-14,139,0.0023847261279392193,0.15249879707032832,-0.007254052343336659,0.19180139170590646,0.048996580501122766,8.10270582757708
2011-02-15,120,0.0037553629729233412,0.10306972249420435,-0.04715998115706232,0.042803145161259416,0.014683459577499836,7.620016410085943
2011-02-16,122,0.004719063608126747,0.08987306218092789,-0.1792338514414962,-0.062090731122355025,0.03169152934018504,7.704952058131346
2011-02-17,107,0.004183222109378211,0.12845546291991117,0.045451170823223974,-0.06911616515007804,0.01746522919692306,7.329301229450706
2011-02-18,104,0.0039645543079492186,0.19158660211737416,0.004579163510153421,-0.02079306168096995,0.03554495045712125,7.8971584575036555
2011-02-22,135,0.003489296343988178,0.029277388861356654,0.028345471690723375,0.0002671265711117681,0.0005659524484492584,7.0103006570547866
2011-02-23,128,0.0035557869739178787,0.08699959039963936,0.04106825757221151,-0.03834931329482928,0.005953141006147966,7.886187653026168
2011-02-24,111,0.003820032424038988,-0.014716528452590983,-0.016035198747144062,0.18270452906308984,0.025404691016937653,7.18281406184458
2011-02-25,132,0.0032175462809286644,-0.025208040916659204,0.03231711394874115,0.14345870880274894,0.01800772571144016,7.524967337408119
2011-02-28,114,0.00552290634779565,-0.048282440684536986,-0.13262778638469025,-0.07831242022817969,0.011614613609486568,7.485650196095259
2011-03-01,106,0.00429963628334169,0.042120673752867946,-0.014145150299644704,0.06050158447833949,0.00543075348255706,8.02776009532571
2011-03-02,111,0.005978805668012213,-0.09127300669637362,-0.17363743956254804,-0.062384412039783586,0.013817219126147862,7.710989948587946
2011-03-03,105,0.0063695776497223675,-0.12880516556899374,-0.418813816584712,0.21000767571201376,0.06820163951326419,7.720012828187082
2011-03-04,133,0.00486438806872033,0.04652436882793244,-0.3575588631594197,0.017107268051870714,0.07640013993059369,7.082044626856992
2011-03-07,132,0.0031042385580455057,-0.018090391029481193,0.12251363646884583,0.07605777523662526,0.013554520196072173,7.092930834167156
2011-03-08,115,0.004345602926189723,0.02625284766665634,-0.05965132231113466,0.03390980162083835,0.004116050132635385,7.35954514514534
2011-03-09,127,0.003503139214491213,0.16061227566494077,-0.15680076986940872,0.10639113372369852,0.05836843203251518,7.263553547993919
2011-03-10,106,0.0028331899857214626,0.08693528751540926,0.1771116162369475,0.13531681927469635,0.033328796928473126,8.415142048192786
2011-03-11,109,0.001554212545892162,0.31131731694582554,0.4254031972863653,-0.07553884923668071,0.05637498645600458,7.780736704066985
2011-03-14,107,0.003098914501664057,0.07591816176585645,0.2957302528414598,-0.034816117963427144,0.028129818934548134,7.791288851561594
2011-03-15,115,0.0036825238599346747,0.2131643711340243,0.16655235795387946,-0.22669721687288028,0.05685259819965727,7.865122264698984
2011-03-16,122,0.003264549968374836,0.009754244653665112,-0.04203697993264645,0.23573254299552243,0.03560767064168091,8.232718166207276
2011-03-17,113,0.005505842207315554,-0.14109144269649665,-0.14874619936219446,0.045517303205377065,0.013345796120913689,7.438426236396623
2011-03-18,125,0.0028477928759502234,0.13709198770992378,0.14616726022982066,0.004792533072698833,0.014847553442744132,7.76895203951803
2011-03-21,144,0.0031738551020465723,0.09874983360126285,-0.062377783066410515,0.049557680075735445,0.016011289718633193,7.731739682788064
2011-03-22,114,0.00423139461352521,0.0478605002553728,-0.2236270666286287,0.21100859448951034,0.033079800840204454,8.96334626552316
2011-03-23,135,0.002839566865760995,0.18853759168149403,0.12024269392428669,-0.07546333936125058,0.02638022734026213,7.7240084204525905
2011-03-24,119,0.006265720981937477,-0.17933699680544557,-0.27535952708237754,-0.03654506981328911,0.04109511239238095,7.2374387659193475
2011-03-25,110,0.005394611716374033,0.01089578116712417,-0.13329273275949685,-0.0644176260099138,0.014946806491597187,7.376804800531245
2011-03-28,137,0.005658798727103604,-0.16493350232079515,-0.48360368602437953,0.09802633711878857,0.06566720812333104,7.511533153121336
2011-03-29,128,0.0018081021337414875,0.20435135054076495,0.23192766608013712,0.10084683714127769,0.0461708692653412,7.436139454956269
2011-03-30,120,0.0044440912417402605,-0.09030454638868146,-0.009742969110097251,0.033465617481115775,0.00782863362649222,7.518976070211528
2011-03-31,143,0.003251561978268462,0.06067404691814357,-0.2043080898435362,0.2136873171406176,0.0584574773901233,7.263088640656474
2011-04-01,127,0.005586261346838379,-0.07527136520007792,-0.14259753018506444,-0.20104148671180505,0.0489714012409489,6.812077469341716
2011-04-04,139,0.0031374092451153923,0.07077864701919849,0.10758732812624099,-0.05056574528753009,0.004279334904903065,7.751425419634037
2011-04-05,138,0.003850554033000861,0.012734814933351423,0.004400488797728415,-0.07988821683931759,0.004516167870375343,8.071072299832846
2011-04-06,119,0.0026510633336827676,0.047770913804820465,0.21539790695420577,0.10587810582447797,0.028146291173184235,7.2844299412366995
2011-04-07,131,0.004552052939538953,0.06375672828335403,-0.24331760949143916,-0.013076988951121714,0.028237912956598055,8.14917163195821
2011-04-08,139,0.0030579507816597593,0.042549281246980535,0.18831046852554564,-0.08097006707393327,0.014443542765808393,6.9061241431027325
2011-04-11,125,0.003262733391862233,0.010240447586638588,0.14165953181041102,0.032416672637395116,0.011764176234552726,7.014986170952169
2011-04-12,131,0.00542049961644295,-0.07437295866770294,-0.25318151674176725,-0.09261642409857987,0.03392505076974328,8.088941429966964
2011-04-13,131,0.005698447242512649,-0.1524792513080042,-0.44749719723138814,0.10698327100107362,0.06148566453178672,7.949347484029464
2011-04-14,116,0.003355467286334958,0.031243900257536487,0.06309747526721224,0.12719021404553338,0.012825316704185519,8.28635690878653
2011-04-15,127,0.003986881648146625,0.10068314317834998,-0.072263010816715,-0.041088070990878224,0.019259668804697982,7.66751759038252
2011-04-18,132,0.0035180734553084737,-0.08612788194034393,0.0863565694347325,0.07099992030417487,0.018247036998899624,7.079670061420923
2011-04-19,144,0.0036448114292059997,0.09426314862990856,-0.04993785012797143,-0.09403099011326924,0.022651358335656235,7.585466394980491
2011-04-20,149,0.0037668642814769346,-0.049010742054919405,0.03954843225016677,-0.11306324607537446,0.012701611803699664,7.267302730854076
2011-04-21,142,0.005270341457873857,-0.06788937771741696,-0.3579720956526247,-0.07091550066614094,0.05073497294000684,7.356110322176914
2011-04-25,165,0.002726115642968405,-0.004678027893813671,0.16187948718300804,-0.056819621468767616,0.01503613427941719,6.541897899526419
2011-04-26,139,0.00437251850107379,-0.03853717490763046,-0.2388940585191008,0.0618710901282143,0.018586243205823028,7.495676234672452
2011-04-27,166,0.003396498712063555,0.06905472504484536,-0.09843266619925077,-0.09825963125069868,0.022685094436151187,7.051759845550233
2011-04-28,165,0.0030570310717254927,0.11938149018289614,-0.08360020949313665,-0.04460153435916985,0.02502621213046463,7.108029481342081
2011-04-29,193,0.002144705213891181,0.04060053393426641,0.037120526711793986,0.09442272679193711,0.008018707709760986,7.228466023667514
2011-05-02,139,0.004736798266980493,-0.06561165527069526,-0.12239968788792475,-0.12881857506195565,0.026767322403744687,7.582918532005959
2011-05-03,176,0.0026293952277616755,-0.07604996705316207,0.06622878728181436,0.08427405959923127,0.019103334138648176,7.107551779315586
2011-05-04,152,0.0037896159796423634,-0.013038570645530245,-0.12891596491806717,-0.01008872224767175,0.007481873992689514,7.334488839146882
2011-05-05,180,0.0035952625646178925,-0.09606916639650409,-0.29126568623003946,0.09304032936409931,0.025702665906460198,7.1065817541924625
2011-05-06,154,0.001548816414025264,0.2298991688485772,0.1940173997219426,0.09904797590969303,0.04853742108649328,7.042716588108949
2011-05-09,150,0.003806169980798506,-0.06718498962285242,-0.24706673547602453,0.17240073085932311,0.03266187804578402,7.417266491721048
2011-05-10,167,0.00285385615228997,0.09269057072519558,-0.07292407336282815,0.027045547772775846,0.014478239664453607,7.626951324891414
2011-05-11,151,0.0032355016664396994,0.1255292176881518,-0.0584800704515781,-0.04417065050136451,0.023731917581822914,7.874133170818342
2011-05-12,134,0.0022542843310004016,0.21203800342296522,0.16386926112688377,0.019944534742046164,0.027233008470926467,7.6151170708578455
2011-05-13,132,0.0041663958582792105,-0.013778787560079157,-0.19810230944720458,0.11195259042157339,0.016412260227221198,7.179583968851067
2011-05-16,143,0.003980583589007365,-0.07915692397229994,-0.1302072302664569,0.0709172477826491,0.007476697547286748,6.9847253429130385
2011-05-17,145,0.001785945764984903,0.1408753818477552,0.20338914342765094,0.13781120287897208,0.030025680495711304,7.958445681785369
2011-05-18,133,0.003932266350934868,-0.07007814704389186,0.0940796367797832,-0.06998433908457283,0.01721942428113632,7.548199285674201
2011-05-19,164,0.004050720867533358,-0.019703804956268115,-0.06627258822515399,-0.24266005136952312,0.047080779827999075,7.464475924253586
2011-05-20,134,0.003009779804709978,0.14727629662087163,0.021753840580932007,0.02434887513592257,0.01924519286338877,7.346278743499778
2011-05-23,148,0.0031995738091304456,-0.027954515920376746,-0.06497522008335425,0.14585588850112213,0.013163310368248915,8.757059327660432
2011-05-24,188,0.0010091964541762307,0.20403511112540262,0.325133863856465,0.09137315824786817,0.043091847119213766,8.123068854993521
2011-05-25,144,0.0013791598125306925,0.15510365381583915,0.4169500111936163,0.03074830898171011,0.052704039832554894,7.528964277619239
2011-05-26,127,0.005037139546764425,0.04247492819857952,-0.023699442627501403,-0.298208930449247,0.06731433928525365,7.269327679724136
2011-05-27,111,0.004366387572212453,0.07423529756780295,0.08501533842459309,-0.12858867702356358,0.012803666709523043,8.134936483135041
2011-05-31,124,0.005844648230043401,-0.24275128932113516,-0.2325445892096415,0.025823117480012765,0.04076754731390553,7.813518588636743
2011-06-01,136,0.0039779927932058635,0.0369199711758206,-0.09864770934952322,-0.020286301578292705,0.008790002074809511,7.190206947006318
2011-06-02,126,0.0027558741381119214,0.0666941919928471,0.11910397249138878,0.1197215527115597,0.018848825597622576,8.079347146110045
2011-06-03,136,0.0025062939927406437,0.04310014144643935,0.173382656456505,0.10180523607159991,0.022317868124447693,7.432387053508665
2011-06-06,135,0.001851727854624124,0.19402337266119082,0.33998537726958084,-0.03397527067928563,0.038365932650545,7.077593151768579
2011-06-07,128,0.005991906697849583,-0.07457490258490619,-0.4060223408886837,-0.05333087117590334,0.07270857381560125,8.12152145363421
2011-06-08,138,0.00534430959056559,-0.1589805874346751,-0.26263424547428765,-0.053414614087143784,0.02941769379935988,7.634960028564193
2011-06-09,129,0.0047622984543425175,0.01127425286211497,-0.2793392367039678,0.03939198262148006,0.03417156621060691,8.095249333406322
2011-06-10,146,0.003109936144293189,0.07634895629339532,-0.21048054774210959,0.22603023731510438,0.049684560132911004,7.451243723152156
2011-06-13,148,0.0024815400465340587,0.11217770168528206,0.2725778548923773,-0.11929141035173642,0.024316085649551455,7.884763535831815
2011-06-14,136,0.004157051321091623,0.030482395161356625,-0.09074149911803817,-0.07045885538023948,0.015899839085256273,8.99278741633057
2011-06-15,140,0.003579864402100432,-0.049661279152951196,-0.009929320751508893,0.057228567316338075,0.0041898562610411805,7.551307548070663
2011-06-16,120,0.005538859492894964,-0.027428761362003864,-0.027852326636595613,-0.274045190296193,0.054514918336359464,7.884067721932209
2011-06-17,146,0.002166499919370622,0.1610784350066538,0.193920366718546,0.012383221818572715,0.014316715259927726,7.896509651842301
2011-06-20,131,0.003103823257872085,0.2830592698590322,0.19683272928922615,-0.2930936927107467,0.08159324965923531,9.036018175367113
2011-06-21,148,0.003332300142095409,0.09017274786731747,0.025721612273644744,-0.10225520220120035,0.011158633230817339,7.738272760958747
2011-06-22,113,0.004387655711098984,-0.015552878774866339,0.02959105346833253,-0.005648365401839174,0.0009763038395504964,7.261915565119414
2011-06-23,147,0.0027932841278288474,-0.025536524644265004,0.046215113447289305,0.1580958776152958,0.02473943891252184,7.4984978157381095
2011-06-24,134,0.001845074276191713,0.17849608384625446,0.2978124094897756,0.029211600644592512,0.0291122142348329,7.6582858005363175
2011-06-27,129,0.0037533476407669744,0.060870083880606884,-0.14967259440096928,0.12043881920249101,0.03301123445390397,7.296477911764782
2011-06-28,135,0.002719103863987862,0.07318128684333809,0.20747998060056588,-0.014819310720627104,0.011009837038756465,7.771792729605025
2011-06-29,158,0.003471485520630883,0.04677975060739857,-0.18763678539631684,0.043867610269566974,0.026230065443136663,7.089081653792045
2011-06-30,140,0.004879055185832984,-0.16861261599158522,-0.316450689133343,0.1189278530916946,0.037352729137769436,7.052444350380151
2011-07-01,124,0.0035709493048855126,0.18096709659401877,0.07484833379220666,-0.1414108579978326,0.0359432145267361,7.4208887248195765
2011-07-05,145,0.0030445049366938978,0.08495704200246611,0.08566083420303988,-0.05352430784673728,0.005399722505227356,7.1494984876297245
2011-07-06,134,0.002462997384313832,0.15687172957523676,0.10403834261546273,0.07900662881319899,0.02649555144586402,7.461974945752912
2011-07-07,122,0.0012346131372195067,0.22671184607275738,0.2759608228291487,0.19608172561653783,0.058495973238034904,7.356248023218467
2011-07-08,144,0.003909019405153792,-0.15534415935373705,-0.04516183592986619,0.07470840659930823,0.019777311029967715,7.334977514339676
2011-07-11,134,0.002789061566782144,0.15550484896126945,0.19815895688999977,-0.10113230574888266,0.016285381666362286,7.902826166967768
2011-07-12,122,0.0038977488558104606,0.06771386312602223,0.20275603255407448,-0.2215206164978421,0.037590089192651166,7.464434008043124
2011-07-13,146,0.0029544938498885036,0.10289507499720224,-0.014585924773091426,0.04897864560844497,0.012459757164801744,7.3351264375803815
2011-07-14,144,0.004086966955852766,-0.08705101703282277,-0.0718814238971063,-0.018114042355666153,0.005427302640357734,7.234101397293698
2011-07-15,134,0.0045160620839955045,0.0453836890591859,-0.23350682496163913,-0.02218150260834759,0.04025671462599656,8.32441407805359
2011-07-18,188,0.0024265418711791956,0.1400876205740063,0.02587063005443121,-0.07833799419181112,0.020007449150389545,7.3255304831630115
2011-07-19,164,0.004218306044383328,-0.047732996922161895,-0.33305672189127117,-0.002814663744300361,0.04606867084164634,7.593832936028093
2011-07-20,162,0.00328656384864726,0.1024794712192016,-0.1510613577252811,-0.016264800455627063,0.04051076527398323,7.296539249635627
2011-07-21,179,0.004228067678867724,-0.2670168785054232,-0.15960137920459075,-0.08702997132463215,0.04914129034668879,6.965596459101822
2011-07-22,185,0.0027473742689396873,0.008987248210863632,-0.049894932363567415,0.024379204645018592,0.0022857344092024334,7.727626139269414
2011-07-25,181,0.004317589899980376,-0.21857741575839545,-0.19376451650565574,-0.15062561152883694,0.051697511098514726,7.731914863846382
2011-07-26,174,0.0032853199582551264,-0.0818671907642293,-0.07697854393493829,0.015554389226380149,0.002269623076818994,8.635014846238697
2011-07-27,175,0.002737104294242898,-0.05940809136174728,-0.01175460865004384,0.11317619702677595,0.01427124034583227,7.064352199756394
2011-07-28,177,0.002460770424024718,0.07771458309022904,0.07032489789124652,-0.019152211086224693,0.002443713273476922,8.308240578594365
2011-07-29,207,0.0028277996162735016,-0.12360679614798387,-0.07546325609524479,0.028361011106004808,0.007098836139594611,7.914547601684726
2011-08-01,181,0.0040835872942867136,-0.11933527508004631,-0.22108243679948197,-0.13784088865225014,0.041708389344506824,8.531260104700813
2011-08-02,187,0.0024539023162491952,0.18162264006975398,0.15302880743706038,-0.2524109137840063,0.0618674612438479,7.619513216475577
2011-08-03,159,0.0022424081638702607,0.16206037822165426,0.04131856289738512,0.0835352627702185,0.024478799624966796,7.547981906739748
2011-08-04,164,0.003846338082136906,-0.08602182760198966,-0.14789077347437757,-0.027686289864542305,0.008115945611637532,8.229546194210307
2011-08-05,170,0.0018606854860026493,0.1658123771774986,0.23756919841126495,-0.0360146408296669,0.019666520600685744,7.405260702268178
2011-08-08,163,0.001174144604860967,0.29046056694532135,0.29008306875856094,0.03668522311143956,0.03728700698394738,8.122371713844228
2011-08-09,169,0.0018007367314597103,0.0412450833007889,0.18089047314682027,0.16921542831901001,0.04538463466851328,9.060222012204234
2011-08-10,151,0.003639321219586006,-0.04085335595408635,0.0029295316460793883,-0.061151184006969755,0.004198663327802832,7.9156239420064995
2011-08-11,140,0.005080116568382007,-0.18084379750651944,-0.41671504102693147,0.17512619938649227,0.05837169609420023,8.362884824437822
2011-08-12,139,0.0032779743199769255,0.010415198443569149,0.15181237157973546,-0.07350443097688611,0.012399407757457515,7.428834086611109
2011-08-15,132,0.0054698396826431805,-0.15052626866981772,-0.22943288071473106,-0.06407852683324691,0.02604894474566788,8.232533174539151
2011-08-16,147,0.002913940988683654,0.1707697749421676,0.14576919897782217,-0.1732376245929831,0.03255189068157871,7.867332762173772
2011-08-17,129,0.0038457416293438034,-0.1123702105485439,-0.047459984788759804,0.16762885496660385,0.029632932109130095,8.205303878563129
2011-08-18,121,0.004085855769509655,0.030668432765917113,0.09251833406287505,-0.11196386305012708,0.008902692705981874,7.310110789467261
2011-08-19,142,0.0014730831105146927,0.2602882995823807,0.23651860111716339,0.08483749591427317,0.0398947120034312,8.520165705006542
2011-08-22,131,0.00275320094230788,0.13684432204080235,0.3169673453456895,-0.1751503142711561,0.03098640474532033,8.655137818095312
2011-08-23,126,0.0021930617268645985,0.18374603510082912,0.016538005163491645,0.24706440456579082,0.06308580275392062,8.080272423079078
2011-08-24,138,0.003968487870968376,0.0784343785630119,-0.2553211825910092,0.08158415164072198,0.03749918874116365,7.2422446817301775
2011-08-25,136,0.004171651541475062,0.09318375349242017,-0.30354435139383723,0.07567137862020197,0.08304939297584235,8.21071509527284
2011-08-26,103,0.005303524861059379,-0.030056911670528444,-0.2700740762521318,0.20760486654443436,0.03834576772766185,8.189797338412347
2011-08-29,120,0.005674841223592593,-0.19968257082242516,-0.10200715507416812,-0.060272167765629936,0.03380761382100406,7.608200785776626
2011-08-30,117,0.004991763871036735,-0.10911336507614519,-0.15867498835773686,0.09971560761128853,0.010372631627397433,7.841531266179742
2011-08-31,119,0.004681648358257194,0.06375840434221601,-0.38309042093686213,0.2050997073294337,0.0830134179822436,7.127586552812732
2011-09-01,127,0.0032074298064325257,0.006734363493676603,0.008681679515266397,0.16989678615719034,0.020588395087125733,7.33876202984789
2011-09-02,117,0.0031595439090848503,0.06448939226547269,-0.054249272154136254,0.25042660516281234,0.047552440069882906,8.03253960448824
2011-09-06,102,0.003808098725546452,0.07259039930204547,0.09401088902605048,0.05654657166042641,0.004983651252658983,9.08832287429742
2011-09-07,118,0.002874436464639508,0.2589729472616196,0.03571900538552115,0.02694104169793053,0.054409967568372464,8.396996824617787
2011-09-08,157,0.002671071777485189,0.04474921380996921,0.022744394214340376,0.09378985384533899,0.007314708707492734,7.748369883363954
2011-09-09,148,0.0027290051032678505,-0.015841621754110757,-0.1580988735813317,0.3661549847681615,0.08413495485547229,7.908538968278639
2011-09-12,126,0.005063143976965186,-0.18770616873317014,-0.21902810513039198,0.1308219916683345,0.02487008532072399,8.579570645638295
2011-09-13,123,0.004306184782431537,-0.053006746201109754,-0.2699794202069593,0.26366470992990343,0.05450979244147669,7.185733440309679
2011-09-14,133,0.00422735131210264,0.06272143043636398,-0.10439950117413833,-0.08279737828153674,0.023944894008752327,7.6938921973878145
2011-09-15,110,0.00260798391447974,0.1909312494470978,0.2094696231841287,0.02584266618323009,0.02333579463610158,7.096189079118048
2011-09-16,105,0.00440314378048507,0.025458969152136673,-0.05764871857507705,0.1075295555210757,0.012569806147612828,7.259171058969873
2011-09-19,110,0.004506847040332414,0.10900888022849252,-0.044909523125077976,-0.05560570597654654,0.02369457873195513,7.550338825854114
2011-09-20,119,0.002696495774304374,0.2759883078563253,0.3951220432030615,-0.31287634534382,0.09794697107605976,8.11463360804003
2011-09-21,127,0.0001832224246113944,0.37896686191960954,0.572529253162202,0.00196538906690711,0.13270761851262902,7.2401386867999555
2011-09-22,116,0.0023341773757174296,0.164552762460297,0.25597036126329537,0.037947725109961236,0.02869477070432247,6.9107070474515035
2011-09-23,122,0.005534281545916873,0.00427472855836733,-0.2686648359687365,-0.08597458979334958,0.057024844373200434,7.694768871300885
2011-09-26,109,0.005560942257805005,-0.045601933911889506,-0.23128483786589535,0.06460135957629572,0.018041234870908696,7.721710199400347
2011-09-27,127,0.003111347167921237,0.1349430565360626,0.021092640310806716,0.05368212250113737,0.016007127417344336,7.753946091682402
2011-09-28,118,0.0014368163875223652,0.2849508531612537,0.3933514525231517,-0.01739097313968353,0.05603450200887783,8.035684584472678
2011-09-29,131,0.0038374123478893012,0.1355572201596585,-0.0404057230870021,-0.10055353221965348,0.03561163629551334,7.532964943748753
2011-09-30,112,0.005335842259321667,-0.02087198016245315,0.007937038589611752,-0.18229372451521195,0.020937061055627537,6.863023403891337
2011-10-03,118,0.004648373809125995,0.145014639362676,-0.19108388525351971,-0.05094697306289282,0.07604796349849385,7.391212009204834
2011-10-04,128,0.002659439033311617,0.07926369366410967,0.25178009256702516,-0.011860178758911617,0.020932232157441333,8.34542171550203
2011-10-05,107,0.0032626808123271643,0.20440877150885342,-0.07052945598301989,0.1679069906361533,0.06274174790970588,6.678544420872171
2011-10-06,117,0.0037962967144476965,0.15655543925517,0.2100476077340114,-0.25493647816993936,0.04309229018208338,8.317788154233902
2011-10-07,95,0.007000425359143386,-0.034242437209888184,-0.31084054559887714,0.015002164571521046,0.03563569896573604,6.630850546754614
2011-10-10,110,0.0033718968715193897,0.18473488213941522,-0.005132477089809594,0.07858028321612837,0.037811112376085254,8.08351760767952
2011-10-11,125,0.004616119565602044,-0.06275997721376424,0.12551951682640183,-0.2167894310131492,0.04088881796941157,8.072970074460624
2011-10-12,132,0.0045444838464402506,0.051004869523482065,-0.26462861085979683,0.013880005876088449,0.052208080465911744,8.745004745322722
2011-10-13,135,0.004599561273695191,-0.024313476135531094,-0.09636206445556286,-0.1212060033066135,0.0185251764111789,7.117352091206476
2011-10-14,119,0.006416403432102374,-0.2393130762763254,-0.3571975122483192,0.06940657168428288,0.03452062271683043,8.126628841569215
2011-10-17,142,0.004148815790003087,0.07145196363102377,-0.23260881298052352,-0.017106835011382094,0.05419320902795788,7.126448840857143
2011-10-18,156,0.003951414164215194,-0.05450705226528894,-0.07208002191039051,-0.1062541450594578,0.010740076850225821,8.110958147073031
2011-10-19,159,0.0020407169487524513,0.16797429762501742,0.10213118391548427,0.08094652875620968,0.024746408312605883,7.75346750315923
2011-10-20,154,0.004055095923177268,-0.03802763410878713,-0.3257948863111142,0.11485297608130057,0.05227378696267937,7.0055873143270055
2011-10-21,153,0.0023293653240889266,0.22718580910488115,0.24343491022602765,-0.1834065085021218,0.045701623779408895,7.8685087590666445
2011-10-24,137,0.002505446827464275,0.24242244511272565,0.07523345402329164,-0.0041483298612240834,0.04914482464887582,6.867868047290647
2011-10-25,157,0.00389684452904793,-0.05055103996134593,-0.12784331390868364,-0.045214828251019995,0.007426193859757735,7.184343666611433
2011-10-26,169,0.003593509216696049,-0.032489933569827024,-0.2436612463239207,0.06154506465048778,0.033381329756990596,7.636707186157331
2011-10-27,150,0.0034005370841583334,0.03410156870311777,0.028515037150672922,-0.08277773110128955,0.004981377363518891,6.818934806650367
2011-10-28,181,0.002668738483232009,0.11578151355210932,-0.06067762152283281,-0.021187222959266266,0.024500276783050334,6.985762193188264
2011-10-31,181,0.002064282788747782,0.08455450941817684,0.11748682527841449,0.050688295776713355,0.009207438676342883,7.533211405147484
2011-11-01,180,0.002715373687235427,-0.006955572999888426,0.21316242709455518,-0.18374138149942526,0.04111731543587793,8.276252958995833
2011-11-02,143,0.003574035894422865,-0.017157010469611374,-0.13930174159483166,0.13428448625950412,0.017186733584155678,7.861792588461448
2011-11-03,166,0.004286330581917278,-0.1030742591418212,-0.3239202201437161,0.00393272608899163,0.04283093816776318,7.575467344483326
2011-11-04,185,0.0028300204772256513,0.10824522397840738,0.12340889408512395,-0.27876169463702066,0.05362885334976064,6.678844487712633
2011-11-07,186,0.0027433838596551507,0.00504621162863682,-0.04402851305808117,0.01844350563772599,0.0013162701055986492,7.466755983328816
2011-11-08,154,0.0018137282911774308,0.1811034389337273,0.2596122464446522,0.0006560009389728201,0.02778248515888415,7.711887298034121
2011-11-09,141,0.003795009096183155,0.12121369998160988,-0.12349944423979942,-0.0679068208654605,0.042366816753517944,7.5330869209422895
2011-11-10,132,0.0027671732404656356,0.05907907437686501,0.18964992539214184,0.020737264748063006,0.015200559157242055,7.434466891930001
2011-11-11,130,0.004092349364850237,-0.023893363226141783,-0.1373339003628323,0.09721642872791614,0.009547933129147701,7.048166334709386
2011-11-14,170,0.0036426479940147548,-0.12394801701322426,-0.10293703360567187,-0.011615267346122421,0.00988582193089993,7.43632730775787
2011-11-15,163,0.002615540581608847,0.0787108335458034,-0.0661778320156945,0.1348007688654135,0.02226277997514703,7.861388735712965
2011-11-16,165,0.0020989175879708465,0.20054299746772197,0.15613172525756183,-0.04931752675566939,0.03029331341752195,6.963981699200872
2011-11-17,154,0.003937048648902921,-0.020741466051429215,-0.25752325095442324,0.0656537331437552,0.02648982362909491,7.828876250208573
2011-11-18,153,0.0032731190613039035,0.0019548782680802947,-0.04677379167860356,0.04324448065152738,0.0023816589321733472,7.0247886761673834
2011-11-21,167,0.0017945883564666996,0.13937589491460475,0.06346584140478877,0.19776575262073062,0.042195077319534424,7.00424741766006
2011-11-22,153,0.0034045804679726263,0.09418067107591031,-0.008405762043120085,-0.12757653223241563,0.023651579890125785,7.723407298380681
2011-11-23,147,0.003478093008420389,0.03133021678988426,-0.11863886316594242,0.06474930190045838,0.015493037177197078,7.9961319489558145
2011-11-25,159,0.00414314391062216,-0.13468483832763284,-0.1120977800385382,-0.07073714521167608,0.01142450991391486,8.382830059086114
2011-11-28,111,0.00612222822215422,-0.15653832960054456,-0.16206655407937418,-0.040529781638317844,0.013826963129075831,7.787507358221727
2011-11-29,161,0.0031364760075279674,0.1758819091966732,0.008272760411080755,-0.19409994403176026,0.058958311468011004,7.101355628266555
2011-11-30,144,0.0044054988250218355,-0.1214439156140847,-0.17199055800999563,0.024650812017787856,0.012065348712767654,7.067637148406594
2011-12-01,180,0.0030808889689455565,-0.11728488090966753,-0.03339838175510385,0.04156323384437663,0.013028186576282463,6.772566203601693
2011-12-02,160,0.002685315826471564,0.0046009486003160726,-0.09014905027323494,0.2262470372020176,0.04158031254354122,7.610580972968867
2011-12-05,176,0.003166271657668341,0.04108344857372265,-0.09341398278441389,-0.06219708928856476,0.014809816774618567,7.496463137723172
2011-12-06,155,0.0041602324736158035,-0.05585580308227652,-0.2529220408056735,0.019105777067047247,0.021563211696431384,7.119875634724159
2011-12-07,148,0.0035755288054581213,-0.014119257145587257,-0.017195399250601803,-0.027041870019416447,0.0009064788887148678,7.364477779715492
2011-12-08,162,0.0030303033873275258,-0.04599143706229918,0.0810704742138371,-0.016897334645656653,0.007064718248943391,7.011071685776662
2011-12-09,151,0.003916060464707597,0.018026500822056056,-0.08039915770646194,-0.12027760345728708,0.01884813673868546,7.6111113955765655
2011-12-12,170,0.0032181002737680154,-0.14093889870272946,-0.1041780466039345,0.1509628522255368,0.03423681783642285,6.531464580509483
2011-12-13,171,0.002768723462414324,0.04757742224978496,-0.09122701395888838,0.09674616756339842,0.01538600653870148,7.678207111408647
2011-12-14,131,0.0032175754938715316,0.18136207737152035,-0.07499085891701945,0.05062400215115883,0.046773552588848744,7.271346081490933
2011-12-15,165,0.0027007460474152097,0.15978686166597558,0.053984718615701296,-0.10501777592870011,0.023358355489963456,7.666406398616335
2011-12-16,168,0.003678758634653085,0.05226474331858257,-0.23233751118807766,-0.055990133373947225,0.04929794317870384,6.9969408133814905
2011-12-19,151,0.00417632656611161,-0.0769513143305371,-0.04456312053711552,-0.1397361880980521,0.021406462065359455,7.605793968673191
2011-12-20,165,0.0032257256899746295,0.06683760320033161,-0.24868215121945367,0.11735507032750044,0.06526300267798502,8.041997169352253
2011-12-21,166,0.0030844304091566335,-0.019073561810209624,0.0029670260488330867,-0.007924360078627683,0.0004632878298195253,7.334563465159236
2011-12-22,140,0.004238801403040826,0.02759064106935278,-0.1486803691132005,-0.06577466480758122,0.018551733777391277,7.410668747929348
2011-12-23,141,0.0028352130692250693,0.040730490007604064,0.19159750048403854,-0.03185807601311521,0.01183116889137148,7.180971200821333
2011-12-27,118,0.003868069633952991,0.033294308172061644,0.02754376385820941,0.026297494356823596,0.0014620778747022056,7.3771814616224765
2011-12-28,128,0.00447641202410148,0.04466817550900426,-0.15489354052395893,-0.035736113155019705,0.020887077536469123,7.490444111743274
2011-12-29,117,0.006439007810244887,-0.15459378236885007,-0.5166191987913941,0.16448515356294666,0.06805653697870451,7.875106776785769
2011-12-30,122,0.004012978942796993,-0.08930935061130585,0.30032645101568234,-0.19018396244684477,0.08013631563300994,7.234739886870735
2012-01-03,170,0.0035725032177830103,-0.19699073553319535,0.10112135549663497,-0.11878171400966413,0.05975781036654548,6.935271482695316
2012-01-04,137,0.004511753658549104,0.12087417759194967,-0.3463410840229156,-0.01075359601148576,0.10750263001149463,6.9664634730217
2012-01-05,157,0.0016274221769808535,0.1064901593694888,0.2883183612959758,0.09418091576255518,0.03699323438250757,7.134180038662619
2012-01-06,161,0.002805266010996167,0.04086545149424277,-0.08288023250428693,0.13871912546927442,0.016623114543525386,7.684455899562056
2012-01-09,182,0.0035925217270102467,-0.07633369712860741,-0.2113592941651053,-0.01998491733802312,0.015996832953437345,7.144743238013588
2012-01-10,191,0.0024476724513791044,-0.02799233404850415,0.05374733439596961,0.03923412322571952,0.005663890757907852,7.513227733698827
2012-01-11,170,0.0035643336407237976,0.0312163692619424,-0.2196454422763018,-0.02344436483173209,0.027900066315892147,7.02444757185227
2012-01-12,166,0.002721923126302632,0.09229430058209039,-0.009839173523108712,0.013866395008535919,0.009081065509076724,7.175838148736449
2012-01-13,169,0.00319645714926233,-0.03168583691462503,-0.02871538436999542,-0.020001295166050648,0.0009020559677864748,7.220334273653527
2012-01-17,196,0.0022325896597208223,0.06396204120449774,0.04480365118493453,0.016059161000007916,0.0028249510653749477,7.441302172857942
2012-01-18,143,0.003578013530550142,-0.005279544580201054,-0.09534680207337937,0.0773144769162332,0.007626502826916348,7.6022729201980415
2012-01-19,133,0.0038804612297756833,0.1181286029883827,-0.1378088943744018,-0.012522395734311006,0.036456513294612414,7.950865897054311
2012-01-20,167,0.0035305906609398546,-0.024134627739450295,-0.3063889483230832,0.15130629530862386,0.04550290019593495,7.609107685316281
2012-01-23,174,0.0016099143089668285,0.2032849059681078,0.21000709830000577,0.026457816211431028,0.026726318172199837,7.560168706614238
2012-01-24,143,0.0021047162625204893,0.20346169811687442,0.24283032775681343,-0.04824087695454563,0.02638552597927102,7.8071671660159385
2012-01-25,185,0.002079077237225991,0.20902515723029041,0.0849535495059684,-0.06323728450987452,0.03572766866397303,6.522908938941764
2012-01-26,153,0.002775755621828814,0.2121571992320007,0.18234106155565769,-0.2438794810672701,0.06299739631596735,6.897878049116618
2012-01-27,142,0.0028082897614978134,0.024733008451375674,0.0348873771108084,0.14282532217243615,0.019144470970645533,7.478010571663342
2012-01-30,175,0.0030836488844130047,-0.048675432801692745,-0.17018656219602266,0.13958488545316117,0.02181289569683298,6.9290035400403465
2012-01-31,190,0.002192826571637533,0.022764109969532726,0.24114187170241877,-0.09718007889421752,0.02249114421618814,7.211376838363254
2012-02-01,184,0.0026530021995372736,0.044001868175242306,-0.0664687893956249,0.04616211179066508,0.008906229459249904,7.571739016378684
2012-02-02,184,0.0024679030426166394,-0.04368759626175199,0.020220369970161186,0.1152789066086678,0.01467638615972755,6.509733593620766
2012-02-03,169,0.0023601859497097894,0.01797633591978449,0.15714840279642062,0.02713241028188745,0.013906940461381634,6.521207235553797
2012-02-06,183,0.0035827356443577734,0.007521641272851151,-0.2870793141977105,-0.031723572910087774,0.05305452863110349,6.88162137219886
2012-02-07,165,0.0030348572705854687,0.0889018634138725,0.012107672078490906,-0.10251243478556649,0.017542589321074442,7.061222106232427
2012-02-08,191,0.002125876744881195,0.0638508984959521,-0.025206758434365862,0.14927094339379926,0.020329318001718888,6.9005309973446325
2012-02-09,193,0.001827428899589695,0.10322799429844544,0.12333688005572928,0.06804757040419696,0.014204804201924492,6.786367402080916
2012-02-10,162,0.0033560669807809777,0.0212800459702434,-0.16642274054297174,0.05777699279969553,0.018119349580600685,6.391068338307143
2012-02-13,193,0.002363115926420939,0.08154335402677121,-0.06712087972331172,0.07341477809805208,0.017987401523557045,7.27375910611974
2012-02-14,188,0.0017241748501969432,0.20826209998506381,0.0774880361364214,0.06596012020446032,0.040458902804955676,6.914591938681687
2012-02-15,174,0.0016271474481047848,0.2414059478468801,0.05168123498216152,0.14066550523049315,0.06118599388081003,7.430965587091205
2012-02-16,199,0.0026978116890641517,0.06099529270758767,-0.10233856570069808,-0.032385779254424076,0.014838265454942046,7.22796460013993
2012-02-17,196,0.0021939820994352336,0.08274841468826134,-0.06261836523147528,0.11982896756460393,0.02522334551500005,6.986010117536815
2012-02-21,199,0.0033023146776933504,-0.14122113668412184,-0.17557432527837444,0.002474220240541773,0.017416083450772724,6.9653675936070885
2012-02-22,198,0.002539696714094826,0.07528274213954302,-0.07882207899976022,-0.002180561921332922,0.012705416191028163,6.729012599221798
2012-02-23,187,0.002495235989773752,-0.03720749378383357,0.127198510346698,-0.023209276738250743,0.012438125216873264,6.952441422483631
2012-02-24,192,0.002719438249390306,0.01954253872956938,-0.07742743224277912,0.013620605747329633,0.004701958455806898,6.385623897614926
2012-02-27,165,0.0035728503245529082,-0.08861153665821678,0.011920775386084437,-0.10234984583032557,0.018527047979115974,7.9735049335457315
2012-02-28,192,0.002911167756863402,0.04609520979327372,-0.05331224608245108,-0.1106713823463687,0.01708067203119068,6.991835270137097
2012-02-29,197,0.0019009288738438786,0.028417769495895574,0.08498714212988494,0.13762911207973447,0.02209345638268989,7.260467949814226
2012-03-01,192,0.002499397650402739,0.13302071860975603,0.00921631049378067,-0.10200572685818605,0.024181458422850466,6.922668119549164
2012-03-02,158,0.0026672387354816475,0.130377720407769,0.09536770576392149,-0.06859286658389278,0.015043443347799279,6.833236891375241
2012-03-05,171,0.0027021941449955206,0.019820865920257925,0.13826753670569547,-0.08223880021442674,0.008188675186182603,7.1788254038263295
2012-03-06,179,0.0037142194243884054,-0.05851503157673531,-0.3828360482556479,0.11166052590133294,0.043214511484429896,7.268379842513257
2012-03-07,163,0.0014582500344599153,0.13405007084997395,0.2900273554382791,0.10053306247781385,0.03982061378205437,7.181999860247557
2012-03-08,166,0.002795839805944568,0.20692417614722236,-0.028061250077026922,-0.10708174164379382,0.05819361128137501,7.149161878681904
2012-03-09,168,0.002143096704561909,0.16804412379847516,0.04922502251256578,0.06265036095615807,0.028055466620418912,6.985614762797174
2012-03-12,178,0.0029664238342800952,-0.007997581746637407,-0.19467248229373701,0.146623179036662,0.020509137911202346,7.431331924252379
2012-03-13,181,0.0026223079701630666,0.009231287552962385,0.10435189661552396,-0.0628586693675047,0.006538701618597598,7.098434541246905
2012-03-14,181,0.0020840411795748364,0.2699351324413846,-0.015709540342542655,-0.00864849910493886,0.07521846385188757,7.284262485300435
2012-03-15,157,0.0030610785215748394,0.04612489712636454,-0.0734694108211151,0.06616585792025205,0.010763351744590643,6.568853716037969
2012-03-16,188,0.0018953194286636067,0.2131654224517378,0.010372704028550865,0.0638217683421949,0.045671545212788045,7.085708490178446
2012-03-19,177,0.0026214082202008823,-0.021873293313997358,0.15050463781199158,-0.056609854449107426,0.008015546010476271,8.321523681920963
2012-03-20,167,0.0016759601272807307,0.28269334638926125,0.10623395612612585,0.05130201497284898,0.06766631113783783,6.940612735490809
2012-03-21,163,0.002161638222327039,0.22279183041446135,0.20406596219640874,-0.1315518530894852,0.04010953090425762,7.244089549980754
2012-03-22,141,0.0036524808979594135,0.003938778999313748,0.03713170861346363,-0.07107010083732741,0.0035511307315891916,6.970956965665986
2012-03-23,94,0.004062732748895639,0.022490757229651118,-0.035741739883555786,0.24945722586152513,0.0460664519531051,7.073571124694932
2012-03-26,113,0.004423400687254499,-0.10136333477808838,0.1305565984583515,-0.028881818999783652,0.026064957759622254,7.509466460033856
2012-03-27,108,0.005651264152944587,0.017727144808518884,-0.1616713658033201,-0.07672883604123439,0.017218336550888558,7.661316265267789
2012-03-28,125,0.002960836263897444,0.017325591431328384,0.06345826183480321,0.17900708075950778,0.0279232135121944,7.724149855250386
2012-03-29,109,0.005948284412876979,-0.1212446534758026,-0.017945977081244357,-0.15753537145012741,0.033127802018622865,6.851886755385939
2012-03-30,180,0.002838000926380441,0.014743848409174044,0.058422433963619784,-0.09484661586974806,0.007226286077489763,6.975599652726123
2012-04-02,173,0.003762111625018776,-0.02639704363397629,-0.39635896892552724,0.12106539030299897,0.0552425461927345,7.3202948592198185
2012-04-03,180,0.0028872995775128885,-0.052855135406082165,-0.0129004227544749,0.02632771025591433,0.0026867767588486524,7.374702886775347
2012-04-04,144,0.004282034563711472,-0.08626720191260157,-0.15727593805224885,0.010317185615948094,0.009176130693626439,6.9920074230875295
2012-04-05,146,0.0036302482548960895,-0.09951482348973431,0.009914310099586786,0.02956802296048962,0.01123466457175959,7.435512276521617
2012-04-09,158,0.004278039646997239,-0.062387314799143716,-0.17982588410672082,-0.10964732954526059,0.02452938906579294,7.468960532836192
2012-04-10,151,0.00325138171743945,-0.012709412774064677,0.08918061676520447,-0.058388482657853215,0.006538185640732275,7.273176260860086
2012-04-11,172,0.0028140934962695677,0.038307447456980386,-0.15070236146011382,0.14434675128640925,0.025682799879874207,7.314544638908645
2012-04-12,163,0.003478665918469971,0.02818450243324084,-0.1616920065018777,-0.0005375853525730446,0.018579324048245582,7.0407839916782144
2012-04-13,157,0.0044001515581682926,0.01908116094974457,-0.43405181481858285,0.03332306460399881,0.07628078775791003,7.579350089048184
2012-04-16,166,0.0030484179460941348,0.07695546776454949,-0.0655762916688221,-0.023453934198980474,0.014987757051080464,7.36207172475778
2012-04-17,170,0.003021374730393148,0.12122755456956774,-0.1397246256365654,-0.00877033726667363,0.03943795915774073,6.791405059105001
2012-04-18,176,0.0034199523241312383,-0.12205728778984933,-0.15651290698909856,0.07474697668475189,0.014496295355447275,6.4954542336151615
2012-04-19,154,0.005246768251525854,-0.16781891492891562,-0.2731077458681129,-0.1750779606729319,0.06351709712403442,6.821835550888373
2012-04-20,176,0.0021573940879773814,0.2242302252181771,0.28000734297381963,-0.2636402871600536,0.07184205605995042,7.0094345520255255
2012-04-23,170,0.0023256237351846312,0.11843340388741598,-0.024820244949365352,0.11567477109917111,0.02395743633185421,6.850758581722497
2012-04-24,155,0.002198728032065019,0.14441128649038196,0.13029749979418287,0.04368552377528014,0.019298133659649386,7.066045812455186
2012-04-25,190,0.0020801349678409788,0.22171055997644548,-0.046201201849787016,0.03403935409376795,0.06308038749411393,6.735333110882758
2012-04-26,202,0.002441702829714554,0.037138667957802095,-0.06167779303284452,0.03809118187036403,0.007508161837908811,6.907320323976093
2012-04-27,200,0.0022801583726328955,0.06772155179915128,0.0332378424943331,-0.013022743346639104,0.0028281634695082047,7.367105079320291
2012-04-30,196,0.0021276569466523445,0.11700463505714949,0.12928979242658917,-0.08033595057144993,0.011747496648236821,7.097552296024807
2012-05-01,187,0.002637267904916792,0.11263671153321954,-0.11159699928277522,0.012622091310680325,0.029937990669675396,7.521031397496442
2012-05-02,174,0.003816621637513359,-0.22031688494254734,-0.2925785670971236,0.18471112218502353,0.05295493734112966,6.50543623293575
2012-05-03,196,0.0013940631739850326,0.29179848368500905,0.2563538386428918,-0.0946250865300356,0.04495745463517631,6.919786442580944
2012-05-04,200,0.001552510869727942,0.1859589502427086,0.13481703091165556,0.058219670954462364,0.027732285837256843,6.8240480382194555
2012-05-07,188,0.0024891649721787475,0.12668848848595593,0.14426833676259682,-0.20688285478776697,0.027557727301050217,8.020316054691001
2012-05-08,201,0.0024048362335097645,0.07595900012435368,-0.21192078727004765,0.16921762127476944,0.058985924732493644,6.656036079842257
2012-05-09,177,0.002614810273334197,-0.01942261944224304,-0.008903141134697186,0.10268292381663714,0.009357908952498106,7.645401923250348
2012-05-10,117,0.005334089458080334,-0.047735180795749094,-0.17590319934959242,-0.02453855304545725,0.014278075368831966,7.599552748895336
2012-05-11,165,0.002058048677423297,0.11781015782801746,0.18336932820322652,0.01966445041906218,0.014074972430489052,7.623453019638106
2012-05-14,172,0.003599103183035052,0.03841400978674018,-0.20620797951542014,-0.0702975252353743,0.03629662261018907,6.817997843104425
2012-05-15,166,0.00236376368694919,0.20085144415463194,0.014091074679021303,0.0002879370992161817,0.03752647803534126,7.206025356865606
2012-05-16,181,0.0014228123989194744,0.2160813519058778,0.12194357376928344,0.14691698591599525,0.06485083767474387,7.226786137631086
2012-05-17,162,0.0029056636174053284,0.04218901232373779,-0.12220473077638436,0.1385807064133157,0.02445638332531641,6.73500713252786
2012-05-18,169,0.0024792832963000805,0.10431929271061222,-0.011274341060895626,0.06895729420085442,0.01527840929891322,6.879274887765961
2012-05-21,168,0.004217556069197405,-0.11620041624980172,-0.16825083179461225,-0.13264759120591094,0.03017883053968773,7.188550166807843
2012-05-22,144,0.003102629583396246,-0.17117614243286616,0.200566064037135,0.0770527583776099,0.09084114114574082,6.899234969699283
2012-05-23,168,0.003164475895429672,0.05591259180842876,-0.07263072520584389,-0.04654576746695912,0.014089956007503068,7.407429262787069
2012-05-24,166,0.003062562129498155,-0.025794209596119954,0.1229686776408395,-0.11394509503810922,0.01550685283874631,7.020255879010192
2012-05-25,177,0.002168296724760231,0.20922089927580304,0.015875650683439393,0.0073264094756388875,0.04078267210138542,7.359025615525407
2012-05-29,176,0.0027441308328858306,-0.03820416584367012,0.019753043086362287,0.052517069581494734,0.00470493431635588,7.140188681433517
2012-05-30,181,0.003456693517005876,-0.027981321377419217,-0.2567201408986093,0.033378409119902246,0.027099031730950962,6.69856213154659
2012-05-31,176,0.001760568488319339,0.15040752841714256,0.09216221007172708,0.13771015362272918,0.029228091506228515,7.210732267023149
2012-06-01,167,0.002698694051480298,0.1621523320836893,-0.0688569645565915,0.0053408192784838125,0.03834941946855308,7.185527142340596
2012-06-04,169,0.001985330588692134,0.2859896274707745,0.0714737775757047,-0.02850514402442143,0.06573245142965989,8.033062470137587
2012-06-05,182,0.002517797241851733,0.10230061980174911,-0.0334115239868517,0.014632708151081645,0.01410146924969502,7.493827446634291
2012-06-06,158,0.0027182484997536533,0.12400948089459175,0.012397496006993193,0.004626497176260595,0.013865215867104541,7.547347164495276
2012-06-07,145,0.00417200437909702,0.06277748902545505,-0.15461025864140968,-0.11804850032218353,0.035984696531118576,7.550747307101959
2012-06-08,151,0.002875092887062581,0.006388664114113471,0.032800399115014915,0.09253288487797469,0.008161242486013687,7.685179090932598
2012-06-11,164,0.0032891018378139363,-0.13875002056863664,-0.1155832558858106,0.17550787365147658,0.03385109534730246,6.966482804591162
2012-06-12,163,0.002526452475008262,0.05366863811431686,0.15098070555138132,-0.028272850518390565,0.0077944669287391966,6.956758076031237
2012-06-13,145,0.0024979117776352056,0.04027647290656896,0.04463692864698044,0.19069218293224163,0.03475611077479812,7.493434404031598
2012-06-14,136,0.00334579409668872,0.18631825498158858,0.01827690669078574,-0.11465115597170701,0.04582284756717403,7.080888756218726
2012-06-15,155,0.0030351807517664275,0.04013971454279642,-0.05723400778606935,0.07618826019567072,0.007675028490242042,7.606203731955995
2012-06-18,167,0.0026269005200153777,0.11998292434547576,0.006204121552149296,-0.003571819582756255,0.013890936392143005,7.552529903785822
2012-06-19,150,0.002047941666194217,0.2453685601098135,0.2333037158272861,-0.09305477579536114,0.03555007801483501,7.5205306645866274
2012-06-20,164,0.0013788969909504273,0.17803228975902505,0.31790091806192905,0.05178857914731283,0.0414260483832497,7.463579416663002
2012-06-21,160,0.0017759011507374634,0.18068842904636384,0.3008645393086007,-0.049841336590959434,0.033114818457037676,7.617933100721904
2012-06-22,176,0.0019317524443585772,0.1834089720262731,0.103952806331139,0.03266136122836508,0.02096347751004013,8.467264352180825
2012-06-25,153,0.003412153339967024,0.10605610260695494,-0.10752059104267399,-0.04265443359419187,0.024707659840367713,7.522860858783807
2012-06-26,172,0.0026446228404801413,0.16779686215515308,-0.16269479566179712,0.08514767638147366,0.06481943756221609,7.155696042795685
2012-06-27,178,0.0021233855770610255,0.16328878105532244,0.2482917204215847,-0.1675057669106434,0.03753265368366265,6.93832639399501
2012-06-28,163,0.003781708459326523,0.058581510777115084,-0.36102286707924036,0.06960439856165318,0.0851847412163641,7.362418097810982
2012-06-29,164,0.0025674215907401403,0.06695183540013737,0.14049722877504442,-0.0495633459379455,0.00661928910380416,7.715376104583516
2012-07-02,190,0.002286982534433838,0.07448617084573604,0.04524973618090371,0.011210729888505171,0.00382505946797862,7.58719067497745
2012-07-03,165,0.0033325286250797115,0.07244503225604691,-0.12389884877097065,-0.04828062976138066,0.02758141836485628,7.57816557775866
2012-07-05,167,0.0028475193650146745,0.07074720266892025,0.1571186468508264,-0.17893731743464822,0.029623708175888552,7.597706783878113
2012-07-06,151,0.0033258485999461064,0.07298638507859263,-0.015325886219959783,-0.06206677604235873,0.008169085633683348,7.680103023728012
2012-07-09,140,0.004320645214547263,0.024178642668379862,-0.23637991281330964,0.0024206100716957935,0.038441406128636,7.52301673651076
2012-07-10,186,0.0013285074936286202,0.2201389887528825,0.28898029045740287,-0.003324066840138479,0.026446569759784655,7.838219037812596
2012-07-11,172,0.004115720927904294,-0.15053203724402467,-0.33329505254290515,0.06801909058785777,0.03687493305463296,7.898166740679452
2012-07-12,176,0.002980040360161296,0.00848860516456548,-0.05695678512054635,-0.0005060268207935667,0.0030976248496384917,7.798124236253188
2012-07-13,164,0.003253315884527781,-0.031972479733515406,-0.1115303229023038,0.07641519251070591,0.006573647632958868,7.211083491013446
2012-07-16,145,0.002749752236899188,-0.03305207614740613,0.09379263152448092,0.14183129592215932,0.030128528697151213,8.008540227210402
2012-07-17,163,0.003537694940429582,0.00462666758274678,-0.16059773074432254,0.0026825125815334175,0.014745872131004423,7.326196184654971
2012-07-18,167,0.002540172234824428,0.17386076435056524,-0.05907951740207931,0.03680122662015332,0.04222165525119137,6.7185161323931295
2012-07-19,188,0.002176159352253066,0.09326916636654999,0.16651991445623737,-0.07802499726993661,0.009875188538069013,7.2851242590746335
2012-07-20,169,0.0027914275105897094,0.01741309850806103,0.09461615194106149,-0.055531749028444884,0.004376916252959551,7.658749382788583
2012-07-23,162,0.002180251064012621,0.20605200261727746,0.08036319623905874,0.007183456403573151,0.03040057296459131,7.102458273078785
2012-07-24,174,0.002353248651497771,0.04487436539493254,0.10511661905440317,0.03107848482944367,0.005477354102510823,7.7797255289844145
2012-07-25,168,0.003162411028217294,-0.05789678712026902,-0.09901311678397277,0.09433979842323137,0.008138889366331226,6.874020341784914
2012-07-26,185,0.0018791786596960504,0.20839599378391718,0.11592155061694748,-0.01961364848839851,0.02419851763726999,7.550766115440057
2012-07-27,182,0.002401908091922032,0.029947891347342315,-0.0034485897370747694,0.0992061529301137,0.008925248210398529,7.050744530492315
2012-07-30,204,0.002832626672300226,-0.08983134226516527,-0.1519142077771155,0.08603386774379648,0.008765661838874061,7.537647290570935
2012-07-31,191,0.0029711732697803727,-0.032159659768389276,-0.18789510479106333,0.08506657550334386,0.015258383346111848,6.7116589925999435
2012-08-01,179,0.0031864819780088433,-0.012859240419814276,-0.16102671448418213,0.03312540677682495,0.014979827893968456,7.636977557366302
2012-08-02,187,0.001590966630632558,0.1100215196467237,0.11835745717045364,0.17659950332624635,0.03986769862513917,7.367853561569433
2012-08-03,195,0.0017749417511951598,0.21749332512180208,0.3218165882080329,-0.23153719629594177,0.05866724886215935,7.130332956263666
2012-08-06,194,0.0020552822491763188,0.14206243787183212,0.10880076287645044,-0.04831271342869219,0.011860209557382317,7.101905912712658
2012-08-07,196,0.0032126738164508645,-0.0013039101563672342,-0.1457087808091658,-0.1123554450832069,0.028112582576739653,7.299972968103362
2012-08-08,200,0.002975877376640726,-0.10363879290316248,-0.14681184902387287,0.06009969127074703,0.008783025290100999,7.167579823196525
2012-08-09,184,0.001915614009380754,0.15331231765872458,0.19911384353111317,-0.057372116641948204,0.01764029732010186,6.984736368138467
2012-08-10,164,0.0025503533774907535,0.06270935536904797,0.004570012185942133,0.09620472462804293,0.012343196397532563,7.318661453286239
2012-08-13,158,0.0031162020191961453,0.03581376443651172,-0.16204970577438854,0.14151610327189573,0.03356023074527281,7.933739164625594
2012-08-14,179,0.0016771725073222333,0.1859622908242806,0.11429366640639779,0.09931628514796698,0.031361835639284075,7.374067929571731
2012-08-15,169,0.0026192173177457595,0.1014476444834722,0.02023890024663906,-0.006981998128181693,0.008879852430685342,7.704063016510109
2012-08-16,145,0.003264410269229854,0.052550220667683424,-0.07430819756602827,0.0750789988216898,0.009810830408573779,7.660341931443758
2012-08-17,149,0.00400723556078386,0.003427744631606089,-0.09105726172716083,-0.10652668001803611,0.017402996905736656,7.2386362757300855
2012-08-20,150,0.0042183565485059684,-0.04380725038560614,-0.28191789167215703,0.060218177505973434,0.033344443551237224,7.1751890606396165
2012-08-21,162,0.0016860717688139308,0.1548098774379404,0.22714494270218485,0.07175792676415951,0.029707779597296646,6.839371797082945
2012-08-22,158,0.0019862840814202456,0.15703978295688095,0.07748056408496487,0.13781388322935617,0.03501425174529671,7.123410945357763
2012-08-23,142,0.0026674789462920157,-0.014442185318988589,0.3194828033295668,-0.06260463875750477,0.05493629490670715,6.9648268608465616
2012-08-24,152,0.0032293087094866424,0.1250050368558128,-0.05291178806490943,-0.0538030964748408,0.02471486652367405,7.6814651840283625
2012-08-27,155,0.0024008179543949515,0.05016329045339485,0.11797968808975225,0.08760345559441851,0.013216230243147442,7.596544186121061
2012-08-28,134,0.0030804527768594383,0.10776048847597088,0.16681391535186546,-0.10013574802616891,0.015337211080399538,7.340650302698778
2012-08-29,161,0.004467258248870531,-0.14504153082093674,-0.34695553023303893,0.05353990491766642,0.0329477552128401,7.304762077882264
2012-08-30,151,0.0036575999203244396,0.13332399216685908,-0.11012060105874366,-0.1277985670460928,0.04930268936630611,7.889157291516387
2012-08-31,142,0.003966180272858366,0.08178570706071685,-0.14705717826501205,-0.06112372628748289,0.04020652593348817,7.538820057840933
2012-09-04,153,0.002382925588268195,0.16574108072167426,0.1440083149001356,-0.03892462563187829,0.01633245567762709,7.639306533587979
2012-09-05,166,0.002631437715189917,0.13028919691944138,0.09260803460481161,-0.09653455296731198,0.017328647369760364,7.05176800194784
2012-09-06,160,0.003139091381914205,-0.02830410286118245,0.09675773915036548,-0.07296287850173455,0.009753801321001898,7.579104035026412
2012-09-07,168,0.001592635824970148,0.19808238212312076,0.20128226107135666,0.06550971961554643,0.03496626916369361,7.120454135829335
2012-09-10,186,0.0021182155144156348,0.053177472325388254,0.1505124372698185,0.008333919042179934,0.008000426328247379,7.214049551474431
2012-09-11,188,0.00275104447042856,0.056243790772108254,0.0417059016645461,-0.13234241331779267,0.01644187123544838,7.394101830771928
2012-09-12,164,0.0025593556168602887,-0.030051301008484754,0.048564744358487885,0.1420179143198167,0.01842728583720954,6.862689814211326
2012-09-13,154,0.001993805921818362,0.29407340478067695,0.08029088594803939,0.011543485351228015,0.07356207543405979,7.791366977960015
2012-09-14,148,0.0023530206127698773,0.16564889963834745,0.12330605697458139,0.014550942007186827,0.01997014506259942,7.354932663210535
2012-09-17,150,0.004759542304766133,-0.24444143046585912,-0.20799069286519903,0.024569431901222166,0.045019835637554406,7.301805003295547
2012-09-18,162,0.002907528940721809,0.13503581819109423,-0.05357127490148909,-0.02350392008347468,0.0275091922144739,8.085053096635743
2012-09-19,174,0.003616685167961543,-0.16655156408805513,-0.18727028186768271,0.09521540750512832,0.020230200594547942,7.589257601509612
2012-09-20,171,0.002458627752282567,0.09413376005151425,0.16195986603663326,-0.09694431736878698,0.013689710264088162,7.00376398677947
2012-09-21,168,0.0033688018144138886,-0.009958572481207052,-0.16077856337769222,0.03881972621583169,0.011189765080812486,7.419943725451906
2012-09-24,143,0.00630317869340104,-0.2193553523284752,-0.5528836505455079,-0.030470103438724482,0.1143523012944474,7.492713550211861
2012-09-25,175,0.002503725699109789,0.0755731881368903,0.0055773943370845715,0.04254542283760067,0.007084617102337432,7.0705091663787
2012-09-26,157,0.0030167460815174007,0.11569650018717598,-0.17627281885106538,0.11331804906742278,0.05339452379638232,7.65423342745284
2012-09-27,151,0.0037323601104458236,-0.08586261400164606,-0.07629289210507509,0.03498275275207843,0.004802318037003039,6.985379140646299
2012-09-28,165,0.00234297399092698,0.08786508894020593,-0.011528663115601237,0.15048215716949043,0.026486884783006426,6.5739325687694645
2012-10-01,176,0.0023948176364168884,0.061165573766649925,0.10063176626121116,-0.004773148046605658,0.00395383047400466,6.7362610062765595
2012-10-02,193,0.0026170509521272435,0.13370086047515997,0.004196710019825812,-0.14807923801609874,0.0364912532979228,6.7793150587314495
2012-10-03,169,0.004045368080205298,-0.12429520064483668,-0.4036019307770427,0.16056272031248214,0.05367957752801367,7.170366764928196
2012-10-04,185,0.0028577973464123958,0.05231121547376064,-0.11977900786130209,0.010082774214956063,0.014846920109601314,7.473425889532123
2012-10-05,163,0.0013524044429565109,0.20329223472762514,0.38518875820513804,-0.029364841336590324,0.047561489102422416,7.2932546239714435
2012-10-08,158,0.002086647183130789,0.10431748893746917,0.02200705750464506,0.21429494368855673,0.043943669543175634,6.984867921497082
2012-10-09,171,0.0038609012953753205,-0.1422694799238209,-0.2309442265263916,0.0527854634318422,0.019332338323736042,6.968418399375407
2012-10-10,180,0.0040227489897140265,-0.07029352511963828,-0.39590806155779246,0.01801195038037336,0.05781201983389084,7.677218556071981
2012-10-11,161,0.003133817361785933,-0.03642641358724091,-0.0054780156666936345,0.03281523875886339,0.0020931937549250046,7.683927733046559
2012-10-12,157,0.003334227901853705,0.036579938867970715,0.0007766183817935602,-0.08430411843183142,0.007052937472623255,7.000843676990993
2012-10-15,165,0.002244558852686428,0.1429056035609035,0.1377532810671614,-0.02136330601458932,0.012260362928341428,7.491505426860388
2012-10-16,170,0.0028155984377354506,0.031477991649031305,-0.014804082013775702,0.02602262153469477,0.002105801763908288,7.848610338868786
2012-10-17,185,0.00245428940437523,0.10609524924024857,-0.02153242473818768,0.007350095879108256,0.01299410628720854,6.840393487770782
2012-10-18,189,0.00228582313491255,0.13486437693869088,0.2019064882981775,-0.20081201023381165,0.035050629367927355,7.685008787108071
2012-10-19,171,0.0028941918436092865,0.0035237096597170114,-0.1409536598034669,0.1476163396293717,0.02608113333170281,7.640960967594531
2012-10-22,165,0.003205890296452498,0.058003485128721305,-0.1362145054088353,0.020267222450791596,0.01933902700828316,7.252310487580348
2012-10-23,169,0.0018877659676715692,0.11848858783102371,0.3023020696727121,-0.05885555457672538,0.03207966732097334,6.958333555041901
2012-10-24,166,0.0022929295081877163,0.041129862563450865,0.23613572636645075,-0.03851818564822423,0.02325705486170193,7.10459485087934
2012-10-25,179,0.0021462768906629986,0.18607983902897393,0.12377388481983541,-0.07822085070615872,0.01914806083090448,8.20686243112728
2012-10-26,184,0.0023473844877481636,0.1082128095321542,0.04451742375877968,-0.016567724782270882,0.007584034362144276,7.41728454370465
2012-10-31,325,0.0014993162834302759,0.008745549632115959,-0.02605770475224431,0.04275657089046252,0.0020210646382116115,7.445655615122036
2012-11-01,189,0.0027103467968038,-0.021045761196078473,-0.16001231379295022,0.156546985797179,0.02183594362973973,7.362000038890112
2012-11-02,214,0.0021899539500344657,-0.05699723017912468,-0.005838481384506491,0.1255354209488744,0.01645508200329948,6.832032844365109
2012-11-05,212,0.00174618725512589,0.10964639819925413,0.10630948550377417,0.043660720123594815,0.008543509963050422,7.850081885056559
2012-11-06,197,0.0024725452108344684,-0.051932248460630236,-0.04438477989257177,0.12213421528441555,0.012266058807619773,7.436592900466
2012-11-07,184,0.0033999704153503535,-0.041429120288060825,-0.1250262399175345,-0.08473375264333921,0.015765763602946348,6.775718678032765
2012-11-08,186,0.0023277780942158968,-0.013992979608324206,0.12090795537845825,0.0271515731815528,0.014799093633212967,7.466382074148078
2012-11-09,195,0.0021606440392280056,0.008098658132899388,0.11117764715469182,0.03807251941348727,0.01002191438322031,7.638575882265544
2012-11-12,175,0.0042117934055673064,-0.20008371069644557,-0.38368427434380165,0.10964029309170344,0.04943822450640756,7.141831909387864
2012-11-13,151,0.003004202418042182,0.09251340056338893,0.05781545802550411,-0.057597988837634395,0.00717853505496191,7.367760273469078
2012-11-14,181,0.0021489022190284896,0.15678813500427438,0.04524264971457648,0.020066611992841273,0.018234402903576474,8.113148015958911
2012-11-15,168,0.0028059184254894012,0.15321017786379673,-0.08577306142935691,-0.010225707398877489,0.041773697494396966,7.296981529622806
2012-11-16,172,0.003137350985082094,0.017431643599749545,-0.10949740846263477,0.012817025994645072,0.009639636081543834,7.354204128297251
2012-11-19,186,0.0030168400951027115,0.04090585675407286,-0.09679886448621983,-0.06637150764605787,0.015683821440396484,6.9597324490255055
2012-11-20,191,0.0025855490761229724,-0.023228020820062922,-0.10074219843475607,0.13629047217584797,0.015027211851612932,6.780194802246212
2012-11-21,158,0.0039012323699779963,-0.059514037050666733,-0.11612350098178523,-0.05715189088059336,0.009461451404452537,7.099818626704216
2012-11-23,169,0.003001877522436876,0.04196262862155284,-0.08611702052188751,0.029519789316670368,0.0071695516941250315,7.230850716677875
2012-11-26,149,0.0038451671825859447,-0.1598073905970807,-0.09742724615287725,0.11137481633935276,0.025202891314184406,7.572823485749296
2012-11-27,204,0.002571372833686885,-0.03605421426111532,0.010690921136478237,-0.023756823019615587,0.002001096143258607,7.247634261145604
2012-11-28,202,0.0028322861915486093,0.044800019986146036,-0.2075922114383039,0.018548570066518385,0.02744440345350574,7.350169010057457
2012-11-29,162,0.0027224345977457133,-0.027530898646618743,-0.07885680587771615,0.22431889485472942,0.03533431012300969,7.948595749987831
2012-11-30,177,0.003139509746340054,0.015102283445246095,-0.11908438930424625,-0.007404344345375938,0.006824180230885157,7.403884106557271
2012-12-03,173,0.0031894944652987004,-0.12316094094422671,0.03443124120649139,-0.014835385255618781,0.019595822228349324,8.053589302711957
2012-12-04,199,0.0016096204242690368,0.20959482927625347,0.1592095763713643,-0.009433334506694483,0.021996982297574297,7.60271177943021
2012-12-05,208,0.0025649317687121025,-0.058825930678991514,-0.14941312985434038,0.14122744474910112,0.01939494850977852,6.995392201418662
2012-12-06,185,0.0035976650428448022,-0.03619819166114455,-0.25088237438468136,-0.04405549980674317,0.03009017298531791,7.385399145567504
2012-12-07,195,0.002665286608806827,-0.01726480617710055,0.05240358877029091,-0.07460056002785345,0.00584612635526105,7.0225779703308415
2012-12-10,196,0.0018441858911143678,0.057274892339949576,0.10651653313002037,0.11328770521320204,0.0165131665144278,7.177902879918765
2012-12-11,229,0.0016691173866786846,0.09920675591141019,0.12024603436699237,0.016091446622757664,0.00768649053164272,7.229673166550832
2012-12-12,191,0.0021570442932696905,0.04440986685831536,0.22840712656726425,-0.09680791345459737,0.017595185181499273,7.586820318168778
2012-12-13,192,0.002351810752803583,0.021600636639497725,0.08648850793442614,-0.01118447365050062,0.002753532535499592,6.748347451745124
2012-12-14,176,0.0014083537247956365,0.22179418629413858,0.25426857191023033,0.028196730667560743,0.03511038968581859,7.203950844694812
2012-12-17,185,0.0019371849354735122,0.08870256675897954,0.22835108572820859,-0.033812078612397364,0.014869294144689293,7.7030374095387915
2012-12-18,225,0.0032318780769256604,-0.152851448583168,-0.2940218029392337,-0.0074718830941533435,0.026096458011222068,7.386331122713576
2012-12-19,164,0.0019196854946139804,0.11403870654493786,0.0205379084974642,0.23576654272420675,0.057442673767734154,7.3278545026252075
2012-12-20,178,0.0027867706982924816,-0.009530251086405267,0.07553580085420494,-0.05809591835991911,0.005196032011250518,6.367906383421843
2012-12-21,167,0.002853475066487282,0.0909545947156833,-0.008107783538825825,-0.03590748338361194,0.009875757770625548,7.298277208294102
2012-12-24,154,0.0035540118454870386,0.054922528588870076,0.001872155707429539,-0.1514303327063116,0.024342781892459087,7.226305818995674
2012-12-26,146,0.004712525484441563,-0.06624512211926702,-0.4044036525818388,0.09459133324417952,0.03822029045293873,8.320587812775145
2012-12-27,133,0.0032081968763235523,-0.01834957387069907,0.08369997589341505,0.08126922887521358,0.011506039950160418,7.454521934910202
2012-12-28,116,0.006391594815687284,-0.11458628398825964,-0.27335128096138134,-0.094912432289816,0.028791725840318083,7.831378755359543
2012-12-31,153,0.0032077753887390665,0.08336973857460622,0.019123182408062822,-0.08407218993682203,0.01191084878545634,7.711822113589184
2013-01-02,136,0.003648037815620529,0.024192943787652906,-0.06074685040604264,0.04428762076960686,0.005233320638293515,7.8334397959654805
2013-01-03,155,0.00234094487960862,0.10915028960624447,0.1317644786850443,0.0333923190300352,0.01262426112729742,6.754060368217438
2013-01-04,183,0.0029532214308720744,-0.0612841355490744,-0.15910925402386855,0.13951434587375686,0.018932841278717416,7.056983625863481
2013-01-07,144,0.0027049949445018917,-0.028943267281205522,0.14115454347575718,0.10875017978889495,0.028286773055260173,7.422499955881552
2013-01-08,188,0.0029716744840298567,0.11059637812433817,-0.10961516584057251,-0.11833081827899893,0.04448433063952406,7.924749751927854
2013-01-09,185,0.0027570783736436378,-0.03030400153541205,-0.09021937479661077,0.10040437808387832,0.011109786266740085,7.713885185203748
2013-01-10,184,0.0028737836150979153,-0.07959812428250002,-0.20293454331879654,0.2249802972452584,0.04008127673441786,7.213885445593339
2013-01-11,191,0.0021614375055731606,0.07877085378608659,0.01928287958148384,0.07627713950347519,0.00984546156500199,7.117591299995394
2013-01-14,185,0.0016086187962494197,0.19091151712556667,0.18386159434399568,0.030037933918155756,0.021983881864947596,7.474953185818625
2013-01-15,164,0.0028071400525340718,0.005632663278116945,0.1273301402200091,-0.053704740729298844,0.007084571363420111,7.660211054232516
2013-01-16,179,0.0027364087838587328,-0.007749596764926966,0.03063155699136171,-0.0025163048478630398,0.0008408099500599731,6.982271978491308
2013-01-17,167,0.0035167299724543407,-0.013562450093578489,-0.12601250034726047,-0.03501286035890563,0.00920322738014967,7.109548636924276
2013-01-18,177,0.0031351741092210308,0.010309773622445699,-0.19987668012339868,0.07971527183671051,0.020719944887599206,6.974538727093223
2013-01-22,224,0.0023068466539221625,-0.018035561843195474,-0.009633481168987502,-0.005798257944943038,0.0002773693263133925,6.955385849553301
2013-01-23,185,0.0019055493408703787,0.1555000772826488,0.1414616179120735,-0.0020149513167602765,0.01463673457963588,7.160060887013734
2013-01-24,178,0.0029120615826952914,0.041600897373921156,-0.06385371823825531,-0.014441102575192299,0.006493967200670747,7.188913624679474
2013-01-25,205,0.0022055336513028914,0.1477934329722288,-0.0729419461046991,0.020879716098288346,0.03274200330547028,6.714858243732042
2013-01-28,200,0.0027090974858917827,0.0631507658674157,-0.050155661508565805,-0.09663409871556289,0.015933342151685737,6.580684875685324
2013-01-29,178,0.002356766446154506,0.11085126411585729,0.10776225276630223,-0.05762237171315454,0.008377477049490989,7.064918593786833
2013-01-30,198,0.0018658168163618368,0.08975361156927802,0.11697543758881276,0.05440749156261677,0.01065281913557814,6.734292445674782
2013-01-31,195,0.0026333590371783277,0.11237497194335323,-0.029824262053922034,-0.10956073438897908,0.02877754709588587,7.338080983534378
2013-02-01,174,0.0014382476833558733,0.276774277325126,0.0928101181999553,0.12990541066707434,0.06443890879320324,7.633536133490149
2013-02-04,179,0.00363788670014352,-0.12029148808630094,-0.22461399526357334,0.042542044698487276,0.017876918624559313,6.906271978421625
2013-02-05,202,0.0018745454525770308,0.1271242613937847,0.11921480099814438,-0.003655425233047569,0.011469568137577824,7.0626905577827985
2013-02-06,206,0.0024876193290130216,-0.02724168882770241,-0.00019901738505002426,0.0025415426593870492,0.0007487674009969414,7.7981364019983745
2013-02-07,207,0.002793631456528397,-0.1303331564326001,0.019510595389328436,-0.04574086195948025,0.02015274523127275,6.660496490735551
2013-02-08,200,0.0023356645689515264,0.0413708223842304,0.02446809791630678,-0.00010474788114849165,0.0010547968495254745,7.572887401783424
2013-02-11,203,0.002528687003446023,-0.008237964609840736,0.04232626636835556,-0.06073522515759478,0.0037727760833372592,7.140854868528001
2013-02-12,216,0.001940463493265876,0.09304071171417355,-0.020683102084329844,0.08936216127929814,0.0168511315084523,7.248095323147908
2013-02-13,215,0.002066440518823324,-0.010003707344339027,0.0926644940464955,0.028769790203820735,0.006637294167079033,7.550517324714192
2013-02-14,207,0.0034023661719050488,-0.1739870830171322,-0.16605740468456232,-0.06853510746699104,0.024344382732906067,7.250079710355764
2013-02-15,193,0.0022817026012725934,0.1300693189259397,0.09896751703114931,-0.10977404004830489,0.016239088648838385,7.443022063854978
2013-02-19,245,0.0017264356437199186,0.015469498578078143,0.10190351217634014,0.036673523822829276,0.0072981900292919955,7.242477393433658
2013-02-20,189,0.0019775201540127405,0.12949014926682023,0.08026190860823443,0.042745323908122204,0.015897822623193836,7.074368236306482
2013-02-21,201,0.0022394213642611834,0.031239506330881073,0.010406197936104625,0.05810690730001768,0.003541020345012025,7.404141630995191
2013-02-22,193,0.0028524989112368383,-0.04377901506285241,-0.010329481166377035,-0.046956083508192824,0.0029663402137373174,7.1108475691097786
2013-02-25,193,0.0026466164997309494,0.06548792594598171,0.06481606428708932,-0.15189795912921747,0.01850516316001327,7.100751243559105
2013-02-26,237,0.001768098728286726,0.1353516670564531,0.02695625496895059,-0.0003867192333135063,0.015693053002098,7.163235750132219
2013-02-27,211,0.0015880021467090334,0.18022660984802008,0.12237888396471118,0.02725760027605592,0.022697769541132562,7.2963846941504364
2013-02-28,200,0.0020757768315328587,0.2069500906140637,0.07461743200838632,-0.11187825523558823,0.03839505256411524,7.771912607253526
2013-03-01,214,0.0015320062479880624,0.22479798422037273,-0.008885034935565497,0.12838837657630517,0.06010815719320817,7.566865803428053
2013-03-04,164,0.0011371958337668027,0.19926248791108547,0.3100886655306336,0.11764861308276324,0.06436649848448028,7.5117011104461655
2013-03-05,203,0.0031859242112489126,-0.07210722541567582,-0.2639307549002589,0.04255275054887344,0.024833851606976265,6.941661246568098
2013-03-06,180,0.003384486313511744,0.02798864919121961,-0.23562080720760245,-0.010782914847845661,0.026204038044501665,7.241179810240933
2013-03-07,175,0.0032694536804432064,0.0593136199321142,-0.008165781595473771,-0.19545662649176154,0.03209771324328803,7.581540521146329
2013-03-08,139,0.00353757862354175,0.028519271961484523,-0.01619640294679876,0.0042302736407057945,0.001210772630955037,7.4410084079864935
2013-03-11,196,0.0025785419554233946,0.08521217158781134,0.05239962940338767,-0.14840024751717032,0.02160384901163337,6.798679517295795
2013-03-12,222,0.002338150018273869,0.11667879041707312,-0.011716631265768532,-0.14310076726490223,0.0337102987694069,8.04647951477851
2013-03-13,196,0.002719208278386989,-0.03971545502388342,-0.1310530429196382,0.1048388528158153,0.010323902948554453,7.493481333237944
2013-03-14,177,0.0033209914210976677,-0.09735164890524835,-0.14785300712595953,0.06957369296262654,0.011445293844451698,6.825030153282318
2013-03-15,190,0.003519536006096989,0.09429757973099857,-0.3618818610467015,-0.06983940100116216,0.07756720901297676,7.794264059087417
2013-03-18,172,0.0031167900907985704,-0.1046878985534462,-0.17616403197352845,0.20867613929226483,0.034553912692439126,6.7744280573516225
2013-03-19,202,0.002377978202292664,0.0028458574302504245,0.09183185788404485,-0.055380909040528475,0.004694319109680434,6.938414999454231
2013-03-20,187,0.0028457109385538084,0.06732158586802088,-0.21807305186955797,0.08645557498241502,0.042998271201756144,7.501992923281276
2013-03-21,140,0.0022506429270425627,0.2884632098363635,0.22550143005775528,-0.14414465946603744,0.0621952289145028,7.307094680092931
2013-03-22,159,0.003143772647531918,-0.04397894345794482,0.024126767776127062,0.02013247376666637,0.0036183382781154183,7.543088278704171
2013-03-25,176,0.0012445189510516019,0.22068962210613338,0.26203414265633224,0.07920556446736791,0.053580588436051735,7.189051354579761
2013-03-26,209,0.002253291532711432,-0.015633660180385214,-0.04245997046269132,0.11621776996970788,0.011344397156009212,7.053338964128335
2013-03-27,178,0.0020529219949952235,0.16239221855716673,0.004204393974440592,0.1025631572500929,0.033578854886770815,7.319144109153148
2013-03-28,155,0.0035298346030089413,0.008292097948973532,0.05210839209985826,-0.15464921698160203,0.017854423954918652,7.394562593383024
2013-04-01,189,0.0028697910067267394,-0.10346476716444113,-0.07843769361704833,0.09712146023877874,0.014986768389090965,6.7344562646928
2013-04-02,148,0.0033798318150114657,0.12507218638021078,-0.27440558710407587,0.1489031834804727,0.11523445918906106,8.062651647059832
2013-04-03,171,0.0025728701911061657,0.1829678473336905,0.03154104665668541,-0.0944304993486886,0.03219228046688505,6.739558314148923
2013-04-04,175,0.003606778785924777,-0.2020049962008274,-0.1533163022410702,0.09294872336823093,0.025366536706317833,7.624764594774343
2013-04-05,141,0.0038872840184113137,-0.004803738311862249,-0.14127979652960063,0.049869441649467175,0.01267809606657333,7.956630158690625
2013-04-08,169,0.0029498252714636867,0.11901798247856803,-0.03562130578076257,-0.08043761845253587,0.024156168971394054,8.00728279568094
2013-04-09,185,0.002726113605156293,0.03430408428147933,-0.10741214354832485,0.06444602535902276,0.011424205172829272,7.175555800692994
2013-04-10,177,0.0024970625387205955,0.012310226950624616,-0.002505840011985551,0.10623547435426917,0.009676522931078013,7.227833480571318
2013-04-11,180,0.002853285345580462,0.06806690459994717,0.02378841982162963,-0.11903804883054403,0.013930642532725468,6.79172673413395
2013-04-12,173,0.0029766851201564817,-0.01887151160675862,-0.2530965842780246,0.24203504431064848,0.06950713167901224,7.443143253722625
2013-04-15,158,0.0020466534326750783,0.16730127623062233,0.11092532697349343,0.07503091207056224,0.020892394803763037,7.304678763388948
2013-04-16,167,0.0025976477774210124,0.11210093039138085,-0.049168447619664386,0.06945315956966562,0.0203289425834684,7.7744373657758965
2013-04-17,158,0.0035405557090540194,0.07036532759169392,-0.21466925768993836,0.025488326037175376,0.03536282814500824,7.071230727236847
2013-04-18,195,0.0024206388766730494,-0.007753864214853514,0.09187436731833887,-0.028169665005973246,0.005475648824075585,7.366994938475461
2013-04-19,181,0.0030196402525293534,-0.035163753134434296,-0.08644862264804459,0.028502604366849635,0.0028761209880331373,7.539797779984269
2013-04-22,207,0.0021988192975970953,-0.024447570281627497,-0.023059163544183834,0.13719554462061526,0.015807976854182004,6.746716452656204
2013-04-23,165,0.003658443256133531,-0.0208961518606216,-0.16154210014810355,-0.024848022515333135,0.015976494774485372,7.095111496184508
2013-04-24,187,0.003093905248316835,-0.009070668657994425,-0.19971251314872263,0.051662618936221386,0.019123968689932158,6.98427301121857
2013-04-25,182,0.003172866063807978,-0.021563267272835612,-0.0991843034496198,-0.03417567650364949,0.007920989508865772,6.657280998403942
2013-04-26,213,0.001288114898934836,0.2462326615225357,0.1620382139103135,0.04299217762091249,0.04496260338629632,6.833468800572308
2013-04-29,206,0.00201941793604367,0.09977615330476096,0.1393703920514779,-0.07114673500622275,0.010022958667061821,6.821296120797345
2013-04-30,176,0.0035044360129269027,0.030946189876455334,-0.16599465553132697,-0.09851301089539831,0.032012654617832315,6.988991566835053
2013-05-01,182,0.002933252533459786,-0.05771121776027339,0.06515127464869493,-0.07514397906778635,0.013646868810121116,7.684625061377168
2013-05-02,175,0.002959226620489066,-0.040883427707570974,0.09072445046634002,-0.08557033992995126,0.01363216437423187,7.580977273730847
2013-05-03,209,0.0012482086514888442,0.14850163569756517,0.19779843548690831,0.13194871249318543,0.037712666033266284,7.173475299473198
2013-05-06,192,0.002671605318816501,0.07377207321840104,0.0010222736807253658,-0.10069078932466166,0.014146295652059382,7.306133019927533
2013-05-07,188,0.0019729938165472844,0.10632618145348029,0.14084087704106346,0.010987266483677535,0.008843949226026604,7.341231390193124
2013-05-08,201,0.0014549564626821158,0.21264687791501072,0.18666261409773682,0.015798009989034214,0.03233154285059314,6.8918095176386345
2013-05-09,174,0.0014688917842862524,0.14154448663949337,0.2105369545027062,0.13674421792618896,0.04775799081315113,7.0010546847471735
2013-05-10,174,0.0019966964039620214,0.08225833267280354,0.35877534369355235,-0.1358840249451379,0.05120850607433125,7.226240745195688
2013-05-13,163,0.0037817838924790476,-0.06941856067927026,-0.1618382493521853,-0.0016047389167080468,0.008785654085335048,6.803148712970573
2013-05-14,166,0.0032723462578254695,0.013103718412623654,-0.13174105706873146,0.0322183810580468,0.008745238124740706,7.509299523876578
2013-05-15,180,0.002912863550862274,0.04781229499212466,-0.1562177293414935,0.059774556038950634,0.014756884003642834,6.9445771602018045
2013-05-16,204,0.003227896042548074,-0.03618903963383638,-0.3565487085130577,0.0757561627872755,0.04043975435979541,7.559513651902305
2013-05-17,161,0.004359015500891395,-0.06458342756460565,-0.3039349722402751,-0.035084591482162766,0.03126734572224399,7.575452237891161
2013-05-20,175,0.0022483020993377674,0.09702069547674343,0.23394470554662136,-0.11787113579158058,0.023938151206268188,6.871292988603049
2013-05-21,150,0.003599098809545476,-0.0826708650335452,-0.017554714751912687,0.020495936921811477,0.005868404169763641,7.072823102248661
2013-05-22,175,0.0025075843701263243,0.02722671929931886,0.11682630152002675,-0.021707550363558842,0.004357718096184238,6.99534095995327
2013-05-23,185,0.0030838279097558773,-0.09150960482094123,-0.19718485075031567,0.14767812896159166,0.01995475893096188,7.449730650798058
2013-05-24,182,0.0021659068827143873,0.12063297169658953,0.051958182301925254,0.039018740693446935,0.012859665952742905,6.766964842339014
2013-05-28,143,0.005351801340301746,-0.1375772554116568,-0.44280261081433747,0.04976468289969064,0.058537221330567046,7.216655217533512
2013-05-29,207,0.0028381894174281555,-0.10260661601525631,0.015775696037825065,-0.08817949883782678,0.01855656008099482,6.880790135926233
2013-05-30,172,0.0031302402255931634,-0.015234787782391944,-0.07513332989725982,0.013565480075602576,0.0019182019302712572,7.246017579455308
2013-05-31,154,0.0026578728734551966,0.19092552328638915,0.02716733576415579,-0.03671770407475199,0.03212531703104249,6.4999976315587595
2013-06-03,173,0.0031156339189396874,-0.03374281697028182,-0.08114426954126269,0.03687775055840515,0.0023374676790637317,6.959223839623802
2013-06-04,165,0.003024610408896107,-0.02919410134249999,-0.04057194210112532,0.07164460850790991,0.004135276423397283,7.1719886417154495
2013-06-05,174,0.0028647873658740964,0.0031448468605638114,-0.13320272758016108,0.13311187739540994,0.02240969522135272,7.259279665293914
2013-06-06,171,0.003316095617833697,0.14337819562025056,-0.030422818735112142,-0.2470600781842767,0.07021084504831909,7.648712719777197
2013-06-07,158,0.0027188258401032272,0.05582738310657986,0.06315935381998826,0.021864297600814472,0.0032967674327876173,6.923037511002727
2013-06-10,164,0.003089158177095481,0.13302889844007218,-0.18000970339827055,0.03373692287088129,0.048617062628364516,7.505819425329313
2013-06-11,174,0.001959806495177735,0.20921376633743397,-0.011360069838893328,0.12013364317960479,0.05570391283312859,7.725833875558628
2013-06-12,165,0.0027826438968806865,0.07388144861941716,0.006399781644234739,0.001446283765722626,0.00495862922891932,7.3833258270213555
2013-06-13,173,0.004403701780799424,-0.24255979868590036,-0.23433420345543055,-0.04678681401526771,0.03153540630873397,7.526321607769257
2013-06-14,161,0.0018953774433274665,0.095585658721427,0.25509430726198823,0.03900849726513523,0.026339257594560683,6.793247462242431
2013-06-17,164,0.0007650510533627821,0.2892539544670457,0.4533434165114542,0.006465883518509919,0.06644297036770452,7.607808501335954
2013-06-18,162,0.0020907543839447282,0.17961994368506215,0.17514343765978027,-0.03216780174293658,0.021086165225511766,7.382449642264116
2013-06-19,173,0.001964308867560411,0.0912422423049351,0.18799240388693456,0.04111448563222878,0.015409147351051145,7.009234360927155
2013-06-20,163,0.002515118381606672,0.08593263627166092,0.09982430289997957,-0.0056855315754117215,0.003916424238480265,7.755627999817608
2013-06-21,140,0.002074989527075159,0.2153546539235681,0.21414787215886238,-0.010499593663469878,0.02197947962871205,7.58700123516728
2013-06-24,151,0.0033374357032773102,-0.016751082572538833,-0.09698154649207577,0.10582704667486634,0.009935550863602871,7.566013033657843
2013-06-25,163,0.002777777446249776,-0.01686640801976286,-0.06432438139728962,0.17563534193962582,0.023444436764007537,7.067884110276288
2013-06-26,206,0.0034031127455943573,-0.17307647084876301,-0.23647281397877765,0.0074668336426671625,0.02796295208768529,7.638128501620452
2013-06-27,205,0.00249433215884375,0.042191475006383726,0.07717470839424305,-0.14204236852656038,0.0177614447532235,7.461155622277272
2013-06-28,152,0.0033426850110241406,0.011016161277368515,-0.021927735533137354,-0.005264669095566111,0.0006003544550281514,6.3657668007078305
2013-07-01,182,0.0031146769815782707,-0.15084673768560472,-0.09022650988989368,0.10733082628100361,0.025709000815500094,6.7494176499040135
2013-07-02,167,0.002274549625964259,0.1510428663861464,0.02404020843267711,0.06521735010911595,0.024956822374660903,6.56338280483436
2013-07-03,148,0.004390773279944843,-0.1731307856649313,-0.2223173293076399,0.09577922410889426,0.022513454672362654,7.254392430463231
2013-07-05,152,0.0034040416959791996,0.0399117282499999,-0.21387992732043307,0.13913952349275927,0.03704243509617833,7.949485138560661
2013-07-08,151,0.0021625968970878165,0.18725445706584162,0.20638947785187123,-0.0467481978382268,0.02206847891454744,7.460000098040986
2013-07-09,149,0.004149302519006241,-0.22792775011241567,-0.1425885667937344,0.13402416624229221,0.04278339523047736,7.102404571202431
2013-07-10,163,0.0037842974664432424,-0.048178107202574455,-0.11793411026800558,-0.06756875658991916,0.011169214926491144,7.026538210223196
2013-07-11,164,0.003040587991421178,-0.03337176854658658,-0.04657307200328197,0.08263197936372237,0.006100486079198331,6.836487186690483
2013-07-12,176,0.0025407917349338895,0.07349889887346539,0.17205270146060303,-0.1399102910307959,0.019238961243456254,7.490396240494621
2013-07-15,154,0.0025180038885778116,0.16026944955151856,0.06509530793788207,-0.0009099551713652988,0.02068737453234859,7.983989587371874
2013-07-16,114,0.0016503358600296837,0.21694103726055214,0.36604030369583823,0.040742082956846,0.051696246401897294,7.987234002987148
2013-07-17,116,0.002680029424205571,0.05831479673916388,0.47638851500814566,-0.15647013816300923,0.0979025813119182,7.604589669892229
2013-07-18,141,0.004108488702698757,-0.022116944345330056,-0.1989390679300376,0.062462198114315165,0.01689258572286978,7.612823458654852
2013-07-19,121,0.004103923277919295,-0.05098141588762052,0.003149360392185938,0.054682622238962926,0.005612363520119623,6.935199688011794
2013-07-22,182,0.0015728665965668485,0.19142820174026096,0.263510983374486,-0.027462626265081332,0.021815549378973453,7.953983477581484
2013-07-23,173,0.0031681001364410265,0.02683635340085629,-0.22045514415558753,0.09745614354613658,0.0335308779352681,7.050162367890374
2013-07-24,160,0.0024784915366984715,0.14610669369130658,0.1835126653914809,-0.12273665082629627,0.017113084581754867,8.06501631491132
2013-07-25,189,0.0029215956050926317,-0.1163007398101392,-0.21336161597485312,0.22529921705997732,0.04228662616279866,6.970035519719403
2013-07-26,205,0.0035572791709267476,-0.12092431812634924,-0.33763110311453376,7.096116091685467e-05,0.0468977500888792,7.8545747378117845
2013-07-29,197,0.0025787741418319917,0.05016421041056789,-0.006662450350611518,-0.05953877194176233,0.006290215644120467,7.994536935118937
2013-07-30,175,0.004246922075137848,-0.22260584403137543,-0.27817411049656177,0.014357228229686478,0.034968306307746944,7.187635459453506
2013-07-31,177,0.0020719853741580237,0.1703350234610407,0.29725127937523427,-0.201069125288213,0.03732567041730339,7.946809714518675
2013-08-01,196,0.0016287299060877393,0.2041828669699484,0.3032320706288116,-0.14587706078514526,0.03237628016569494,7.75965047472175
2013-08-02,192,0.003017252822417925,-0.1730106055011876,-0.2284859935295708,0.24287151522228784,0.05182905012266703,7.394880960738563
2013-08-05,185,0.0023503940108944485,0.06460362454017299,0.0876135141648827,-0.021862922735998273,0.003172129124227152,6.842882383805219
2013-08-06,175,0.0038994479696372267,-0.12310093986326841,-0.18948973162831373,-0.052216117881441496,0.01846409421675066,7.632547610084377
2013-08-07,197,0.0020158688120997157,0.023169856724670965,0.05146820116667559,0.13110963014136326,0.017614086781087224,7.60622727883194
2013-08-08,170,0.004029112883303813,-0.16731536478764159,-0.1929034012055316,-0.009679614330123862,0.019361442879115565,7.248207230728864
2013-08-09,148,0.002331857219308809,0.14753037719880038,0.2894314102004123,-0.12719152431461683,0.033635701330560264,6.785089798519356
2013-08-12,166,0.004465562414910967,-0.194766994919523,-0.15316699465640318,-0.13463273217451666,0.03594909130678525,8.149916868696545
2013-08-13,165,0.00298809994219056,0.14781932877673487,-0.061448023908875805,-0.07244428579074107,0.040539036516323845,7.622923397952979
2013-08-14,189,0.0028371962336413746,0.053485375712530946,-0.2463470498926319,0.12040149786366157,0.05293105161435219,7.251737367380006
2013-08-15,167,0.003689552477233448,-0.17152748018703573,0.020836568370229774,-0.08161961557916549,0.038291999580652436,8.21352860542499
2013-08-16,164,0.001878210175478111,0.11986610097978967,0.10580017307236594,0.158280788391019,0.03272683480223593,7.3775346976655785
2013-08-19,185,0.0015913427491409248,0.19549295791395652,0.19947356630315674,0.016236658600746773,0.018224601065791268,8.07048622807296
2013-08-20,141,0.00388974183352996,-0.004140892906043906,-0.1098136465305281,0.017047342381123015,0.005911475592481841,7.3783557981038586
2013-08-21,137,0.0029707292859752705,0.20935109127593862,0.05015984874563049,-0.07349076437879293,0.03797483110930733,6.810251998253213
2013-08-22,131,0.0032204558748082767,0.022464864452544125,0.10323449251432562,0.030541203833362885,0.0068882987408583896,8.241962643654272
2013-08-23,131,0.004610937925358766,-0.1423383249982972,-0.23181282209861462,0.16608541065291568,0.02474353173491206,7.781519779155789
2013-08-26,154,0.004247662920013848,-0.20288930193045338,-0.0822962820485716,-0.023094595385236925,0.027433114074426168,7.939663833702946
2013-08-27,147,0.003915364038037059,-0.05778027487890123,-0.1946712917348294,0.10133453943083293,0.017391008476693504,7.140049101745231
2013-08-28,189,0.0030163179121909965,-0.14538081690463497,-0.1548812943589228,0.16009394045535483,0.02575407888709169,7.418844095615218
2013-08-29,172,0.0026822143487416177,0.049593239326854596,-0.06835094661465979,0.09607597132068524,0.012946552317593119,6.839896407595582
2013-08-30,150,0.0023015488393752664,0.08860409620898979,0.059284120817034915,0.16164713116139928,0.035786015271952354,7.423551430586095
2013-09-03,155,0.0023953514980359675,0.14049996144577032,0.14659274715200024,-0.029651672988924332,0.01149849240629952,7.373620309828932
2013-09-04,165,0.0019337839047410751,0.09801617522454209,0.275753181883608,-0.01191804567270675,0.02213582073913578,7.298253114563011
2013-09-05,157,0.0029002477233917878,0.0862776548022112,-0.08915666821196642,0.09220122826473626,0.02144243949735891,6.803328911195913
2013-09-06,145,0.0024536251816290825,0.3097792142511095,0.1168107882024047,-0.13814130512594552,0.08469186488804892,6.364772801607076
2013-09-09,168,0.0022611812649184163,0.11826947854149644,0.06522828600354087,0.05674533044237308,0.014026598165746695,6.645518542760784
2013-09-10,160,0.004335087775071644,-0.050635497931056504,-0.3162428065608908,-0.020349783530974018,0.04112261492547842,6.5372026672656744
2013-09-11,151,0.004270263391448306,-0.03944297727291341,-0.21332017651257693,-0.036856390431898735,0.019203917048273622,7.377897921682674
2013-09-12,178,0.0028618326035795777,0.049133379608123876,-0.07759884322172285,0.009653056739263682,0.008037796353159932,7.073615604686533
2013-09-13,172,0.002175614712401186,0.2482175536677281,-0.046815109788358567,0.05018609505462155,0.07276679601062308,7.2143516075750584
2013-09-16,164,0.0034019308432921645,0.03762737979082914,-0.014790345902570251,-0.13867035048809023,0.019794609175362243,7.345138820696855
2013-09-17,161,0.003038713032572938,0.11604861723559869,-0.07292018052932633,-0.02159403319475679,0.025483106593690463,7.371247048914011
2013-09-18,160,0.002504381552541894,0.08594392018033194,0.08961890848221171,0.02303507452404994,0.005820169792836394,7.412082762772352
2013-09-19,155,0.00295958927287864,-0.05422004684374745,0.18098998529811147,-0.04424261304674354,0.029116208760631146,6.990498537228356
2013-09-20,143,0.002424797513555388,0.1303675612141741,0.14452442827296466,0.03161592163602055,0.014403108322018632,6.692555203631096
2013-09-23,167,0.0021426109699748024,0.1279964835443414,0.16060403524378897,-0.004232582759707237,0.008233310751214029,7.970835139485921
2013-09-24,151,0.0030892400623294,0.09999615527340244,-0.021655304996273887,-0.011291349100612016,0.01310063178799048,7.760981994533894
2013-09-25,162,0.0026622176656115534,0.17058937870818913,0.03623562947018268,-0.06938353183651431,0.02750558629345079,7.435007929487976
2013-09-26,173,0.0016804933364400684,0.021862988491703934,0.3473291999992995,0.049357117100744356,0.04202672580299094,7.4149741796537905
2013-09-27,161,0.002848874343195794,0.08453920397974252,-0.09447903475222245,0.0926022922634398,0.02304120763273032,7.362399080098903
2013-09-30,132,0.003027445577651557,0.08670261782929492,0.09881072693246892,0.015241022738223467,0.006403656237984001,7.281931878781247
2013-10-01,137,0.0037918237875851192,0.050977311056160185,-0.05974996077446777,-0.030187068080011623,0.008424201325974767,7.62485958828056
2013-10-02,147,0.004793039775381076,-0.12156839531449293,-0.13958790162953186,-0.14799739701801132,0.03471443983961886,7.292428975337211
2013-10-03,145,0.003676945354306593,0.022064831409314735,-0.1352237000355137,0.04684471587728616,0.01397075527909375,6.823141940105999
2013-10-04,160,0.0012446779732309295,0.24539007105960425,0.3799760680455326,-0.023663090539032584,0.05025258143416278,7.119199983230194
2013-10-07,133,0.004617928224153455,-0.04826232561464769,-0.1911546838044305,0.01104810179424829,0.012108687368166837,7.705934256287103
2013-10-08,166,0.0020458311403468397,0.07043229775499818,0.047932401955428416,0.20241936169443944,0.037472984238463236,7.354102734167398
2013-10-09,179,0.0028882062110128044,0.08544480099215639,-0.10776002568992857,-0.011662598844827569,0.024792270469901623,7.688169010692907
2013-10-10,164,0.0026433147281514024,0.10393666644839823,0.11894999504091458,-0.08989389232297786,0.008019627875082924,8.301478945879508
2013-10-11,129,0.0034081694613872595,0.10048266862264327,0.007734536007671403,0.012475074331770128,0.009138116688032882,8.31238977792685
2013-10-14,154,0.001953706129295909,0.20843674768340695,0.11096540055388025,0.07885636393957034,0.03242897676432255,8.46967434925983
2013-10-15,151,0.0014949406223468277,0.2297182362560805,0.2038695651119469,0.11494013068323923,0.04769188344551478,7.4727496968247396
2013-10-16,159,0.003412096296719448,-0.03992617568196584,-0.04894502429975985,0.0038245776249369633,0.0011467523172536964,7.300627970840013
2013-10-17,185,0.002606570132510601,0.1313217519667128,-0.01459343348944002,-0.08115926750618602,0.023512621075224893,7.161837540760666
2013-10-18,175,0.0026243668931342215,0.15188645089019748,0.12082024630735044,-0.1912351097945281,0.038109689593281315,6.895736919894574
2013-10-21,156,0.0031705712024967347,-0.03487537310283096,-0.0784207702912475,0.12407792821509872,0.013489547138039515,7.492972936278246
2013-10-22,150,0.001819248325262453,0.26294783495124346,0.19993790564785027,-0.008660238177829106,0.035164812746339646,7.818167456666816
2013-10-23,170,0.0033544258289721317,-0.020048147600763216,-0.10399185456769022,-0.016464779682071894,0.006161935236594029,7.047852770538419
2013-10-24,179,0.0014961706258964434,0.2537950041368201,0.2924624867255103,-0.08188657493325423,0.029857787008241377,8.147556575198589
2013-10-25,184,0.002917023252534063,-0.09805145706582459,-0.030345658467949933,0.05493255860124317,0.009566018322344272,7.114212180420855
2013-10-28,212,0.0017948872520366812,0.18872990478700463,-0.002080483413389461,0.05231838376283329,0.03922772772778671,7.625134559065774
2013-10-29,194,0.0033073487027501813,-0.11304170756998583,-0.19087427698327694,0.020664687886196118,0.011092376378999513,7.757413775476136
2013-10-30,191,0.0023366575585193105,0.041838763244660286,0.034579076954826204,0.030978972446146502,0.0023916552299633187,7.274672282121044
2013-10-31,203,0.0021499712767330498,0.10611673469398962,0.07062483794697341,-0.049629910994580806,0.0075810314256473665,7.627115522912499
2013-11-01,155,0.002112406216605144,0.20211920600033725,0.00630920186562802,0.13672566498642968,0.055320335493931116,7.666839936102346
2013-11-04,166,0.0033625539045570472,-0.05333345525590857,-0.18217204360625527,0.11913760254922078,0.023025078125789133,8.115307764894657
2013-11-05,168,0.0020397193291716753,0.16856004367494257,0.13972942247744718,0.00636483924591399,0.017448421260786606,7.116092733183679
2013-11-06,176,0.0028516303389737505,0.06504885969755198,-0.04434139553497286,-0.0244813434813362,0.009542274898712066,7.416281190414718
2013-11-07,169,0.00354219904297976,-0.05434412888481416,-0.1420900637817099,-0.0008290838606287641,0.0076642284208590095,7.237653378097437
2013-11-08,175,0.0017181175115392783,0.18563803740558907,0.31581284808932814,-0.10279201453365812,0.03075049325000312,8.264090057009302
2013-11-11,152,0.0034648960421884718,-0.06344933963366857,-0.112463335905426,0.12258427871379542,0.013486206804642076,7.229198379619507
2013-11-12,146,0.0016278802232029552,0.2431461522598914,0.3143494857641145,-0.032836663199270005,0.03014441181767169,8.034271038794383
2013-11-13,144,0.0019410907266725049,0.11197832928094775,0.1336920632362082,0.19529547820116785,0.04647584545838179,7.381850972448269
2013-11-14,173,0.0021947675735266314,0.04569352573133491,-0.012675829706780169,0.20759272353523422,0.03664224862809684,7.415355707324709
2013-11-15,165,0.0026110730614179027,0.10264766338772355,0.12348567149950694,-0.0877874451551329,0.010657555751887648,7.067937857156782
2013-11-18,169,0.0024798093489219906,0.17856116671304414,-0.11434562860836511,0.09760890195968262,0.062246837838844105,7.638082806696901
2013-11-19,161,0.0033599850004130934,0.04433161650779362,-0.00412514016299756,-0.12212164647781298,0.013394621829391551,7.484451782977587
2013-11-20,164,0.0029414491908252723,0.09304321533891952,-0.091298320579361,0.0334597706497395,0.01765575817214371,6.872743517531288
2013-11-21,174,0.0026209244246336483,0.1212617961445856,-0.07520373130256772,0.04186023538546981,0.02897058683351439,7.653542417281225
2013-11-22,151,0.003908012288767561,-0.028235744511237452,-0.19382581492053877,0.041841848223972244,0.015120520175493368,6.807063051341534
2013-11-25,139,0.003531793636806938,0.019139062073655327,0.03329112338921641,-0.03426881649520063,0.0009513918115346964,7.061766126068152
2013-11-26,202,0.0017691910554493693,0.1186716387771918,0.2804366828316325,-0.11386150801036687,0.025255409285603214,7.175137530521884
2013-11-27,184,0.002880822577737685,0.006036493524163752,-0.16945200574220504,0.10327280361057055,0.014639782719736982,7.389264968894165
2013-11-29,155,0.002880033280291198,0.09413907056822415,0.010206670178676693,0.002843942362826626,0.00837781172652019,7.6616567405227
2013-12-02,146,0.003370770091401281,0.08355487988899674,0.06676493677472779,-0.13458468335289736,0.017677003842577976,7.660108717952471
2013-12-03,143,0.0032779076463841394,0.07829870554413067,-0.13305512804073955,0.11727483563074823,0.02989281159831958,7.83554973246015
2013-12-04,184,0.003141397806076552,-0.05468688274341689,-0.21990620597828384,0.11855869608553361,0.026332010680764628,6.948701957744039
2013-12-05,148,0.0026050658803015653,0.10704280354448273,0.09015600583244025,0.03170169005381686,0.00836247764409248,7.092809222837555
2013-12-06,174,0.0033333617458243077,0.040760630973784504,-0.12426063704164189,-0.07650988147900831,0.019982447553480553,7.173055212154634
2013-12-09,174,0.002298963935543754,0.16403378682760358,0.09029086594027302,-0.0543641023371014,0.018910050229891118,7.134555836199026
2013-12-10,173,0.003247771546169426,-0.055617353900712416,-0.00547289849204125,-0.0626387025818707,0.00690892198230264,7.02233007874787
2013-12-11,171,0.002513510080589578,0.06070680926828548,-0.036766522935942354,0.11643926610601538,0.0159678318136236,7.696609725282182
2013-12-12,193,0.002722062616122097,-0.055613159925758285,-0.10490523201176069,0.10980222211439017,0.010517226948547509,7.400384682409784
2013-12-13,129,0.0035172726720776614,-0.02846845925059091,0.23775751835942482,-0.11674540850486141,0.03703858522861203,7.329337175693173
2013-12-16,137,0.004420407529484346,-0.03757411901016548,-0.14337053333770264,-0.030247010730844452,0.006781978247234588,7.526509244737032
2013-12-17,169,0.002740689262038721,0.07349311950363412,-0.013903315930236748,0.01405722585751599,0.006439232515837445,7.03145186590681
2013-12-18,188,0.0013193760185457883,0.19739397019040747,0.2681669396929555,0.03835370714341912,0.0333140952922113,7.472239731998923
2013-12-19,181,0.0030781775265571426,0.002960279615857174,-0.14632871562437047,0.029068171394825374,0.008131598682061036,7.1947206001594415
2013-12-20,157,0.0027603482834351904,0.022210810747013816,0.15360270193403172,-0.04256287367969733,0.009313068856128814,7.358303289179203
2013-12-23,158,0.003636557112532126,-0.08032519602277245,-0.08544130372336095,0.016614452185977752,0.003940776807917601,7.327169324808853
2013-12-24,160,0.0029132673431527217,0.08199482987321283,0.015120264579167675,-0.02936064426125055,0.0059066069935255205,7.545692965184097
2013-12-26,124,0.003617917137367714,0.036124972514002075,-0.006401525828271356,0.07303310324707751,0.00730142912388243,7.645903600675713
2013-12-27,151,0.00432068960649295,-0.021508995263996952,-0.3645165902525781,0.08117732435570371,0.04523782027680734,7.232847204399213
2013-12-30,146,0.0039038045946958896,0.08942571926681682,-0.21166855757782663,-0.017668103340188545,0.0391735272492173,7.454496017653841
2013-12-31,122,0.00343130150106118,0.08932350413007185,0.019617115243174412,0.053821814367823705,0.011067559491823253,6.939079240183114
2014-01-02,126,0.0034669697217488437,0.12246105493239445,-0.039858603788662815,0.043721178975556635,0.020221925155937903,7.489054132839954
2014-01-03,151,0.0036775629260108957,-0.011888455141667153,0.023940008604924977,-0.12267555711854818,0.012463400259939084,7.25311118600794
2014-01-06,148,0.00363403703935949,-0.06268434524260481,-0.2105334170388264,0.19754279863102492,0.04041144331448665,6.824864724531476
2014-01-07,146,0.004060096325731442,0.014705443209483578,-0.06668616321099388,-0.13356740711207443,0.021735709926510527,7.663358539960828
2014-01-08,171,0.002086045405055532,0.19758538269412396,0.09900232276909969,-0.010015233992212238,0.02969780479521411,7.13129136922646
2014-01-09,140,0.0038978373642468036,0.0037665315692821033,-0.06634808549212295,-0.02881290806626728,0.0036212239206898644,6.819631638593578
2014-01-10,165,0.004184194166147632,-0.13663453188235605,-0.20608479973821162,-0.03806474320815027,0.01746255005934938,7.6082373780085595
2014-01-13,165,0.002051721367282808,0.18331469489076563,0.2773501663395374,-0.13773291243362726,0.0322447536716558,7.918498115021436
2014-01-14,168,0.004587028456099527,-0.16794253112814397,-0.41190312426928427,0.0386040941479901,0.049641126619818676,7.599851991772511
2014-01-15,166,0.003202445067084636,0.09500372139382893,-0.21119652618511262,0.05298104251918518,0.04320663211563447,7.386293984722101
2014-01-16,175,0.003681665925659829,0.037177229267751036,-0.15502132765092214,-0.1707389755977624,0.05760999147533119,7.887929830680736
2014-01-17,165,0.004121498838223853,-0.16430815217955758,-0.21257918706149923,0.01679272262718566,0.014524833883345023,7.816450129759183
2014-01-21,225,0.0017403692855508404,0.11690173686599283,0.008919678038663961,0.09101240659746078,0.020312713150333894,8.395730394715107
2014-01-22,184,0.0020456639504881826,0.1069894409888827,0.08234381450195585,0.05786241072951031,0.00976433946369526,7.6332944717017
2014-01-23,164,0.0035896514553342444,-0.08226209111437446,-0.015019048547481754,-0.08012453768777432,0.011420202063266993,6.8937268067733966
2014-01-24,172,0.0022929804381259765,0.18821285566045065,0.07679478452115479,-0.05379291089694256,0.025130277004583146,7.647806056264739
2014-01-27,171,0.0021278617694622743,0.04066326505237991,0.1791144645534597,0.05249354523805203,0.019197394580475646,8.328210355718248
2014-01-28,164,0.0027488773954465816,0.001611661823201709,0.04840692814543322,0.04834962432488515,0.004122090843928006,7.73711911208529
2014-01-29,171,0.0027028753897851508,-0.1249249276788415,0.1108117413985886,0.08972980297372896,0.04727630061440069,6.655112103778243
2014-01-30,190,0.0013393651144276558,0.20439714597779615,0.21564900865048245,0.07099510188921444,0.0284984009648378,7.9723514013095915
2014-01-31,178,0.0026602375610662427,0.04972980433322525,-0.009067605415771752,0.012293229342961705,0.0031288735481260765,7.433040490268841
2014-02-03,181,0.002951254362057776,-0.10312069364931829,-0.0012757473718995307,0.03604236195630788,0.011328178079990647,7.398522746684308
2014-02-04,190,0.0023602023343860115,0.09806077284974958,-0.009972210421838436,0.015034550505401676,0.01139716685585801,7.098851107904666
2014-02-05,179,0.002301289243744498,0.06383120287458278,0.028570847038281753,0.08373640082660867,0.009551537149521727,7.922798898805597
2014-02-06,195,0.002667681603348084,-0.05115855885505937,-0.0017888516358662355,0.012551585185173093,0.002578898476535363,7.1444574790597475
2014-02-07,182,0.002922161338068842,-0.03616961941809053,-0.01275577891034624,-0.014741328728627724,0.0011385088459470172,7.290614248418758
2014-02-10,164,0.004608315993737144,-0.22968312385171302,-0.31283448276062514,0.030989960666553545,0.040735302272691176,7.211028187030343
2014-02-11,185,0.00348237949331374,-0.19607770540744118,-0.22740410507726266,0.13500139795862504,0.029397268621108696,6.896886802598926
2014-02-12,187,0.0022007288605511675,0.09749101683536103,0.08095832246629359,-0.0015219331477905064,0.004396366671879148,7.899794685786548
2014-02-13,193,0.0023000021480108824,0.11607577394051938,0.07242041949168926,-0.07629702256441755,0.009875259046305818,7.397560330369873
2014-02-14,183,0.0026565334723167382,0.12131183409236822,-0.012798524370172565,-0.08080456059011623,0.02219137765578294,7.514689083861798
2014-02-18,191,0.002185913709824028,0.0665520963284911,0.0892138222084253,0.009215044310310967,0.003190853431378593,7.30440339989971
2014-02-19,198,0.0027538174423270725,0.06942627814496767,-0.1286809967020783,-0.031256988604412145,0.02674395434856891,7.125579423663359
2014-02-20,218,0.0026258807091932537,-0.09175213046969576,-0.038217061771697806,-0.014914796966859887,0.006380974710499587,7.074982440610474
2014-02-21,192,0.0026412110885876694,-0.0913857274164283,-0.0036517157019398346,0.08081238510070275,0.013786753760746673,7.230549921121265
2014-02-24,187,0.0026973435557151085,0.11890184679349154,-0.00034289166660718455,-0.12736544496433727,0.029470787950094834,7.441675571849754
2014-02-25,199,0.0022712810316758126,0.052578916110996646,0.10880993782979294,-0.06535870454775866,0.005575968812727594,7.141815441295851
2014-02-26,238,0.0021214581471009283,0.025922125247902123,0.04872409231833742,-0.08446029558628124,0.005284009678151569,7.837533484353526
2014-02-27,212,0.0018165678778541425,0.07425781266495489,0.2235995920155065,-0.06808218489061892,0.016191496400835725,6.967071053203671
2014-02-28,201,0.0022866373767877935,-0.028354104578451327,0.13254139446820964,-0.023415515358449917,0.013873008710957091,7.300872855831958
2014-03-03,173,0.002985474808180869,0.04411382134729391,-0.007066496116342196,-0.07002160886153719,0.006655848134654141,8.405559114920077
2014-03-04,175,0.002613180878872727,-0.010974607652159957,0.01236491892298387,0.08399638112372045,0.0072115623548500984,7.519634424711953
2014-03-05,187,0.0020762424027239213,0.2092156377371853,0.20533369848564728,-0.19106399484158043,0.05011798313369542,7.27929352416543
2014-03-06,187,0.001825734824101536,0.167893836506449,0.15331952716378738,-0.004038187884211163,0.02118226938284329,6.8306231135585245
2014-03-07,154,0.003091720675220723,0.015260671861326935,-0.09845234430566059,0.13094170447634623,0.017502428890929345,7.083769988777591
2014-03-10,171,0.003078829342397155,-0.014578946476882102,-0.016564317013329916,-0.021816371609617666,0.0006181948722114861,7.292643574120034
2014-03-11,178,0.003692633318677741,-0.12478454502703996,-0.1322357756592224,-0.05755714076300697,0.012987407153584485,7.526354949925003
2014-03-12,140,0.005585694989585004,-0.20093761399149793,-0.3454151497830453,-0.01764183330925916,0.033102734192121064,8.02791099252034
2014-03-13,185,0.002589756192069804,0.03853568219503163,-0.09930067334446055,0.10255520008360533,0.01607085941754094,7.37725429748428
2014-03-14,152,0.002187248855445428,0.1018114004416998,0.28987159423637476,-0.056606646733481904,0.020124693334814703,8.1828152798584
2014-03-17,141,0.0020761943635619023,0.21465629339830325,0.11122340835338554,0.08863348772385447,0.029303581118610422,8.087019030306841
2014-03-18,146,0.0038739269659025617,0.020339739365770028,-0.06488941092172107,-0.08663700248759706,0.009694777540271593,7.191094851859868
2014-03-19,165,0.002088946802110891,0.0122123857525638,0.27921523748065497,0.019219932070185738,0.03564133713197182,7.104095300122762
2014-03-20,165,0.003039193882666226,-0.10654605799723119,-0.03857970091008373,0.14219177762746457,0.022488555779539898,7.096904115083524
2014-03-21,141,0.0050693482851489865,-0.09887458447686613,-0.20764532203846248,-0.12303630989667952,0.03058867540507071,7.844795731380153
2014-03-24,161,0.004479320530576362,-0.05550237807908525,-0.16029647143517348,-0.22654236133133374,0.06799071408949442,6.898405416762978
2014-03-25,173,0.002176639548589132,0.14339061792362767,0.1033376629806135,0.0001544352839175857,0.010224351349699012,8.251889846132672
2014-03-26,181,0.002735924001250248,-0.05937303158241706,0.012073521016990777,0.05689502211283725,0.006989144967448291,7.368638781460728
2014-03-27,207,0.002192274372852569,0.0650486988514972,0.0658539137623709,-0.038504202974829815,0.0032122120585290626,7.0767625483192855
2014-03-28,158,0.004197184626948921,-0.05521887309622385,-0.23267792657640513,-0.03841354244323508,0.026571591876820788,7.727965405841605
2014-03-31,152,0.0033837050869520687,0.18443026775190074,-0.17565094288980862,-0.03742567129552543,0.07343690843801931,7.194494024471335
2014-04-01,158,0.003216108386606921,0.13054333710777935,-0.07293464918342879,-0.07389893809213878,0.02928462267273968,6.987060397152826
2014-04-02,174,0.0025414907520574237,0.015240232206968584,0.06306396327191306,0.03725702280512934,0.0030506553359550548,7.295845239256373
2014-04-03,158,0.0031224153225224934,0.10347296248942826,0.05185565517134941,-0.14201185957788431,0.019744875142220786,7.544515926155051
2014-04-04,147,0.0027951805415691684,-0.03937900789691148,0.26966513631882705,-0.05206920764325489,0.04313684304304244,7.217356545537631
2014-04-07,163,0.0034686885085650474,-0.13000668445069585,0.026799425643316496,-0.02758519498482094,0.022359983679410722,8.187306258162913
2014-04-08,178,0.002498137097756337,0.06316498179130046,0.021039868182217685,0.026458343225225164,0.003554596334766069,7.717661772210451
2014-04-09,188,0.002662824331586242,0.01349199554646118,-0.02584789796184983,0.011133953738965955,0.0009421602569769094,6.8369306253926645
2014-04-10,162,0.0029554629337260247,0.08966841412238825,0.08941032293487298,-0.1366487275844952,0.01785518673798503,7.016820460878075
2014-04-11,192,0.002187438766789866,0.10243262987016316,0.06352889780773761,-0.005938014125218841,0.006823268888302758,7.037614754573421
2014-04-14,184,0.0026227635387682095,0.021066384154469316,0.018782923592129772,-0.005026290013297881,0.0002755628089378126,7.202516195984238
2014-04-15,155,0.00335323117569047,0.017161243097980443,-0.04513510418967112,-0.011527803372356508,0.0020614540175099005,6.925122183815206
2014-04-16,166,0.0037462279361113694,-0.1386886060745446,-0.18636504526779116,0.08130597655336287,0.016817197425174513,6.751241957230146
2014-04-17,189,0.0034515352426470326,-0.04786006134226606,-0.07615382883473915,-0.18066643154357,0.03341792331991755,7.470132244816143
2014-04-21,207,0.002513861567231768,-0.07153880953955617,-0.1852386447924795,0.21603876549809317,0.041539310642073835,7.288934966376928
2014-04-22,185,0.002956979500656534,0.015671888559986594,-0.0730033369867743,-0.03675096681612816,0.00690504957343363,7.54814045135087
2014-04-23,185,0.002835386972420501,0.006203735522600995,-0.11077355052081864,0.055476635202637445,0.007911633414874664,7.430637992503753
2014-04-24,212,0.002478726567408527,-0.006093170721370079,0.018677029529813535,-0.06356392338966607,0.003512858413298514,7.487394637763069
2014-04-25,220,0.002530788951164047,-0.0373758313140971,-0.0672054819933276,-0.00896582520475892,0.0017712311168566197,7.6601738331926486
2014-04-28,208,0.003108039572237037,-0.22229973479144682,-0.13437716406254413,0.06373243680338343,0.030119909444157877,7.355082731741329
2014-04-29,194,0.0037611085405317123,-0.13472812834625678,-0.15167781358136817,-0.17290417179868436,0.044705027484105986,7.343320283004634
2014-04-30,205,0.003184081294802349,-0.05801173561880419,-0.10675037283350058,-0.14071122241666362,0.025219940044250433,7.280104534562908
2014-05-01,189,0.0035614065280573253,-0.1093853784452141,-0.29103874904402816,0.05421245988355835,0.03025806872167136,7.67907139093441
2014-05-02,210,0.0025990780547524885,-0.07516498312796575,0.06070131493665521,-0.07714911480472146,0.01761033922033084,8.920179647452649
2014-05-05,168,0.0033910941794642597,0.03532461569775477,-0.1398725944203484,-0.03485966557739347,0.02372980929359303,8.00796893057406
2014-05-06,182,0.0030480376679372675,0.02621385464468508,-0.11202234614964489,-0.023677219624206824,0.013899090503946443,7.345968485834054
2014-05-07,220,0.002907735519674279,-0.06367575020841987,-0.1691178268234525,-0.04661005162481977,0.015600330029665876,8.260488366787234
2014-05-08,191,0.002768537596835848,-0.06335337959842682,-0.07327558610046984,0.07904760370760361,0.005647225999970473,7.666230625441389
2014-05-09,168,0.002536180178644558,0.0747687068994727,0.11540125375366504,-0.04232650067770486,0.004284252952227674,7.629217695681448
2014-05-12,146,0.0025411769417961693,0.11365276227744897,0.26122865076779994,-0.11690508004972691,0.02813082079914586,7.364235742364527
2014-05-13,163,0.003918787225900844,0.013476614869991589,-0.1303977073201571,-0.16060354319350797,0.040092238345219355,7.340352137915909
2014-05-14,203,0.0017943852111173384,0.1261748421480689,0.16853764066746615,-0.023232878529165873,0.01300779124608653,6.917349177138974
2014-05-15,165,0.0028236891439891794,0.056673170724471866,0.10164981735504942,-0.09014040559594691,0.008382187693513954,7.182628612851787
2014-05-16,175,0.0016281762782333245,0.09606209607519914,0.22417287104576303,0.10990333549737191,0.030583036576307565,7.677613321841344
2014-05-19,179,0.0022803791036093515,0.10409411367993954,-0.011481966886941497,0.09101213411485139,0.01832632014927238,7.306020178533945
2014-05-20,160,0.0033583599622247747,-0.0403648429838242,-0.06908866853479405,0.034778323606686964,0.0018878229290524295,7.299796311973912
2014-05-21,160,0.00147234614473925,0.3507570073276316,0.35417584067554014,-0.17608361431972913,0.0666455463817841,7.772418134936028
2014-05-22,184,0.0023106789350933244,0.09490850214601584,0.061935686362077955,-0.007174036622435466,0.005785763960670098,7.467766731661798
2014-05-23,161,0.0023496829354381584,-0.007030850458317597,0.12002097824864592,0.13041196699857313,0.03283231286341759,6.6114954245675115
2014-05-27,144,0.002795467511398234,0.07487410123080891,0.05187246460999711,0.06815879087650059,0.009679789109160564,7.076171292341755
2014-05-28,198,0.0033885861017547286,-0.02477483118895258,-0.1916391923398439,-0.12546607276607946,0.035614756338126496,7.052025090191733
2014-05-29,167,0.003502004096093367,-0.09037650356022035,-0.10830409748455797,0.02901123294959505,0.005871750860156677,6.981120130523948
2014-05-30,146,0.00389098957450112,-0.013155078800579794,-0.11881763148535647,-0.004196245468392322,0.005667279292264071,6.896604768559908
2014-06-02,165,0.004253771546695774,-0.13535289546896376,-0.26088125975918036,-0.007510455181462448,0.01833681241677132,7.755693374671091
2014-06-03,163,0.0018818606035164074,0.11383162626197435,0.15340462489026752,0.11927719210140969,0.032968359917621815,7.285687199192374
2014-06-04,171,0.0020419515273017125,0.14807865078750335,0.04020334467147325,0.11337058220383246,0.03129630410965767,7.253771576838744
2014-06-05,164,0.0030214172525541193,0.03756786174526049,0.019987696583390904,-0.04858041716640294,0.0023634574125038776,7.67573164397517
2014-06-06,147,0.0027949789047169425,0.03690623945616961,0.2240232656027062,-0.08265330304565699,0.018349440876655132,7.058199993388077
2014-06-09,160,0.003844007738109982,-0.06628353700823217,-0.08625686730309003,-0.07754207188388061,0.011772740122097947,7.3597855907745755
2014-06-10,155,0.003907742580629341,-0.040950286557728525,-0.06262324495723044,-0.10782666848013679,0.016222243498306255,6.616419560264792
2014-06-11,176,0.002491574477365347,0.047842532600550075,-0.058382391334153086,0.1335056427009991,0.020148729243174013,6.77600850843643
2014-06-12,190,0.000832079877005604,0.2909368217450984,0.3422163435124271,0.05065648148035855,0.06954812684368228,6.9707246459295025
2014-06-13,155,0.003340364302509386,-0.058685449880776445,-0.019082959425361947,0.042255475528228094,0.004883025291677279,7.149789493813557
2014-06-16,168,0.001965609251640657,0.09194078190679951,0.18996676440715243,0.05764774513478575,0.019534834496577225,7.8277554317017355
2014-06-17,150,0.004391936115957638,-0.05924501285370251,-0.21641708242298738,-0.041918739510597096,0.018476047496156056,8.060378117635656
2014-06-18,160,0.003417723536829776,0.06125851888231706,-0.038851987528179595,-0.11607806313966629,0.018619377191249842,6.871180661024128
2014-06-19,145,0.004287524518516802,-0.0436763246028056,-0.07357587428007446,-0.12612991148698585,0.01865656759364831,7.128375729222507
2014-06-20,163,0.0029014105494319796,-0.028167676622522113,-0.02082685458784709,0.10313469209554652,0.008242390390801213,7.194714910139907
2014-06-23,156,0.0024385469756717706,0.09977756748405796,0.04814313244093269,0.09125264366541344,0.015067392421778236,7.93715312449389
2014-06-24,168,0.0017461365979365173,0.1134760203735634,0.2324575822140261,0.06736450050574558,0.026144732562846218,7.646382027522357
2014-06-25,183,0.0023132307271253004,0.08290569321052119,0.12050996002439912,-0.050058099362781994,0.006418806316133785,7.493950437458837
2014-06-26,210,0.0018024415376025798,0.12850582580783734,0.1972790554633099,-0.08281032706422344,0.014828512651947734,7.359886227886623
2014-06-27,178,0.0019055169472282014,0.13349644414390788,0.16161515985667682,0.026524362786173747,0.011970849668299977,7.932977669318189
2014-06-30,166,0.003015034846243125,0.01829420784168393,-0.02666952854700271,0.007383751752603521,0.0011444248787163547,7.774889315197821
2014-07-01,178,0.0027837098382984034,0.0033382289600474586,0.0307801139148167,-0.02511904530909361,0.0006765226339556785,7.300557397787401
2014-07-02,162,0.001555267363164295,0.1612458359897033,0.18531982626240506,0.14952771208266116,0.050548368331034155,7.401887314562343
2014-07-03,171,0.0021314480346978047,0.1845894875661379,0.23056334408744983,-0.14410805952023897,0.03397846592831155,7.01551756197462
2014-07-07,160,0.0033641611008204337,-0.11578629357168502,-0.019002223976908105,0.05825696528605417,0.013543820023463216,7.037022326697105
2014-07-08,177,0.0037929323819859487,-0.1565672695987055,-0.24870013910218608,0.06256934547787112,0.022165771727679418,7.123580379418178
2014-07-09,156,0.003125781916624016,0.010140365737224577,0.017061755581552332,-0.0024460793054648248,7.555238954148891e-05,8.26353288093137
2014-07-10,160,0.0027028221544171966,0.21748737489663003,-0.09133433511483446,0.008943870804707748,0.07442987811963919,7.732724029477516
2014-07-11,158,0.002845846850942387,0.1521297566173846,0.11528856933864357,-0.16670593085382437,0.027199011974596954,7.910766046429282
2014-07-14,147,0.0009525915575871368,0.5130071149006575,0.34353551762611506,-0.13660455045739092,0.13221754740281821,7.951038920816497
2014-07-15,155,0.0045224515766174485,-0.19842289082373774,-0.28514320700681234,0.08160610907914055,0.025720013424760713,7.730508686584494
2014-07-16,183,0.002282835403275511,0.20214489068633104,0.0755578440629168,-0.1132204923480817,0.03290605117461831,8.17861837301819
2014-07-17,183,0.0029904765023689973,-0.04307253545110008,-0.07080082351880039,0.019358959102849113,0.0017705331510590172,7.022745495466212
2014-07-18,187,0.002589390797806443,0.028269978777091247,-0.1191801592875378,0.12247802213083188,0.023417789591324456,8.241558793841321
2014-07-21,169,0.003045031357232505,0.004909656046977214,0.0753162056546174,-0.10944646044618322,0.011158140920610737,7.162882552805308
2014-07-22,188,0.00228325679357304,0.09189485352633094,0.03336829933272906,0.016232292757479123,0.00638761364722118,7.536249287582608
2014-07-23,187,0.0024823363409293164,0.1729138490330899,-0.046110804065976355,-0.05519683647467729,0.041569154578991796,7.229521249872195
2014-07-24,188,0.0026502621443195294,-0.07093298288929308,-0.051609408197338835,0.1260438248224808,0.014513141498686766,7.34113583827238
2014-07-25,198,0.0020810711907502544,0.08434892613170909,0.08008428862862006,0.011462593702583969,0.004706507849426611,7.416104661038235
2014-07-28,213,0.0020824559522790377,0.07724453020793826,-0.008392570261334045,0.04402180438252607,0.008714468787731966,7.6363352887369755
2014-07-29,206,0.002710168061122942,-0.02180064208428193,-0.07678444914327584,-0.018004149955097984,0.0032377832722843003,7.800928697475483
2014-07-30,194,0.002222631120202103,0.15168115192311044,0.051791092455423175,-0.06585311901694846,0.019390813780771232,7.72534881913334
2014-07-31,216,0.002336540401659359,0.10371809529612584,-0.06767265834614958,-0.04543089046682042,0.02689634073969105,8.395166174911083
2014-08-01,223,0.0028040365908060527,-0.18007577491397303,-0.10201236452837209,0.031487819942852296,0.014026794631301187,8.519958595928053
2014-08-04,199,0.0019532817773178905,0.06480112069489709,0.03313809022746375,0.1246546417051197,0.017301081415267316,8.706999706086037
2014-08-05,183,0.0017312791343829454,0.05611606047959943,0.12549776004049942,0.1847380162957433,0.04126537661422125,7.277084131160201
2014-08-06,199,0.0029809963066205953,-0.0483908773758275,-0.055116502327296646,-0.08292915033186785,0.008919914715612709,7.43881037070659
2014-08-07,203,0.0019040470900994729,0.04638431680295333,0.11583824390404326,0.06473432071261763,0.010299857849362049,7.514247313476677
2014-08-08,178,0.0033030160700446465,0.023938064426645148,-0.1441359306008065,-0.05567585476172874,0.02356010306068157,7.462757005286894
2014-08-11,175,0.0025140878076739407,0.04988652291246618,0.09084893221454814,-0.020666187812888037,0.002188530891085505,8.13314765276913
2014-08-12,160,0.0023165807967538885,0.09466140835948894,0.05645187121452096,0.10758086546474097,0.01993793067612948,7.033044953836841
2014-08-13,179,0.0031601346331254104,0.005437593594044282,0.0001959514830471849,-0.1369617437359894,0.016346551460574954,7.7347246354971375
2014-08-14,167,0.0021580154246467792,0.10067578116053826,0.07519963462526918,0.10334743238217133,0.018106940311429454,7.89967049441555
2014-08-15,168,0.0011434411676821373,0.2702345025538183,0.31807407823786965,0.027495186867116262,0.058870467009456307,7.415830774681448
2014-08-18,171,0.0030682953644634203,0.0792213323001639,-0.04347764736608825,-0.0851006995805669,0.018550184564308903,7.214227577419008
2014-08-19,164,0.002203214708217149,0.08541940064506548,0.06424866529884787,0.1276775097608641,0.02322756402208781,7.401593451682347
2014-08-20,158,0.0033793018935720453,0.07078873516691471,-0.03835190094956136,-0.10029623258612488,0.016215147327172996,7.193770024598688
2014-08-21,169,0.0036667325584127997,-0.05612949382015775,-0.3750990728246095,0.19187296190125003,0.04882040909532892,7.943904254135561
2014-08-22,167,0.002082926301094924,0.09594982930754076,0.18939490627062672,0.01895787985612337,0.01445516902067201,7.484749119514193
2014-08-25,161,0.00326753170501608,-0.04999844638180694,0.04849792852198598,-0.05064469115536316,0.007410079199778097,7.175989017516747
2014-08-26,155,0.004454121967374624,-0.07500894083109544,-0.15925863897649592,-0.14651023007853928,0.03772399171527907,7.271969060762892
2014-08-27,200,0.001927994139630618,0.06423098483932495,0.2144169940161604,-0.04984563470773557,0.012021620708652092,7.341705616827228
2014-08-28,162,0.0037830789847603493,-0.036386769205670744,-0.2331924644616989,0.04386164260501599,0.01890808988145698,6.999069799456949
2014-08-29,147,0.0036427337880267723,-0.01254182505993046,-0.09740900738193844,0.03898709876199581,0.003458892205374764,7.205057591694476
2014-09-02,179,0.00199261698611919,0.13099342324353905,0.20886730874486317,-0.05321761301906236,0.014953235406402365,7.385790241138183
2014-09-03,199,0.0014771130085666322,0.20352288667163607,0.15127372177813095,0.057312414140709526,0.03593258639684116,7.638873415524534
2014-09-04,174,0.0035001709876110276,-0.04879608678355001,-0.07718576646877882,-0.09207765043631308,0.01204661522942374,7.43626118893938
2014-09-05,161,0.0033714677412847536,0.009908180437926697,-0.005376967801428776,-0.09014382533019019,0.0075959796627176335,6.6823544269088515
2014-09-08,197,0.0025878435426061252,-0.0802837126096584,0.0083925973447743,0.05228075947807196,0.01119022292634786,8.06489818530443
2014-09-09,190,0.003100545534267968,-0.09188937313682823,-0.19049980972306285,0.10418187983805434,0.015458689221232946,7.23494349148581
2014-09-10,184,0.002616015298971883,0.010602387434825639,-0.09863285379637915,0.12533683633989773,0.015752349270721777,6.927497915461088
2014-09-11,202,0.0023717073827151944,0.017447208653406935,0.027646500501029382,-0.0032634917713739472,0.00028000611543321785,7.104209600353371
2014-09-12,150,0.0034474332949322025,0.09753113874262971,-0.05362936767944249,-0.07813175954284626,0.02026038853352019,7.13142078762252
2014-09-15,176,0.0021319566729022022,0.00359158627501607,0.12698267286424694,0.11897699199916927,0.022616270520917747,7.335562996578546
2014-09-16,175,0.0037427327624803166,-0.1329510867537493,-0.32520082107526194,0.14819544096090215,0.03576118933927708,7.314054878998744
2014-09-17,191,0.0019758925299894984,0.1640874587413674,0.09737990593338586,-0.016258311130735902,0.01754311847061152,7.99775219492142
2014-09-18,193,0.0019100279857632502,0.16666677367920613,0.01831203199010414,0.07775039182608257,0.03054593878964995,7.621573480927155
2014-09-19,182,0.0025296857986269864,0.12327330540676665,-0.02701173868544375,-0.017067197421552757,0.019005378901180148,7.381250793480015
2014-09-22,166,0.0024783696199868264,0.003209338128077758,0.12136669227533857,0.052605255760957495,0.013483543352596272,8.189935138623458
2014-09-23,178,0.0029383775896753344,-0.055556811534105154,-0.022185924417946576,0.03168031402763548,0.0028649409199775766,7.4962009386529935
2014-09-24,196,0.0017216197728725008,0.05566228553947183,0.061776664214154675,0.2076860992803577,0.04219895122994022,7.989314753887209
2014-09-25,201,0.0017862054227957246,0.14147309773249808,0.10810004611400127,0.03237227618960815,0.012769462863929992,7.550390072393489
2014-09-26,195,0.002777363122165086,-0.16444226818340674,-0.023326143141733934,0.10459679368075916,0.031006599206749086,7.158574449183645
2014-09-29,177,0.0034799909105211048,-0.016555648118070497,-0.18232346757003753,-0.033037666636362484,0.01736524420196428,6.677135985630114
2014-09-30,189,0.004165247847619259,-0.24852534845832827,-0.48962508134051674,0.1636867433987613,0.0738665241357801,7.48881571178426
2014-10-01,178,0.0027452106789684514,0.08751041735548365,-0.06082533472145985,-0.003980084346793449,0.013934652474381304,7.103082403883071
2014-10-02,173,0.0037437822288147785,-0.07552047715131621,-0.20138971577967454,-0.018438458238922602,0.015861396733624633,8.096719736592533
2014-10-03,189,0.0018136152787353338,0.05895913124385154,0.1483224484280304,0.10717184496615709,0.02266368115707218,7.549031115669565
2014-10-06,193,0.0033274518510245034,-0.2611974560042961,-0.2606808878833147,0.23748192939215385,0.07424837381810434,7.357862985277875
2014-10-07,195,0.002527293753736252,0.05783398510344907,0.07025642129237959,-0.113734970352955,0.01012667891821084,7.159018007867368
2014-10-08,178,0.0036754367741453297,0.010838054658530077,-0.2805807817309526,-0.03871276452332124,0.04372811284208311,7.304108348020609
2014-10-09,181,0.003863994946807203,-0.02358715611377666,-0.36852808211937965,-0.006650932511036126,0.06943266530686243,6.927533426972222
2014-10-10,187,0.0026561277410288697,0.12884025372206667,-0.13267489302069616,0.010442864153842782,0.047010289116790394,7.330501398944784
2014-10-13,202,0.0025681059252122547,0.04899562638313553,-0.12557225790279886,0.03906183773391176,0.019619532325495515,7.641226168562886
2014-10-14,194,0.0025443209234172247,0.059291965161059335,-0.0961098773557918,0.04962139390884579,0.014109840217643166,7.7807286587876066
2014-10-15,206,0.0022964609930116587,0.1038755223844685,0.0269795429826421,-0.07699699448791843,0.01220031951376932,7.674328066287296
2014-10-16,219,0.0021042361053166263,0.09812434063345674,0.03402499856392138,-0.05380475332606815,0.00887308041056023,8.266055029219372
2014-10-17,197,0.002427248351204529,0.007961956973310095,0.09299009072945683,-0.05728789807735329,0.006183904181750632,8.108616356766198
2014-10-20,212,0.002173969959154265,0.07024484793939459,0.13886855365041867,-0.13087666427122122,0.01660706252087707,7.450841856778125
2014-10-21,229,0.001986784223772427,0.0572501600382455,0.12637241827293635,-0.093569752798948,0.009381956093991728,7.62910396835067
2014-10-22,217,0.0023521118089820563,-0.08014870349003261,-0.016569932712617075,0.07590211110443949,0.009250875270173431,7.419903066804883
2014-10-23,193,0.0024337080568597254,0.019634708775997954,-0.07325301411956463,0.11420699539570588,0.012285534241449514,7.914547304149117
2014-10-24,195,0.0015542686725050498,0.15611756361818213,0.16109178721966783,0.07662586688517505,0.030787521023996733,7.416754822576128
2014-10-27,222,0.0025990620124260707,-0.10542888486437313,-0.10890348197446523,0.060348833321653944,0.006229784958132645,8.004602995674304
2014-10-28,214,0.0018260939960463448,0.08398577730757582,0.027398223974245718,0.10704776841034691,0.01589956184578034,8.155467192971178
2014-10-29,230,0.0015868678701117917,0.12859156008379186,0.21963235827690933,-0.07818313861212461,0.018017090792214474,6.87264481277506
2014-10-30,262,0.001893304197857136,0.07234407502534525,-0.1078992084571419,0.04346373375465878,0.022548601362168186,8.01454877991416
2014-10-31,232,0.0013966775657451719,0.19462228604602752,0.19536088996178866,-0.03804156651357773,0.016034117118141622,8.090699601734109
2014-11-03,218,0.0024696246244639798,-0.03573308087930465,-0.03793801823520571,-0.0030852371517854703,0.0007039620929197854,7.743845238223891
2014-11-04,190,0.0025621197691387187,-0.0141169154281244,0.03875984928471957,0.0017515538706914548,0.00209487561225552,8.98355695718896
2014-11-05,214,0.0017419742913306942,0.03131636385060829,0.1102489810935347,0.11286965836631885,0.02095547197644576,7.787786362624211
2014-11-06,215,0.0036213771072487484,-0.2182731326380219,-0.27238120586087894,-0.06653781761806123,0.03564659270586268,7.327844600381437
2014-11-07,225,0.0019016257207352726,0.09186745156311321,0.055955513062193596,-0.0035545389561803926,0.0041993641834818796,7.976387911272067
2014-11-10,206,0.0028936719120102295,-0.04444850720646392,0.03613999914162602,-0.18388431968337815,0.028970092586913743,7.8386256138577926
2014-11-11,178,0.003379003425445878,-0.008526887254908742,-0.05864463427493856,-0.1357536979288943,0.02192220176669668,8.72946264379049
2014-11-12,221,0.0019481096630047682,0.04750017788111997,0.1286007135547579,-0.037165362483983264,0.004350430455711041,7.995983111725344
2014-11-13,215,0.002498558807427418,0.04880993709972634,-0.04898169945581141,-0.07420852483770837,0.012243205024585313,7.967740703938756
2014-11-14,179,0.0016110760857351385,0.14762561699738924,-0.0009003581221000027,0.2765095024315348,0.09032999743238901,7.648321698579798
2014-11-17,189,0.002581841458075536,-0.022353110353137084,0.11238298586983796,-0.06596594666925015,0.011340427164183042,7.367392956655513
2014-11-18,200,0.0022554361104670053,0.1006456159327421,0.03289574419065498,-0.035715804310196234,0.008926636995857828,7.582322787681254
2014-11-19,163,0.0037795309051010637,0.09070163536946797,-0.2827560674490343,-0.040072642983381236,0.0661949902000194,7.451933197738561
2014-11-20,149,0.004376564736714134,-0.24982756991761249,-0.22228073995078798,0.16789201832759376,0.053935264377007575,7.021696340782514
2014-11-21,164,0.0027359207074547586,0.008209879717980801,0.19691974909264262,-0.10251162085578948,0.023835348069822904,6.543709359868748
2014-11-24,194,0.002715988057265949,0.004682330889256376,-0.1296511178423138,0.07116542073387686,0.010078125238769942,7.1797143345914565
2014-11-25,186,0.0016716857579154871,0.18015161489361484,0.11598505851759265,0.08199622464424554,0.03626907548307445,7.752928532396995
2014-11-26,225,0.0016190158667117123,0.19489829256795477,-0.00696223790067531,0.08350680531244811,0.045382917583957294,6.93660686955074
2014-11-28,186,0.0018786998069232955,0.14639422629628893,0.09404153603290209,0.0606879094953474,0.02118064156859667,7.71619273816938
2014-12-01,152,0.0025469303826543502,0.13446723371553784,-0.08716543399233369,0.17843136394987358,0.06133513120363798,7.287009623581803
2014-12-02,203,0.0025053335550222298,0.06357785671735026,-0.14381639961332907,0.06307311955695652,0.031149130755823262,7.598684375131634
2014-12-03,205,0.0023985125021028088,0.10109823476902291,-0.032289519137496434,-0.052198841493676686,0.01324909780568817,7.4580814563443845
2014-12-04,202,0.0014405134156211918,0.262821474478137,0.24961448285861268,-0.09440337724770315,0.039679489631402665,7.403650229965731
2014-12-05,195,0.0027988421707452913,-0.01249818007951418,-0.14005200696924086,0.061001740458092736,0.010586367562203436,7.54848119927344
2014-12-08,217,0.003033280207951756,0.0010703822555212603,-0.308830615218697,-0.008683377287885236,0.04816684578382313,7.155156424167246
2014-12-09,203,0.0029662759914628415,-0.011679171226726386,-0.23346624189417733,0.04083736058699261,0.027366487847569343,7.802767301842759
2014-12-10,211,0.002058999349487704,0.07279345233929069,0.057067385793596034,0.0012414363833088478,0.0033914554797196406,7.072379164868436
2014-12-11,198,0.002492843947718678,-0.0007097532806736928,0.10152487268638115,-0.08798132270230366,0.008586002650288305,7.326776243684373
2014-12-12,199,0.002256983298373363,0.003114278536644322,0.06358335106571003,0.03502301764504198,0.0036414977294431106,7.572695591814183
2014-12-15,215,0.0018648699182812689,0.11765946760938328,0.06527747563798879,0.015168991891684186,0.008678026257780358,7.587331566451614
2014-12-16,205,0.0021546991435917174,0.16335534077163308,-0.058706999011878404,0.011925009367636985,0.03904430404322179,7.6154734271122315
2014-12-17,240,0.002426641866965183,-0.052248102089036366,-0.06932301086600509,-0.04321698318825382,0.004746962251946041,7.384734963227612
2014-12-18,193,0.0025147826118472835,0.038101987859653186,0.034286487755923176,-0.04309456378863379,0.0019309791395902831,7.242119537690432
2014-12-19,200,0.001684882845300228,0.16106018416575682,0.15023141912024102,0.014755258593913264,0.015261022342190178,7.540043652203241
2014-12-22,193,0.003353883975318625,-0.10445486712049963,-0.06810286608325672,-0.12204148126922754,0.019494461346215797,7.04297429947968
2014-12-23,217,0.001621622887335307,0.19882698934259854,0.15695172930630907,-0.05956305175242872,0.02713994646426543,7.090743678413851
2014-12-24,222,0.0016539771303532395,0.17984153496077687,0.23490179331594035,-0.1491091741535525,0.0312107339223332,7.467732991586732
2014-12-26,192,0.0023439274975192844,-0.044393171412628184,0.022861861706599092,0.12146315065862079,0.013821151180777091,7.451386037719314
2014-12-29,221,0.002006237925517113,0.019696708245480463,0.0035556184054861243,0.0899905102704726,0.007508231073141913,7.106005806421303
2014-12-30,208,0.002685470001531412,0.09984302335965231,-0.23571148807827524,0.018712944081555966,0.037846679599994326,7.850032046233203
2014-12-31,200,0.002245922910004344,0.04884636188370323,0.2509239234960955,-0.1981394493815394,0.038721329537530824,7.781385738491863
2015-01-02,233,0.0027544095957102222,-0.030950042928513527,-0.20143521090891736,-0.05116961776352682,0.01605222302369158,7.497604965196133
2015-01-05,216,0.0026006385496202106,-0.12828219239525132,-0.06919247878768985,0.07399881774700462,0.014444740308218296,7.239458329254191
2015-01-06,252,0.0019372186224831148,0.10481784970452829,-0.06271373750768323,-0.01846229792834712,0.019605512956581528,7.303786823602817
2015-01-07,315,0.00149409437957573,0.03873308994680756,-0.11461973694101694,0.13460718786150477,0.027086284647189096,7.5440243677646395
2015-01-08,254,0.0011758988820439581,0.3026454325717181,0.04216342225413607,0.05783451309581973,0.08437138331306104,7.441055163695796
2015-01-09,236,0.001459789737469916,0.18556232588396296,0.13328736892477838,-0.00787045089453599,0.02138790674942459,7.400499722323857
2015-01-12,280,0.0015783133112397794,0.08189521604369045,-0.0185553969298575,0.052804726591886265,0.010093923638153535,7.276433046733573
2015-01-13,249,0.0017836271238903232,0.09453130494834507,0.044168542788107286,-0.026946155433842548,0.006318952483474249,7.354942382639737
2015-01-14,266,0.002347932452466358,-0.04159434458249911,-0.01745256940494368,-0.19005315072464524,0.03311232259788577,7.580172090447544
2015-01-15,258,0.0023731780253463675,-0.16858525032168373,-0.02774421589727672,-0.028230394859766236,0.025777954563171557,7.346514928412303
2015-01-16,254,0.0018443981029650839,0.027628552498837656,0.06369620570136364,-0.028278994506459557,0.0015919226633144268,6.905313595967423
2015-01-20,322,0.0014540798330811293,0.04033604823732741,0.04199527583991492,-0.018758736581491756,0.000997882583569476,7.063006490666932
2015-01-21,243,0.0027734282007179367,-0.07994154960860808,-0.32174596576739994,0.053801409827080614,0.037559490678495844,7.06140362586431
2015-01-22,255,0.0019719851479876324,-0.07229109270693966,0.035609671140111536,0.030968996093137014,0.009749342466868649,7.596410649492368
2015-01-23,271,0.0016369348080867985,0.009726745785773842,-0.050889362044511055,0.15394395027568444,0.019910171502468432,6.782504184298196
2015-01-26,289,0.0020545180336311204,-0.03611371913858048,-0.10690579564905506,-0.04449190865115424,0.008320471786219086,7.404295625839361
2015-01-27,247,0.00225916399182947,-0.016124894065721204,-0.0924115251002183,-0.0074905927978223714,0.003973351373579348,7.479765996140499
2015-01-28,297,0.0015276172392600603,0.08112889652928824,-0.01945645019056613,0.030922913540808613,0.008218850469105865,7.005295054604812
2015-01-29,276,0.001755290333335137,0.018692114326952766,-0.01659965854975124,0.028987280221806494,0.0015373377988487924,7.497681267949234
2015-01-30,243,0.0016243982479225026,0.09547647225403778,-0.0014674268964824664,0.1165334061521069,0.022549810985648455,7.55002773269129
2015-02-02,283,0.002546197546629689,-0.1762816092610959,-0.1780508286200309,-0.08681537351127859,0.026083137845904658,7.474881021157491
2015-02-03,258,0.0019621612831734825,-0.01185279913513119,-0.05975370957537592,0.05913128659298922,0.0026741317180269952,7.4053259338180855
2015-02-04,279,0.0015500594321157038,0.09573677636507877,-0.07951172186620672,0.11884178238056327,0.02912101116174881,6.728843776854006
2015-02-05,257,0.0017033007522363104,0.14966404363995928,-0.0033570157437654126,-0.02180361454566541,0.023830916468679075,6.946394852524862
2015-02-06,256,0.001357416842792068,0.14885229032778982,0.1381538537523003,0.017996432410372257,0.015131023485164263,6.94078139804676
2015-02-09,266,0.002476099726038766,-0.051792719018369446,-0.206985430136657,-0.05850690509759895,0.024333584571842204,7.781353917707966
2015-02-10,270,0.0022570878118031977,-0.07370044191841661,-0.30322827779189265,0.15810130133656236,0.04426917438364719,7.936784656032936
2015-02-11,277,0.001533611967244768,0.0537654111576593,-0.00797000125714841,0.10458356024588411,0.011979240784450451,7.328901301352011
2015-02-12,250,0.0022193842255027966,-0.09115263296663949,-0.05930808099955863,0.04076860121480211,0.006611175991865115,7.365341394524411
2015-02-13,237,0.0018605812110527107,0.18093653581536642,0.13870098438952957,-0.20155301424386973,0.044902573272691315,7.984150378296233
2015-02-17,316,0.0017567366677004692,-0.0861878216845366,-0.011589228170437343,-0.01248052413172103,0.0067372652424178,6.916249772074742
2015-02-18,270,0.001639778223244807,0.037082966717931064,0.0617215922411561,0.015715200488719105,0.001821085159361302,7.782087001453474
2015-02-19,296,0.0015057694448448217,0.09194514273196293,0.030887900431941034,-0.014248554512043952,0.005666556618827423,7.466499815712283
2015-02-20,257,0.001996940508252897,0.06721104934675522,-0.029399741224552065,-0.06423872936419062,0.01097198952945655,7.317899343691533
2015-02-23,270,0.002114112794046582,0.02277285030051192,-0.2919615368911575,0.12756777780549147,0.059080003132456316,7.030903259947016
2015-02-24,237,0.001718509847455759,0.11617473920103659,0.15816051478827814,-0.0889089216833412,0.012057046075026778,7.259395978174425
2015-02-25,297,0.001700608656388221,-0.022870020389121268,-0.04709764823946805,0.059806126733997475,0.0027800326973157485,7.46523150738283
2015-02-26,271,0.002316592632081333,-0.19852029326251175,-0.20191885314552938,0.14484593981995786,0.032917823072588503,7.330900261382382
2015-02-27,237,0.002194623552340563,0.014826351093927789,-0.08601157231844817,0.030933657415090857,0.0057091479224284924,7.424534267904435
2015-03-02,268,0.0016607256522177109,-0.04518305449985413,0.14569211002524124,0.009341994885923575,0.01922312180025143,7.411561660394126
2015-03-03,227,0.0024072472769671514,0.015388718745664831,-0.14125589220115162,0.032976909712400644,0.013520538913985747,7.521196531397133
2015-03-04,237,0.001785459138726377,0.007259293308464207,0.0746385701057993,0.0717945048294296,0.009113565966868298,7.458103774534987
2015-03-05,219,0.0021915686103761074,-0.08833526957454399,-0.02248013151400648,0.15090834974381534,0.023761452919188075,7.302752544147261
2015-03-06,241,0.0028880953614697506,-0.16059167521634368,-0.33186606968420856,0.10039578067214285,0.033497124413255586,7.2569602909667985
2015-03-09,283,0.001639940927889667,0.0963848673148941,-0.08009743321821633,0.05550600071777084,0.022568919072516236,7.214583755210686
2015-03-10,231,0.0022064817048139083,-0.06059511324289183,-0.012193857504260781,0.05339442312312688,0.004637440554624783,7.456720712871129
2015-03-11,255,0.0014168737374187204,0.23324147528829192,0.12066612940080353,-0.07651321077265373,0.040841874899597785,6.995223576903626
2015-03-12,238,0.001659886906095778,0.1477942043593991,0.03914745753850094,0.022952170800506936,0.017329380767605818,7.244313190388929
2015-03-13,245,0.0022950294161508426,-0.0283813844236022,-0.15099225314897083,0.054809223658660554,0.008082655281800077,7.368842216905639
2015-03-16,262,0.0018285555831695569,0.025905666457340156,-0.04920072013283296,0.06513192809464498,0.005664296897839871,7.393720292027543
2015-03-17,236,0.001759117474209262,0.004170704864750161,0.02170191460920935,0.14382393269926264,0.018685709968481623,7.699792475133291
2015-03-18,231,0.0022415900036650517,0.0681444400677196,-0.1310643496352252,0.027305327874244438,0.021703458739923187,6.8682620514019925
2015-03-19,231,0.002360902662157602,0.02948353082542928,-0.022513878845322847,-0.09770668189691667,0.010933640823256874,7.742503459377572
2015-03-20,205,0.00263386189499201,-0.05178375329339639,0.02984690166942569,-0.05794652532275549,0.00695839691508493,7.508445746330007
2015-03-23,238,0.0024984968648558816,0.011614277959165548,-0.03736818353195516,-0.1635306020986047,0.025711569224970643,7.199601246254766
2015-03-24,225,0.0015487593542635192,0.13443124894367198,0.1731534021341465,-0.00452636049641456,0.014669451293968905,7.389600427885748
2015-03-25,244,0.0016118017414331982,0.05697579204907193,0.20693329115419648,-0.050468333022661044,0.012144361876337273,7.209360876822503
2015-03-26,212,0.002753312590314804,-0.06575227927201101,-0.08984483272407941,-0.011807426297380833,0.0038029781013005914,7.188346817212689
2015-03-27,269,0.0015647083553175125,0.14795774536493886,-0.11045907614636943,0.12068823562061293,0.04448805467177608,7.358865869831033
2015-03-30,238,0.0014301678406554404,0.10478761686270711,0.14062497452932646,0.07382751645597799,0.016505377787595865,6.983876857200059
2015-03-31,209,0.0019200632849329631,0.10379686218087973,0.09083851793186327,0.0027781667852765438,0.008775054240757196,6.844861238550984
2015-04-01,222,0.0023338582136797183,-0.012169298771766968,-0.06323223869554734,0.039168490593494344,0.002102929815720689,7.911791340560215
2015-04-02,204,0.002467705850618839,0.030865811764629242,-0.058940449936295304,0.021250651119181205,0.004705688853269718,7.653805076805055
2015-04-06,272,0.0024792621666735624,-0.12896946425528863,-0.20242798559961026,-0.017321168815513287,0.016942031114141165,7.42918110100727
2015-04-07,213,0.002130518611928661,0.050358525316539116,-0.015179635660815398,0.05722018166267383,0.00574579606813741,7.264782062604858
2015-04-08,213,0.002392802325193544,0.06758324861861616,-0.00904971154306831,-0.07786732760800395,0.010067981099007639,7.404541499653386
2015-04-09,206,0.00260519138387362,0.007642551480105559,-0.0916415998589425,0.01066019822292253,0.00480363342802248,7.136278537453396
2015-04-10,221,0.002078275096469298,0.07551494873166986,0.00742457642286286,-0.0015371177939548905,0.005088947090606144,8.030975927990928
2015-04-13,228,0.0017771558816935156,0.11336884565230984,0.14738722264617196,-0.07113915035071072,0.009369948797358307,7.55050551250231
2015-04-14,219,0.0020906505007749565,0.03180088021676913,0.08377995465131093,-0.03128575420752009,0.002354863626376158,7.221800629124128
2015-04-15,232,0.0021652303501522733,-0.1194374229557545,-0.010954573461746294,0.12572511394684896,0.028004415341581712,7.349327554817975
2015-04-16,246,0.002070797548763412,-0.0216698297249301,0.08377989063320665,-0.0809424548998801,0.00872908181810661,6.925770227878764
2015-04-17,225,0.0025634312248792967,-0.04044336726835917,-0.1889957237368451,0.07589503980952432,0.01224821307351076,7.242751210211855
2015-04-20,258,0.001686240253369217,0.04876014324275661,0.028514468614292597,0.052625417404437554,0.004452880077730037,7.3059340872005585
2015-04-21,266,0.0013196537732121428,0.22745586154500277,0.10730700657847163,-0.03681867547232995,0.0341990182732832,7.209110624166463
2015-04-22,276,0.0020795357212529575,0.05983170976140256,-0.0256895851727186,-0.182045842720323,0.0384279274100493,7.113273608432734
2015-04-23,259,0.002203695276107468,-0.001652434103851585,-0.13804547984383955,-0.0018162390759934044,0.013423132612630284,7.047045812604484
2015-04-24,273,0.0019902501069084862,-0.052352364181190034,-0.08566994213108556,0.05134574794023181,0.0034449157788247753,7.020174597875641
2015-04-27,283,0.0019026147736438178,-0.03499885284411488,-0.0515458096817523,0.009664700643456531,0.0008057247654588151,7.761535617553453
2015-04-28,269,0.0017609896339352649,0.08758925375692636,0.07719924044008299,-0.112200917254185,0.014211890628250679,7.363623998322192
2015-04-29,283,0.00226497709092494,-0.06422667786847987,-0.13080078131599135,-0.08694957427905119,0.018336157537765074,6.795873438247678
2015-04-30,286,0.0015749265934649908,0.035120824893563926,0.09769707688122455,-0.03367591323676194,0.003530506983551507,7.7628369903020555
2015-05-01,266,0.0015033392738255176,0.130142638032683,0.019378591199439615,0.05070227709269816,0.015578938169315881,7.710741248562589
2015-05-04,291,0.0015812262329972027,0.006080914020351572,0.053485132024935315,0.020160286350343008,0.0026219533133530204,7.4706973368523535
2015-05-05,265,0.0017924030755205396,0.11282338384521219,0.025749975061866836,-0.08854698893296163,0.017714031270218866,8.156168879913393
2015-05-06,280,0.0017021308697030503,0.05139395437928991,-0.002792527392940347,-0.0017947140200623155,0.002783569760225091,7.026463855461616
2015-05-07,253,0.001327584981485572,0.25295260031515254,0.19197356017804662,-0.11668416112490983,0.03535191297437967,7.681714063803033
2015-05-08,244,0.0011523438380023408,0.2522310413590134,0.16671406085371845,0.018711104842126836,0.031795095341503155,8.292186302622024
2015-05-11,254,0.0024127181758180887,-0.1460940814003188,-0.045588493137741444,-0.03397825877753055,0.01716573221361095,7.556468532824569
2015-05-12,248,0.0021000607220268853,0.08974029090672042,-0.05637012013272982,-0.07500028889931598,0.020635374834040876,7.944980657552371
2015-05-13,235,0.0018051179954313868,0.03052339631872902,-0.008124631790190294,0.12919577761871695,0.014259650444620964,7.11099571757413
2015-05-14,227,0.002137374390619607,0.08724055770249446,0.025041227387624487,-0.08264975843142099,0.010423516769960006,7.035791720929278
2015-05-15,200,0.002481978260575688,0.08484371156467829,0.06303729055564772,-0.14067230635060948,0.01575845938043363,8.044818112215204
2015-05-18,271,0.0019052084291331722,-0.06260836508034144,-0.08463943066765567,0.11462482715780191,0.010732070120004211,7.283695334350321
2015-05-19,255,0.0021706404933372414,0.05984010449543111,-0.05119445610345776,-0.11567229999395283,0.022595750398580194,7.381490504628334
2015-05-20,245,0.0016178819722223866,0.14396646571301572,0.08345075670223456,-0.02017938880421668,0.013953926954767049,7.118160834528322
2015-05-21,246,0.002150493850287211,0.06515031883340018,-0.062376635380091916,-0.060816657794606224,0.01547196341114454,7.171212571893919
2015-05-22,230,0.00203480871755854,0.06828315327079157,-0.05251455057112708,0.048219387223407094,0.008811001545858677,7.630191244547221
2015-05-26,294,0.0014557245182792828,0.049529438777435764,0.014495528316078803,0.08000901615826418,0.008951408502778757,7.7377644484504655
2015-05-27,277,0.0024973827398829494,-0.153555057990149,-0.31032795123446566,0.08033297132945304,0.025200614513517516,7.829006447301924
2015-05-28,247,0.002066585058341272,-0.07564261785421646,0.078787710789123,-0.024038111755492524,0.01280673697831014,7.435616230884651
2015-05-29,240,0.00176805561821929,0.07321115629200207,0.08574434941946839,-0.007622202456730184,0.0034212569725520225,7.195890301750453
2015-06-01,267,0.00156828221434257,0.15373437391629458,0.06476925595111584,-0.05596633232633784,0.018489714015548442,6.749113988420633
2015-06-02,216,0.00167642404697257,0.09495830400408697,0.1698494714717678,0.010977036231997162,0.009986611945224655,7.833276614959191
2015-06-03,240,0.0015597910003215185,0.04270741635686264,0.10542290342795448,0.1031700000608546,0.01543184049070867,6.702618337883275
2015-06-04,216,0.0020148567193357674,0.08441621213976357,-0.06393455680320187,0.10910024191039511,0.026347589996302268,7.777512675420514
2015-06-05,227,0.0018712462664645278,0.12215451253072507,0.03089584175938858,-0.0025961592650020995,0.011631892375421948,7.817764635554995
2015-06-08,264,0.0014308626195363365,0.12402658624442583,0.1944006117533814,-0.073922661112994,0.014869190001352117,6.921748424263894
2015-06-09,231,0.002865021575625136,-0.008334620358971851,-0.13398598259525724,-0.1813193649845673,0.04986682546244392,7.492750095768812
2015-06-10,249,0.0016905743237692187,0.13568409016285557,0.09869544652214675,-0.07628554992207534,0.014067000142964359,7.4544382156763564
2015-06-11,249,0.0020169287955593283,0.026582485710479106,-0.21882711803596647,0.18781409213694814,0.046045947162473344,6.783337118041084
2015-06-12,218,0.0023447569425796085,-0.038995971159086366,-0.031581668096952877,0.04826361229133144,0.002685248159706388,7.406521847210107
2015-06-15,241,0.0017985839416651997,0.020850061074829434,0.036542116579624716,0.0756903624629251,0.006258836369999132,7.268900632172909
2015-06-16,208,0.0022935247704457566,0.038732994357637204,0.09810149396922829,-0.0909407928322936,0.007354071635898629,7.31815515823823
2015-06-17,219,0.001882261065836771,0.16806542459335305,0.08946406739887543,-0.08195983882873858,0.023019065417021478,7.158783380746888
2015-06-18,213,0.0025109335122777705,-0.012357688702034209,-0.1010010014625504,0.04370101393425282,0.0043857590191599405,7.636505722920755
2015-06-19,209,0.0012845051366525407,0.24931492553571194,0.12103216739407757,0.09272975994944903,0.06366287892180722,7.868708213467293
2015-06-22,215,0.002262177945446806,0.054981772783329046,-0.05136019436489831,0.02364190503943918,0.006532922788923368,7.130299612306026
2015-06-23,213,0.0024672314705681073,0.047599498257145,-0.05801855417636849,-0.040621550542793775,0.007152223504181543,7.589119413914512
2015-06-24,237,0.001860472043416457,0.004016096902089257,0.20463347788269587,-0.09051332336417493,0.01785475403192094,7.52217316765845
2015-06-25,227,0.001730949160924892,0.08922378230024675,-0.06861473290766035,0.19354003154751043,0.05264203830811687,7.494638755283921
2015-06-26,242,0.001780198912889254,-0.019626113839742027,0.07971404300864263,0.07829579699269845,0.013251300496747165,6.937972398584222
2015-06-29,252,0.0019765953357297247,0.02363323725976562,0.03882470877271955,-0.0586619952402712,0.002739642798537112,6.940484482463157
2015-06-30,246,0.001647866567727975,0.07481713531327058,0.028133892142730443,0.08629862122183704,0.011173354664056556,7.816902544707221
2015-07-01,214,0.0023132601154822728,0.008305862450697806,0.011397503362959758,-0.009778695240077257,0.00011370703552049388,7.5273793757984535
2015-07-02,237,0.0017405249570615403,0.12076405266195075,-0.06988370265796844,0.12411082034885469,0.0346846406084399,6.879980162906479
2015-07-06,253,0.0019659524557162434,0.06915440353433028,-0.09495278379779479,0.031026437671049796,0.01567165145892835,6.955574497695513
2015-07-07,218,0.0026254606399038205,0.04936999191991158,-0.13282351567290374,-0.061247315245070995,0.018231291127910332,7.476632140820111
2015-07-08,256,0.0017480189609239936,0.11274392167177448,0.004733210947595482,-0.012462840612455027,0.012281328253040624,7.319429329890744
2015-07-09,237,0.002354558423847953,-0.06563527460430436,-0.06597464103989416,0.015549222740271753,0.002332321509779689,7.366160735790273
2015-07-10,209,0.0016270079870283852,0.1021513234286088,0.06392761434001197,0.15383172365351439,0.030971285667225956,7.227427752221105
2015-07-13,244,0.0019141997283321575,0.08642667236670759,0.010922234375109696,-0.03147837416791028,0.007508617851845423,6.697290746283899
2015-07-14,234,0.001872122624924678,0.031992572690308835,-0.04863983962956361,0.1404938784745087,0.020273526542604836,7.070015480253352
2015-07-15,238,0.0019903419647469226,0.12021999300772147,-0.08704483651761385,0.019422068290355973,0.02720567283709807,7.069202956203005
2015-07-16,230,0.0018566274420148345,0.06148022626742698,-0.004416636421284685,0.08888778682703541,0.012567658229104772,7.436911468091064
2015-07-17,231,0.0014577848877244566,0.2381121073697582,0.08583853645335303,0.0025527380481897145,0.040132569427738796,7.60195740360538
2015-07-20,250,0.001134501860848108,0.2131008798418004,0.10546436413551641,0.1141838255986221,0.043452511315224096,7.851078964618207
2015-07-21,277,0.0019720184629679546,0.011381402013898699,-0.16658204742690927,0.06270241692876297,0.01971329199366656,7.612202638482057
2015-07-22,284,0.0012468240584023336,0.18159467241911173,-0.008682899314742327,0.11889216172310657,0.046521398811370296,7.206796475509526
2015-07-23,259,0.0014264301310645028,0.13796956329293447,0.0623087175971054,0.06083091121855423,0.01611954370789692,6.878987530780085
2015-07-24,256,0.0021167643385609815,0.01052431243032654,-0.24073827436811213,0.14643062059456066,0.05473192148877837,7.847244212788221
2015-07-27,250,0.0018080037005228896,0.063524248533442,0.012195846452173656,0.020278054752944166,0.003439666311132239,7.957250636567746
2015-07-28,269,0.002255679300380945,-0.15482492790567093,-0.17846129797497023,0.11973076227568999,0.019084227273114873,7.564994113341344
2015-07-29,301,0.0016094338081596978,0.029901228715907783,0.032778150570221556,-0.031558531798266544,0.001106692541523624,6.888192545387525
2015-07-30,259,0.001899702396367754,0.012913245785819814,0.04862477589447924,-0.04558386299879354,0.002328883112450053,6.77897649302867
2015-07-31,255,0.002087055137995004,-0.023086878889880393,-0.04104992168615866,-0.0002613198014240448,0.0007115392236741735,7.521043092786941
2015-08-03,257,0.0019511478699218295,-0.027345072455418066,-0.047821299085724,0.07227636640132258,0.0037267440995144563,7.444399516525107
2015-08-04,237,0.0018409900785920678,0.03835664594543024,-0.0625563294763022,0.15157038627823416,0.021184719318612655,7.579817221416629
2015-08-05,271,0.0023868822022362116,-0.0337299147977139,-0.28404371951044355,0.02408348069613633,0.045246451020403367,7.6616434530676685
2015-08-06,277,0.0017259497296233113,0.10634420682032122,-0.14779888603073899,0.08527852899909423,0.04391496144085838,7.4637692094842105
2015-08-07,244,0.0019373144349327744,-0.012566666886270892,0.07723570858183706,-0.01007848594275754,0.005161537491999879,7.884450929779559
2015-08-10,249,0.0016515710690328913,0.06970569996504025,-0.07816588472418362,0.18597779238075837,0.03819548322842281,7.830190995310038
2015-08-11,221,0.0026386653907404085,-0.04601723692151024,-0.15298807665086117,0.03271521086510901,0.008223581789605139,7.064688076902109
2015-08-12,233,0.0020716528852276787,0.014250717944988276,0.007894384271599525,0.012464653267312538,0.0002735972055966096,7.368056490918052
2015-08-13,258,0.0018573861752078146,-0.022555221418213336,0.08098428467557527,-0.01684032966459524,0.005968610661520324,7.931267060761617
2015-08-14,215,0.0019906817166046122,0.1200326128788425,-0.02039225903397209,0.04436650801513122,0.019024172722512,7.5664980848204735
2015-08-17,269,0.0021080892673571994,-0.06426440402752326,-0.047539215684257355,-0.022348406126386416,0.004046199642433468,7.243978644717351
2015-08-18,239,0.001480207910375671,0.23741068154562076,0.10221429662455402,-0.04716435932973857,0.038863138165485256,7.353148420871723
2015-08-19,251,0.0015248669657138734,0.17229365914820452,0.09395901298521876,-0.03173588892179441,0.02142543750963677,7.471198126119107
2015-08-20,220,0.00218811180515457,0.029053271329390843,0.022860123388521118,-0.014682588985908294,0.0005584522339528997,7.199089162982226
2015-08-21,227,0.002013310199286028,0.08179864046757745,0.022029492556470822,-0.0178709634999083,0.005239733083294396,7.689273615526774
2015-08-24,242,0.002130551092785227,0.11640754821624598,-0.020382000700122416,-0.12721227642416708,0.03165493081031412,7.731185205182767
2015-08-25,260,0.0016605847074979798,0.049542609389099226,-0.08827381107709917,0.1752271537890594,0.03844057741916884,7.416224411400316
2015-08-26,256,0.001189025700556755,0.23017434678458917,0.09903289221025276,0.062011602320103554,0.03835484587628113,7.836978873599297
2015-08-27,259,0.0013477477868715517,0.1331549669472877,0.1418915447316366,0.02682013472160604,0.014359572150038802,6.894835784620297
2015-08-28,241,0.0017880548669987875,0.04841034589450353,0.15976937924571052,-0.07002217103363355,0.009542126963084652,7.082507795909226
2015-08-31,220,0.0031480629810329993,-0.12312076979604387,-0.24995072204769728,-0.01207621981078018,0.026029019610730786,6.786565574649306
2015-09-01,225,0.00296417580587676,-0.1650540131487337,-0.1394265403778711,-0.029398559117936703,0.019624892768644764,7.567013555925604
2015-09-02,245,0.002293703501034801,-0.12195186786023927,0.003911215357216141,-0.0058740630040344235,0.01544186406181558,7.421011154049784
2015-09-03,203,0.0018079434352693546,0.11091407487324284,0.039108458813275154,0.11595243159412844,0.024122445688049776,7.739008155315589
2015-09-04,211,0.0027236519179825503,-0.055718475947001175,-0.09631066147958313,0.0026480280379418044,0.003423446890844617,7.2376765472681495
2015-09-08,245,0.0017177699077284769,0.012123496415583492,0.07656227295463225,0.06960697584282759,0.008590063943206272,7.28014752820996
2015-09-09,223,0.0019310186310405805,0.16991463617106012,-0.006739158452000792,-0.024409787163151172,0.030620705936331483,7.070987341320583
2015-09-10,217,0.0025035878721443383,0.0011592324371451673,-0.14841478357716112,0.06069841462938309,0.011121415685008906,7.389942959060504
2015-09-11,247,0.0014662167396030975,0.12645172447883202,0.1749397317283355,-0.025702525571103283,0.010711613722017121,7.585229253214312
2015-09-14,238,0.002442228081335568,0.00046760183752453583,-0.2819009148957368,0.1189327463424906,0.05421334186322824,7.733071724703452
2015-09-15,222,0.0028927418422015744,-0.16656732984712183,-0.052213848216424316,-0.06559619987394222,0.025508231451333185,7.376318026948771
2015-09-16,226,0.0026129776490813102,-0.022496416182451396,-0.18751417491367667,0.02894469371137345,0.013748392895463146,7.952497809798592
2015-09-17,227,0.0022798264737129694,0.03934493553267036,-0.0005539651287512377,-0.07383218946960768,0.0059010329488033975,7.534426764259738
2015-09-18,216,0.002018536803197398,0.0493919688837666,-0.01930514541604222,0.0979052775509991,0.011096318949722406,7.271622586630592
2015-09-21,215,0.0021851473433471473,0.03778024049646587,0.04495159942077572,-0.022345197556510533,0.0010600739261427128,7.376204341709238
2015-09-22,227,0.003062555934932358,-0.11597719210584351,-0.1666616807196659,-0.10776152163377582,0.021936993496883717,7.38660978882049
2015-09-23,223,0.002576261760403686,0.041098544848356934,-0.23073840831900425,0.04062711833059838,0.04085586339194447,7.256522514857246
2015-09-24,184,0.00261771961632366,0.14032058754598103,-0.1056912627250013,0.0020498563719184145,0.03531997415031152,7.3455678145128145
2015-09-25,242,0.0020464824075813433,-0.15584856507595188,-0.020578330460983785,0.18592941026757628,0.045631376852740435,8.94573419554485
2015-09-28,260,0.0025485684821552465,-0.04409295860222235,-0.16192173839646481,-0.11924091372203259,0.0286493221138987,6.8347069369546105
2015-09-29,225,0.0024119088059621494,0.0968167416630125,0.03170790938063823,-0.21388361372661255,0.04634757613449747,7.107495927920061
2015-09-30,211,0.0022891775882863397,0.05377993923005711,-0.12179224608121084,0.10197936459431657,0.022786037534140435,7.461897358888691
2015-10-01,213,0.0013994715521239672,0.16897396589237704,0.05510486648477939,0.17974628641803425,0.04368236453986274,6.918592188490116
2015-10-02,220,0.0019138761571780415,0.10732669621773844,0.02465016110065542,0.025917633523271658,0.01040385621794171,7.340398849039817
2015-10-05,238,0.0015463637429050023,-0.02621548087862511,0.3947279806724106,-0.10458164141657002,0.12209537563421458,8.027928459379185
2015-10-06,226,0.002291777107990333,-0.02707729577200676,0.04241629468155729,-0.05122225172119306,0.004511137426464917,7.304044608422264
2015-10-07,233,0.002547554153768595,-0.19705508797352478,0.04460557276163731,-0.03471072044428333,0.050156351963287715,7.521505657671928
2015-10-08,230,0.002040641601882149,0.11738209690274487,-0.028789603109604597,-0.027287630658938297,0.018479545882061132,7.144564335656042
2015-10-09,245,0.0014524687985174724,0.16405744018450932,0.29549447288606945,-0.17126162434412612,0.0369287989155922,7.605293739267152
2015-10-12,257,0.0014907935352594301,0.060740416989509674,0.16870170820086125,0.004289997686284433,0.010258099315816893,7.001235302331577
2015-10-13,265,0.0019209861850699572,-0.04229343134367522,-0.05818947340684532,0.08236022666345143,0.005643693378488912,6.9162049410375435
2015-10-14,248,0.0024730633377303916,-0.08682515185059074,-0.21367962844355032,0.07386536477986248,0.015651458331704116,7.128009058195802
2015-10-15,233,0.0016936546424172513,0.11391991431615561,0.09314275933813645,0.0036942629792671836,0.007795304285200699,7.156639872966374
2015-10-16,230,0.0018588710940275028,0.10315053643533861,-0.0020434911829721263,0.04381225149498091,0.013101340968501907,7.773437329075487
2015-10-19,262,0.0017340528845713337,0.021981431348994048,0.03878982515582586,0.03058503197979613,0.0018293352413071284,7.533981519992493
2015-10-20,263,0.0016309615071251917,-0.013523857539791028,-0.019320271142189694,0.17495837593413088,0.026193994651174335,7.605328057633162
2015-10-21,265,0.0015514347589695987,0.06714430833515064,0.08383025762198992,0.026765011788970727,0.004000673846192848,7.475927009026334
2015-10-22,258,0.0023261087567557396,-0.05132017910209099,-0.18532530802030794,0.036373368636437156,0.012573019873167723,7.5515153568408255
2015-10-23,253,0.0016023279331679238,0.1545165234035198,0.0520054961239035,-0.017299953710385185,0.01579672755193018,7.758221677463476
2015-10-26,205,0.0023662066287132655,-0.043205384417730516,-0.022679001628497494,0.09573966827379352,0.008123252836172101,7.322927877457441
2015-10-27,210,0.0014578268064066424,0.2717261956405493,0.09249454658170711,0.023491999086946335,0.047052259233986704,8.451232858349695
2015-10-28,219,0.0014494707129263883,0.20023690343366615,0.10877267501531115,0.05612224928926383,0.025986632017436784,7.133428008843121
2015-10-29,227,0.0021864515083196336,0.0608356198600881,0.11561936128043024,-0.1691039659176303,0.01975467703030498,7.622938207962706
2015-10-30,208,0.0014239990723523054,0.1365530350060434,0.18661688437038354,0.08444646652502535,0.025334834123788674,7.222136937507729
2015-11-02,237,0.0022298654597965196,-0.008954060537122647,0.028820583820593063,-0.07682275122702259,0.005331188959962541,8.565336300334891
2015-11-03,203,0.002633208723729319,0.009849901069005006,0.026095203446342644,-0.10502784634944501,0.00858320611157104,7.59915186657167
2015-11-04,214,0.002878906901036288,-0.06186753269871653,-0.0432598205127702,-0.12704480043205307,0.01738883623493337,7.275062631670929
2015-11-05,206,0.0018293565469603504,0.19218475576940233,0.044324157662892175,0.009796189220043588,0.029258859784532687,6.984611115869403
2015-11-06,228,0.001455070961816042,0.20836068127942492,0.1597045733481082,-0.03157761321566056,0.01902342790737821,7.958825438077424
2015-11-09,202,0.0025927595454068968,0.10855562171519562,0.05452222761760096,-0.21055270567718057,0.03989037543836438,7.092019224364073
2015-11-10,189,0.002267612855578937,0.025418797387783628,0.028050323545849694,0.0893732196575211,0.0074980454091605475,7.361617016795952
2015-11-11,165,0.0018636641611567667,0.32280458295825365,0.216595619959369,-0.1544093760993568,0.06902982639696875,7.556193285940922
2015-11-12,177,0.0025345071922178216,0.05818018986871019,-0.04776248271220575,0.09236674679838087,0.011197329502550923,6.76264320266476
2015-11-13,173,0.002807128579755861,0.017490947097720054,-0.03632637939272081,0.047568943699470935,0.0022071330945397927,7.560546619235634
2015-11-16,203,0.003774605692665734,-0.1344422621328314,-0.3399047592923574,-0.05814288979708293,0.047511012726521584,7.383125283189974
2015-11-17,186,0.002083785995268652,0.05288530692435254,0.1934669600259663,-0.021520657190251133,0.013838714779231043,7.011970243315179
2015-11-18,178,0.0029889842417555644,0.06230425827286868,-0.16288643616558537,0.036503787827735876,0.024791449056764447,7.227608524965582
2015-11-19,177,0.0023613389218555708,0.04837196581844171,0.01260676295716129,0.10310729288752891,0.011347272045501344,6.93019337961572
2015-11-20,214,0.0022142008804314057,0.03867124024220596,-0.17269305550105385,0.1863438384342084,0.03845806876435376,7.364843951253042
2015-11-23,184,0.003408827995596883,-0.08095791410256395,-0.29738163970814113,0.12389085143105137,0.034191534041685845,7.198875659457039
2015-11-24,201,0.001419997095169845,0.2175097950499809,0.29882173661754435,-0.08717036392581319,0.035060569855542734,7.620490015973159
2015-11-25,217,0.001968487602319527,0.07571902648602684,0.0857346167809478,-0.015777262673649775,0.003949468388308119,7.101848586029025
2015-11-27,282,0.0013708167887675384,0.07993203400969029,0.16232226325537213,-0.015394966129948087,0.008364892218701292,6.994370502312237
2015-11-30,215,0.003173354129876558,-0.04293375317861726,-0.1700365974125617,-0.15157192525573948,0.04257273086630342,7.505003209929391
2015-12-01,243,0.0018383545989049497,0.12931893473168843,-0.007469634902407376,-0.015289634897080207,0.018676819986217286,7.936165330548388
2015-12-02,287,0.001088956888757919,0.18385850841327653,0.1091529448957301,0.08192729254394635,0.032433803439033904,6.997066535975132
2015-12-03,253,0.001033331795066439,0.13758386193094857,0.2999306733912252,0.03961957637420351,0.036702196740921234,6.945853042312625
2015-12-04,226,0.002486225561353163,-0.002409573419361986,-0.12197979526956505,0.0006154149572999043,0.008322672401642972,7.279072228153716
2015-12-07,259,0.0009955600057444925,0.23342362454212964,0.14850605518596316,0.10237023729624872,0.03724454715667869,8.050313595140416
2015-12-08,253,0.0017881304613670752,0.21394917867962512,-0.0409013259758419,-0.07784186615552306,0.061451629228544524,7.532470719008991
2015-12-09,245,0.0021422447613476665,0.01968890792154883,-0.08273723307717756,0.013348392095271859,0.006699355984464139,8.501921065417054
2015-12-10,238,0.0021317381743210764,0.10894131815790532,-0.06465457909306414,-0.05899411004166759,0.026017714127994473,7.480835119600828
2015-12-11,245,0.0013336038556739274,0.16961810913494701,0.2118128156060268,-0.034896814021204155,0.017994737941658956,7.382570408578198
2015-12-14,261,0.0021791685253225793,-0.00776132351362151,-0.1526511176192861,0.022886470914520875,0.01482236810127835,7.585339777482358
2015-12-15,212,0.0022390929482408667,0.07739065698137697,-0.19463187180342767,0.167865804767915,0.06055882253306488,8.325749363602677
2015-12-16,242,0.0020965389772822684,0.0456628903903695,-0.09218601694604289,0.03179826155105585,0.010332326454014829,7.125690861446798
2015-12-17,262,0.0016648018640837627,0.02601147798329636,-0.045218458207558425,0.14685080344437001,0.017900482767270076,6.938076670793189
2015-12-18,256,0.002255073882849914,-0.016907588037042377,-0.016478341809267612,-0.12121189817284929,0.013282901560182303,7.558140892829485
2015-12-21,233,0.0018728571859066244,-0.05296737749749429,0.05437704601999666,0.12583888284502412,0.021951596374505278,7.229594660257633
2015-12-22,238,0.0017708271411844148,0.0855506498099639,0.04164101027976157,0.02989462070649444,0.0060984411751193734,7.243705509675279
2015-12-23,227,0.002130209496509831,-0.018626565867289786,0.19216139385506653,-0.14064993940324624,0.038873961097470544,7.588452562887035
2015-12-24,202,0.0024964686677684754,0.021484401392514292,0.028666833741824417,-0.058724576912801835,0.0026078506564601867,7.671082698923496
2015-12-28,204,0.002895738628733436,-0.07051901401417815,-0.10323806493574927,-0.0077042815733192336,0.004850840342086937,7.275121675501542
2015-12-29,214,0.0020734313514056413,-0.026660237989049908,0.035153672902682495,0.10407794668475027,0.012056926733693851,7.094107837040606
2015-12-30,202,0.0025662028622197197,0.0548060115672014,0.0007532410565129743,-0.09230520896047967,0.010198502296055678,7.439355081392225
2015-12-31,203,0.0018613581852090725,0.1248121814404086,0.16929821080497567,-0.04982181544026569,0.010892607093214823,7.523651110393747
2016-01-04,244,0.001752574194362104,0.07785597916234928,0.07152039075201586,-0.004632576763068512,0.0037855437036459216,7.218140405448394
2016-01-05,250,0.0016859783813497672,0.040301100922964996,0.0670397379824758,0.04966997041968647,0.004313756135626345,8.168563274610905
2016-01-06,273,0.001886576445811607,-0.034020036111407366,-0.09972206336677367,0.10367136006505441,0.007794654434615578,7.550153942785047
2016-01-07,258,0.0010421758316585756,0.26620256629098205,0.06270979735940466,0.13332490721378784,0.06451444038575238,8.042099621828799
2016-01-08,270,0.0011161309667166066,0.18454997081577226,0.18896609355484165,0.023773213602420948,0.01633448306741847,8.180323316328435
2016-01-11,290,0.00192462442890791,-0.04561522386217477,-0.06640036050195061,-0.004266584402465811,0.0015175438372226902,7.840095603017642
2016-01-12,280,0.0017887797729680397,-0.04070688447483569,-0.0839069467926768,0.1228971584054049,0.0117105843071309,7.565407603560265
2016-01-13,257,0.002276395043239244,0.0014557405447832726,-0.12171312084788291,-0.04980967192186607,0.0158795233648098,7.776357760102815
2016-01-14,267,0.0018210807306104882,0.1632144257834579,-0.08393434814132027,-0.05173718778813175,0.0524265280376538,7.986172077899928
2016-01-15,241,0.0017704524396804015,0.2021438550885681,-0.02468231727958657,-0.03081961373493795,0.04667625354654825,7.298470298824147
2016-01-19,328,0.0013063699155045382,0.08882153339867954,-0.037799190532950645,0.09199899256329307,0.017883673278865198,7.661937156767086
2016-01-20,222,0.0023471706810065836,0.03567237644083641,-0.009165248908782495,-0.06865090989898118,0.0058059139463410014,7.852987472201196
2016-01-21,260,0.0011224110590955644,0.20300667171610975,0.16530217665948269,0.04803740089470817,0.01942306839409058,8.249116352462556
2016-01-22,271,0.001495655526826135,-0.005773121737393972,0.14893927877127427,0.04618854742634423,0.019886353067476326,7.503677151447174
2016-01-25,299,0.002083719758162351,0.004845298885507341,-0.16915577367255313,-0.08175394059403959,0.02899185715479491,7.453423718207367
2016-01-26,259,0.002296938258919082,-0.050933624347740875,-0.08865983369953363,-0.05022056007280052,0.005503239453546471,8.65268030287763
2016-01-27,278,0.0015252048509590721,0.06696925561815151,0.14343956384828788,-0.058422716599686425,0.007939714458581326,6.721373633527935
2016-01-28,265,0.0017674340166806126,0.09943119781820776,0.07196482814635458,-0.10813605480527613,0.013824142418176422,7.242071012181935
2016-01-29,274,0.0021158084091623657,-0.14521271616985912,-0.08011463806414494,0.06586434601303125,0.0120914248401357,7.8048110786084965
2016-02-01,272,0.001792174230587013,0.11524919945132313,0.012055512713575205,-0.10224749360424058,0.022223537033766005,7.808655439967605
2016-02-02,282,0.0019973892998573625,-0.03808999622065106,-0.14373830231613455,0.0553007334172469,0.007918585783763255,7.5646295918051
2016-02-03,295,0.00185693448065969,0.029316012077334933,-0.11003300010468435,-0.014874355561865102,0.014529919337398778,7.503746386718861
2016-02-04,285,0.0027438537230385592,-0.18462457672893456,-0.40062728226029615,0.021255236857278974,0.05460154028133235,8.065919958495911
2016-02-05,295,0.002417831257594163,-0.13565263537136213,-0.2811395252374107,-0.009728281371775411,0.03395262251618525,7.303790756484953
2016-02-08,322,0.0016232555999344735,0.03316908449644923,-0.0559677796254562,-0.02257791122879664,0.005918669791126874,7.310514668184938
2016-02-09,287,0.001963814609083987,-0.034178558002017606,-0.2052344707518295,0.1121834431396373,0.02431504832850817,7.598645904975256
2016-02-10,279,0.00198633766549953,-0.046256013638430814,-0.13091733475488157,0.06879693104457936,0.00852173141035728,7.47923546165468
2016-02-11,283,0.002195524904123704,-0.007904570802366397,-0.274503015301771,0.03974049037011981,0.044424626212124396,6.824773644647262
2016-02-12,289,0.0016141878553994657,0.06208428323197755,-0.03565978400153641,0.04057492034865879,0.008020041817584311,7.848371973290926
2016-02-16,362,0.0012094911228606767,-0.020399820298992864,0.12303284625776005,0.02169540109010663,0.014987092309511008,7.363858775648068
2016-02-17,296,0.0013508875921926415,0.1640633569526592,0.04291943558395515,-0.006708247114683695,0.02090596998831118,7.04635818865145
2016-02-18,286,0.0014066569367147147,0.05265104305354452,0.20645187290620037,-0.06371068376054304,0.018526081432939323,6.823035153092644
2016-02-19,276,0.0012680477098695128,0.1118136781832575,0.046380258873999096,0.14184372709477658,0.02764282454295075,7.136180311644603
2016-02-22,283,0.0016317958409094186,0.06652608107061696,-0.09739755457310373,0.10727502754775756,0.021560258715632052,7.5352634885043415
2016-02-23,290,0.0017647175657669167,-0.044864421802795075,0.015418084197692973,0.005910149460292746,0.0030333802584804337,7.211393651397734
2016-02-24,302,0.0012285581857386643,0.11856326354506534,0.02803080748676002,0.11135678478201935,0.020268758435942558,7.640991345599506
2016-02-25,278,0.0011752043459759142,0.14909593961483802,0.17268486867869717,0.02480557534385247,0.014409456810341448,7.486112818926726
2016-02-26,264,0.0021322240341099972,-0.07431442867906349,0.06033905348703477,-0.11183891481804084,0.020577270449587903,6.948884297499616
2016-02-29,279,0.0018160581184488115,0.07950572105452189,0.09890396659275279,-0.19177011774171104,0.02975443165181746,7.3573828067066005
2016-03-01,266,0.0011982061249753314,0.10736820246217256,0.10449878716174787,0.15068735188919744,0.030655079872021318,7.336417021927341
2016-03-02,291,0.001522615135354142,0.023941328000202877,0.06891519384606049,0.020981469377632653,0.0029317101721885175,7.571565490967166
2016-03-03,249,0.002115281747262844,-0.0941403904433219,0.05430813518602041,-0.01357805487959671,0.015912739547861543,7.271889521716208
2016-03-04,242,0.00160559371778401,-0.01202653960331187,0.24709537122604655,-0.01217619103020233,0.0420095066235564,7.649167769177699
2016-03-07,252,0.0014698049109988134,0.10617877466035525,0.1125787957666409,0.04046075442959044,0.008881774064341208,7.313939219842533
2016-03-08,218,0.0013714917356579645,0.0945904379589945,0.22853657455562518,0.07890259073851369,0.025278590453098215,7.267324327350894
2016-03-09,249,0.0023602614327418443,-0.03986424688300377,-0.17901817431676523,0.043472227694335196,0.01267289318874687,6.593672155643142
2016-03-10,206,0.002255706743107756,0.1508726729314343,0.1458847432302411,-0.22610859432207,0.0473426789906507,7.249133584852501
2016-03-11,239,0.0025106800654284547,-0.1064875847117128,-0.11111800127037176,0.017500514707281017,0.008520559433050412,6.950772332929236
2016-03-14,266,0.0017333362083086455,0.015389777813207994,-0.023610224133042146,0.08608558349963089,0.006247176396241505,7.75815347700205
2016-03-15,235,0.0027649854975640973,-0.06394634299743035,-0.31898993793226127,0.08339309707455016,0.03983634866728358,7.090618644857915
2016-03-16,232,0.0019888818012777387,0.02018554087847543,-0.06438040618810861,0.12135370951676913,0.013046878367978021,7.61788110552947
2016-03-17,217,0.002718455033365748,-0.17105932489670175,-0.07882033169060436,0.07007017210656483,0.02283758195321184,7.54529702473465
2016-03-18,233,0.0019863634866469134,0.09792000205258346,0.05978040499973961,-0.08334579182977973,0.010727734873643535,6.90727071263221
2016-03-21,289,0.0014874303176402278,0.06569390280429972,0.2023410201360962,-0.1277696465364556,0.02082761795664234,7.487913096775169
2016-03-22,272,0.0018001205684058654,0.028676324346580375,-0.04458988200341533,0.036647968444049286,0.0030733319263595016,6.841710566583455
2016-03-23,216,0.002759204109843801,-0.009890769003608683,-0.2151327762461576,0.03304736979724123,0.023300719488609012,7.554449337173155
2016-03-24,208,0.0021424830943246043,0.09429512312474433,-0.15627674964795688,0.17070865928418255,0.05241405693987289,7.3595558087940836
2016-03-28,289,0.0017445474881958272,-0.06332676158187227,0.023789818649465007,0.031188494755216654,0.006380156651367819,6.975678127722111
2016-03-29,271,0.0018220434410805826,0.008017430983286167,-0.0625078954795686,0.06694291943060349,0.004873701796347052,6.990701947520184
2016-03-30,252,0.0019668015996897083,0.13946907331591013,0.07146166162090917,-0.20219874118042644,0.0426318027994651,6.9481342715613374
2016-03-31,220,0.0022745489334979325,-0.004190372997960086,-0.0035831661377529692,0.006972008396624529,4.237808848106539e-05,7.677469938848061
2016-04-01,230,0.0024127104373180826,0.07415137684630632,-0.13600356422906826,-0.04799461378355396,0.03316083069961984,8.212637544672274
2016-04-04,286,0.0017823115853593263,0.07978155959601693,-0.20958395838036648,0.11032017195880413,0.046702747656066745,6.897851677758206
2016-04-05,239,0.0015650042722888827,0.1134547286690704,0.06019692368093217,0.07827630549591204,0.016969698003590605,6.893026487320027
2016-04-06,271,0.0015321369345128251,-0.04146109100719978,0.12471630796039539,0.08632656454085795,0.025454434592605657,7.303473472502465
2016-04-07,251,0.0019353056568164196,-0.01933463696577752,0.007268488602205118,0.04054270864172858,0.0021226678935450938,7.576024070892333
2016-04-08,239,0.0020125106388181073,0.05368662947454056,-0.047186021452149444,0.03151930662254649,0.0067956420536801065,7.1390534627129565
2016-04-11,273,0.001597042809241743,0.08587496051862678,0.09012157987910274,-0.047981914243736164,0.005594205228767524,7.212297158752854
2016-04-12,261,0.0015183254422755233,0.15130551462943165,0.05937549292966361,-0.0032468884269248764,0.015109053649394522,7.625904626040508
2016-04-13,274,0.0017619730144717326,-0.06706267912365842,0.0020888770757938493,0.0994125901173509,0.013345738931457518,7.401871499645917
2016-04-14,240,0.002168205927151694,-0.034547496892323094,-0.032877134995081984,0.02668578685457831,0.0011118848026605566,7.873330876605286
2016-04-15,227,0.002023966097429992,0.01271072684298322,-0.07736832395917073,0.14577698888297247,0.016664991500129234,7.285457802811961
2016-04-18,282,0.0019804938521602506,-0.02329226273330442,-0.1380207827184885,0.04431451283341961,0.00895153732968923,7.037526479651925
2016-04-19,249,0.0022030388011024236,-0.04818920992702322,-0.06090929139892215,0.011985178376924165,0.0014426692143139075,7.347419420605484
2016-04-20,264,0.0017699172955905698,-0.041490699080903214,0.13812170324379788,-0.031147336234711227,0.018464428570364566,7.6678488454389795
2016-04-21,248,0.002003049549468058,-0.06730761406856159,0.18063528249244754,-0.10684024496003519,0.03404091040919899,7.136151314992906
2016-04-22,263,0.0013288093885553364,0.18559876495479846,0.11851319257748666,-0.003065695912397039,0.020345064102705313,7.3710650561874616
2016-04-25,284,0.0018052623689268962,-0.041099027437736926,0.004911481936209492,0.0107985199510579,0.002094186939921361,7.849278876335946
2016-04-26,266,0.0019831422341027604,-0.025955510205981552,-0.053006157329298406,0.023929998992615557,0.0009690099436723276,7.5529621546421986
2016-04-27,278,0.0015566267819524734,0.05943486639457686,0.032823639605140065,0.04225700323470587,0.004550391881952942,6.9753805777823565
2016-04-28,269,0.0018870362057162538,0.05835692572989929,0.03250944367558867,-0.10609184808083283,0.011086185307238039,6.904637933016686
2016-04-29,304,0.0019420300768290073,-0.10243023930189374,-0.02864718382223616,-0.04967686358790423,0.009769720970163265,7.578394345960527
2016-05-02,319,0.0015634773520641504,-0.054669691348180775,-0.030054556779754018,0.08722569751101508,0.006823258960456657,7.875161011888865
2016-05-03,279,0.0015035037416084552,0.0751319292366799,-0.028873065207283475,0.11478604815309294,0.01934661589130815,7.574314375636857
2016-05-04,273,0.0014059965419677763,0.0956926773066149,0.10814796703323097,0.02848524374575422,0.008125217623363157,7.606909241402562
2016-05-05,294,0.002145930201113035,-0.08204075066838871,-0.11912902787137927,-0.060637179714691805,0.010083252073524895,7.9528984832321825
2016-05-06,277,0.001189433338718808,0.20228997166507534,0.07944836154999382,0.059315597134709665,0.02543343010331034,8.559978968907913
2016-05-09,262,0.0018736624875595753,0.024968480834970278,0.013509721916129928,-0.02027734623232094,0.0005954003095657301,8.013878155385246
2016-05-10,229,0.0027056756469540635,-0.12392280101151452,-0.12961090551733542,0.014334260223898495,0.0086060441181387,7.294706767221176
2016-05-11,239,0.0014329156894798266,0.11368283193696552,0.27685471735045847,-0.07547124885876774,0.02612333615851714,7.018696427157101
2016-05-12,229,0.002456038419092161,0.032916387405306814,-0.10926631701809188,-0.04851566633142509,0.01350091276250276,7.447881021618612
2016-05-13,218,0.002925590155903388,-0.12439323060794245,-0.17440853309303467,0.02324445572710995,0.010476853876840164,7.474050127066004
2016-05-16,260,0.001873694401241197,0.01818118306670038,-0.09253467273360776,0.10003240102146323,0.013490680279403922,7.8232019638987556
2016-05-17,240,0.001986811639654232,-0.08558735304125145,-0.09566043153343207,0.22757819754065833,0.04113375018611787,7.525523194009537
2016-05-18,253,0.0028087827241811236,-0.2302130686340949,-0.19150032306054307,0.00046933325899130307,0.037481708745134124,7.1809900417356225
2016-05-19,222,0.0012461410674404995,0.2156482028169074,0.12314240308440265,0.10792276015511026,0.04584941503201512,6.951666662604826
2016-05-20,251,0.0019032796865453283,-0.02993565521793188,0.08150436139482094,-0.007015108822646705,0.007115376210116042,7.051519234304299
2016-05-23,276,0.0011167375552853626,0.1828911749406182,0.2099645067460595,-0.009294812204202233,0.024253266963217057,6.864487513495743
2016-05-24,241,0.0025799528514553684,-0.12041197331068924,-0.10202350150662201,-0.021101799584177502,0.00937468887994286,7.403259524313145
2016-05-25,272,0.0010137788396267272,0.13827637077550803,0.23635753439642002,0.07387040607113508,0.03602339651064801,6.656010968614677
2016-05-26,273,0.0015924130593851827,0.0037487296820909676,0.12807751941218765,-0.0012837795185925102,0.007966949222007691,6.970581675372318
2016-05-27,284,0.0018505389247247229,-0.008039984357903419,-0.026152346239210804,-0.016913778646529435,0.0006599642677743711,6.911765274189188
2016-05-31,261,0.0025836963530111463,-0.2149750125830178,-0.11151334465943667,-0.02220113902935532,0.03256531472692692,6.799565175897554
2016-06-01,277,0.001306520743478796,0.19730968554790554,0.08413558109082075,-0.005257758525970759,0.028428912764468794,7.044805626470577
2016-06-02,252,0.002530449969716722,-0.05575948775940286,-0.08123832502508503,-0.1383489719527585,0.021068801928532443,7.246382435650332
2016-06-03,228,0.0020845227909802194,0.010144213147534978,0.07956055369315947,-0.04024715952767599,0.003521921676070905,8.688834981504362
2016-06-06,276,0.0015521284629072226,-0.10075188635659837,-0.014414283351937843,0.25839125818374237,0.06927409920710159,6.986498636964056
2016-06-07,253,0.0010809922161204597,0.23468835966063029,0.21258754607895405,0.005742032903465358,0.037828048760607746,6.950360497356994
2016-06-08,274,0.0019069970853161486,0.017033662570087246,-0.027920587091020552,-0.03414747823230953,0.002267215725499372,7.522682371960592
2016-06-09,251,0.002130738702504992,0.01891013068518609,0.026192981713264715,-0.11473394105597275,0.00957136246920609,7.0790087848382885
2016-06-10,268,0.002471580661605948,-0.1239049934143708,-0.20150275481638688,0.0006405136099682611,0.013750880724504144,7.6503996084546415
2016-06-13,253,0.002416442116211574,-0.09606100212757147,-0.22538026636569372,0.09872155769021039,0.01863002150264015,7.11041736502033
2016-06-14,234,0.0016722018474857971,0.10261416739787362,0.11947239504442327,-0.0046770270656389945,0.006615477340164877,7.3514429495288525
2016-06-15,256,0.0023669277724826616,-0.1402047214251931,-0.19926322894864046,0.1276009308627019,0.01954695710159815,7.460466194859956
2016-06-16,264,0.0010888824096461005,0.25915430315221577,0.22933378961478823,-0.06341800506014429,0.03475814081130246,7.80935349454987
2016-06-17,248,0.0016054117021476384,0.016870351044882135,0.12750514302380989,0.059340301666089564,0.012568448138271293,7.6111065984893385
2016-06-20,277,0.0018377635924360365,-0.011739730929643961,0.15376468066249424,-0.16014597994241567,0.026333443305527005,7.459756394143202
2016-06-21,252,0.0015206107009967254,0.1351333122696795,0.13447129719240417,-0.03599240276442702,0.010204425882879065,7.323019389736876
2016-06-22,253,0.0021285271253529796,-0.00702141167766692,-0.12311091688435831,0.05309760313341905,0.007275715976935548,7.393928633041876
2016-06-23,215,0.002946363002444859,0.006318743211278954,-0.23305694262362278,-0.040197891638949254,0.03700441133842025,7.165692047903284
2016-06-24,245,0.002163846354763968,-0.06254123947446798,0.017024358959794282,-0.014767833319669205,0.004906794936496595,7.081195883664906
2016-06-27,308,0.0022700812579170126,-0.2632555095203968,-0.2573557253948143,0.1222411800383391,0.03643208036292578,7.865958200770171
2016-06-28,319,0.0014082720230530216,0.03532405264279699,-0.09881123784967465,0.16500963449905834,0.027702957230663183,6.8335640935266895
2016-06-29,287,0.0020357191311837714,-0.011939743008040623,-0.11506872628180598,-0.041494312009636894,0.009054330076095907,7.115883698083225
2016-06-30,238,0.0023636958889305015,-0.09239754928082489,-0.062110216761969386,0.029388522911883524,0.0050323417505038215,7.432392516954865
2016-07-01,231,0.0016067076058912178,0.20162835807691554,0.05120541028180078,0.004867317719538987,0.03273783065985336,6.901921263220003
2016-07-05,329,0.0013293827523881193,0.07649736277105065,-0.02425494589955569,0.07302373205712094,0.01022654928736233,7.318678708344291
2016-07-06,283,0.0015108515974761169,0.07450103958631234,-0.11978968246065286,0.1901466387028572,0.04490656690929684,7.174665699028279
2016-07-07,284,0.0019850658777818314,0.016803905273974327,-0.042364931372254735,-0.10195639248180767,0.012460167911047981,7.22033015399943
2016-07-08,264,0.0019679343360908003,0.09109789726442595,-0.08676128499810479,-0.04340594172226804,0.0207076963708408,6.959337249281859
2016-07-11,279,0.0010963678951619762,0.23880531198967636,0.3079541963966868,-0.15853279388674912,0.04258732953827293,7.334871197968956
2016-07-12,260,0.001630159377137952,0.07115919069940532,0.12937453558290324,-0.048216602394044177,0.005014327581460365,7.69868823711537
2016-07-13,245,0.0026781111547168244,-0.1217172878650983,-0.14466473418368708,-0.045892443762452675,0.01764834649537006,6.508210485999283
2016-07-14,248,0.0019034889826486953,0.01311494233892964,0.017773510898074836,0.02498101136924098,0.0008274831194331478,7.503577492205299
2016-07-15,257,0.0017288587577763137,0.0007319968527934268,0.041322054589575996,0.06931254706060765,0.005924094519169865,7.527077332369246
2016-07-18,285,0.0016743255447378368,0.008765206410878738,0.034281600624980105,0.002587632463571208,0.000489547025738335,6.7719508402868644
2016-07-19,261,0.0017184653347397764,0.04561732686021029,0.21059248294697702,-0.15324871454133396,0.02265414101867924,7.971723225366626
2016-07-20,270,0.0015986774747785981,0.09389103137300507,-0.042233336580813324,0.08505646882736936,0.016894535671570843,7.376196073112758
2016-07-21,272,0.0018480468763028815,0.008213299084966914,-0.07620964515489224,0.06265884536115679,0.004872129004140802,6.886416013055158
2016-07-22,260,0.0012111281497966186,0.17608971309764934,0.09189773724410714,0.10222591176400135,0.03234789100147761,7.238201757438433
2016-07-25,277,0.001540872443629561,0.020454477083997186,0.08328398066451789,0.042618208480709595,0.006051533421362665,6.907148462752368
2016-07-26,298,0.001847768291531291,0.008418463200842939,-0.13095603287112717,0.021267667917632026,0.011662095347680035,7.700739774361942
2016-07-27,301,0.0015316821537568475,0.04584951497822689,-0.0037947463246894787,0.03587257478483944,0.0031357386475356908,7.172803088961679
2016-07-28,333,0.0014501287102890283,0.14412257300637507,-0.0448793036766542,-0.06502899038221487,0.03711183524781492,6.903368799559759
2016-07-29,310,0.0013504493606836777,0.09646876237149556,0.09231606524870077,-0.026063431244071074,0.005193431037158969,6.807667425002425
2016-08-01,334,0.0013639242658137205,0.09981814200960064,0.02547544986018573,-0.03639500143335257,0.008405874971112781,7.383174424048343
2016-08-02,297,0.0016628363069675957,0.014762238526632998,-0.06368019408623746,0.06119318922084997,0.004549355023470092,6.981664739475003
2016-08-03,319,0.0018761428619771456,-0.09916556814282539,-0.21525750055054751,0.11744392275195277,0.018280287824015917,7.27008735797854
2016-08-04,310,0.0014380219302153564,0.013693839189288511,0.12037424815925583,-0.025641684082061023,0.008462108601952512,7.484127492506955
2016-08-05,295,0.001664305714938719,0.035523214645242475,-0.059101221631749676,0.041637635172660344,0.007246636839641107,8.01661186938952
2016-08-08,280,0.001573622820298496,0.1038147387758865,0.07190867067897296,-0.056952188822019294,0.008772529804649598,6.611411700422353
2016-08-09,252,0.0019006728345264665,-0.019926617845059436,0.03298546243725228,0.029002046806475133,0.0027038608851353008,7.158838404613105
2016-08-10,271,0.002232793641870897,0.020308643841617346,-0.14026730840881685,-0.0902154893268227,0.023790912950818477,7.1496735365156425
2016-08-11,249,0.002449171935128659,-0.10036620401804904,-0.1692381807302716,0.04991676105424548,0.008174413839087236,7.826164242739828
2016-08-12,243,0.001342962808747175,0.07099630270224541,0.13199674994749205,0.14432702229914926,0.028131553035177337,7.09669394585906
2016-08-15,266,0.002214121772948372,-0.16645595352259654,-0.2938355826350448,0.28237875294909826,0.06266263190608978,7.146254325023266
2016-08-16,263,0.001634111409274644,0.0072417445280599,0.09055683450197585,0.042658819691495445,0.005635933860332676,6.9099546802730165
2016-08-17,276,0.0017760052194443995,-0.014386351965403632,-0.09928721647216417,0.13331868730426308,0.014513854427066875,7.114966407063301
2016-08-18,254,0.0018343191498019812,0.02701395449366657,-0.037172636138666774,0.07832455354560235,0.005684586572986872,7.01562924725308
2016-08-19,246,0.0018133938281411294,0.11506897998525197,0.08438201170967205,-0.09164075514036395,0.013034733302570878,7.261245998906316
2016-08-22,285,0.0015943163955346074,0.019356076159772095,0.10533850693436063,-0.033454928548860126,0.0043716579638971576,7.5381845121251025
2016-08-23,254,0.0017594552850181498,0.034114777351268936,0.014355063113590163,0.05772687474591329,0.0040644252884489696,6.866439331449419
2016-08-24,242,0.002036452566684773,0.0801728526097581,-0.0776269913120028,0.01181109642681202,0.013642478696549887,7.106757157068944
2016-08-25,256,0.0023424316701050104,-0.02981302054093367,-0.22706389080786352,0.05755189625502358,0.02397980112938003,7.540505641861699
2016-08-26,197,0.00340387497924769,-0.07652136861269593,-0.36586735197842557,0.10126197876753086,0.04731281672841092,7.653982590927911
2016-08-29,283,0.0018482261615896953,-0.02720760235945482,-0.05624592505002178,0.03735751994970536,0.001662418966943191,6.991953437380339
2016-08-30,259,0.001953513720585569,0.1332758229222748,-0.05780271027870402,-0.08739321990689453,0.03757358132040911,7.210481291356475
2016-08-31,239,0.0017234150007496801,0.08619359844207237,0.21135011465348183,-0.1213360834538989,0.01871655134214334,7.015797268302878
2016-09-01,256,0.0022255741396637677,0.011653243946026463,-0.03540820739458822,-0.11573899605928331,0.01461588785077772,8.206386261812531
2016-09-02,260,0.001333867306252023,0.14084891137342403,0.04895041554634242,0.116589673829184,0.02485266278387943,7.416440206169872
2016-09-06,288,0.0019745905190185677,-0.02300818666299006,-0.0660013865303376,-0.04835456576137419,0.004754784360358477,7.206386647587528
2016-09-07,261,0.0014874374191017896,0.05873268639075865,-0.05826347025456028,0.22308845109266912,0.046881831643267424,6.59874161241943
2016-09-08,253,0.0017985334479018672,0.15524200458709853,0.06747564552938518,-0.13277557475483281,0.03256431642209956,7.353692492311001
2016-09-09,278,0.0021384040964369214,-0.147672043019703,-0.1998175691747335,0.15853693457553122,0.02451622894867389,7.538377200708701
2016-09-12,303,0.0018714904028940072,-0.13367314811016112,-0.1626794499794205,0.16222941393581433,0.026177564711040824,7.676731247310814
2016-09-13,263,0.0017022476999586876,0.01716234259078089,-0.1468060377476654,0.23426140497862077,0.04601284394442051,6.659965670629916
2016-09-14,240,0.002574502691847969,-0.11014675258630759,-0.12361156722150894,-0.0020029722792008348,0.008127854164675319,7.167129011705246
2016-09-15,208,0.0020157489269395,0.04456177174167256,-0.008416668778158415,0.12530334342964636,0.013328749441502197,7.036893978882221
2016-09-16,220,0.001977477612595019,0.1455599927934192,-0.08313144576152508,0.06748130342628947,0.04129750685671796,7.456459755142103
2016-09-19,245,0.0026813966874528966,-0.12328458226682101,-0.1439105135131655,-0.046689281071935346,0.013112802058256268,7.411542848045259
2016-09-20,222,0.002167449948643211,-0.049055760276501964,0.0862536567885558,0.00045432629035380384,0.009837354775517282,7.2484824954812135
2016-09-21,236,0.0026816919745479848,-0.0800826293855396,-0.29149054002510827,0.10581455742399795,0.028096880848948902,6.914433185340489
2016-09-22,240,0.002198226917486733,-0.0189724785568354,0.012946078154197672,-0.04912251999098887,0.0024365701573216825,7.005899864665243
2016-09-23,224,0.0024855230121930334,0.016012721794488968,-0.15739250244893416,0.027865471191976937,0.015173492438509628,7.017377531687375
2016-09-26,240,0.0017465745680300634,0.07893273276266448,0.06418851311521116,0.01852296146769077,0.0042068622828794755,7.321621051707235
2016-09-27,251,0.0023517925931588195,0.02176347090568337,-0.08338400525473588,-0.11897934741667106,0.022263314275463464,6.924369456181532
2016-09-28,282,0.0013843704203748463,0.08360322732671042,0.08496866527840295,0.05064319030348083,0.009089944982525466,7.15823791437344
2016-09-29,252,0.0020596159802722088,0.09015208316895564,-0.0460684901757457,-0.08213004705040061,0.02158649822750791,7.045803606929847
2016-09-30,227,0.0020998725940972124,0.06820272931981582,-0.05049232962398993,0.028947442584035435,0.010231436126941218,7.518987689871131
2016-10-03,283,0.0013677632289762663,0.12431367427668731,0.0769351749326458,0.02459716319010226,0.011446714559551596,6.832024295375892
2016-10-04,246,0.0019694639482719157,-0.040874986751457565,-0.09591032547459719,0.1678090496762762,0.021959708043780557,7.670912202808374
2016-10-05,274,0.0021445530006131536,0.0289007346499756,-0.014530796163259448,-0.18958498282274036,0.03610916464814595,7.80693016448185
2016-10-06,263,0.0017337520543319787,0.12092634306563495,0.001228711413803447,-0.03410863505805381,0.01648813779401781,7.354479698906369
2016-10-07,234,0.0018767213638737098,0.12488990076426561,0.01226473300593787,-0.015460232063103653,0.014445541697620023,7.914582727335576
2016-10-10,280,0.001481138389309637,0.1175387893411604,-0.05861321146575503,0.11163692411119402,0.0301090650025444,7.462221412963165
2016-10-11,270,0.0022659123213052182,-0.12117899082366397,-0.09011424542229893,-0.012299417258850752,0.00966618504450989,7.1885047868061465
2016-10-12,245,0.0025706541606041705,-0.03773508549399475,-0.2499756359934437,0.028090182791384612,0.0312880520550991,8.192358697193125
2016-10-13,235,0.0026433688280700692,0.00629778092917654,-0.22798783103199896,-0.02069329909012465,0.04030794218713185,7.6854410811123355
2016-10-14,250,0.0018421961176338449,-0.01833956862219182,0.0501217851896032,0.04711972461566456,0.0063350512815127935,6.999187739776711
2016-10-17,282,0.0017348703494929672,0.06763470445850983,0.06727826091072737,-0.11337984248326585,0.011862978238823207,7.419976187015079
2016-10-18,276,0.0013849622806858621,0.1637222117703446,0.03628569274094532,0.03549291655011262,0.023364832568191995,7.153402566741253
2016-10-19,265,0.0017510001396572501,0.045060782586051576,0.060884198560588444,-0.033975055164969487,0.0021180297863644393,6.945302552696561
2016-10-20,248,0.0016981609543424187,0.007144794713573721,0.13871798945084196,0.01184938248174757,0.012893319766168698,7.148843829870505
2016-10-21,253,0.001832629480570316,0.08636486224888988,-0.05274190516304135,0.03906652574556289,0.015441728253526632,7.412347570188289
2016-10-24,234,0.002085842943484056,0.062264966387069916,0.04368149716685182,-0.0821209611044505,0.007106489865849941,7.181947120209793
2016-10-25,277,0.0017978517074480151,-0.04781167688574756,0.12290520657445186,-0.07110337561490343,0.015765943348442613,6.634050079784513
2016-10-26,312,0.00117868385463005,0.1965005703998838,0.07033639448448943,-0.002335690173521031,0.02523904707896052,7.6104673461484555
2016-10-27,332,0.0013563526906742096,0.09267013514338313,0.1398748940148115,-0.13316321576587412,0.016821534293786522,7.325108074530654
2016-10-28,341,0.0015270899688633374,0.06110273969949381,-0.04526567292079183,-0.05731242554349961,0.012670115598978349,7.074423645368083
2016-10-31,326,0.0016320146491502938,0.02442063741375232,0.02876358832692293,-0.11725777698666934,0.011963149025452369,7.406518547907478
2016-11-01,310,0.0013689729480992128,0.09895328445945341,0.11057329800383615,-0.058289810284808646,0.007075189336940624,7.096610546225812
2016-11-02,306,0.0013643547583611568,0.06451389791010315,0.049915513844492006,0.050585476128371616,0.004978616982968753,7.54196866954111
2016-11-03,303,0.0016546962355292658,-0.02371590851123762,-0.02169754741967569,0.04266753720018309,0.0017369191916469795,6.606806154609253
2016-11-04,298,0.0016459167720148347,0.07656443855105988,-0.0493441880949557,-0.008186646576949896,0.012303096385411272,7.4137709812051895
2016-11-07,309,0.0019177796517299212,-0.01980585379462487,-0.22954555077539268,0.06416357980094069,0.028942041591000445,7.379592293142511
2016-11-08,310,0.0012406920343299257,-0.002057871597749501,0.049685044582260106,0.18314376573093719,0.03293832181320122,6.480574832109984
2016-11-09,283,0.002108162964211235,-0.14292091751834038,-0.06069823781782399,0.0103989175926024,0.012486561272610275,7.7353696196428325
2016-11-10,287,0.0014777511221673318,0.17555035408994046,-0.08853406004452617,0.06475456183053727,0.05131891989704518,6.973484589845397
2016-11-11,281,0.0018551602581044647,0.11407185227789841,-0.15651256787603596,-0.00015934945656429406,0.04961815842191353,7.3890881571803595
2016-11-14,292,0.0017480198692454037,0.13768494767434483,-0.07358754342647308,-0.08494100788718387,0.04220087497152647,7.2495182410749015
2016-11-15,307,0.0015898502030912132,0.005045799129258114,0.013707740493091584,0.005078435679638827,0.00012413608240979812,7.13524001066041
2016-11-16,306,0.0022533725554477507,-0.19498299710018566,-0.17383419313446716,-0.01024681369933851,0.02493610656768308,7.113144525035485
2016-11-17,258,0.0014004687006604895,0.06852578908405796,0.14677937269789287,0.062052988677239164,0.013617253503375726,7.242132705698025
2016-11-18,244,0.0023417007711306454,-0.0924022983670476,-0.08460926194751765,0.034261584002810826,0.005325718889743758,7.208633159475518
2016-11-21,298,0.0012668965993591018,0.1018091556300476,0.19092761089924173,-0.047807139747319455,0.012562707412528074,6.8992033218203686
2016-11-22,276,0.0019244249310362896,-0.022744395340673663,0.034669661351411654,-0.07420782794276749,0.0051795717902148875,7.209520155685745
2016-11-23,257,0.002122868693660085,-0.031519184716428436,-0.12946231380969203,0.06982698998484702,0.0077669819226474646,7.207671185515119
2016-11-25,240,0.001735332477627605,0.06874998768425823,0.08282817775313871,0.01546224530135505,0.003235974417368781,7.190790351700066
2016-11-28,252,0.0020768888674529986,-0.009314603133060546,-0.13057182949959345,0.09313444343634793,0.01329273884412907,7.201829139659161
2016-11-29,261,0.0017472292714294233,0.11151184327771455,0.03551160594673985,-0.05907712891060973,0.011469710091906005,7.220440193148099
2016-11-30,297,0.002352642619795065,-0.16614779980201558,-0.2769420491041499,0.045620132747896176,0.023862611454432137,7.526501910079874
2016-12-01,314,0.0013215973436188054,0.0642897868481977,0.060185117941907965,0.04556196341728291,0.0056374670496278645,7.110054767713756
2016-12-02,255,0.0013972924436403077,0.14839341149136817,0.15619309502092427,-0.01720565276885049,0.011467650605420654,7.331113671388606
2016-12-05,256,0.0014938526013020892,0.14033776623582384,0.09077463238919482,0.004035069508307799,0.011081926371247719,7.362967352681349
2016-12-06,222,0.0018985171637852078,0.054528395156290196,0.12356532572544753,-0.021035341602358277,0.004628047124882517,7.512161951703561
2016-12-07,267,0.001534670894602669,0.11439292390328515,0.11324139615840033,-0.0471485777795027,0.009958073253499511,7.30389401423372
2016-12-08,275,0.0018072732005572757,0.12053766169829251,-0.09955554420585962,-0.014982377798934314,0.031440928530345746,7.111209257123531
2016-12-09,276,0.0016396997310291314,0.003974808768985949,0.003516816132611156,0.08739412357032722,0.006541061271357229,7.272212154554375
2016-12-12,309,0.001538683752673857,-0.02162133827916382,-0.0242343249215278,0.09494910404825185,0.0075145574347398325,6.919509078506254
2016-12-13,281,0.0019695426520862144,0.03554958903853573,-0.19879511640508665,0.0563625568941004,0.03244942864249012,7.216860502649967
2016-12-14,268,0.0017013952667818354,-0.044025194829309826,0.02229128746490023,0.10978604436935689,0.014731422406277339,7.003584730887312
2016-12-15,279,0.0012076520536740114,0.13055822140064727,0.10585377353344615,0.08971815911580805,0.018435977234601997,7.169613291558591
2016-12-16,268,0.0017380222026899662,0.016789149006890266,0.018215587650863004,0.033415362700432716,0.001304180450431458,7.335684483763924
2016-12-19,275,0.0024582510790787247,-0.14336678091291846,-0.1843742015334847,-0.024297111046893107,0.017037187174975044,7.353838320507442
2016-12-20,265,0.0024537210801839834,-0.20936356453642369,-0.12315349022276456,0.032044882261680875,0.03168296300942275,6.608199907901359
2016-12-21,269,0.0020515699938665265,0.04373677136661679,0.014665934492021701,-0.1621473625588239,0.023565180903750815,6.937719812110296
2016-12-22,220,0.0018675648021822722,0.14671827594708753,0.0614408636234328,-0.0298876525307239,0.01663078240583682,7.285067570063192
2016-12-23,234,0.002924878392119985,-0.09383770194457827,-0.2570530616129949,-0.017952323954575838,0.024900373884468086,6.982682782423492
2016-12-27,239,0.001646193523860839,0.13186844971709027,0.16685404302263412,-0.08560299714520654,0.014016890144435079,7.100670913090473
2016-12-28,257,0.0021774041369847915,-0.05837699091184236,-0.11990383424179275,0.05909509874345342,0.006760226553242599,6.7880597336305755
2016-12-29,240,0.0016798890479902753,-0.024476590167795305,0.18473331865843037,0.033396528474033765,0.01636725724776289,7.608497106398929
2016-12-30,209,0.0025184679585447656,0.08803722465773207,-0.034800711519678666,-0.1059561198097595,0.022854820205341464,7.372236126492081
2017-01-03,314,0.0018329336203879183,-0.027201791841554895,-0.0033065049270405164,-0.12057401683501855,0.013392889359713056,6.840968170069011
2017-01-04,268,0.001550535049391535,0.04518691236059768,0.17119491598168116,-0.04746861481615126,0.010678520639341937,7.20750423617973
2017-01-05,269,0.0014636773263373404,0.07365239864233086,0.0423462089428138,0.09654299084536494,0.011980683985440055,6.8702252741195755
2017-01-06,290,0.0018939271186546754,-0.05712431242862692,-0.07583134570471481,0.034477929313624665,0.0025917962343737777,6.9713857107556025
2017-01-09,305,0.001464282671677535,0.033606890389336286,-0.04513527032662109,0.11831595021399297,0.013794068145897564,7.300011753732626
2017-01-10,276,0.001274667420835513,0.07930071357287555,0.14159175388891557,0.07549111623699883,0.017101085304005448,7.19855070363936
2017-01-11,298,0.0015975884511813519,0.045840203261283054,-0.06070884554290111,0.06270592537753357,0.007610072561528902,7.087662918375683
2017-01-12,277,0.0017805573351713448,0.06819459995755404,0.14289798889166333,-0.1975213525341544,0.03260805788217436,7.189084621096171
2017-01-13,267,0.001792551465694038,0.05804190531505487,0.10920300406343303,-0.12446739205908616,0.01271105880821466,7.918090867524506
2017-01-17,302,0.001418087174417094,0.07901446370810959,0.23431413552178698,-0.16985325257781628,0.03164453860151084,6.342098290994572
2017-01-18,289,0.002155128801273852,-0.06442664846689186,-0.027770849205985167,-0.15346694946340678,0.02345163286340357,7.477730491354344
2017-01-19,281,0.001620311451549213,-0.005441281501455342,0.10091784017074013,-0.006091594439947044,0.006611836864402254,6.863867434430722
2017-01-20,272,0.0017677192936943191,-0.01238410957920041,-0.037078626885023,0.0878234406945083,0.006452211267920394,7.175551131997828
2017-01-23,304,0.001410650567561616,0.12803519134253702,0.16282102137530283,-0.14853175779531813,0.024238905894437668,7.163521329964661
2017-01-24,286,0.0019251515026662907,-0.02768590304268421,-0.10011777165855455,0.026617015176109576,0.0031835939185173023,6.834660468560531
2017-01-25,307,0.001174965052104745,0.10516898171203817,0.19340838197289492,-0.02000590567725155,0.013614669178781402,6.977166472714766
2017-01-26,297,0.001674373120308988,-0.014343455741907712,0.011557699178414597,0.00820812309994994,0.0005421432072972854,6.384253997575659
2017-01-27,282,0.001720983931011826,-0.00866248583313724,-0.05230637570819028,0.09033392445065791,0.005905065940980725,7.153149298982655
2017-01-30,341,0.0016893478336851982,-0.0039782464232679515,-0.20727289992548534,0.05911592377544755,0.023180823553650476,7.398295101427335
2017-01-31,307,0.0018769252796615528,-0.033682243244370275,-0.13366732604544207,0.014917447577603443,0.0072353295122689065,6.9746079893423385
2017-02-01,325,0.0013288273396882856,0.06418375874871168,0.10800549300064956,-0.0359270225467595,0.0040804546143157205,7.115717024631014
2017-02-02,329,0.001055013309322804,0.2177238926202,0.16322014782245595,-0.07514279797706805,0.033398169321945614,6.7529349931811025
2017-02-03,301,0.000848563747858816,0.3210080311848897,0.2548278337152745,-0.08667124111116088,0.06028984471053578,7.131573518598673
2017-02-06,312,0.0016037399709822487,0.03325162907139654,-0.07524767902953247,0.04126230806520002,0.006723345796148306,6.559162997321366
2017-02-07,308,0.0016167832118829052,0.057749470043818724,-0.053644640560848465,-4.328800284081679e-05,0.007946031087243122,7.28421050104955
2017-02-08,327,0.0013232871218289588,0.07572282895907778,0.06315269213552685,-0.004305298770737625,0.0038590189241305417,6.656580582476631
2017-02-09,323,0.001201197312119469,0.09847845335620324,0.061699545203455754,0.06384853781116195,0.010445804456078678,6.900936015017653
2017-02-10,297,0.0011131152572235248,0.08018410426749147,0.17428584905524241,0.08433958388649557,0.026610427657983937,6.653343884447214
2017-02-13,328,0.0017314702515338722,0.038775489076770066,-0.05405519988362106,-0.1205647741993632,0.019548998704404186,6.961818827401845
2017-02-14,317,0.0014576284641235585,-0.03189698156457282,0.012017474124365534,0.09574306118586803,0.010130562117424469,6.937217896210759
2017-02-15,319,0.0016396420420770987,0.03340941968252144,-0.1281403783519682,0.048639335824259874,0.011020479364601488,7.4984512665446275
2017-02-16,315,0.0013727281467430519,0.08604373027504988,0.07126509765603456,-0.022127560379206157,0.004934891939415764,7.051290130633246
2017-02-17,284,0.0017311853187967274,0.005486010036978465,-0.004530188412425465,0.015730917298910716,0.00023514987096984186,7.142517165013797
2017-02-21,336,0.0012554037290524562,0.049460799128001415,0.005708268520913022,0.10119962642784774,0.011700136544897433,6.828153201515706
2017-02-22,288,0.0019245293649900604,-0.036256215112076405,-0.05633559980757758,-0.015937099314618276,0.001806816302998726,6.659805536437372
2017-02-23,306,0.002036585397401055,-0.06597126189136189,-0.2703184817207992,0.08989948040271624,0.025644010744579226,7.6230970334327415
2017-02-24,321,0.0017136569524800434,-0.005964167199141784,-0.13159148099303936,0.03738788469997929,0.008226502799678626,6.4326930522504995
2017-02-27,330,0.0015792632084229321,-0.03630883349366814,-0.06865112673864765,0.06264624267317072,0.003443997722050951,7.116572751368013
2017-02-28,312,0.0010755900582100505,0.17688846199496447,0.1153856764163589,0.036557665265598824,0.022041531068503595,7.054374680601908
2017-03-01,293,0.0021855357052076477,-0.13268684025903812,-0.12673804673866398,-0.02129903625397992,0.011553673907064854,7.436140421898934
2017-03-02,270,0.0016303467848506432,0.12230612617764523,0.1077050234457525,-0.11039841344274026,0.015215522647087809,7.312985832652498
2017-03-03,282,0.0018104288383481433,-0.0049346767590522705,-0.04176405974811054,0.02561687167880557,0.0010752739746602291,7.429902534170625
2017-03-06,282,0.0016205853625571942,0.04770364866195986,-0.004506565441510901,0.0427927722973002,0.003771412153257825,7.282279614069429
2017-03-07,278,0.0017240895738834746,0.04398927583986261,-0.030112033393893286,0.027528954474819574,0.0038152006986597042,7.10450551931307
2017-03-08,289,0.0020717126184263837,-0.033035497005064474,-0.11704133640272558,-0.04737306004266313,0.008943709631444308,7.4156152179715376
2017-03-09,269,0.002677920501302086,-0.1652862988579429,-0.3885629011308573,0.11312797028828753,0.05364495265386027,7.074130241205036
2017-03-10,281,0.002433868752103148,-0.18418334167269507,-0.21524582788286706,0.031594930873603995,0.020676485449613535,7.200108572640115
2017-03-13,271,0.0021974658349560748,-0.15408254956330938,0.03947265294006787,-0.07641658592293783,0.03474597533301094,6.99825839309267
2017-03-14,227,0.002503094156807861,-0.07428562081455699,-0.09314652579507152,0.03102739941887748,0.004439724561185021,7.0767242639474786
2017-03-15,281,0.0016967550154730316,-0.0349884496293035,0.09569608343018121,-0.01428395249672709,0.008699405955595929,7.033973529864338
2017-03-16,261,0.0022645899918364546,-0.09793206465069997,-0.06106960718957029,-0.02311430389836784,0.007082714093323839,6.8841968365767325
2017-03-17,263,0.0019624486306168004,0.017607631516678584,0.050774991130307326,-0.10063060235141548,0.007604641144622559,6.99880994707421
2017-03-20,282,0.001970120057196833,0.06518543056615568,-0.08137083668168654,-0.09496230614348916,0.02545863115844682,6.68092263155442
2017-03-21,232,0.002055951064106177,0.06282254987515523,0.07946418750780884,-0.09624803112822951,0.008623319431721344,7.108729113153024
2017-03-22,283,0.001898240361005467,-0.027607580501816737,-0.2347773931149525,0.18798092928767876,0.04403931863302446,6.944725902856949
2017-03-23,247,0.0016565988974639025,0.08338282826641347,0.05245752512402515,0.04579979126238515,0.005974836313505705,8.009166196109703
2017-03-24,239,0.002503839490859752,-0.08774520274901741,-0.1414093866985367,0.03231931281659048,0.007067289593794324,7.122362656736268
2017-03-27,259,0.0018861628474306118,0.11622258634889698,-0.02284707342033589,-0.07040786789762707,0.021658264776884595,6.70933958788086
2017-03-28,213,0.0014913650299007446,0.14223638646063447,0.25685686835122495,-0.03441475754957285,0.019931328672278092,7.4397194727054226
2017-03-29,234,0.0017613552329501694,0.11251853488329956,0.21001543453562893,-0.14684821843960386,0.02544967633162387,7.174126588989404
2017-03-30,221,0.002926551706427195,-0.1839112341813051,-0.07378448360311715,-0.03584013645639644,0.024196248177845936,7.068603380481969
2017-03-31,195,0.0022072153328632754,0.05842751519273446,0.097293889931306,-0.016535384940722698,0.0032640773540124624,7.009917605334448
2017-04-03,209,0.0021119525554764915,0.015319955533023486,0.094627695599069,0.007256180678725281,0.004170847860903493,7.4127394253748475
2017-04-04,212,0.0016830977213627555,0.14402569297070453,0.13807764179746393,0.004263231374019239,0.01285822765028588,7.081813640249193
2017-04-05,231,0.0027925430703319236,-0.06657693899748517,-0.23369266548225184,0.01011470598639735,0.019515971926843068,7.574310214063188
2017-04-06,225,0.0023220607126470893,0.005559816500367151,-0.21773473789021275,0.16724760069863723,0.03486030592714806,7.021749601605167
2017-04-07,214,0.002632609854207738,-0.04540541321003158,-0.15025144895042525,0.06889984455954053,0.007269005558332098,7.154874471920724
2017-04-10,216,0.002222621813307683,0.06700804338545091,0.0790183243343226,-0.1061989910686903,0.010298982971334691,7.598248969513136
2017-04-11,214,0.0024787132384411943,-0.0642625995415667,0.08265983650501253,-0.07928650301627535,0.015311048999795851,7.026411740736176
2017-04-12,215,0.0017564052906986418,0.201694058968607,0.05769226352107767,-0.014640597490093894,0.0307480367304086,7.5008754934127
2017-04-13,238,0.002551764800765217,-0.02572841243583062,-0.1707234885622914,-0.01818814416614499,0.01453451717630072,7.840451152217575
2017-04-17,271,0.002013750370859747,-0.027736518447815234,-0.06271307322957334,-0.0010031093285915059,0.0014873017119687582,7.0011987893672405
2017-04-18,217,0.002236463980455356,0.047917733773335344,0.04291408386162648,-0.06145718515258589,0.0038197768085755923,7.049525119920851
2017-04-19,231,0.0025187926131643146,-0.012729347644664676,-0.02850624069819417,-0.122446598939053,0.013630971987456109,7.188145364791666
2017-04-20,239,0.0019077108586630302,0.05096790996304893,0.09597681676396957,-0.05883051716794925,0.0038720067122343105,7.221436238039552
2017-04-21,236,0.0016638801708743069,0.09172371129850312,0.17787136015260488,-0.05494651210378015,0.01032842124335287,7.123017384351352
2017-04-24,261,0.0015839117045009763,0.11203234280667909,-0.019063618657090824,0.08022936610091227,0.019536890585872158,7.340700031405449
2017-04-25,257,0.001498703060906325,0.12597846300262966,0.08877897289880436,0.01490919079272937,0.013576367970122627,6.935910073508076
2017-04-26,270,0.001515335754007992,0.23490752352357447,0.04324042212407122,-0.09642925281197082,0.05220101137694544,6.862931369271911
2017-04-27,280,0.0017762471790995884,0.019725840186236653,0.005561483722135419,-0.01998574420414257,0.0005555465619454525,6.48568452863879
2017-04-28,280,0.0015021235512913992,0.10618948157157665,-0.06914330674429749,0.12176463644953407,0.03127957381884594,7.122006564326001
2017-05-01,279,0.0015898768924240715,0.014660981965877997,0.11383970953020277,-0.015651997468705856,0.0056927597143713315,6.967574798888847
2017-05-02,251,0.0013003906508961935,0.07333915762079124,0.138577532092369,0.13528720353695078,0.027554836328733234,6.911128860184547
2017-05-03,265,0.001469808953095286,0.08222946863565733,0.08738227387964265,0.051389512344198786,0.008604369315254878,6.95353347078577
2017-05-04,247,0.0017670298254625018,0.08011217303284485,-0.0418356404099531,0.08881073359863322,0.014185698055239171,7.024924740820772
2017-05-05,262,0.002130719201812278,-0.08963110650552153,-0.08047135846662049,0.05360560322250265,0.0053813334553669545,6.8488570604201415
2017-05-08,264,0.001489632411658858,0.1424583733626054,0.05850158588748154,0.012514127394038439,0.013423154892728606,7.541517208442839
2017-05-09,248,0.002341447023012592,-0.04396458779123016,-0.19391842455251693,0.07652528892950294,0.01287065287691147,7.294753085864027
2017-05-10,252,0.0019494916174977108,0.037570628508040445,-0.10438054303509267,0.0842661393082028,0.016955242162510098,7.063728720627195
2017-05-11,218,0.0020014828786444443,-0.04333883969914373,0.028843100188556563,0.1418492044216156,0.022930330989078263,6.8156688656384015
2017-05-12,231,0.002355129902736929,0.007616548204675362,-0.1680891116047449,0.07240254833560587,0.014779231588956443,7.284007564455357
2017-05-15,242,0.002012640499350581,0.03343071648240145,-0.033702781898758395,0.026154063730679418,0.003094434867329632,7.21253441432301
2017-05-16,262,0.002563885787973305,-0.07874184090479674,-0.2058816311106273,-0.05885268088258663,0.01760186079073467,7.381542196005819
2017-05-17,255,0.002266027523152826,-0.03497966365162953,-0.14629347301754747,0.025599099861238483,0.006154125059412818,7.261827778485547
2017-05-18,254,0.0023080503347323307,-0.0744889277791791,-0.11080091364429083,0.012800271379440134,0.004346460985422906,7.244878438234494
2017-05-19,235,0.0016830842056876516,-0.03686634530111446,0.12779490937147203,0.11802185925644855,0.040100096493389414,7.692633119186053
2017-05-22,214,0.0026319891935802026,0.01721009431572162,-0.01827254654087747,-0.12542892262717098,0.015011462479867732,7.128386185359706
2017-05-23,210,0.002614670629868254,0.03281497970173782,-0.12183310601889966,-0.009143538227510559,0.011911701921634488,6.748717596300699
2017-05-24,235,0.002479094455611961,-0.01710375972797142,-0.11393522503175796,-0.03413540937788798,0.007157034560180686,7.1850997779273635
2017-05-25,248,0.0013712630036686816,0.08375688275278353,0.26425601508497837,-0.028159347657428422,0.024828032752750695,6.751715443173294
2017-05-26,246,0.0016117733773391403,0.07680847563696554,0.05496045851567432,0.07523856419649812,0.009623650340011336,6.877807107038996
2017-05-30,270,0.002429019864211354,-0.1449613699295739,-0.18592265239738717,0.01921329565282715,0.01929200716512547,6.474871508902622
2017-05-31,245,0.0017056766240229307,0.09540533855101566,0.0663569650049249,0.00245615067283068,0.005877961682371313,7.373519330212273
2017-06-01,229,0.0022915123524401204,0.06373165826948143,-0.15334148154322025,0.040097165856162006,0.022358963600423443,7.303894891088571
2017-06-02,225,0.0018784505117483323,-0.042977429614733526,0.2930791698512385,-0.09540447052325293,0.05273650685826625,7.490257370836332
2017-06-05,229,0.002284662419118466,0.023348876289275157,-0.12507280876321827,0.05534854451768257,0.01212858900423186,7.181300975831816
2017-06-06,225,0.0014954129218728422,0.057149392812705944,0.2563741366366362,0.013540655707874652,0.030115494412421895,7.414563155357954
2017-06-07,247,0.0016652920496458743,0.1176802711759872,-0.007376521185362179,0.0670419774843118,0.019328334152022397,7.307292488503104
2017-06-08,225,0.0018840585685896106,0.11404731844323736,-0.02983277243692893,0.0679590981283662,0.020066217571415468,6.865276478758228
2017-06-09,215,0.0029022932269467086,-0.11489280122853254,-0.2048959849556318,0.07180269859708664,0.014490018877872823,7.126006974297434
2017-06-12,253,0.002079733983214548,-0.08810884788393328,0.09973665918981311,-0.06397320681243575,0.02473831855740194,7.051720244735938
2017-06-13,255,0.001896252206014179,-0.01630169807992376,0.0019114866325236578,0.04730158638015792,0.0024126196062668193,7.206707874748748
2017-06-14,237,0.0021297264719447448,-0.012972668151365897,-0.06185088544325751,0.065333205892813,0.0037915535448634907,7.0137769030334605
2017-06-15,235,0.0023109788787648213,0.006413169129753219,-0.1300099638801091,0.03743672173088827,0.011403868267697126,7.493328279743502
2017-06-16,216,0.0027172418380488903,0.0013505711198606525,-0.15608655048799686,-0.019112494668985316,0.017515361993704626,7.56925390784508
2017-06-19,203,0.002093170132960045,0.029852697209837638,0.11053990512977886,0.009780323678606293,0.005017490523604895,8.269195407879577
2017-06-20,240,0.0017700322089842882,0.07021527695665684,-0.04417677221832552,0.12434603494921316,0.02021613977743353,7.097749917848644
2017-06-21,229,0.0025284505479851705,-0.052823734817048495,-0.15519789874949833,0.049991282589337105,0.008427853790540007,7.095698871088537
2017-06-22,225,0.0020703612723075226,0.03571023716788506,-0.21254874461832274,0.24517593491204404,0.08050508087984365,6.616326680373488
2017-06-23,213,0.002135349552006146,0.08798735751148336,-0.07679688538775188,0.07915061872164855,0.020130012363387184,7.30500306506352
2017-06-26,212,0.001641678216704975,0.12193743403383427,0.17099653099252654,0.010994471090724415,0.01438355799598845,7.0130651397068045
2017-06-27,220,0.002427416288483517,-0.03201026604115736,-0.01404098720613017,-0.0220119136854569,0.0013894126385501915,7.467968821207234
2017-06-28,251,0.0023098069434080958,-0.06647250768043288,-0.17284509325245062,0.07979451534202656,0.011515223861895407,7.233603139793513
2017-06-29,240,0.0017902293140425998,0.12316372324376743,0.07908747944060973,-0.061561273424818645,0.011267583771855882,6.79505597946079
2017-06-30,214,0.0027052241698239266,0.026388841504174795,-0.12067905048831683,-0.06354573570050201,0.015723478506433075,7.5873746330518035
2017-07-03,216,0.0023252075178802917,-0.03247893032386437,0.116236489394614,-0.08824720679504226,0.015789136542292637,6.83196290352546
2017-07-05,204,0.001675352715000387,0.002889329397230857,0.40006229930050596,-0.08649553641791649,0.05060302493137192,7.1748773281984155
2017-07-06,237,0.0016108320187428109,0.07965213778300213,0.12139081394392633,0.035422671388979095,0.007876232586036536,7.108646791030654
2017-07-07,219,0.0028269275217182145,-0.008543062009099852,-0.27849062186194173,0.04883942935844361,0.03315772034540476,7.751040803982464
2017-07-10,241,0.00208326426364097,0.003142404391725139,-0.10631112058733645,0.09903534112066181,0.010629597425411363,7.251010490420887
2017-07-11,229,0.002906804666898359,-0.05772184029287557,-0.2808699331575132,0.00727523601093836,0.02931514465267937,7.170758064906062
2017-07-12,248,0.0021818201336303218,-0.058000169346864236,-0.058327639660105284,0.03414502272632816,0.0026060861865557783,7.178044203014284
2017-07-13,226,0.0024684128614000174,0.039949897551733976,-0.0996057580559489,-0.05606675284859707,0.013704192937730286,7.171882194154601
2017-07-14,244,0.0024858706293414867,-0.15217293652694522,-0.06311248314695143,0.0021805525552602936,0.017525214715385817,6.672354534978785
2017-07-17,242,0.0028211912809530523,-0.19051570837391976,-0.22585812953666867,0.05091725792931272,0.02068871929258953,7.623042252779572
2017-07-18,249,0.002086756444402805,0.04818141573486764,-0.10300138378285789,0.015615258735381627,0.012317582283561945,7.343722613560753
2017-07-19,271,0.001396970728845499,0.049391341201707586,-0.054042077079733845,0.24749260084376853,0.057605050825530135,7.22162884183861
2017-07-20,251,0.002258361651394616,-0.07279257298469746,-0.03740594495853913,-0.023499031056853036,0.0051409916017983726,6.88205348040088
2017-07-21,246,0.002102412994298372,0.05989100557593487,-0.048274626565962736,-0.046003572204771165,0.009619778718428007,6.62863683617668
2017-07-24,283,0.0014979162565981175,0.10181556552580802,0.0604867923838503,-0.010122959144188844,0.006396269819522127,6.963070417856863
2017-07-25,256,0.0015325306866577845,0.20516066996133486,0.06852696720162466,-0.058343348731745286,0.03355171700820825,7.112756420827153
2017-07-26,287,0.001345618272776388,0.14492433232307392,0.2989944933043251,-0.21630371420103775,0.05268247574028129,6.733686253725355
2017-07-27,315,0.0014867280181505356,0.10718547205814699,-0.0810705450013723,0.03724642150838722,0.024457853185694378,6.535154397926613
2017-07-28,296,0.0015336140161244152,0.05394459264634036,-0.010456183336383129,0.048612093144387906,0.005536568241114703,6.779824829036955
2017-07-31,309,0.00132435369086781,0.12381665754780855,-0.0714030731110219,0.12913583460690814,0.0329018064381017,7.187960024817812
2017-08-01,269,0.001621962405827225,0.12724370860057685,0.05951218757238391,-0.059371670508003134,0.013601720835687447,6.681041557826336
2017-08-02,290,0.0018157909016307688,-0.030711382697293794,-0.055218923006384375,0.032771582757824616,0.0012945422062210499,7.406472486335833
2017-08-03,276,0.0021055723987433344,-0.05208212365688472,-0.14087878378259466,0.030684943333163506,0.007589363444916342,6.907388579029648
2017-08-04,294,0.0012950435433381248,0.17940568006752075,-0.050685303220828044,0.10979401967048699,0.05231730545998725,6.723163519679341
2017-08-07,280,0.002202833478850833,-0.06412801735345766,-0.05330906010077788,-0.11614967070223649,0.015387870118364066,7.428486090873358
2017-08-08,257,0.0014204687419944525,0.14908403231775738,0.07966656153694719,0.04112847276014817,0.017824894944446723,7.368995070052692
2017-08-09,236,0.0020845374942059427,0.04065248579270611,-0.10808446803713964,0.08353028497923157,0.015390530584477702,6.55778092146765
2017-08-10,259,0.0018020973318886465,-0.015634844025073036,-0.06153718244039166,0.14368560854714962,0.01671826157492584,7.25387347673322
2017-08-11,258,0.0026265018741825578,-0.06470245708840627,-0.3481075643397648,0.05753505434997669,0.04638323605831873,6.922077667213393
2017-08-14,283,0.0019379106345039422,-0.01411010970167285,0.019641006049980533,-0.10238831547754487,0.00877744277234127,7.037106206832342
2017-08-15,281,0.0014710915429212263,0.059780629452984194,0.1999964772353108,-0.08653055381002336,0.012975899986531814,7.377561466349
2017-08-16,252,0.002148946331508083,-0.05664907445690388,-0.11549335750477019,0.08907348088160734,0.007247789914564429,7.260661159149129
2017-08-17,239,0.001850390638514562,0.06185102049930559,0.07547936117443707,-0.021817106883700123,0.0028714041762716302,7.106695614647151
2017-08-18,254,0.0020084943731180733,0.006391844707080629,-0.10390002080028474,0.07719303454921929,0.00727004928719166,7.15084985685253
2017-08-21,252,0.0018680162392170376,0.014481137327920153,0.05662805665816898,-0.012589378551475492,0.0012077865720534486,6.839577311853692
2017-08-22,241,0.0018982477664287408,0.10533074311456449,-0.06372154111498454,0.04343537458177348,0.020103597342588486,7.393503824215849
2017-08-23,235,0.0027198378890262876,-0.019185440374913838,-0.328811508381599,0.06967314091415797,0.04382561268245555,7.3930358263049465
2017-08-24,203,0.0021839865541879934,-0.0559552934367576,0.16497269867601536,0.00428405376042113,0.02861052506188544,7.661817840267307
2017-08-25,206,0.0021430027796303453,0.08741035368586218,0.036573776575923415,-0.006901275469487055,0.005486334064707998,7.129290029950293
2017-08-28,228,0.0024465480736600488,0.02217424619193051,-0.014506965001154117,-0.12329320277974948,0.015193276497379893,6.920136324518135
2017-08-29,226,0.0014428457975674835,0.23911112312321856,0.0025105310323523273,0.10621204534393042,0.06642106425130645,7.0833454119295585
2017-08-30,251,0.001807352939132242,0.0722263876371838,-0.018964460640001988,0.039446897558426695,0.007284141858127979,7.1961400326758715
2017-08-31,219,0.002166587119448882,0.016099847126486693,0.14408697399396977,-0.10915197943906385,0.014458854502290563,6.872147060269781
2017-09-01,220,0.002369520102773016,0.08143799228504577,0.07091291931203221,-0.19493975681720394,0.031588052333916594,7.154741063379853
2017-09-05,260,0.002779704635150865,-0.1814561396371627,-0.06556942470125993,-0.19842084594002182,0.05423545815036923,7.150689515394228
2017-09-06,228,0.002131851101382048,0.009461958629597178,-0.15062284948717183,0.169036788627362,0.04029538405178246,7.5370192726999905
2017-09-07,252,0.0022835249640272733,0.03386000114545157,-0.1694546846510229,-0.01530189836417252,0.01862618613466649,6.81873502825706
2017-09-08,248,0.001598362320271362,0.22454938756042045,-0.02963765702666486,0.012300558611650235,0.05740516265144602,6.95151267415116
2017-09-11,246,0.0020761609977156077,0.10957956887467273,0.027223569877385216,-0.15827434962814765,0.030377681679961577,7.359705317391328
2017-09-12,268,0.0019603381365323534,0.04129224907912246,0.028678620382621322,-0.1207121106430896,0.013024514348386251,7.462379322751677
2017-09-13,250,0.0013735628844553818,0.022427211442683347,0.2749396683063994,0.015851678023219816,0.03226178817175673,7.071004594157848
2017-09-14,264,0.002377670291442922,-0.12039523595967774,-0.1400903796550567,0.005075701732869907,0.011832121642977644,6.88880398574034
2017-09-15,230,0.003205197556904672,-0.18110398242072598,-0.3360727359884588,0.042785842233043145,0.03712648383430339,7.399673459629867
2017-09-18,241,0.00224564800279209,0.00858321035668213,-0.13207561261575101,0.04109006491328077,0.009556461780270031,7.1352463541317865
2017-09-19,229,0.001527042676115508,0.21631727186203784,0.08782825995768583,-0.003531077480616475,0.037368077997328664,6.756761400435898
2017-09-20,186,0.00272664108427035,0.01818256869684225,-0.19954836282895538,0.1670553107835359,0.03431108428230212,7.018344164698776
2017-09-21,224,0.0023220393325065736,0.04197904657639203,-0.1383824542216943,0.05612978668236517,0.016261494304473767,7.4349475027524345
2017-09-22,225,0.002418853010019006,0.00544235384402585,-0.18940907964558537,0.09548287129301344,0.021865965313002,7.313836157336106
2017-09-25,221,0.002436161637889185,0.017849486856486345,-0.13941317378037146,0.04478024297685968,0.01437740710974622,7.206039266727083
2017-09-26,217,0.0020891579055575633,0.004897394731408786,0.004007032680674499,0.08440104157592589,0.006076898779903694,7.192741879871934
2017-09-27,253,0.0022323437296963007,-0.12383614179678525,-0.09825037285205036,0.09252058742250512,0.01308724091843183,7.311656502135911
2017-09-28,260,0.0012998975722635566,0.17720996782859225,0.0542326374524435,0.09261065714192922,0.039578424353432284,6.942705784229828
2017-09-29,213,0.002394712125522969,0.04632453115267125,-0.12924947397237493,0.0627775773469207,0.01584362409310025,7.872542615448878
2017-10-02,217,0.0015142308119736375,0.28196923781377486,0.0996094231151229,-0.03875483332545303,0.06961617070850379,6.936911390626087
2017-10-03,235,0.001428626762159467,0.22139328270787564,0.1946986563838112,-0.08754651730664076,0.029351487572124024,7.38771065625495
2017-10-04,259,0.0018599076707315392,0.059992987379308506,0.006941056231029347,-0.030366217049282367,0.0038363549557064447,7.216346648398387
2017-10-05,213,0.0023605574585538166,0.03433130846356929,-0.17263781512939116,0.13270902932190068,0.026526783095057738,6.823246380196008
2017-10-06,204,0.0019766453394381477,0.08026036265302336,0.0922025385511725,0.021065800305046713,0.00696721544417378,6.742835343946585
2017-10-09,228,0.0014838033527712782,0.05836053797386475,0.15748838255045275,0.10753675061197296,0.026452782881716264,7.479140131765243
2017-10-10,209,0.002727393498681889,-0.01337130411243345,-0.14361733209932903,0.016938153762737142,0.009018548129775983,7.330517610440574
2017-10-11,256,0.0017659511301242445,0.041867473630045,0.08217991013912247,-0.02821436239278565,0.00213520745222473,7.392710029603826
2017-10-12,249,0.0020880394630350733,-0.04071957626473372,-0.059273012830090316,0.06014893650334582,0.0036254210880733995,7.011308082960875
2017-10-13,237,0.0017315662775312405,0.014642529076876565,0.09053862776236032,0.07405642761095868,0.010619913977446882,7.3978573896409605
2017-10-16,233,0.001577367754667161,0.13286132538654444,0.11523042193450227,0.01685487900406066,0.013485639125221827,6.884918782240373
2017-10-17,226,0.0024136325451951306,-0.07968047857130517,-0.001989130265125332,-0.009292301591775628,0.006328239712131034,7.2900895508535974
2017-10-18,257,0.0013888081926586465,0.008038929017211196,0.16649299169047904,0.11162066826575806,0.03416295725676599,7.396813433071145
2017-10-19,258,0.0019753834205843424,0.05485962559995942,-4.805298766745808e-05,-0.07410941763380355,0.007667017562033918,7.149196329835475
2017-10-20,250,0.00092595059143153,0.20360579313307103,0.2701463437845449,0.06327256736660941,0.04758005838456103,6.61843587583647
2017-10-23,279,0.0020030352789494324,-0.11606962574952952,-0.13456121012949956,0.13293715022525027,0.017518871365332367,7.445184583186399
2017-10-24,263,0.0021213570539219974,0.03776225517719653,-0.10759559094730459,-0.04600047459286476,0.015176231400048756,6.895153694605097
2017-10-25,278,0.0013614673326687134,0.15219117388877046,0.08379650647127136,0.007036482676144047,0.01597960606997073,6.691137092926312
2017-10-26,295,0.0015721732006236543,0.07906629642153769,0.0682857588617764,-0.07493424365127473,0.006370191731301822,6.652704145000467
2017-10-27,302,0.001534380368141719,0.02184088263564055,0.0636431545633304,-0.012249779556560004,0.0017649218615839457,7.04444703356896
2017-10-30,299,0.0018643796513946106,-0.04136205026314322,-0.14421264717923107,0.07067566590838632,0.009187005742203103,7.110428954020326
2017-10-31,280,0.0016290208917239726,-0.03804656226519676,-0.01415089485376904,0.13994575775352852,0.018754821244770792,7.144961763560983
2017-11-01,251,0.002151890115918643,0.013056873271831946,-0.18294932968549157,0.08964361822249849,0.022676757452016028,7.039618140662397
2017-11-02,277,0.0017279855402981019,0.05548239978141333,0.040573256525840005,-0.05335964563238524,0.003137573422668738,7.673596913393167
2017-11-03,294,0.0016618162850750087,0.060887868230053814,-0.0196077386665067,-0.018428105187650222,0.006079649172571866,7.597832270560678
2017-11-06,270,0.001763885262916451,0.04297704675768612,-0.05800498214420206,0.06252989341163859,0.007905912493342715,7.5944458943679605
2017-11-07,266,0.0015053809058883005,0.06914521766393575,0.05981039388674542,0.07018174651673827,0.009311813595135443,7.3469292537447695
2017-11-08,288,0.002107955229491105,-0.08963080833648714,-0.22869254831009925,0.10414114445970893,0.019516118944713723,7.206552712135784
2017-11-09,288,0.0018218017148129415,-0.012073890964757188,-0.14037451975269674,0.10309062298519828,0.014324757089511864,7.293217483216022
2017-11-10,265,0.0010772770418561025,0.1939544729639464,0.38163014047530786,-0.1465414456229813,0.04450824616853044,7.708005857180862
2017-11-13,224,0.0025344758558718677,-0.05656927979338936,-0.1332649987122012,0.054389095074998874,0.006113469194042098,7.011907530829127
2017-11-14,287,0.001003267247199576,0.2066277514607534,0.2556734170315083,-0.03817656838485003,0.03135089843262162,7.5303511639495895
2017-11-15,263,0.001643158195778806,0.052726334711481276,0.18711583330666617,-0.10414337899781254,0.015709845939116618,7.469673429265226
2017-11-16,275,0.0016309046379005398,-0.02297625222399583,0.18269316581872688,-0.056714464440026716,0.018007854570066484,7.181832041661839
2017-11-17,265,0.0017157478315688434,-0.012774377371125571,0.12951628905498788,-0.02608826241535627,0.007020980550229816,7.16962981369182
2017-11-20,282,0.0015940458075281638,0.1301548999990795,0.035077467656018754,-0.06427420310095822,0.01619088701634508,7.226027696832325
2017-11-21,315,0.00082066786123641,0.21092812946956208,0.08257220763632026,0.18947891031518502,0.07915725208736435,7.030645391274636
2017-11-22,293,0.0016106207693828798,0.06330112908477026,-0.034318137462835845,0.027193237519709305,0.006880726218910893,7.072865571085198
2017-11-24,309,0.0013027394995533982,0.06289222483837205,0.1529172403357816,-0.02090247589815807,0.006998490411528446,7.565666475222538
2017-11-27,235,0.0016345882395406516,0.09289578498769155,0.09789829906907035,0.0409494433591263,0.010569510947202931,7.27417684559014
2017-11-28,249,0.0022899349799050516,-0.0371405787785574,-0.12101771625332497,0.01777067503915384,0.004764180947329888,7.21909621047649
2017-11-29,295,0.0019707300460793113,0.08358063427131028,-0.17430563749871805,-0.07200572395939804,0.038621611830080615,6.905324070048136
2017-11-30,336,0.0014098098121096134,0.10454905534483176,0.044592871960763884,-0.09653412104326599,0.016402451897055914,7.178715795264397
2017-12-01,296,0.0018603376510426366,-0.04295789822080002,0.05312336624173317,-0.11148535743818351,0.014070719378215357,7.212179702162389
2017-12-04,302,0.0017813289216712029,0.01127519989985813,-0.07758616613550125,-0.009611702453760178,0.003871677101966564,7.453768865203063
2017-12-05,328,0.001608800578847964,0.02421817589239486,-0.06684101646408135,-0.012750339152572416,0.004548037791795245,6.745620115114387
2017-12-06,292,0.001912956969490167,-0.1977603997876266,-0.01146593083432947,0.09205946043969102,0.043500624598522664,7.342769000536418
2017-12-07,273,0.0013658949967323263,0.055180525238034135,0.0798173977463048,0.11922340879981029,0.020298783082298155,6.876077508957566
2017-12-08,276,0.0022912963928747978,-0.06450697887592022,-0.17386896634683086,-0.0264196636441282,0.01396672842470581,6.959832688103004
2017-12-11,315,0.0012897671620536234,0.04222182993111636,0.2227615356624933,-0.0775366776873936,0.01565622952309942,7.259039784619456
2017-12-12,284,0.0015990291936169498,0.08869172626927227,-0.037864877347896536,0.04092456910419308,0.012659605726304313,7.129849962062643
2017-12-13,292,0.0017980267425908188,-0.08279476785036254,-0.12154720168152261,0.1542943518588431,0.01718852113908187,7.471218595701604
2017-12-14,290,0.001344943315540301,0.13084738994900108,0.0992754538176625,-0.010189966780043011,0.012662933317596825,6.734978708326717
2017-12-15,270,0.0021788326203940325,-0.09047452702660608,-0.09330347708561959,0.0072083890994426875,0.006267471856548523,6.748594170692247
2017-12-18,306,0.0020169023577075256,0.015181275009248965,-0.15342199619389363,-0.09610352173234943,0.029355616732455903,7.424488761417044
2017-12-19,277,0.0018654207750406345,0.032448951454588225,-0.06893532240669559,0.0030432615795998137,0.004865704752436972,7.092806710910274
2017-12-20,280,0.0013687508928863486,0.12023907794352819,0.106756721342977,0.006503700697135285,0.010162764633852128,6.739476983431529
2017-12-21,266,0.0017262137153562624,0.1073380352558543,0.0832448473788229,-0.10892857920420791,0.015585977518739025,6.832739273844938
2017-12-22,273,0.00118123679998418,0.08854488647199324,0.3220403958263066,-0.0555405750896454,0.03265044840194553,7.1921331947841125
2017-12-26,300,0.0018253420783853412,-0.00505074687056077,-0.1630058561916695,0.0728513560310219,0.01303715709871478,7.095052492410642
2017-12-27,230,0.0025619775300244783,-0.09607742717322386,-0.009109245330461889,-0.07332299130757539,0.015077844104832594,7.34622579004747
2017-12-28,248,0.0027164196855590196,-0.17822463159171303,-0.23423692338281524,0.06511739093725133,0.027253176146728064,7.307526765452043
2017-12-29,245,0.0014328607447649494,0.1298495139424499,0.22777232719101165,-0.059723606068290844,0.016750629503309522,7.329394703687969
2018-01-02,297,0.001629694198765231,0.011528817269275654,-0.0313498451205801,0.051782673784754395,0.0028285081882446494,7.460452653325428
2018-01-03,286,0.0009001375797327418,0.12078501280107823,0.2233194665202232,0.14101682507159397,0.04837441837503986,6.930741157365454
2018-01-04,299,0.0012579341222075519,0.08274521959904241,0.02683625615530729,0.13817391916553778,0.02690816622997838,6.336695004496178
2018-01-05,291,0.0016009008610870137,0.1378008111897341,0.01076178393252775,-0.08028689627490193,0.02107343125816541,7.291747778635957
2018-01-08,290,0.0017095929929076279,-0.02206100844362864,-0.020877876233658676,0.05137494879086435,0.0022331681058598285,7.16973108179422
2018-01-09,291,0.0017878287424613062,0.0320181942691902,-0.13375115213291203,0.06121662975124691,0.014805636705193415,6.090475285752863
2018-01-10,288,0.0014796007364011805,0.12695960917289553,0.05399999613652306,-0.03320962947650099,0.011753075413366232,7.142776654639198
2018-01-11,318,0.0016207593914199668,-0.010767447976890636,-0.050700728010900815,0.030665203044690722,0.00125875981559187,7.34143908738859
2018-01-12,292,0.0018080760927289804,0.026776801658755837,0.0001695388619198386,-0.08286277867440202,0.006781454830224187,7.1692952300242325
2018-01-16,346,0.0009471656616981908,0.18802285767198573,0.11492835832360268,0.04161014610926388,0.02622115406175296,7.0100818265772675
2018-01-17,325,0.0010248182036703985,0.15586816394142014,0.17080194701299584,0.0071980566598073325,0.017727454816582666,6.933383115110353
2018-01-18,275,0.0018072828302583216,0.04697370561378384,-0.06435843892458389,0.02337917666871834,0.007615836362819484,7.06027273196056
2018-01-19,284,0.001484486200762481,-0.03735745515811968,0.041264047794608724,0.1529052453304273,0.028004294857537082,7.368385213995382
2018-01-22,314,0.0016027015269989605,0.0835319429560979,-0.0004889232253382776,-0.08953957868610948,0.01465708913894559,7.22315146770243
2018-01-23,330,0.0011516548793373284,0.02163737799409271,0.21117900930429329,0.007091392338968537,0.018434679852170066,6.992993253159311
2018-01-24,304,0.001792356201375799,0.024003101647866534,0.037535225639307834,-0.1512908977236529,0.018546947382001022,6.905425138349156
2018-01-25,308,0.00148280619743476,0.01966669983775216,-0.05137514034710202,0.11829982288953043,0.012845411609622714,7.226540542951694
2018-01-26,304,0.001868621974693405,0.006725941986080279,-0.1786946261630786,0.03584652356341512,0.017962730252455872,7.326550689588015
2018-01-29,293,0.001721629348286232,0.038368525917768945,-0.054808955856443166,0.007565631842949472,0.004226320390741778,6.968510575226255
2018-01-30,321,0.0017467123573397093,-0.04345136071996614,-0.15365045469093602,0.07571248199879464,0.009372213564605825,6.9465542014554496
2018-01-31,292,0.001251094576058829,0.14696815231865992,0.050466611978435605,0.07192600328454973,0.02090055293219828,7.086978286210351
2018-02-01,330,0.001441736734351007,0.0960813498338291,0.0003274027803989336,-0.04795499728588925,0.010718834502944197,6.610219444956255
2018-02-02,306,0.0014413313001193286,0.08587514733320954,0.004935452063922932,0.027094644929836903,0.007863806409938778,7.017717690869715
2018-02-05,341,0.0018169344758822618,-0.13551088128609928,-0.0966447005466692,-0.006993730718929308,0.012156018086909137,7.070341552131701
2018-02-06,307,0.0012966210243107756,0.05837199423972904,0.10493242893813723,0.04057026789531552,0.007062692072891674,7.708177199041282
2018-02-07,313,0.001913415100426202,0.010090255704590611,-0.20894058667576196,0.001052478104359076,0.031929124926652896,7.276638748177441
2018-02-08,345,0.0014662558150028053,0.04141338609472697,-0.06332306183770436,0.010193163391035886,0.005752810282728671,6.972564305612715
2018-02-09,308,0.002112363433521183,-0.06602515564134216,-0.20595570226701573,-0.02923501714068719,0.024068952630577733,6.740288278866783
2018-02-12,334,0.0016088790026557254,-0.05995301737508268,-0.09522650204718423,0.08044834564823523,0.006467967733223889,7.381193795887681
2018-02-13,317,0.0013637215314088289,0.029121013209240588,0.07314593345161287,0.03313360242594076,0.003695716398949722,6.850958484209223
2018-02-14,314,0.001469938005990522,0.14017868338449022,0.01979175022368503,-0.08309150137022776,0.023981918860127793,6.435097029579176
2018-02-15,354,0.0011117703148904963,0.23653919238644844,0.04228547296559459,-0.06595804829451288,0.05053289172104025,7.066583096091239
2018-02-16,310,0.0014452663366880144,0.07908953980217956,0.0016981574361619662,0.023147174015085908,0.006763364513117653,7.3379405104033
2018-02-20,364,0.0015868238161484628,-0.03918643868088343,-0.13736665684269278,0.021345357367472458,0.007014955464387351,6.662977427643488
2018-02-21,319,0.0013871446348971415,0.031339768850598984,0.041723398045194995,0.041938556039818,0.0032895964017254364,6.613337336602321
2018-02-22,335,0.0016476508101502345,0.028744745675557605,-0.05160830171614962,-0.08106248676006556,0.011208806237743896,6.966637635161564
2018-02-23,306,0.0019220334872269743,-0.01953087114906575,-0.11287369236343206,-0.04387993067041036,0.011352320595580223,6.805014356941239
2018-02-26,321,0.0017337078300296233,-0.15321747387362458,-0.03883869109648779,0.07901573809107376,0.02273553658336236,7.002474765132823
2018-02-27,316,0.0012166996181402526,0.1134906614012803,0.01026355914102873,0.10729162079305725,0.02498113047614048,6.85236430623282
2018-02-28,312,0.00172791181422954,-0.033413170851411336,-0.05121324846461804,0.006409447236795434,0.001096172059639522,7.041498236314192
2018-03-01,305,0.001866323329871311,-0.05109429830318955,-0.009739702878708657,-0.07762323003962215,0.008152017045705784,7.259897492704688
2018-03-02,299,0.001944358679597767,-0.03629348767366456,-0.199425521586982,0.07299251886118219,0.0144950068425852,7.0761471688228506
2018-03-05,293,0.0012852673313085705,0.15266347824185933,0.081806631394137,0.012363234217179745,0.014767344824671236,7.436838917175638
2018-03-06,289,0.0014992251063886302,0.09481021121501042,0.04698200243113068,-0.008344325138773536,0.005079201702870351,7.942352883257683
2018-03-07,297,0.001495114599952989,0.06712543954633643,0.016315729037558305,0.028460759044040194,0.00434422083099073,7.373159697562404
2018-03-08,297,0.0012401272417847246,0.159763821008606,-0.013580274649326984,0.11718087202059488,0.04045921199189828,7.3588291270626165
2018-03-09,299,0.0014586153806862266,-0.018020099902995673,0.15466251693955876,-0.008894414686932141,0.014081496855766984,6.792420154192638
2018-03-12,290,0.0017594786710904999,0.02884589957794595,-0.060465633219942465,0.011122104409510161,0.004249845970073274,6.978512708855944
2018-03-13,287,0.0026207139634145324,-0.136355605731656,-0.24613952517237747,-0.12179468409590655,0.04292402865013023,7.2483158740657085
2018-03-14,294,0.0020558733044060266,-0.007057873649078763,-0.2222374499149172,0.02044182057325436,0.022509216426299328,7.085611333075998
2018-03-15,277,0.0013421429747153455,0.06953031248545992,0.22465569508876782,-0.03773321556653031,0.016435143191028456,7.530427882714583
2018-03-16,279,0.0017004939614942765,0.05144401427357467,-0.0011458713358193787,0.0008262265484404634,0.0027020519509700636,7.4614969291008535
2018-03-19,280,0.0012014320322993456,0.15390889633533414,0.2106775747493591,-0.0373884091723424,0.02109699087706618,6.656445805383999
2018-03-20,279,0.002334575645078779,-0.0034506345035719686,-0.1992069529142147,-0.10003562253616344,0.033395810582636076,7.302025830086792
2018-03-21,254,0.001678710176719911,0.22145676469327474,-0.08016905471171425,0.005927520244725357,0.06468283550200615,6.585867942889183
2018-03-22,254,0.0020493551541264166,-0.08851180819562174,0.08117820517570248,-0.03373881527631198,0.0165410711391466,7.173313032508838
2018-03-23,266,0.002895795096563678,-0.154651726018109,-0.3747942693673066,-0.01111699598647196,0.04876601588559937,7.445522221487789
2018-03-26,295,0.0017596927868815777,0.030636238078220236,0.04824605893840632,-0.11710104127675751,0.01039002118937149,6.999211667645896
2018-03-27,264,0.0018544703932484718,-0.024700053440715877,0.02672843745562729,0.01881124834989574,0.002288389742357122,7.329847406357878
2018-03-28,286,0.0021295698588326994,-0.11458154689139935,0.00895342416266822,-0.11248583652357126,0.019444268112199015,6.818750241662483
2018-03-29,262,0.0020558212476185183,-0.127314850511767,0.03433171849524913,0.015732798264412384,0.020579919857290685,6.952088274080303
2018-04-02,307,0.00187454298460473,0.011519702640644206,-0.20008446538409652,0.037595370196169556,0.019012057437519214,6.941421285525622
2018-04-03,272,0.0019206955475297594,0.029161864451495784,0.004606376707641866,-0.0786266190153289,0.005690055329907295,7.419798898607197
2018-04-04,251,0.0024995642340975865,-0.1014748986987273,-0.13062821779114914,-0.022678129027119322,0.009660570311503691,6.936590125198581
2018-04-05,269,0.0017156276684624884,0.03516098665653627,-0.09542170973343014,0.13725303744408016,0.018995123317236295,6.942233793830731
2018-04-06,260,0.002058644527923811,0.10150034279952184,-0.13340489489496518,-0.03859060242493467,0.029514199083379267,7.427460784965461
2018-04-09,289,0.0020667404312235947,-0.15989981614135526,-0.12315715594414976,0.08848100283826932,0.02100079088606288,7.056059557455771
2018-04-10,262,0.0017016805010091778,0.048322757541894426,0.014089966416166175,0.04590669351313376,0.003779992091024975,7.275341338692218
2018-04-11,282,0.001603988649493728,0.048759433148867465,0.024717798485371128,0.021873170051300024,0.0024874886515205974,7.618690679926036
2018-04-12,268,0.0016220530232536614,0.049151162574471566,0.049083436765914416,0.032344980195645356,0.0030761308207758464,6.904845478606344
2018-04-13,263,0.001717224339556161,0.16990650353347408,-0.05065456751598456,-0.022511938624036804,0.0358074285988359,7.028292832052601
2018-04-16,289,0.0022645227802523763,-0.06673572515845323,-0.20338583724109185,-0.03877260458632763,0.018121512069672052,7.4786273333710245
2018-04-17,256,0.002249307002660384,-0.01943040255431303,-0.17451184551910573,0.042297062711295526,0.01192909080894955,6.95181553883761
2018-04-18,271,0.001777813985764874,0.0008501064313432701,0.09315108943587513,-0.05757637615178086,0.00586727013699484,6.785303171046929
2018-04-19,276,0.0012881279797528906,0.100753917922869,0.15442003555607958,0.033779401697463816,0.012455346506388243,6.6983458423144615
2018-04-20,289,0.001970891606267173,0.025164062820927077,-0.23418440358801057,0.06984499234466163,0.04404264223330945,7.535742603495539
2018-04-23,326,0.0018372414673949818,-0.03501080532212509,-0.1926201591831337,0.029749527763722722,0.014937105788440097,7.40048198906252
2018-04-24,326,0.00174812007956946,-0.11202778351780204,-0.16787412739832927,0.14012761903686025,0.02055892885114008,6.557656375350752
2018-04-25,325,0.0017934285868373132,0.03280199158891824,-0.08952263061612845,-0.10900794241701588,0.025553542480436064,6.581950459593092
2018-04-26,341,0.0014155213797658326,0.04637303191670239,-0.06326691606614068,0.05150830314914454,0.008084328589594847,7.022819253764183
2018-04-27,331,0.0013199538367107435,0.09695883331309652,-0.024306548523409698,0.05353827530780498,0.016199589287183902,6.79311281695988
2018-04-30,345,0.0015812814595663168,0.058245788103809225,-0.18750496594428742,0.03817497073972222,0.024020076782823696,7.2594589289383435
2018-05-01,295,0.00194998733132303,0.012650611968297157,-0.1707565820137928,0.007613444564903983,0.019551243957842912,7.314647463078112
2018-05-02,320,0.0016161608740316955,0.09091626764198646,-0.005514093376858867,-0.11974513364540983,0.023441322772336348,7.0819466696068885
2018-05-03,333,0.0016611624919794369,0.08423781268739153,-0.15623197427205202,-0.034340058073650016,0.040422139168388216,6.877683709770631
2018-05-04,321,0.0010804314474334874,0.13141209064043005,0.11185558866737332,0.06309533143990027,0.01616843457090411,7.633397607700426
2018-05-07,324,0.0016032715222333597,-0.01342480734778971,0.07779561001853742,-0.10329074907797303,0.009762735007583956,6.504235652513559
2018-05-08,300,0.0014012209086278363,0.06760900519867014,0.15962499511923967,-0.06796654549460315,0.009519973918571956,6.750505471388685
2018-05-09,303,0.001963295727411827,0.009615013786672828,-0.2577944509994361,0.05842222640119723,0.0320175772224256,7.0794465526162105
2018-05-10,306,0.0017361740007281051,-0.0072431052197217665,-0.13236304998316747,0.0770676667572829,0.00905923861817548,6.759493681267655
2018-05-11,316,0.0015054216461194913,0.08671678011930171,-0.019763429543997086,-0.01837983092282372,0.009132389273384556,6.867078276752368
2018-05-14,312,0.0017776633449515114,-0.043295660230335785,-0.12579027522871505,0.0598240082093101,0.005890030060152429,7.373210991068474
2018-05-15,279,0.0017692267209221345,0.008284967278311184,-0.06588856618380919,0.07037508863094336,0.004145283927210142,7.345502410476685
2018-05-16,315,0.0016496156973352758,0.021449196560730743,-0.06892242434436484,0.008215338462417659,0.00397864549893201,6.7523409840306
2018-05-17,299,0.0016912717640690815,0.015390447956987676,0.02524349261743027,-0.052014455487726305,0.0022116796756344037,6.716703830787772
2018-05-18,289,0.0021747795233454962,0.06409858253141155,-0.18153490370227457,-0.13958624332283384,0.05944829725296319,7.7027208097154345
2018-05-21,310,0.0021116758277634233,-0.12094647405247134,-0.16973666427128534,-0.01855587488956766,0.012350861823941295,7.440665251474653
2018-05-22,289,0.0017882167649237344,-0.01750698277368635,-0.10089006845955202,0.08480776110731951,0.008199166331259278,6.783861221051027
2018-05-23,268,0.0022505996634870564,-0.05344707839237167,-0.11900230975109304,-0.03387203148561377,0.0077416938523580114,7.059530784319284
2018-05-24,279,0.001966211860184375,-0.014635759345500425,-0.14325903109565613,0.06074857245828971,0.009099961879738161,7.13256009380951
2018-05-25,256,0.0019660757324870865,0.06843511263782577,-0.1500240624576234,0.0749581747864016,0.02727992131515311,7.49929939098299
2018-05-29,368,0.0012417768708850219,-0.005801241884147856,0.027961237243255898,0.06389222766950624,0.005219192022218544,7.387579975507377
2018-05-30,283,0.0015959745130082195,0.11201803065234227,0.012353994872601245,-0.02769359988759597,0.011806760964542362,7.38634114898648
2018-05-31,304,0.0017559277318413007,0.10948424274903226,-0.06793873039974553,-0.10914957330880534,0.031216268290701454,6.844386618721727
2018-06-01,309,0.00144574177449863,0.10581031769268355,0.048495511414876305,-0.04777424574770996,0.008832888226715463,7.192633708937105
2018-06-04,287,0.0014693127982297032,0.04116669214191628,0.04308860642716491,0.07235915524707563,0.007356812920616851,7.016854150628503
2018-06-05,315,0.0017641814252927818,-0.026272066743282446,-0.11926947759167807,0.034107246400513117,0.004942793169075865,7.330035210937326
2018-06-06,262,0.0018907033037926018,0.11738099292878472,-0.07626743865638538,-0.0318420854597285,0.024370563215737273,7.3324258041703185
2018-06-07,274,0.0018398154364543246,0.1166484968319935,-0.15459574582682895,0.029728389817863285,0.043583407427152276,8.154052597660238
2018-06-08,259,0.001992979582349429,-0.011662583393917764,0.10025557807690795,-0.12095641833999989,0.013391083561339778,7.404271064562334
2018-06-11,288,0.001665183818314222,0.06263051279507326,0.012439218061485045,-0.03421561020554809,0.004051806853882067,6.9603027375559146
2018-06-12,217,0.002415908985616945,-0.03218448335529255,-0.07651084199471667,0.060190825592254804,0.003378513425773777,7.369385616135755
2018-06-13,287,0.0014560242198403519,0.12034262145417847,-0.0067617522088339495,0.050661228566284154,0.019286868612419683,7.132641316307188
2018-06-14,272,0.0014735426781527171,0.14651116047498816,0.031494795095489136,0.020386827514435532,0.01887511493509131,6.704784088827095
2018-06-15,258,0.0023226018699759945,-0.10462220184242357,-0.24107107166474026,0.14723070859957038,0.02535879512654804,7.355196268210353
2018-06-18,311,0.0016880780832838253,-0.036483413909832785,-0.14356798876228044,0.13006683486957676,0.014713304330285837,6.8240166969364795
2018-06-19,284,0.002097110548617545,0.025009374186659026,-0.2556502338427785,0.039482068041367835,0.03145262281272454,7.162422637459381
2018-06-20,307,0.0018866875449854682,-0.09890021535956654,-0.17125707357087827,0.11173113630937141,0.013156511130754223,7.411631213339182
2018-06-21,269,0.0020065859905517274,0.0612731415906259,-0.09140376181335615,-0.049412642694100464,0.012864380078859816,7.367607369573731
2018-06-22,286,0.0023057324865501127,-0.0825869033907314,-0.25854052340445793,0.02224844448851531,0.022167490970358417,7.467887096402201
2018-06-25,272,0.0018086301584488722,0.0671670193614246,-0.11384849738991361,0.06278667183230151,0.019148917462423976,6.415962303422488
2018-06-26,287,0.0018014317456475496,-0.01571006298949425,-0.022643709371729485,0.0043319503595322245,0.00017715409470364651,7.275543513240796
2018-06-27,289,0.0018484918403992472,0.03739398115232156,-0.10004782929456343,-0.005774435608518588,0.00976117431463619,7.249794576310763
2018-06-28,280,0.0017109659794458817,-0.03963509326139341,0.08019564316264961,0.0012985016090476264,0.007767521403388433,6.617207932995982
2018-06-29,264,0.0015945708496199126,0.058492266461753616,0.013246110662729581,0.0863282142761994,0.011640150513472447,6.927323351253635
2018-07-02,293,0.0022103773374927793,-0.09004127563083329,-0.2158241287314302,0.010584284591478801,0.01563597849808207,7.010680080686319
2018-07-03,292,0.001394645573142948,0.11325421711832785,0.10098426265089089,-0.02871149448470331,0.007580935592249816,7.399638374716559
2018-07-05,267,0.0018295544031447664,0.0715602304457743,-0.07013334461701293,0.021591062891930256,0.0110040690041866,7.3160277344491575
2018-07-06,253,0.0022467436292415805,0.006857721708823663,-0.11079233064654698,-0.03291766745852595,0.006181884212019373,8.059049855972606
2018-07-09,299,0.0011442182361847664,0.11530890099821317,0.19582463241009154,0.004623961353192472,0.016202201114333126,6.80144676332126
2018-07-10,280,0.0018322106471619776,0.029202690680297325,-0.06916617348930072,0.013925520398294911,0.003611135448462921,6.55659301253107
2018-07-11,260,0.002071438539243302,-0.0885767864397798,-0.14411859918428022,0.1555473452175513,0.02065251273837798,7.108708899458432
2018-07-12,271,0.0019687638173884227,-0.014500252087825904,-0.18068052873766227,0.1281107918009516,0.025008832039987938,7.5693634108550665
2018-07-13,270,0.0021651167439931474,-0.025668771978326937,-0.3438570200222896,0.20036275024432673,0.06262171574221143,7.17658994016834
2018-07-16,308,0.0016280741623643632,0.016724329581865472,-0.05019077424526152,0.030572760646953273,0.0024006624749662864,6.613309831532822
2018-07-17,315,0.002017163734856622,0.0066215695944610645,-0.30393825701037774,0.026503534456243278,0.03938564783688103,7.229046498231705
2018-07-18,270,0.0012594005676657394,0.22317643578457746,0.0639268923341339,0.03282036534178719,0.04091312403032443,7.100414081907233
2018-07-19,284,0.001812411635527765,0.07154094173342532,-0.11367374199096564,0.012682991277768788,0.020367425652246474,6.509996943502893
2018-07-20,292,0.00205829197720018,-0.06177627900618908,-0.12218986140869109,-0.018076374270027798,0.007632988897185999,6.844628009508468
2018-07-23,329,0.0013792743511517119,0.020399772878295242,0.0813925044379958,-0.009354800374111402,0.0027515689658090814,6.795988515311973
2018-07-24,307,0.0013866502686092036,0.05864315237240917,0.08708948840472229,0.0028640942968109684,0.0028999505590332486,7.026670340283188
2018-07-25,340,0.0016150397200964221,-0.05110906369376973,-0.07854881150901881,0.03143086553721594,0.002502629141044155,6.975656783008539
2018-07-26,341,0.0018368538406046719,-0.12102217982915084,-0.2915483632154102,0.15983622375217363,0.03968597927355444,6.902150548794584
2018-07-27,342,0.0014319677976357714,0.01935668673291427,0.08731798758870592,-0.08614064790448188,0.007222331852023811,7.241460014126901
2018-07-30,357,0.0016065672966265405,-0.10769220373099019,-0.054233388713131284,0.014836542652762715,0.008151280039121911,6.405130219168926
2018-07-31,350,0.0017641374610534043,-0.068124759758409,-0.15795548947919763,-0.008815973499775948,0.00992720193019192,6.933659825617068
2018-08-01,315,0.001155559670704581,0.13690809465752896,0.06840256466312133,0.06668674813546523,0.019404160372299528,6.39688000516266
2018-08-02,363,0.0011829629467700734,0.11329345971350196,-0.03534866727693441,0.06322410820835735,0.01935534573893316,6.891280892937073
2018-08-03,330,0.0013214983236531901,0.08368852140788215,0.024765186611778022,0.019357398369236244,0.006322908530535187,6.9897691032564895
2018-08-06,354,0.001463707560630086,-0.05503487057019832,-0.04226921223383403,0.06099912987793332,0.004253776335928716,7.021934064959236
2018-08-07,329,0.001808584041690285,-0.017223625682908007,-0.20108541866304208,0.028260744913746205,0.016848879842918274,6.883266962920669
2018-08-08,335,0.0011546964749295924,0.12616153748277092,0.022655962194007128,0.07753586212039419,0.0188038478815733,7.1652737114501
2018-08-09,317,0.0015117044126851415,0.07861193873747555,-0.049091409283089985,0.012058872903235752,0.010656383927827973,6.844612126280781
2018-08-10,314,0.0015254124052455514,0.03393231074254349,-0.08993553647564848,0.09804423523891001,0.01329085733033708,7.303553790755225
2018-08-13,337,0.0012587535506910258,0.08074583296264869,-0.003830137339993344,0.07468441121159604,0.011149336671467336,7.549448017935932
2018-08-14,300,0.0018904675349026318,-0.04477869479329175,-0.2339200869279077,0.14441826077964498,0.029350279189634065,7.18895763849759
2018-08-15,319,0.0013825898019193916,0.0633356742494792,-0.04454874295174759,0.09912077507770636,0.015220190502030162,7.390394036107867
2018-08-16,284,0.0017182719480663543,0.08829798452231188,-0.13607817476127038,0.07180172373726312,0.03457133596851103,7.098787156610388
2018-08-17,316,0.0016359049886074618,0.028238820427125617,-0.13275522191164285,0.0706244486846008,0.015110853088600384,6.598199753102351
2018-08-20,332,0.0014362065275188276,0.007847221156967822,0.03583736908666553,0.002674275483861838,0.0006262968339896258,6.8114720999582286
2018-08-21,282,0.001724216520807636,0.055203462709359594,0.02401048515146357,-0.051672065596331154,0.003959541580246473,6.825639241886325
2018-08-22,292,0.0015547547143516733,0.03372387511960542,0.150928330637553,-0.09262895893853461,0.010913971145416923,6.716004435536676
2018-08-23,301,0.0014692992453121461,0.04446105339102208,0.03429955995823631,0.036721240972834426,0.00265548108169511,6.960248383095959
2018-08-24,275,0.001735012836751686,0.03141209962043245,-0.04924718960926318,0.06357802977540761,0.006819701905617648,7.064896049619206
2018-08-27,321,0.001193715305916891,0.12330994772704777,0.10539162692223752,0.004933198952069241,0.010770507040086197,6.780214827630267
2018-08-28,282,0.002207588832815389,-0.09897339641892867,-0.1615142977799439,0.015407592490983809,0.009578943521852512,6.937547347781324
2018-08-29,270,0.001726754180416196,0.09284467380958146,0.04101281017553831,-0.06630474140986728,0.008867060309615815,6.942315418312256
2018-08-30,310,0.0016131349386181038,0.05900209241191103,-0.12625553166791792,0.06710977731279037,0.01624363697838016,6.798622859979672
2018-08-31,313,0.0016954915594829005,0.014687002354174371,-0.005652335811332592,-0.07041238277912285,0.005096370540493278,7.31155970033373
2018-09-04,365,0.0014981412036495867,0.0754782932742615,-0.09652443000023138,-0.07259694193821827,0.02510913656179925,7.2760144552113495
2018-09-05,283,0.001339951753758523,0.16319467982144598,0.06433925554490427,0.014053372006322241,0.019073572421065887,7.099207104390214
2018-09-06,292,0.0022003072297545156,-0.06981842155657919,-0.17734365642652056,-0.03781734419354271,0.015835020718624415,6.851211384423448
2018-09-07,316,0.0015642682575132724,0.1549261751727726,-0.06861656122268643,-0.07492715269847458,0.04335553420259741,7.6789234663220345
2018-09-10,319,0.001127170963435024,0.15143897901108824,0.15906165986936843,-0.029635713552008877,0.012103548006638931,7.3634592122521045
2018-09-11,291,0.0016691045337379855,0.07750892089580057,-0.18442331979030308,0.13549556025899293,0.047680309008378496,6.789236267447625
2018-09-12,275,0.0014820682302413093,0.11558168285745916,0.16712414287757615,-0.09784335236775231,0.012590985372832986,7.427333869188846
2018-09-13,328,0.0009235576570881926,0.0922244570766944,0.20807778983378858,0.09384393003966124,0.028620246008485895,7.105422057810172
2018-09-14,319,0.001637846565257052,-0.07302727968390171,-0.05449968374806623,0.08258085479796905,0.008091685753807476,6.958976503832716
2018-09-17,315,0.0019687093602507805,-0.037516180354969064,-0.104167461205782,-0.09860325539723475,0.01679223450058931,7.2362967723348905
2018-09-18,278,0.0014901392250069364,0.003005015685921453,0.23798406859345542,-0.06950649338323063,0.028948797897570544,6.59623307435482
2018-09-19,297,0.001210078254159788,0.11557947156108377,0.1264420646779867,0.039191980790011106,0.01383245031711755,6.780330265325955
2018-09-20,262,0.0014613495046590886,0.030882326484386737,0.05002190373125664,0.15334862934299143,0.023672109766800342,7.167241853869253
2018-09-21,280,0.00152191542707639,0.1176236032263841,0.03790751408434264,-0.007803756473506048,0.010423498591056513,6.914038561036453
2018-09-24,295,0.0020065838882636932,0.07413766751817885,-0.11471577777128698,-0.14330638382247382,0.044724419769976875,6.764532298908105
2018-09-25,288,0.001536104428314715,0.05868850034364375,-0.0016931065559956493,0.05820845550307726,0.005837587801379884,7.182737635097184
2018-09-26,280,0.002257102065114382,-0.08883311999129967,-0.27109840822262177,0.09595437174987279,0.026621359193884975,6.898802526816368
2018-09-27,294,0.0015662337153739259,0.09105434629342796,-0.015179204862276951,0.0031794339289930723,0.009449285514792072,6.53580901803108
2018-09-28,300,0.0016873133555985644,0.04189630214398613,-0.10904792539606076,0.05476360989295052,0.015169710527672686,7.085731045554071
2018-10-01,303,0.0018605271254302457,-0.002689630596541337,-0.18562907805302992,0.06083927063884327,0.018696214011944212,7.245229544760956
2018-10-02,277,0.002301892130426254,-0.12139374062426017,-0.24081627928901142,0.08696177965712418,0.020437618452907147,7.085011282821254
2018-10-03,292,0.0018966402378182,-0.039270347923767074,-0.14554040527264506,0.0771728543105881,0.012716924911105432,7.245494458335297
2018-10-04,305,0.0017439358573376857,-0.02049763672362465,0.09095354819988058,-0.13425678445224312,0.020010981614939083,6.67030384224929
2018-10-05,316,0.001759442774010991,-0.03931248901967946,-0.17884549533858296,0.10619015118332419,0.01852348537619064,7.315703453871149
2018-10-08,327,0.0018547956496608267,-0.0470263556124464,-0.317851154840884,0.15184115557514374,0.04356293266434941,6.828415292613594
2018-10-09,332,0.0016726179567730203,-0.09424659807907203,-0.06925140153078219,0.0528796763125767,0.005634942058569403,7.857149364469247
2018-10-10,307,0.0023494616340590593,-0.15076853826066555,-0.35913358733995865,0.06733268228835362,0.04189391151774913,7.453906750271757
2018-10-11,325,0.0019024193638736621,-0.03613104838543921,-0.14766582178549856,-0.05277571634693936,0.014094278913749592,9.002040864291809
2018-10-12,356,0.0010323424946707177,0.10228671747873103,0.19246981872584112,-0.02978439241011439,0.011331572953126479,8.200149348767567
2018-10-15,342,0.0017943216782476228,-0.05377199471647688,-0.2543525976659956,0.08080856446112074,0.03425183500254381,7.401873783929774
2018-10-16,289,0.0023133409224626966,-0.10933741416894945,-0.22393983395604658,-0.003833805058434467,0.01659531910660561,7.1863952624223835
2018-10-17,280,0.001325924708165884,0.09217530258116037,0.17962761278868347,-0.01432075194274354,0.011154669448204535,6.867853346726925
2018-10-18,279,0.001927023605539105,0.08119916539097427,-0.07504243168151234,-0.08143590560028847,0.025674114108829804,6.913529574732986
2018-10-19,304,0.0021417228604753208,-0.11150679208274547,-0.2126519347003428,0.021991227614102264,0.01656131450802467,7.125908801488786
2018-10-22,336,0.0011714062749735383,0.13923798608508753,0.08460792407734993,-0.011030926944650741,0.011501434394726062,7.538868782679482
2018-10-23,309,0.001710561314097068,0.025351771818306525,-0.1434675813414447,0.0609889174111314,0.014148504273711282,6.665961489085413
2018-10-24,357,0.001132710694235634,0.11357161329913959,0.03528838117304322,0.04238456984356648,0.011281161949383,7.6410262974856655
2018-10-25,364,0.0020158258313854108,-0.15256935571072264,-0.27702624915273133,-0.037925600385128426,0.031752708222757886,8.337104495487567
2018-10-26,337,0.0012100068655677841,0.14824868365943045,0.010444691551169746,0.025761997396731986,0.020948780045478954,6.7263191430851785
2018-10-29,347,0.00121660927130778,0.15738025909021375,-0.04941923373613893,0.047712140358323475,0.03479072767177538,7.322013793530908
2018-10-30,356,0.0017160784554832744,-0.02228587844884854,-0.2571309576973261,0.05756897584209219,0.042087875467045066,7.416326299833732
2018-10-31,356,0.001183727453928901,-0.025798948947485065,0.1616381022917572,0.021346899458368738,0.027107485538191534,7.588328536009667
2018-11-01,339,0.0013545858260174215,0.06492698804039508,-0.0688243221344355,0.08548814405422975,0.014490137775656553,6.840987352648011
2018-11-02,338,0.001234114590348553,0.05744928147853403,0.09285517584618819,0.015434079599661761,0.004722280807817114,6.9680410854767585
2018-11-05,345,0.0014324419116525952,0.04770565456023702,0.03756232315564029,-0.07365289675616493,0.005480383516109466,7.283281840839745
2018-11-06,315,0.001357540045041023,0.11447977433576582,-0.015988316473337115,0.046258313761727204,0.016865087713402338,7.412104003229991
2018-11-07,314,0.0017677074415037913,-0.02943884809702663,-0.16270764740158813,0.08202622223422036,0.01294417698296002,7.492121655911435
2018-11-08,329,0.0008179329688893248,0.19575081075283146,0.18917661864324897,0.07687267707475628,0.037279814587888205,6.550705112107719
2018-11-09,323,0.0017173454284926484,0.006920327984468198,-0.08062856870470611,-0.035696906086012836,0.008323685801795988,6.926977753813595
2018-11-12,353,0.0010167068668788352,0.1407855977571214,0.07041677862548787,0.07100257560094796,0.017298393506304466,7.757569937492738
2018-11-13,272,0.0019834544747849353,0.012673419311846169,-0.04290921447032993,-0.04876343912450821,0.005011681990178984,8.041991211909146
2018-11-14,285,0.001786877173999159,0.08298324005685127,-0.09981370258644484,-0.001689526649924592,0.017283282316381765,7.14776817425855
2018-11-15,293,0.0020909683109131987,-0.14257704080887265,0.09794089204517646,-0.18067128143145017,0.05348621770198381,6.912201077967123
2018-11-16,310,0.0019982371575333843,0.001279364142617816,-0.1921149888745493,-0.04807141293876889,0.028035932322664325,7.744807723771106
2018-11-19,324,0.0013282931654002835,0.17182084390292218,-0.079871380993014,0.047316565910714106,0.04719749740268353,6.842679653091016
2018-11-20,297,0.0015069492652471318,0.14117634016858985,0.013309341418536286,-0.04961354514391743,0.019853231964493956,6.991625271864096
2018-11-21,295,0.0010920618093183344,0.03791474475750681,0.09796407533962125,0.2198047124050621,0.05695932548719207,8.022851626845329
2018-11-23,340,0.0016474770546653118,-0.07583688557019008,0.03794773714721583,-0.08239524874943172,0.016741632060487954,7.059111143666503
2018-11-26,249,0.0021466766535089407,0.07092443749527721,-0.17992375472138938,0.03995434377865461,0.03500452161263323,7.535928480076173
2018-11-27,249,0.0020476065448536613,0.03654585869560744,0.021692599263016758,-0.0779465172957523,0.005190056863664805,7.102977425901904
2018-11-28,285,0.0013390104598919874,0.0677510364988548,-0.014866347738209246,0.18387934910093504,0.036655905240785325,7.412187964363848
2018-11-29,338,0.0013566743130371344,0.07829521943885094,0.08697363435233091,-0.08238068940430192,0.008579420862889542,6.847079988067042
2018-11-30,321,0.0017368947926647716,0.0269802513193409,-0.17416519947906095,0.03209849126891881,0.02193033845154002,7.113688125874497
2018-12-03,323,0.0015815615585077554,-0.06562344408907726,0.056897788802514,-0.012963111509447942,0.010419637677703708,7.5621455068947
2018-12-04,280,0.0019076999691858465,-0.08767296710043698,0.0345343596572148,-0.015173375300854603,0.010208602427371538,6.756416268536583
2018-12-06,367,0.0013585247465727891,0.07052998610867543,-0.15826331514331823,0.09057616505021748,0.03804543404703464,7.3785475140583525
2018-12-07,319,0.0016708955490929444,0.009918062249916046,-0.01792235699093279,-0.058027065580283366,0.004052729919412967,7.952730004475345
2018-12-10,336,0.0016212355619444924,0.05408336787149339,-0.13641163092513314,-0.007142034573055759,0.023667197795746553,7.309981493540361
2018-12-11,317,0.0012224232565663164,0.17447270054936526,0.03445746896884524,0.016053485818742313,0.022192130324893755,9.752940775502092
2018-12-12,311,0.0016415294283207262,-0.009098672227154976,-0.008441025681768112,-0.0034916065065764726,7.152997581549858e-05,7.51834562324329
2018-12-13,306,0.0014347621226133702,0.06326491833953692,0.07729620932446896,-0.018635546703402443,0.0029575877584728794,6.86693580675272
2018-12-14,269,0.002151533460013069,-0.015210311217999341,-0.23038211345894818,0.08806742318990893,0.0245348060989653,7.333748261388434
2018-12-17,343,0.0015026496595077318,0.07711362362119434,0.012196197282434089,-0.1201274873259226,0.01621581742036593,8.618746184729423
2018-12-18,343,0.001542684353032361,-0.14452370263990147,-0.006038344864088925,0.09228058132378018,0.02359316340577189,9.125854305686737
2018-12-19,277,0.0017964923112484988,0.09618435136025326,-0.03296207046587389,-0.058479021326049645,0.015436839503979782,6.965322671230195
2018-12-20,279,0.002228513550964129,0.020984815650616096,-0.3326757207494519,0.06818034366085986,0.07949253027269365,7.255216904507534
2018-12-21,319,0.0011512040868666715,0.18410576149041263,0.13775158384305308,-0.05632555275439277,0.013926453739689704,8.468820128382418
2018-12-24,286,0.001741750739074261,0.016638847116033268,0.0010210442891368798,-0.013941314155635568,0.0004487150134749873,7.020845529767121
2018-12-26,244,0.002894824301872444,-0.12376245574302519,-0.3312510844411457,0.04233928087040703,0.03700916228430173,7.872413858229446
2018-12-27,237,0.0013448555797868002,0.09430620525715082,0.2796491608586827,-0.011416910934777704,0.02920329192089688,6.501518209389932
2018-12-28,264,0.0018155681587514033,-0.02967152118445139,-0.05310095000378837,0.12415248336750462,0.012972014981469382,7.0678484505915415
2018-12-31,288,0.001882988608642161,0.030836104639271802,-0.13253506204397697,0.017097518826813225,0.012880410949450583,6.6437678324346745
2019-01-02,258,0.0018629395261298787,-0.0005434409503569934,0.09515000888335953,-0.05588336341602581,0.004915771554607429,6.980300966748952
2019-01-03,268,0.002165848372917219,-0.03136654136365556,-0.06349207685264614,-0.06603610966732956,0.006754089787616935,7.0798884729529235
2019-01-04,295,0.0023856631983212757,-0.09901287167435054,-0.2976220484736845,-0.010906366861515502,0.034536091901900434,8.056506109856608
2019-01-07,333,0.0014486902004283483,0.010191395233513404,0.015361994573586155,0.009618936707621114,0.0001923441188068642,7.225558951080143
2019-01-08,321,0.0014947710718492334,0.025128126096995586,0.031560539725159896,-0.01633169394937337,0.0004932896947041909,7.164027515875374
2019-01-09,318,0.0016923784268038989,-0.004146085353644922,-0.024098611270186063,-0.04810798282345051,0.0028127385466463206,6.651015111540492
2019-01-10,308,0.0017066838892943884,0.037167148888286504,-0.08347020703043571,-0.0050142176632049324,0.008572418146691851,6.904652648204946
2019-01-11,294,0.0017252185754672762,-0.008861855656220894,-0.05897836524576575,0.05341169852723388,0.0031443976271682272,7.195886579534026
2019-01-14,332,0.0015517157773639906,-0.004557666103470979,-0.0939510711310674,0.06816946106485648,0.007211364394098307,7.20424683315902
2019-01-15,277,0.001855342416511517,-0.00800110035843313,0.06037812197192814,-0.08023672036087576,0.005654523904195852,7.4704775343476175
2019-01-16,273,0.0015619666197802104,0.02087936056741294,0.05740760859209941,0.06887925644049141,0.007618182699984932,7.293829076146982
2019-01-17,278,0.0019176170238011275,-0.010169147531324647,-0.09439049424169461,0.03836457653959659,0.004996344442101397,7.374427262808605
2019-01-18,302,0.001785857185199586,-0.03520286673183593,-0.009512338462452391,-0.033942534666260696,0.0019061053033758713,7.379798617644
2019-01-22,360,0.0013378372893366184,0.012824869544696528,-0.0035522561640664277,0.027484538297019027,0.0009020031241954163,6.501181023108283
2019-01-23,304,0.0011224340936695342,0.19575825931946142,0.09593771735387896,0.025864094375580283,0.02151789880141608,7.532696349446986
2019-01-24,301,0.0017465644431398795,-0.06915581511968338,-0.14089977903698875,0.15862379938646143,0.021662458162697185,6.957547797592395
2019-01-25,300,0.001550069698330033,0.02529655609715959,0.07912326727651242,-0.034461642371691,0.002342684812488005,6.959569647765332
2019-01-28,303,0.0020061474986254506,-0.0634192558895244,0.02007846279538615,-0.17238459107289358,0.031227741094749684,6.668795549121931
2019-01-29,317,0.001643021120978493,-0.03829457941451212,-0.02534671584864146,0.021965904562783932,0.0011232090858122046,7.779985594077263
2019-01-30,324,0.0013354735341018777,0.03021555103433026,0.17736484769915684,-0.0729672488315192,0.014215071698247317,7.270319971057333
2019-01-31,298,0.0008109535140521139,0.22708419133125798,0.2405155031743967,0.04907201111927837,0.04955550681460119,7.219990013726616
2019-02-01,311,0.0018980782171370049,-0.10079441822060485,-0.04326639464045526,-0.03654383819815188,0.009376606271198185,6.483552026416089
2019-02-04,329,0.0013212788695350728,0.05432964544174599,-0.09078790247874527,0.1670567608829265,0.030681910404017798,6.984662565019576
2019-02-05,312,0.0017907739768438543,0.1112277821862068,-0.15859166393489038,-0.0700790798018832,0.046284022144539416,6.73888686749917
2019-02-06,319,0.0018895477403243867,0.054271632899744064,-0.20414816589132187,-0.055654925335373216,0.043798150365070176,7.00840634740632
2019-02-07,313,0.0017804449439299639,-0.038652744180537164,-0.17023455179496033,0.09432876107532957,0.01525120673398117,7.276686653686725
2019-02-08,312,0.0012731234567035696,0.12271133331989517,-0.012335876009554167,0.0951955057066343,0.022557365778909655,7.761780340525708
2019-02-11,312,0.001784006286489289,-0.07540961631005896,-0.1038750501777442,0.06606474371848349,0.006401501822624112,6.851252155058359
2019-02-12,312,0.001504240521390162,0.04274304954072655,0.14240673091527983,-0.12379586580347171,0.014940437934643724,7.170852812364395
2019-02-13,314,0.001443847756668922,0.05070491537349462,0.10280548906907974,-0.06024679563065636,0.004964374481562062,6.595516799864726
2019-02-14,336,0.001623884441295023,0.03139327166091058,-0.11611287446334408,-0.006530741747832424,0.01031789378064063,6.9577556126512885
2019-02-15,325,0.0019316204743654178,-0.09356232087729763,-0.14349579335426255,-0.018495194105957322,0.00945468979209274,7.230735132591755
2019-02-19,387,0.0015732921014154732,-0.09050488670295784,-0.10832090609534098,-0.01890229369727738,0.0088992967202981,6.773937870459427
2019-02-20,324,0.0011324673223817514,0.11081089483202443,0.2162794466853766,-0.060929166420799666,0.014184574358170443,7.560965993238425
2019-02-21,319,0.001888483510446485,-0.06050878947498843,-0.13028319798859908,-0.01406049220126858,0.009418195420228814,6.656449282295654
2019-02-22,340,0.0012630994296246323,0.11425547641311128,0.012344198050446092,0.014492713391693697,0.011646945844071666,7.53931131229469
2019-02-25,347,0.0014582122413686264,0.02352549007737606,-0.053223721014402224,0.01769893542720102,0.003468731472820119,6.821252944509803
2019-02-26,292,0.0013618173666355366,0.07237312380708662,0.1455272258444418,-0.013201691766674045,0.0074404627447723914,6.723375745261036
2019-02-27,299,0.0017321054824030351,-0.10982513926749132,0.026728874876818666,0.047297185913652944,0.016708095300921322,6.952507260413744
2019-02-28,308,0.0014222712640152846,0.1621514784393174,-0.01746280027736034,-0.020807776795370596,0.02894888915471694,7.251411110543468
2019-03-01,272,0.001113483089232229,0.2455503588646739,0.0767724636711802,0.07194237692182244,0.05098041327327729,6.960226237480681
2019-03-04,307,0.0017915022498163594,0.034388676113131615,-0.05919548716330882,-0.0751755703370649,0.010235789210701562,7.291209503496834
2019-03-05,284,0.0014738355665519425,0.09800054826846677,0.10725149194859218,-0.042390642018558695,0.006425886728189778,7.114596784958233
2019-03-06,283,0.0011912350538844949,0.15888798508913987,0.046524314806611455,0.12034865960562395,0.033439631056640384,7.379378493437206
2019-03-07,313,0.002000413807070276,-0.1393286029015671,-0.22499438992507068,0.11206394960065431,0.017589871887462083,7.920784734390499
2019-03-08,307,0.0013428264123006067,0.0737844082717198,0.041151137630825806,0.060569036944876815,0.007334608050690861,7.651915604311157
2019-03-11,338,0.001875855018998995,-0.07571927227854916,-0.22264412445431195,0.03028540388954282,0.01788109036399954,8.299432496641272
2019-03-12,242,0.0021989405793027797,0.04096527448976433,-0.09117312044277534,-0.014079394429544454,0.008990382295542942,7.037523187493651
2019-03-13,284,0.0019008586037611642,-0.08383170145267337,0.020485170709535656,-0.016341156193204122,0.008576645196307742,6.927373802839334
2019-03-14,292,0.001515717981439223,-0.030084575274175403,-0.040906150293961364,0.1858114244076359,0.028571709090591924,6.674490463152593
2019-03-15,242,0.0020363566997264057,0.008186900946541386,-0.0927122592526569,0.09892871563853388,0.010918445589870318,7.4032357838756235
2019-03-18,313,0.0015144269689190532,0.0998976479196822,-0.07071846154276668,0.022789531079762514,0.017777721144339842,7.341532541637377
2019-03-19,289,0.0011073872651348507,0.20491494469960517,0.2115120837116818,-0.05649686765922826,0.025035943394858595,7.710711683135927
2019-03-20,276,0.0014372734708789428,0.06293991970344942,0.03461347112208103,0.109071653249287,0.014703603978007296,7.05989617081874
2019-03-21,262,0.0013137923689527315,0.1685096106311733,0.02827207515516657,0.1147911128824286,0.03984739902478418,6.81850784744146
2019-03-22,287,0.0014046691916178376,0.1863969018105193,-0.09503692326200398,0.10235990546285464,0.06406689401024768,7.161962246521082
2019-03-25,318,0.0016377189121731714,-0.0003860766462261534,-0.08810038069965113,0.04689722920373643,0.006802737317730956,8.433660887924647
2019-03-26,262,0.001782157572898316,0.10977057929626836,0.07070718128648991,-0.11432832878148477,0.01629756671581517,6.906936597779305
2019-03-27,307,0.0010022941979811529,0.19875156587201975,0.18911709940485372,-0.0032773028373115853,0.027218535058247673,7.082275300583815
2019-03-28,285,0.001663103238216692,0.10377092036716228,0.03412191379258345,-0.08586167994325306,0.015532159375482135,7.660653784170667
2019-03-29,249,0.0018709033296363548,0.015500898420231281,0.03764986259239402,0.015139380828462012,0.0009467879529625467,6.429677189624446
2019-04-01,322,0.0014525361324750586,0.02196777972568683,-0.0113584228889714,0.05395737384934419,0.0032473758910572803,6.940041369697027
2019-04-02,280,0.0015472699853001004,0.14206865670245325,0.05602658961060972,-0.06456643808112153,0.019323190705012983,6.895185880903562
2019-04-03,274,0.0014358318798101495,0.18047748136991543,0.10474429605160236,-0.07205764755744613,0.022998222355732567,7.3511525624256215
2019-04-04,278,0.0021821227440850114,-0.03510066522274165,-0.298792543670384,0.12063296318186877,0.04209030662280677,6.704136735843904
2019-04-05,271,0.001842790567940285,-0.021955031051858972,-0.06878860105544084,0.09195114428366313,0.006733553431026551,6.994566816459813
2019-04-08,281,0.0020952509455821693,-0.02316246690351068,-0.1675312093473928,0.013162644833725774,0.009013424935730652,7.249633839383972
2019-04-09,253,0.002181721810718998,-0.07190224305283033,-0.07213479882441484,0.040085805653432435,0.0035751885859010013,7.540374963258003
2019-04-10,260,0.0019578945682039942,0.07460825426288663,-0.00953688146026549,-0.08317654826870532,0.0156413532034666,7.303653086658127
2019-04-11,269,0.0018777387067847155,0.029912638287340147,0.020752467884554874,-0.06088853042207519,0.003512338838338569,6.740357784977329
2019-04-12,283,0.00156955054119159,0.07549688772427941,0.07798365436394614,-0.04184614840266454,0.004395883694585212,7.211260550893725
2019-04-15,313,0.00122922015565326,0.13794153681018556,-0.008095559022249794,0.10066220477312164,0.028925570666392564,6.787667676759065
2019-04-16,258,0.0022445340903524194,-0.03909245881242531,-0.0902962496063186,-0.028790882203102244,0.004455656602786351,7.615831997546893
2019-04-17,287,0.00164110876611705,0.07327386742489982,-0.039585903024522466,0.02431560384842808,0.009617467390729328,7.176899807861601
2019-04-18,301,0.002320669074105351,0.005309954758420939,-0.5034147071726516,0.1010619698028016,0.14803031312725057,7.501872122233522
2019-04-22,359,0.0015951867706082308,0.006025355443308824,-0.15213420295163482,0.0007647462116263698,0.01587250738924839,7.055582857215505
2019-04-23,279,0.001370882589446016,0.15649471906657164,0.05380853613428077,0.024744259888274958,0.01916672713544254,7.513330954122601
2019-04-24,316,0.0012824343701834196,0.09845004224381972,0.033217715991623785,0.05783371980863556,0.010277105754665228,6.521170930758755
2019-04-25,326,0.0018457141059481437,0.06677778910976812,-0.2468486809105452,-0.023334705277399555,0.06425577414997019,7.2719089413974025
2019-04-26,297,0.0017580724932090208,0.11362158744711144,-0.22089387406850733,0.06297722565523617,0.07733020194121354,7.481480820242331
2019-04-29,361,0.001211092020564074,0.19033976204833883,-0.02396488103228821,-0.04078331986329177,0.04295509770627337,6.941277313287147
2019-04-30,281,0.0015140574497126654,0.08684096938154368,0.0699884323216552,-0.007729688441708097,0.0046039064062568524,7.015166720243455
2019-05-01,293,0.0016952719303674675,0.050746127035110285,-0.1594878948891916,0.11531241665874672,0.03278318481433373,6.59948871379046
2019-05-02,322,0.0013891052782002027,0.08421355739858472,-0.08652041296927804,0.10772305640976318,0.02307878050856671,7.05842361905502
2019-05-03,327,0.0015850280064854112,0.06184304857369276,-0.1347319207910913,0.03628055597594392,0.022221141769269592,6.867678751844509
2019-05-06,343,0.001289057513708251,0.114447922590626,-0.06146410773035823,0.06272273073587328,0.0219388974994551,6.918373409679425
2019-05-07,312,0.0011278021761938774,0.22660726191987898,0.0023673329997924092,0.06727684713535512,0.053491393671766585,7.798604239339549
2019-05-08,259,0.0019770531505955546,-0.04283153196389407,-0.02039574471031038,0.0391137446656956,0.0020755494558249987,8.033190954066763
2019-05-09,290,0.0012787069269708216,0.09310796112528967,0.10816818258946362,0.057073838642167654,0.010336372905968338,7.327804968961922
2019-05-10,270,0.0015919621754997663,0.20788198209344722,0.0904988009133346,-0.15804035777666267,0.03925669056037984,8.233544178155272
2019-05-13,336,0.0017168382630546976,-0.05246958309552747,-0.2797327546351733,0.17848702495793162,0.04667507840324092,7.366772826209404
2019-05-14,290,0.0015815978436131274,0.1659956571018442,-0.10242397683314161,0.01910157043567799,0.059794335991155245,8.90338314306751
2019-05-15,282,0.0013353675225314435,0.13569732100127574,-0.03646256911542636,0.1476179654064237,0.038077080763225246,6.688322798798762
2019-05-16,308,0.001812478786711912,0.008036405792685528,-0.11187797572427233,-0.012645362682955127,0.0080135798922365,7.502250545514026
2019-05-17,254,0.0018323725000769942,0.1570422530129265,-0.22677626368699388,0.13888878063494603,0.08842702462804375,7.274150503521296
2019-05-20,308,0.0016699515138588433,0.11300539269103835,-0.08065649451987005,-0.06103903070821192,0.03310330213507695,7.778579506754322
2019-05-21,234,0.0022402801197672333,0.03350657835812173,-0.14461342687091128,0.06265575246171974,0.017433628260750567,8.539266315349892
2019-05-22,250,0.001521280607258844,0.06256865140506834,0.18203740188562395,-0.005246356920108924,0.011784285144878393,6.916155631775646
2019-05-23,254,0.0023230965733359523,0.15069121625228596,-0.3455305059214905,0.014706230414551744,0.16316670683061274,7.555696689003895
2019-05-24,298,0.001631259396071788,0.024258053406203364,-0.025127055872877016,0.02863840240788152,0.0028375473749602254,9.728612346263363
2019-05-28,344,0.0011810176184926786,0.07950239518571989,0.11587641425479439,-0.007918930963489251,0.003670240858098972,8.468626475474245
2019-05-29,248,0.0015958403532335419,0.057661966837740226,0.07569648850707601,0.07510472945134856,0.008499925944635889,8.439916599439034
2019-05-30,281,0.0014685792075046786,0.08791899486496284,0.0724032739662853,0.014336216551121883,0.003430406819219911,8.472360879905871
2019-05-31,284,0.0017747451756628127,0.16413227161245145,-0.2048312164928395,0.03264368510392331,0.09405095037910127,7.790613322443096
2019-06-03,342,0.0009435461587081277,0.192771688698884,0.010096414018760212,0.15174632472599323,0.06258816785145127,9.393559565602265
2019-06-04,291,0.0019414506636264328,0.013491018870564482,-0.03372045609038283,-0.10969484901077894,0.012949976613427006,6.762721296097759
2019-06-05,294,0.0017109860688603081,0.148574595864334,-0.21345382170754645,0.05881941735336189,0.05957278891468687,7.237214264577024
2019-06-06,250,0.0021341252939962784,0.19016377746833532,-0.2961850632514139,0.03895863878492315,0.14895049143618644,7.369270937233436
2019-06-07,301,0.0012509146654982844,0.10898222373646041,0.16995161051772806,-0.03198446288415376,0.008883144387922703,7.699793089245939
2019-06-10,295,0.0020489214509413233,-0.059414253339560553,-0.25708102623946943,0.10763162352365936,0.03041442295971608,7.108369955552039
2019-06-11,299,0.001059913845451719,0.1793312442473457,0.24261770321969936,-0.05577742704718186,0.023849201127282615,7.347567502924139
2019-06-12,252,0.0016763214221466502,0.15432250732596364,0.028817142535350115,-0.028005646623223312,0.021441598756253732,7.094968186545375
2019-06-13,269,0.0018948543465574365,0.12052974548627224,-0.17165440529744325,0.03169302136326718,0.052639590023096816,7.623875937110988
2019-06-14,262,0.0016355553438913806,0.06251583448960643,0.10902106130547508,-0.02856789599415427,0.003771667469852913,7.344048303639436
2019-06-17,308,0.0012785286475843118,0.15509271335942312,-0.08946313716872867,0.14679677689737342,0.05284021863582178,7.6305362682773605
2019-06-18,246,0.0009519311345338726,0.14556336198946912,0.30852322371831825,0.07756329610155338,0.04825130550893919,6.833987790293679
2019-06-19,269,0.0007084881064225297,0.3340692086599561,0.263861845153314,0.020902344931402146,0.07886315041305625,7.226475491076105
2019-06-20,259,0.000939567005216055,0.266388405324065,0.08847514627743068,0.15844073969657807,0.09186952268716253,6.694429818682855
2019-06-21,241,0.0009724241691090119,0.1392890337946595,0.1937887707236652,0.19821374597112987,0.06921171867008102,6.532021614473303
2019-06-24,284,0.0014207115411589938,0.05660798742277872,0.07279850779094123,0.06362934940797393,0.006946957180834157,6.908062726312843
2019-06-25,264,0.001832782473856421,0.11671885137568447,-0.14338256798131893,0.0589545704094434,0.037447084999586266,7.660374436885406
2019-06-26,284,0.002145682366590927,-0.044590732059521285,-0.16754994259346814,-0.006606909570660704,0.01155334399079666,7.837070706779879
2019-06-27,299,0.001263337783048205,0.16350584628115122,0.07573892152231382,0.005279237933698577,0.017394853369432917,7.190703731870666
2019-06-28,262,0.0018261720539217525,-0.06887573567953409,-0.05901325225359574,0.17097483167811436,0.02484686232193445,7.204109665001642
2019-07-01,281,0.002264860952836599,-0.10476157542241608,-0.17713204728553208,0.009041767213773257,0.01103382195221192,6.979491766031314
2019-07-02,261,0.002490000097176889,0.01075871992493854,-0.2013047158446722,-0.10923405480659391,0.029661630357238566,7.155486538626894
2019-07-03,272,0.001724641726197416,0.1973880348129765,-0.12188744072042856,-0.013705693143942394,0.07116023597485421,7.480017717745157
2019-07-05,286,0.0020738804675457896,-0.06994944573466748,-0.09918561561326229,-0.01712456608825733,0.0056773402644992865,6.848859693233985
2019-07-08,261,0.0011119291628139583,0.11590999891574176,0.21248071632549115,0.09118226176988412,0.026555474634920806,7.263511847748902
2019-07-09,266,0.002179713779780214,-0.031841530799197264,-0.25310886019234274,0.12534266014846968,0.03240132681923924,7.441299407401861
2019-07-10,284,0.0015987690118631132,0.023620076944022322,-0.09038798450328692,0.15866710882103677,0.023692701708120545,7.280927877116343
2019-07-11,284,0.00151562780465173,0.16172759028692923,-0.13653928694394124,0.11393510361485118,0.061067860129396134,7.209147454404224
2019-07-12,270,0.0021179480661676917,-0.0655159575685034,-0.2165039158788914,0.13832791771684289,0.021295014278449598,7.326585061966273
2019-07-15,304,0.0014241105264069587,0.06522046258179647,0.09839761895951635,-0.02947728159673241,0.0031979923250119446,7.511895084483694
2019-07-16,300,0.001959281545840336,0.00818891706466044,-0.2810940365110893,0.09733619194223037,0.05232257396302342,7.847259918404179
2019-07-17,267,0.0016492223597936475,0.09472608113441575,0.12108784166542713,-0.09649866292965524,0.010953570882823782,6.791782959381731
2019-07-18,288,0.001759675407491333,0.06971529186369108,-0.2443204647581276,0.16103213817943438,0.07180557451535485,7.594777910537539
2019-07-19,302,0.000935181133113313,0.08636612620359978,0.07060835940458378,0.2781761099913664,0.07535777154142465,7.307629455328013
2019-07-22,290,0.001963841973250414,-0.09192646995814484,-0.05820138848759044,0.011099513960490182,0.005315948132486703,6.722006642612245
2019-07-23,328,0.001049248996565009,0.193773436933883,-0.01659185424543375,0.13451107556490713,0.05435326795979667,6.858025463063456
2019-07-24,348,0.0011713247076915226,0.10524917092658477,-0.05651070810185525,0.13601954062196922,0.0287945467180033,6.6868224999216785
2019-07-25,348,0.0010415732612643112,0.17566544455589944,0.1826186397890649,-0.08321907418492269,0.021891421370242803,6.76009698581441
2019-07-26,354,0.0013495872024599993,0.14430905079158884,-0.09911301812373059,-0.000703772009541873,0.04734643891468582,7.781898943502883
2019-07-29,341,0.0013600088147550037,0.0932077321139721,-0.03158147144923619,0.010847727672356118,0.012147163921238158,6.453251815666803
2019-07-30,348,0.0011016498457560038,0.2590664478318518,-0.04362726257202199,0.017812522093994584,0.07926023138813054,7.0134783546737856
2019-07-31,343,0.0012258852403372808,0.12291160737730322,-0.02955817634872586,0.06568929410004823,0.023737910323026745,6.864793621362861
2019-08-01,361,0.0016267586463592193,-0.07348125506799359,-0.26782155459887774,0.16678306699552004,0.03771453360978183,6.736093980279934
2019-08-02,352,0.0011970705636313692,0.185563572345521,-0.17086100810920404,0.14255975896719783,0.11400220369769876,7.939378135985142
2019-08-05,371,0.0011196563064798982,0.13902710349308733,0.06605762413702176,-0.03586970703820894,0.012173951544702244,7.281932478332563
2019-08-06,354,0.0015349086934863655,-0.065620811830629,-0.11922412685797976,0.09812958370026514,0.010196408002131951,9.813921055040733
2019-08-07,303,0.0016472108577624503,0.1526566435742813,-0.14097462449240314,-0.009891798885927044,0.0632979246172416,7.714182424951431
2019-08-08,351,0.0014176303751063932,0.019799883442919764,-0.0826461960235994,0.06766978925599598,0.01074198900109502,7.583981798173846
2019-08-09,321,0.0014506226950350186,0.10420639147023147,0.03685463188594807,-0.0723607935686644,0.012927399712974852,6.800759670754349
2019-08-12,333,0.0012423048591415039,0.025249499278566748,-0.08522227678510892,0.23259774131830077,0.04935340007853095,7.476445820666226
2019-08-13,321,0.0014322097499904136,0.1681629643683848,-0.13994461148482482,0.05230298762259158,0.07236640564618468,8.145969898213355
2019-08-14,343,0.0012010660360602654,0.13171519243739102,-0.12091756761406613,0.16527107443932026,0.05196536334129531,6.804973312958235
2019-08-15,326,0.001507514104985413,0.059051935487558736,-0.03567006649271107,-0.006281065445339447,0.008152592930208313,10.534482374392923
2019-08-16,313,0.0020311449768523697,-0.04717254523962444,-0.3189776733254421,0.09465346305545974,0.04681056183345689,7.893856707156297
2019-08-19,349,0.0014429159279869257,-0.04099133937723839,0.021456709831129333,0.012379311811232604,0.003014590323004218,7.143641278798144
2019-08-20,324,0.0006377570862943114,0.10307627291254655,0.34725921715234465,0.1363979180163855,0.08371880393816966,7.084123537350156
2019-08-21,289,0.0018243158661648885,-0.05623909259978654,-0.04964837767259073,0.05143289962907402,0.0036791661391584185,6.8497615566495
2019-08-22,289,0.0019126636364347838,-0.10442660911324571,-0.1757790125475625,0.1746860398014981,0.02794916440773565,7.444829232533921
2019-08-23,252,0.0020761755813196916,0.054031494758880645,-0.11418943605731344,0.01376544831331403,0.01884620739639642,7.616594249354954
2019-08-26,368,0.000889594846997652,0.19942537913570055,0.13373427778084818,0.01209853569316982,0.012341792034765375,10.452261691267635
2019-08-27,277,0.0016863983209668002,0.1457600143700557,-0.09681595194687412,0.016791267761209743,0.03938322723553467,6.840258186202866
2019-08-28,250,0.001987854864559617,0.16014240264665092,-0.3446958402412218,0.19062600531475574,0.16260081781351832,7.260841860663346
2019-08-29,272,0.0014665857461730707,0.0561955382911479,0.1822804464053163,-0.03629863061461736,0.012101704275234049,7.144464275354851
2019-08-30,266,0.0018489101590619859,0.07176862734035434,0.1586245853100165,-0.21401341727135184,0.03902965939727476,7.1166081364155644
2019-09-03,324,0.0014623858417022785,0.10536978949756985,-0.12857130826938146,0.07557549334873565,0.030600226848853884,7.21208062397693
2019-09-04,289,0.001689978397844831,-0.014396956347585555,-0.07272370797027639,0.11031315036356165,0.010664962687213508,8.414078884774105
2019-09-05,290,0.001346513521543509,0.0165573450250098,0.22405127378380466,-0.021586461304045866,0.02829125905252039,7.340795149430716
2019-09-06,340,0.0009865360630744624,0.1852147972179862,0.08596613763506766,0.057974542256320344,0.027512440739202892,6.682860836549031
2019-09-09,355,0.0017510515110724133,-0.09571866101553136,-0.10766697146434655,-0.039860940381544245,0.010842788553887872,6.640968438927274
2019-09-10,308,0.0014540701772644766,0.11370790122429937,-0.055830574559767164,0.046415444140540656,0.01963572416133874,6.8533415001317595
2019-09-11,310,0.0015750026476348817,0.20270267882111925,-0.13251143685085232,-0.04669288350389537,0.08278691227073764,7.2505586763005505
2019-09-12,288,0.0011820487519751933,0.20357897654520551,-0.010508316501614726,0.12606925881870323,0.05703411548371584,6.856798782382424
2019-09-13,298,0.0016101606532235328,0.017974653925353145,0.12540520035217495,-0.10303560359875263,0.010714217068529375,7.5167589582207786
2019-09-16,357,0.0008590247296121941,0.1597396577077277,0.16635973685731206,0.060556948491852405,0.02154099764223072,6.822250982665066
2019-09-17,282,0.0016830255519384948,0.06028728388606996,-0.1996824613946559,0.1901687662152689,0.05785008252716428,7.548409843489337
2019-09-18,294,0.0016100728400415053,0.1699713688278701,-0.12991577100823318,0.013221572235961508,0.06521194078263914,7.076896519165342
2019-09-19,269,0.0020790307428696394,-0.046639017502582085,-0.1237219067682598,0.051842384606973976,0.004663157674810403,7.520215893661977
2019-09-20,253,0.0020291716576308428,0.0788067391279975,-0.1492614246576705,0.043693826768475684,0.030858990007917364,7.466366864124017
2019-09-23,307,0.0012435821302914534,0.12162828906107921,0.1067104809634976,0.008101801976479008,0.009961419598640053,6.933039170920593
2019-09-24,296,0.0014277939927940554,0.11916608847220855,0.19680932328454148,-0.16122945549084514,0.021653132509939277,7.495717253470337
2019-09-25,274,0.0020758527313339352,0.047437000912079405,-0.2902869600909413,0.10528266240787193,0.07540502741425004,7.486373349675477
2019-09-26,260,0.0020519259219530773,0.15223953453302883,-0.09117341112253395,-0.12806760282609173,0.05656709855633013,7.340343153118872
2019-09-27,285,0.0020117342107164246,0.09494710421712528,-0.2395964462807491,-0.002039158044758062,0.0797371269967887,8.22934059227372
2019-09-30,270,0.001842761029560979,0.12984957735014724,-0.06828547053198354,-0.05665506278109464,0.03522326995834524,7.131841104385676
2019-10-01,240,0.0014259819741412186,0.263230552091159,-0.07829371247952971,0.1305918128005934,0.09942004228603762,7.44362306255613
2019-10-02,298,0.0020319090079326803,0.06372457261398311,-0.36875792310229416,0.09401558176042271,0.14463461663981358,8.813973629847055
2019-10-03,294,0.001606805325617793,0.18487809002509273,-0.12359804235626023,-0.006081579132100762,0.08426098406910354,9.937554740331292
2019-10-04,301,0.0016869589411447523,0.0831159257249624,-0.11805605672244428,0.019390848428343866,0.022003257152334088,7.124255734202461
2019-10-07,296,0.0016938569304405786,0.07159349740444351,-0.16629245793422703,0.09193565770894223,0.03207723011885144,6.762464790099869
2019-10-08,285,0.0012043600922419886,0.2969555951589878,-0.025810718558219137,0.04236987082130938,0.09793760386340078,6.641108161285146
2019-10-09,339,0.001586743474781135,0.0276943725791082,-0.148763204097522,0.04525675561680161,0.022790820335268358,8.97691206665787
2019-10-10,306,0.0017010036900642993,-0.027591894936494728,-0.030501784646872514,0.017079421264018887,0.0006073998319398033,6.952389493767121
2019-10-11,305,0.0012891332780069471,0.1383032491207722,-0.07045505306764198,0.14578050436262238,0.043349069961205466,6.947603127215495
2019-10-14,375,0.0012544766605535542,0.087975898560644,-0.08847949983134228,0.05964610585553706,0.01784963473775747,6.747306687287352
2019-10-15,285,0.001974410740854335,-0.05007085924512396,-0.11962199611482427,0.04427873307298078,0.005015166484664935,7.358464846208408
2019-10-16,295,0.001482564970831299,0.08410678972748499,-0.007720305840556901,0.0489001833226093,0.009234307976209388,6.48920555846514
2019-10-17,343,0.001327670801751329,0.07606402056150531,0.02446847438010951,-0.011314664943017761,0.004466552902082421,6.764535178837072
2019-10-18,305,0.001367168346720726,0.13939899993144042,-0.02213475118514306,0.04876305975405923,0.02300256989292504,6.9460134236614826
2019-10-21,332,0.001761165794729242,-0.007776484235480873,-0.1554398961993078,-0.00619770726542924,0.013965939585494858,6.562772366430139
2019-10-22,368,0.000688131780214323,0.20803179432135904,0.24092971090291088,0.04457350453799427,0.04290976639796751,6.974145392471284
2019-10-23,330,0.0013481871056094834,0.13307376535901624,-0.02235269622455458,-0.0005245588367243059,0.020888558166003768,6.780507844136458
2019-10-24,358,0.0011270575031296032,0.14638981649091162,0.055855685223661196,-0.00921867395536467,0.014998853654137112,7.118067373585679
2019-10-25,344,0.0006357206683855393,0.36790124546269243,0.28535071439603954,-0.09062777970800158,0.07570828838382615,7.161556269012934
2019-10-28,359,0.0015145940910604003,0.008741696207088649,-0.029521226387990145,-0.06669902720046512,0.006096236213352202,7.393536963030428
2019-10-29,315,0.0011013619269265996,0.22523633445139055,0.0019775867216141416,0.07892806486324103,0.0538362722194784,7.277843188416684
2019-10-30,313,0.0011160075775831057,0.1425222296621678,0.08148112894090938,0.07737589782989154,0.022022020656069397,7.1021174861082015
2019-10-31,317,0.001345698179147627,0.16520475885201286,-0.10094515133629449,0.08256774690469423,0.051572579318415745,7.251874571928037
2019-11-01,340,0.001300454627259102,0.11228075095155757,-0.08816719125996977,0.09157729377222922,0.032407658714149745,6.96000268342857
2019-11-04,356,0.001227443726108927,0.10955333571016558,0.0036217116782912397,0.012885019622003691,0.012113311251940151,7.181235198634091
2019-11-05,354,0.0012474440629813024,0.16801990806504677,-0.077356048182928,0.026145743527123774,0.04155408965266738,6.848122863274698
2019-11-06,349,0.001253633802716301,0.10575262851215729,0.0026204405477636503,0.01659053664409374,0.010960366509236263,7.147370731512726
2019-11-07,369,0.0013830870654063054,0.041899329394693485,-0.08208817484747107,0.01947059118292647,0.008389918872115598,7.181260583751413
2019-11-08,373,0.0014688925384899834,0.08733641392756872,-0.26051740834623904,0.07738716070515023,0.05849259490223013,6.7382650970887426
2019-11-11,387,0.0007783511355642139,0.1504323973360783,0.15868183596428884,0.08844198777293417,0.027880878539105813,6.875549250717642
2019-11-12,267,0.0018087911693153488,0.10337845480340044,-0.06540393875290527,-0.0038690004648822426,0.01905936133141295,7.039536046881666
2019-11-13,347,0.0016770738724599325,-0.047646957493680246,-0.27319472014730406,0.15695241015379524,0.0378508341573367,6.619239943260884
2019-11-14,355,0.0016875421577990108,-0.01886219834391202,-0.2796940032595932,0.1004012695662049,0.041513421127695516,6.828713860445112
2019-11-15,364,0.0009949074173206446,0.11345749113994452,0.1266392708212236,0.03561063822940531,0.013662441190433139,6.949456136442321
2019-11-18,383,0.0007908403488077756,0.1931360548196892,0.2735897006599198,-0.0725094626663398,0.03738730669440071,6.5991240639854905
2019-11-19,295,0.0018608101707480128,0.20126197451304081,-0.19753232070269197,-0.10160765455168094,0.1203723023115526,7.935699806341376
2019-11-20,292,0.001815828370532141,0.12744105367820874,-0.17033787814582166,-0.017546943923155922,0.06063564003907784,7.488828536842397
2019-11-21,285,0.0011623288888849572,0.1908838027563407,0.07128185532394393,0.07530687525529023,0.03271512782352126,7.21025796869928
2019-11-22,338,0.0015688895800624982,0.012527793357908929,-0.018725182052028295,-0.05437196742813815,0.0035847632216464698,7.174379853611728
2019-11-25,295,0.00202280855772834,-0.08912632699851575,-0.25800562348802625,0.15367490142683027,0.0321091150331867,7.129641126977584
2019-11-26,286,0.0013777841711510893,0.1871938231605235,0.04886878088826284,-0.024155149947220598,0.02889875258136676,6.911734150751099
2019-11-27,280,0.001690346325866491,0.04259659174140013,-0.043942461279715045,0.054751927053078644,0.005713618721977176,7.00420113797304
2019-11-29,346,0.001122644508606334,0.11844895670142161,0.1452690180031191,-0.04058797466013834,0.01019028662506083,7.006220277241886
2019-12-02,297,0.0019000135535982526,-0.004434884491486935,-0.19042168894744654,0.06624852260158055,0.0146484259303159,7.6327014633959855
2019-12-03,298,0.0016832253532313456,0.03196972013242455,-0.24065945324930682,0.20548742259098718,0.05586799604974235,7.537425455807501
2019-12-04,321,0.00120048490926851,0.09560498756077164,0.09991958742989517,0.03376411325894529,0.005926313157142982,7.776053429263766
2019-12-05,295,0.001291398305772431,0.09918253175846266,0.04577625798924809,0.09311620984655236,0.015429687254100322,6.794476413813811
2019-12-06,289,0.0013335032252851575,0.22939091916736726,0.15880204110641163,-0.1589578244886089,0.048300968874167904,6.931240546163198
2019-12-09,392,0.0008558795908988277,0.165419071218167,0.07826719716812085,0.085304132349038,0.030822321568459765,6.542675843670952
2019-12-10,257,0.0014844968804633577,0.11621054490682717,0.16081765352963429,-0.04005959499463928,0.010877272425808826,6.902710781319308
2019-12-11,286,0.00159238519694187,0.11536039683865881,0.016239062408117,-0.042443791897523536,0.013338783625757022,6.893043929449802
2019-12-12,279,0.0013973333873047353,0.26604879610343707,0.002379496148574465,-0.0481403223680575,0.07516053800926215,6.910779929819158
2019-12-13,354,0.0007849280806456129,0.2546809271384251,0.09511366347554889,0.0944763282889228,0.058249455448588505,7.099393633270707
2019-12-16,366,0.0010186094321087708,0.10846008160798631,0.045947939640043775,0.09996987444834254,0.02195566157578621,6.579304701155078
2019-12-17,233,0.0014360531489541475,0.17555804029401936,0.02602072893763624,0.12922046335570014,0.038517242903590265,6.930672405698029
2019-12-18,241,0.002279358290267606,-0.017630453083109236,-0.03247930943543704,-0.04854093339044005,0.0028378900985709388,6.907861958993043
2019-12-19,243,0.0023384504004090477,-0.06516586979632226,-0.08415151650619392,0.012830491703719265,0.003564850670117359,6.913092757609243
2019-12-20,212,0.0021783459670344034,-0.0054984054787983695,-0.059448129327714115,0.14132784478392046,0.014131859892924536,7.002434683651663
2019-12-23,282,0.0016115025802337763,0.07691433776263754,0.024915465190793084,-0.010717258205257598,0.00460374552992715,6.979529655116118
2019-12-24,249,0.0010545707102015463,0.22068532873311705,0.17128733676264832,0.08285112082386065,0.05040341676837179,7.976708643628251
2019-12-26,179,0.002496499640073325,-0.11076226939700476,0.22448646802224761,-0.0074710697715014325,0.048243438319570786,7.611002115270269
2019-12-27,154,0.0032803285594907635,0.02078085885796478,-0.023393496875988126,-0.007728558305131428,0.0010852983099440827,7.305953576086453
2019-12-30,242,0.002082512039577064,-0.12502649442905853,-0.02888294025819981,0.14597360753196278,0.02815669278530275,7.394568730850922
2019-12-31,177,0.0029018379183934867,-0.0314445212931985,-0.1338402067950799,0.13803410497698368,0.014248125004890144,7.822494782411509
