session_date,n_names,intercept,r_squared,condition_number,beta_mean_continuous,beta_negative_share,beta_known_share,beta_log1p_n
2011-01-04,118,0.008670050912301431,0.08283396417023903,12.99751717406508,-0.07306265517550713,-0.38931271521203226,-0.690820659187968,0.10706401427238058
2011-01-05,134,0.00538050335324327,0.035333821367951046,9.595110587680956,-0.14892733095644564,-0.3629864393479534,0.061313231980953994,0.008625639654242961
2011-01-06,155,0.0038655314420714027,0.04323933505637134,7.334953153629833,0.0723823678856482,-0.18485133884876268,-0.17396068575874482,0.08811490967971952
2011-01-07,138,0.004923446155825543,0.03765249554954708,12.371858903096173,-0.19848945579883087,-0.011320460539974984,-0.07214494289592356,-0.0769162797731323
2011-01-10,147,0.004379426701125211,0.012409181077834841,8.216502909244975,-0.04698015355358499,-0.005075386829858043,-0.13787454296829985,-0.09762136677906028
2011-01-11,129,0.0032485563031061254,0.019389427387778935,7.092143526300009,-0.06258185140160756,0.07442336477620998,0.16882610731896533,-0.018795146894951098
2011-01-12,143,0.003930425274102294,0.06284161729846938,7.1431893502218555,-0.17945731074966673,-0.2975350647094023,0.3048849482386162,0.04800579882719698
2011-01-13,142,0.004047943697011975,0.016740262547474072,7.887809234257794,0.017978586628401395,0.056980837917393785,-0.10205882412063297,-0.12251661037656301
2011-01-14,148,0.0029846084032131496,0.012360717943951105,7.856852335179846,0.09127499245353768,0.10648145173700682,-0.0021254289556333736,-0.07907510258601086
2011-01-18,166,0.002831250943477037,0.025146470310941416,7.200795059504191,-0.05213429085205167,-0.16960426401811443,0.25938564010179715,0.022377601533992902
2011-01-19,142,0.0035952910797909837,0.0021275217521233847,7.428916873963162,-0.009136584434306363,-0.006104293698376984,0.04265603908300888,-0.048477827610969276
2011-01-20,139,0.003285500769131133,0.059445323973823516,7.240222286743498,-0.13894497495854322,0.09206193529824437,0.001222598415176858,0.13229122742667035
2011-01-21,152,0.0026253364500428192,0.014287577118849981,8.073844527947044,0.13818218830048787,0.18206800460244038,-0.08718020802352626,-0.031172265692414415
2011-01-24,134,0.004910378293786218,0.043197451337003145,7.712797478240866,-0.1266462832487872,-0.37285143534689336,0.07277826783834829,0.1107380680226267
2011-01-25,154,0.0037588639315575085,0.024997605255429378,7.345612117715986,0.08342055960615186,-0.13727500984131552,-0.10827207762112126,0.004396436936571816
2011-01-26,144,0.0037874587182696274,0.059741085860963605,7.655193486763615,-0.031564413030129565,-0.2122927337360626,0.26831801294124535,-0.11524897703671363
2011-01-27,118,0.0037053895524996727,0.023269558824623005,7.857938153847373,0.001548883416404947,0.19116582144097635,-0.12113828439465041,0.05395164514734593
2011-01-28,115,0.002255025697951663,0.062308517440115674,7.126121404976481,-0.006973757229926434,0.2033816228809998,0.1242594175831771,0.16067680623686612
2011-01-31,143,0.004776075982520238,0.05077873303658631,7.391059855012968,0.031169914701956285,0.04825284239388678,-0.31695669404796295,-0.1284237940486672
2011-02-01,136,0.004251260220883632,0.02719074053100734,7.6101603582128625,0.03477385220336023,-0.1714950703528778,0.08233018452362546,-0.10195174645445283
2011-02-02,141,0.0032734949764012243,0.027937860024744077,7.142497837700269,-0.02742429657331448,0.10834257451667156,0.14224644282553967,-0.1462903041140438
2011-02-03,118,0.005932466573127082,0.024891174551362805,7.203293219700279,-0.1648518066204459,-0.15622005732281125,-0.15703579269760862,0.07804554538287788
2011-02-04,143,0.005458626363325866,0.05030588103767564,7.2597281963157965,-0.29085560986225945,-0.257222380914675,-0.10021852221947788,0.08712937308521743
2011-02-07,130,0.006141415506897049,0.09948411115352207,8.448973804125785,-0.11635605509966937,-0.0685713810459111,-0.08538245727982438,-0.32645813836782656
2011-02-08,132,0.0028191510050860455,0.03128044999926616,8.305437875946462,0.14153540923500302,0.2576682398168601,-0.21514128751061407,0.07168177311603148
2011-02-09,134,0.005066153912047692,0.024930848402568873,8.166141051991278,-0.13438246454835934,-0.3083226130381139,-0.034035295613350856,0.11901112477105384
2011-02-10,139,0.0038395011805040825,0.028199432589957607,7.246773953629262,-0.07807731540341112,-0.12001756025556533,-0.08733637562260356,0.2180499231014438
2011-02-11,117,0.004089174694927227,0.029685883764088983,7.141044760607191,0.10074084656785133,-0.05700428087627075,-0.10500908948336496,0.10440564517881305
2011-02-14,139,0.005077109196522051,0.0403382845290855,8.236579584711258,-0.18852461204541077,-0.3380281147671201,0.14460939457215916,-0.029493024392754093
2011-02-15,120,0.00613095609592452,0.06258385581762038,7.664701847064641,-0.2546412110806598,-0.06807196941590121,-0.038585896774590296,-0.110130385750733
2011-02-16,122,0.0037116956595497205,0.018781362345735908,7.853144234208311,0.08452317382373774,0.0840888936035657,0.07385381623673813,-0.1481196245941763
2011-02-17,107,0.006583895166978534,0.041057136633117386,7.334366322953805,-0.009243364614385376,-0.09577782146581384,-0.38432282279519037,0.08039044314198739
2011-02-18,104,0.004584531242001264,0.04824899149975537,7.897254032797151,0.08770264027932312,-0.05056997507958851,0.22154323953214125,-0.21225840306813468
2011-02-22,135,0.0034066262872858096,0.00481502033466874,7.824850371761349,0.0029578186172289902,0.09711119077066732,-0.021994012621792895,0.0021359056667277204
2011-02-23,128,0.003720632765872054,0.05850466137886101,7.904849924398105,-0.06906790936181732,-0.215661999789789,0.03275318851631396,0.299494732572049
2011-02-24,111,0.005941028072694664,0.07197423789428226,7.374129595866138,0.06942337582923243,0.05534831128440299,-0.4297882483196828,-0.013891670932176883
2011-02-25,132,0.005445388618247236,0.03435361593794406,7.599364463935927,-0.1551077122779658,-0.2300193691990477,0.03585310143886919,-0.0883086151791258
2011-02-28,114,0.002595754143661879,0.024134855534275634,8.18623402378277,0.0662094061686884,0.1731100906877858,0.0587206890876287,0.11012786930098872
2011-03-01,106,0.0029266163603687647,0.0686513151806023,9.080214134846155,-0.07788306321766349,0.24001474353123411,0.37305991827604323,-0.15563426698779909
2011-03-02,111,0.005012410145392655,0.06546061364337397,7.973893774647423,0.08853662355527431,0.18337918101866457,-0.4954972369496815,0.11082638009857196
2011-03-03,105,0.006147639581763105,0.04303571259830796,7.807543283029637,0.07971932363778317,0.09976799702896166,-0.3474187333736747,-0.12307289946331701
2011-03-04,133,0.0038780061022322264,0.032695512115484826,7.573316221144541,-0.04758217503643973,0.05026287182504871,0.15518645347311713,-0.18941677345550234
2011-03-07,132,0.0025931923255187272,0.034504194688185774,7.2772434290751065,0.0918480091969043,0.2665446832619631,-0.14307653786205604,0.10008107146624334
2011-03-08,115,0.003602165773569578,0.012847518868370766,7.359762493638155,0.018941457254548096,0.17948924864290064,-0.002549780415669623,-0.02437905340278627
2011-03-09,127,0.005492074275977311,0.013404925093858377,8.026008928842515,-0.12996289264875563,-0.11538735355337897,-0.14170505166107492,-0.007931568235026982
2011-03-10,107,0.002834109669222884,0.0475704681228144,8.664550620208605,0.13358392570463778,0.3407898369484414,-0.1468709694967916,0.06599773763001546
2011-03-11,109,0.002640822997207421,0.041331674935077056,8.27759928691799,-0.0014276675155042756,0.17350668671519182,0.19936832005814448,0.05285324735094979
2011-03-14,107,0.003454146846012965,0.09071039744703557,8.230033727946413,0.1528007843864346,0.10072098332961167,0.3754260017314069,-0.3681351944942346
2011-03-15,115,0.0030341408058063477,0.03367574525446526,7.9873088632901466,0.046006188714695466,-0.007739075100962543,0.05514483752112797,0.20873566352968026
2011-03-16,122,0.0052245899554706175,0.04902789831301202,8.354987966811537,0.06164641629571329,0.1265858946593742,-0.2744672933554538,-0.18856496673446413
2011-03-17,113,0.002651184731155457,0.03332140619274959,7.621134583346737,-0.004705974200547655,0.1266877919009207,0.2861788200343692,-0.007328386975875844
2011-03-18,125,0.003623269754080049,0.005214265995332479,8.142151254764704,0.05521715536603262,0.11206881424224163,0.008013843952155866,-0.08111725208044038
2011-03-21,144,0.004336279602117364,0.025318925562815342,7.752399587985814,-0.11457737573691057,0.021506234477139594,-0.05619640000752582,-0.09958098414250287
2011-03-22,114,0.00196626335588927,0.04398618406332622,9.039046442541459,0.21090528368931097,0.28968072583510474,0.0862184931032307,-0.03511254777040353
2011-03-23,135,0.0044921072443992885,0.004679876027337548,7.882014138302618,-0.060133184673272465,-0.0478386507066224,-0.08938757711687152,-0.015509543491039017
2011-03-24,119,0.004332245201727526,0.004681397457841352,7.3067673121568495,0.047877853294048034,0.01736968655748841,-0.07043415288013424,-0.025887744982548578
2011-03-25,110,0.0035683167708697714,0.05181263954708326,7.967781757523897,0.0857869351207247,-0.07850513833244363,0.3741941476007088,-0.16650563398034146
2011-03-28,137,0.002415731510488146,0.01648879736843345,7.6813280973739415,0.0773566637158832,0.22049613017583317,0.10719512955620582,-0.06695835732167027
2011-03-29,128,0.004395583515453075,0.021383417973494745,7.502567115238205,-0.008495877168638807,-0.09809266659331013,0.13005410316676017,-0.14873493936080187
2011-03-30,120,0.006061568225741467,0.05089215707282646,7.874596582163257,-0.06975565002640836,-0.25683376545706843,0.0684312155495914,-0.1966181742440693
2011-03-31,143,0.003220864144902663,0.05266974938747426,7.676062130441572,0.008908191260649996,0.005607777180559492,0.3228935800545213,-0.25857669393789445
2011-04-01,127,0.004888229981489858,0.016014428741446762,6.849977503676879,-0.08630090162761113,-0.09758136493548142,0.02938007714615317,-0.08710822588149152
2011-04-04,139,0.0042635068472530475,0.02145981106324002,7.751820515746845,0.00910522710637292,-0.09008523372050997,0.02473984634090873,-0.12901474326311008
2011-04-05,138,0.0040164777615505805,0.01680110256891154,8.137166396870521,-0.10739406670769716,-0.05374007491230841,-0.06076212659664786,0.11334840602869495
2011-04-06,119,0.003956409491628524,0.01696889861859885,8.238342877325836,0.04014659661053142,-0.05010586749597051,-0.06645411111122669,0.13478792298907746
2011-04-07,131,0.0032980631221749533,0.033571912788949665,8.89644774450545,-0.041548228937962936,-0.11773032064993785,0.08413333851979851,0.21105267305826367
2011-04-08,139,0.0028480728803587964,0.012802422741977626,7.388329385654552,0.0012098924558415246,0.14489211893173834,0.09256442753656445,-0.03043069966388329
2011-04-11,125,0.007463360336523375,0.07537964263260499,7.378911617186219,-0.3209824229973708,-0.4209310793875837,-0.17046513858130063,0.04653855683540901
2011-04-12,131,0.0038965068836832534,0.010947589036597316,8.19935869780577,-0.06472178080788075,0.06088236967519858,-0.047751055405556284,0.03070566301322484
2011-04-13,131,0.003395203423912664,0.010545206537076579,8.156438927313246,0.008578711829195049,-0.009424997815027395,0.1697970981374821,-0.05849410921677097
2011-04-14,116,0.004408760157243362,0.047896031062928834,9.222526265891753,-0.18239991289506974,0.06327712865250235,0.18866975405291378,-0.09237932629080671
2011-04-15,127,0.00424789624648798,0.011799918205156357,7.676253750690265,-0.10467654975145417,0.00601715141903662,0.054383356491968654,-0.03468960476750155
2011-04-18,132,0.005051062636383411,0.03595219643010439,7.137242084889903,-0.19272698338542243,-0.12538303519062563,0.0376190505958295,-0.0529895680250021
2011-04-19,144,0.0027756977934496065,0.016783083009728528,9.06014206478173,0.0007260310365350314,0.19217977870471611,-0.025542729128914317,0.033235954874179935
2011-04-20,149,0.005076043172772766,0.11090962198290666,7.740104912385363,-0.038743685841948754,-0.32308810146997197,0.10238965279138071,-0.25321873096575814
2011-04-21,142,0.002247629214180197,0.05811382204485138,8.095853739307561,-0.12661623695091534,0.10275966305065058,0.42627984849776246,-0.04074997142467488
2011-04-25,165,0.002737381127396329,0.04141877434713159,7.066339225850786,0.08318203181645162,-0.17545817782850512,0.19561992054597618,-0.006679546574712003
2011-04-26,139,0.004139419406191343,0.00833987037267947,7.545476322946876,-0.04177957678347538,0.002572278233238557,-0.13850612571150434,0.026954829340552204
2011-04-27,166,0.0039639565646174355,0.027883203426733894,9.639775385835604,-0.03240439691112946,0.12756083005795588,-0.303728823455818,-0.10746118914399333
2011-04-28,165,0.003580511269226477,0.006747115527884984,7.876392053560155,-0.06428774094677958,-0.1056209390836392,0.019621853710560577,-0.0312818925248808
2011-04-29,193,0.0018024272537944229,0.017274283082505337,7.6689861837623345,0.07470502438455479,0.1845674818901949,0.14077143093706623,-0.09578085717646535
2011-05-02,139,0.0023592629677097296,0.035710398424862566,7.686923107977321,-0.01952251460327209,0.08766856686795488,0.36443836365055876,-0.08845952093855135
2011-05-03,176,0.0036173876381116353,0.014730643340733818,7.814493011538954,-0.13231532046525804,-0.1284643223210309,-0.0998538198348892,0.08731301400587115
2011-05-04,152,0.0036287176362345764,0.016648842710259015,7.340113050919042,-0.11740999992390558,-0.1693795631410568,0.13716307245968035,0.04649632918996797
2011-05-05,180,0.003013547846680601,0.020066404136643956,7.966154815833156,-0.028747025366646476,0.13215456575578519,-0.224861681970538,0.03657691677638844
2011-05-06,154,0.0026090074888792804,0.029690558423532742,7.101789269059955,0.015253185360581293,0.1268626751882917,-0.08326668019772286,0.13757651307402846
2011-05-09,150,0.0026530888313802785,0.028725487677577877,7.667571674474554,0.13897457342548114,-0.03625337837689175,0.027617046104390693,0.07373510943293006
2011-05-10,167,0.004180927514852151,0.04949578735947979,7.662271755411284,-0.16307966341926194,-0.41615019374441287,0.14930260788100935,0.03349745932204728
2011-05-11,151,0.0028510085795444636,0.0182923062663497,7.917913767320408,0.043605616784146845,0.14119581675523923,0.11685137924164021,-0.1626574038034592
2011-05-12,134,0.0033200131779083123,0.026219303472949318,7.914643969766563,-0.052174687152239996,-0.14246815199652257,0.26307113336828625,0.041808174101048624
2011-05-13,132,0.0019361652879564416,0.03213986372926314,7.268156718871458,0.14524640758938906,0.1597353341583096,0.20185724626858556,-0.01798662403678349
2011-05-16,143,0.004330848613094988,0.012808801057956565,7.195871430241843,-0.052885772204779705,-0.17624959039793509,-0.08108184729685722,0.07159450655440175
2011-05-17,145,0.004233876162068228,0.02697321341145853,7.976984882412969,-0.022585964344924853,0.12557280954701402,-0.21983560326601548,-0.1109753289358537
2011-05-18,133,0.00547545906905998,0.045282682926261586,7.734593495406129,-0.02216567384492017,-0.23756149554258332,-0.2140937621887009,0.017348819206241876
2011-05-19,164,0.004220506361331361,0.06977550923831644,7.720055080421368,0.14339989383393664,-0.0705507406199153,-0.31381824826932503,-0.1433569914613804
2011-05-20,134,0.0024740206556994283,0.040965043648766075,7.346526905899526,0.14715221496854874,0.16369596213419144,0.21672689160790562,-0.19061260443809702
2011-05-23,148,0.0032665014949288277,0.0719726189247546,8.915096528604261,-0.17820011531218508,0.1567735711685293,-0.14733222529337298,0.2018743269380938
2011-05-24,188,0.0026286612171555583,0.03196375700308163,8.165017065145358,0.11735260326020071,0.22769558805400042,-0.21619919859443015,-0.11722561037026218
2011-05-25,144,0.0037761070654244834,0.034207842502500974,7.814450293790689,-0.15521828216845238,-0.21314208323941067,0.27153878146667054,0.009302749098935498
2011-05-26,127,0.0036978583783955693,0.00415896947031047,7.269480604231291,0.03000258816159378,0.08773657892466602,0.005060825495720534,-0.06205602069445441
2011-05-27,111,0.005709879231885022,0.06432202966148803,8.21521237874718,-0.20869581448871802,0.030414144421513162,-0.1624236490842397,0.07311212967297082
2011-05-31,124,0.002397781879915102,0.036998353482047386,7.87114152802888,0.15178181043147315,0.35488465984617207,0.04862284712360782,-0.14993922362019613
2011-06-01,136,0.003927093010925889,0.009857280160215254,7.731781680126794,0.05739020423551436,-0.087228592283812,-0.058842801407111435,0.020511890483566733
2011-06-02,126,0.003596201751945709,0.02620671432851107,8.158351700821347,0.08708106110550816,0.2572754583183782,-0.20670008613646962,-0.04389927477773143
2011-06-03,136,0.003965118015847767,0.006078148689731444,7.46305559372516,0.030822604226319186,-0.04981446048158182,-0.09607885190208985,0.036558607846757074
2011-06-06,135,0.00402745949972592,0.04041542265210829,7.115704938941214,0.15765120991430506,0.05989876999685821,-0.2170912250447941,-0.0878728197923635
2011-06-07,128,0.006283157213991751,0.038130629609334554,8.12222897180949,-0.1869426413470583,-0.32343707056278836,-0.19280164243679193,0.09469310756474547
2011-06-08,138,0.005302733127007848,0.02302316950003913,7.7100684908744075,-0.09291155363912972,-0.1774497225527274,-0.16121046746020243,-0.03198259940210878
2011-06-09,129,0.004025249868515206,0.03388595476537981,8.414557901171381,-0.09217143842662862,-0.15845295058051617,0.2914765364920753,-0.07936661356185082
2011-06-10,146,0.003194695501582396,0.0409365916060318,7.4543120801956855,-0.13323733494902398,0.1208654206095169,0.07202714583389516,0.007493682043550145
2011-06-13,148,0.0024775426490557246,0.0562656378304619,7.884826609382131,0.12323899429144021,0.24866777323229688,0.16103752364113133,-0.26629691528535
2011-06-14,136,0.0054471658105175,0.034625353643183865,9.097925817474813,-0.16966832405379137,-0.2067261072423777,0.06643351511764375,-0.17166818428223662
2011-06-15,140,0.0039005192737516727,0.007164346230372209,7.594609406597546,0.00793748346758094,-0.1037737435553471,-0.0249263662150027,0.02861722965229914
2011-06-16,120,0.006180179362679288,0.059080618250946904,7.893129854529932,-0.08392968952630028,-0.31666123090231124,0.041017385785332976,-0.12366951239974804
2011-06-17,146,0.004337128442697194,0.02504734715141066,7.8975135689964056,0.00283883103352461,-0.11304034775145565,-0.19253670739980253,0.036296718850155556
2011-06-20,131,0.0034753595492556105,0.039059038853893724,9.067606140901962,0.136259611200521,-0.09351681420443846,0.05569424768089613,-0.008981246581950793
2011-06-21,148,0.002818955373620712,0.010473806909080174,7.738591155812423,-0.005844388860438656,0.023504552057402144,0.04160815340145836,0.10632089280984619
2011-06-22,113,0.005933744159428828,0.03894209771213797,7.2936242789056545,-0.08877481152702817,-0.26507680108541654,-0.15168439481530394,0.16450982739683542
2011-06-23,147,0.00184296084849121,0.07926604629634149,7.4990600273523516,0.19490462772496464,0.49251915657271367,-0.07612804889312666,-0.1531262248609655
2011-06-24,134,0.004037059462776583,0.008623363287687535,7.683976834330694,-0.05346553419293062,-0.15456209379489197,0.05177226402437653,0.07432342793932449
2011-06-27,129,0.0035016349270190635,0.046324646985305806,7.416613121239749,-0.0640733239609548,-0.02063326825010131,0.28353865379562193,-0.10225387275548206
2011-06-28,135,0.004091257287128478,0.036909483765999784,7.772718893622238,-0.03698746536159734,0.09192820187843212,-0.2843797898127024,0.12479958577117402
2011-06-29,158,0.001146918650195025,0.06715262015592405,7.128067853248152,0.2064031174736801,0.26815745202593333,0.007900792646110755,0.1551123443926332
2011-06-30,140,0.003152795922298266,0.01832895665564349,7.056222349487257,0.1446848017948135,0.09675665646183661,-0.06264510519988782,-0.06157921130027949
2011-07-01,124,0.006319252596393784,0.06343357552456674,7.428207796862748,-0.047995969262894574,-0.1816055453860487,-0.3670494117936989,0.02947628253697975
2011-07-05,145,0.0035821143512849677,0.005835102348813681,7.459304942717656,-0.06724286666855842,0.015414864793850278,-0.00335333149073884,0.01636817149280821
2011-07-06,134,0.003427133614377136,0.020270884442226356,8.53357574950353,0.013888341113526232,-0.061530835431697274,0.242693100105305,-0.11352241444020666
2011-07-07,122,0.0034838955021891495,0.0153461010417546,7.807287329283162,0.08041207214571704,0.21317982944634364,-0.07823552219329864,-0.06542688193291091
2011-07-08,144,0.0031532167258927707,0.02167576481662814,7.343121917630891,-0.03595647330332661,0.15473266016370268,-0.07985373420199622,0.05295113028450147
2011-07-11,134,0.0021872918766656824,0.05818111137225879,7.960134471730667,0.2184452933702016,0.2203896050803505,0.19493419728998315,-0.21996331868695437
2011-07-12,122,0.006067637937481256,0.032280281125276145,7.667086152093951,-0.16715293111341695,-0.22104089951871905,0.0423335863927982,-0.13464341250609474
2011-07-13,146,0.004147864709287458,0.018722811683559715,7.990314931575511,-0.05557857052414466,-0.23436754653315828,0.022443518077382124,0.05632610386798509
2011-07-14,144,0.0032027565283137727,0.0017466257724966239,7.298020238197427,0.0447011726017913,0.0121164766998931,0.012771404230594348,0.008017066313355645
2011-07-15,134,0.0036825381759525333,0.05378776386961348,8.337074219522163,0.025675938342829937,-0.28662316359701284,0.21951521538033147,0.05451177871857037
2011-07-18,188,0.002258865642068302,0.007192719705822248,7.326610951303032,0.037965117007679655,0.07156577384306696,-0.031357907634297195,0.07249353536586865
2011-07-19,164,0.0036561064531483063,0.009691193444655632,7.639122140244865,-0.07109126453097823,-0.18165877875889655,0.035398824908360445,0.01814830174887017
2011-07-20,162,0.002447856333180677,0.06889606916162727,7.301910803045449,0.1582868414946039,0.3932573686774044,-0.15461553091291788,-0.19003413120965013
2011-07-21,179,0.003174455486397873,0.02526474949745461,6.977236667279289,-0.1262163685684186,-0.2002717997242271,0.047151217709713686,0.142881886452496
2011-07-22,185,0.0030600337366938767,0.008263995674085645,7.91138531936992,-0.0077250638502982675,-0.08235972389589817,0.018550473134075415,-0.06067816796461089
2011-07-25,181,0.0026755352550368746,0.0046586055436883544,7.757568236473107,0.05878852946025013,0.07520745041270532,-0.07328694828369241,-0.0292527939126142
2011-07-26,174,0.0034265131590689615,0.015808564722760043,8.637436874449977,-0.16472949441138138,-0.06170598189101518,-0.00407081066150875,0.03807970760790991
2011-07-27,175,0.0023222180636722958,0.033777356347824306,7.149726256100842,-0.03161679057753349,0.026903294374617626,0.013533359204077295,0.17840381471352024
2011-07-28,177,0.0020465597152985425,0.0079637738695304,8.355929333449133,0.1344155429519546,0.14132848280952728,0.036412715130770275,-0.03663888010793733
2011-07-29,207,0.0023922336741931892,0.004959058212297696,7.928571061797107,0.014988648600992334,-0.04794051293496146,-0.005258166625431388,0.047825289843417405
2011-08-01,181,0.002571009039601175,0.009045628902291658,8.546576056816276,0.09956501817386107,0.049183093273496736,-0.05926688918494708,-0.02018649459803992
2011-08-02,187,0.0016527133602733965,0.036796263045434596,7.713230848491982,0.19165682967921543,0.33188350590511073,-0.08306622415145176,-0.05858890817511312
2011-08-03,159,0.00250549485708997,0.02935248637729182,7.617696791631216,0.013289247651659977,0.006445391283523436,-0.012245985846488085,0.1957639823566912
2011-08-04,164,0.0010040166597498634,0.05025842293762839,8.229798382393094,0.1860752654824905,0.31546086101414206,0.09329981485250162,0.07584659425292026
2011-08-05,170,0.0023114564756941034,0.01947939422061218,7.414231880195524,0.10292515840734627,0.18477930050164146,-0.12083915299698449,0.04723949235199677
2011-08-08,163,0.004511661773963123,0.06796689648096943,8.398587648916621,-0.32821615517458075,-0.39784969352589644,0.20904726492084774,0.04621684546765223
2011-08-09,169,0.0021719862176870367,0.008130383826066456,9.060722845708543,0.13355204276889523,0.12648944605988224,-0.024517392938414973,0.03034456253141843
2011-08-10,151,0.0027059944094734592,0.024657953489697126,8.01051608866717,0.019323860482264685,-0.06464272397908614,0.2279184902616678,0.0001900615741629522
2011-08-11,140,0.00499834167352741,0.02262644447345996,8.365904766944652,-0.09865483795994472,-0.07734653007077656,-0.12363820190059205,-0.09989609865636008
2011-08-12,139,0.004728546747517887,0.02189593002935253,7.430478304232488,-0.02858342691399654,-0.09786418186143372,-0.08209198686330356,-0.10599640017123564
2011-08-15,132,0.0026477423302876885,0.013943066958816863,8.39596551761204,0.05567795344643635,0.16606542523374754,0.07203610478211342,0.007216541341750473
2011-08-16,147,0.0036933588948055776,0.015621641598107305,7.958325553920615,-0.0472518121603539,-0.2035715794060775,0.1453489891950294,0.01962688729855691
2011-08-17,129,0.00338414048153697,0.008878173953676849,8.208966377032276,0.0648581824243738,0.10296612347094011,-0.11834800089256221,0.07741545076071243
2011-08-18,121,0.004653068107809371,0.042204744047634746,7.315166129040166,-0.14644043271513404,-0.15580015051801097,-0.05617533000581406,0.23237343114909037
2011-08-19,142,0.0038160292017420374,0.007250086522439081,8.625312528073218,-0.036717060192281464,-0.012481699283793212,0.05565258971412467,-0.09020612353278713
2011-08-22,131,0.0037496219896307284,0.09154799280028525,8.769015863030152,-0.002479487722982065,-0.3500439907774398,0.09681104547837083,0.27331147173879167
2011-08-23,126,0.005338841759546701,0.06667154636511086,8.227175368849583,-0.025242215107243438,0.005915608871388204,-0.03563011293871587,-0.2904314042311947
2011-08-24,138,0.004122649454752772,0.017092137556763753,7.88135135899109,0.04166943430149671,0.006208231553732242,-0.17477755975077705,-0.010951355616219197
2011-08-25,136,0.0027327131351892165,0.04250463678183325,8.231756714826918,-0.007898470837464013,0.2264589670934669,-0.01544356505174095,0.05358509602427448
2011-08-26,103,0.00516187447834389,0.012623793883057788,8.40851209757709,-0.043214911252409095,0.11256464273292514,-0.0693704692904645,-0.06332540472889371
2011-08-29,120,0.005962055347467627,0.0673758164131989,7.632629409447623,-0.2529513040578137,-0.15990005354035675,-0.16716729946781067,0.14912537367375342
2011-08-30,117,0.0037296829223412826,0.004762778245754551,8.001495742140387,0.09165429894174451,0.07339023712963513,-0.014790494703586076,-0.022999845195652957
2011-08-31,119,0.0035813206462362206,0.0419913703816196,7.13576712410278,-0.047112655500983536,0.27866404382739574,0.05960973523787412,-0.14351543736850378
2011-09-01,127,0.003899977763140652,0.004078221006084348,7.378196352664521,-0.030761016433048117,-0.07315810321864283,0.06762462727171144,0.04570014054225361
2011-09-02,117,0.002098417242445599,0.04469609080037773,8.200705211856336,0.13087277510645928,0.12733319024621778,0.1158234771354167,0.13494092277963465
2011-09-06,102,0.007726605561416819,0.0413086129539878,9.155392702630001,-0.14139142709794922,-0.16137576045683982,-0.19034941315690396,-0.0831109338173401
2011-09-07,118,0.005792559138003083,0.01598024676420262,8.407105245132326,-0.12040807500243661,-0.19537239026464087,-0.11010536354653157,0.058841872244883985
2011-09-08,157,0.003227675207876181,0.013588142346114385,7.910132293202496,-0.015544537155385353,-0.06674177089416543,0.1557792675628628,-0.08698297478643113
2011-09-09,148,0.003423645340916583,0.03723467079802034,8.03364307578567,-0.125141516066232,-0.16693907145826314,0.056111535512603034,0.2225700311005884
2011-09-12,126,0.0033060418877605053,0.06112506687378261,8.589061636924608,0.004142842954324928,0.40096131489557785,-0.15881201521186566,-0.07941469835368462
2011-09-13,123,0.004753718208391316,0.01684425220885155,7.221391103935196,-0.017912358983650997,-0.1389373272904875,0.06073455804700155,-0.07329955103712148
2011-09-14,133,0.004881627807434722,0.023544313761742375,7.936342532137583,-0.05183702308322463,-0.21175253780422318,-0.11147453304794178,0.07655109715774551
2011-09-15,110,0.005919311502416684,0.019550363640609247,7.490314574249588,-0.06067311906262087,0.028558946024539105,-0.21735077301288094,-0.052783584480708995
2011-09-16,105,0.002910740407915775,0.02485491341184498,7.5851801132726475,0.1442705635175158,0.08427208745627883,0.1458604444308869,0.014341418933003745
2011-09-19,110,0.005836446006902082,0.029329799458546857,7.664152666379237,-0.059612701964808223,-0.17416784405808072,0.08944333151811953,-0.1396809070136903
2011-09-20,119,0.0045711496428854775,0.01978182147854257,8.245386274597818,-0.1139302781062397,-0.13800331795831006,0.1680503716556818,-0.004050390597875191
2011-09-21,127,0.0013689041661865708,0.056709343019778924,7.402454279288841,0.21305157585169993,0.22304172731467783,0.15153823230144195,0.06466680632079472
2011-09-22,116,0.004176522699065642,0.013801295481969622,7.257726302182242,0.0887317110763356,0.00892896720593306,-0.10753719879376608,0.04092325432827157
2011-09-23,122,0.005288112069386967,0.03641370479008432,8.034389730851188,0.03478469048679146,0.04866535132528269,-0.2856287059951512,-0.0881206807473433
2011-09-26,109,0.0035326569949685003,0.016498855218220476,8.119326336717167,0.004383609171941781,0.16681446647243978,0.12923484908210275,-0.07055214962961533
2011-09-27,127,0.005485927216455322,0.027272352522604182,7.754115996886403,-0.09694813666233883,-0.1280340471340175,-0.2141947873148265,0.04575145813152954
2011-09-28,118,0.0039764286940687345,0.03908732018292549,8.34840117370033,-0.15005588633015093,-0.10653845740711333,0.20937562254959116,0.10878154938745296
2011-09-29,131,0.005661317360954879,0.03237254589454297,7.5444454318156025,-0.06810702793645444,-0.1561944401255883,-0.20277209572426017,-0.056191584783872595
2011-09-30,112,0.0050199040277460125,0.05564942303676845,7.677798607429105,-0.06803161703783325,0.06718796349525515,-0.25247061104798524,0.12885576237545682
2011-10-03,118,0.0035049817633659437,0.01933071454589297,7.792706204206817,-0.05331428373888406,0.002204623589846314,0.10762144866244888,0.11631251533221973
2011-10-04,128,0.005885682369934887,0.023073845817883742,8.4355275466926,-0.18925782126217125,-0.29934215805695813,-0.06712236770589902,0.048987660321696
2011-10-05,107,0.006934622658417172,0.045445233980342614,7.90018618052326,-0.20117727908503755,-0.2576020693276419,0.13723579232308003,-0.16246569281167553
2011-10-06,117,0.004408475530508654,0.018981824484648024,8.320203791975027,0.026295853237368137,0.12970723741059653,-0.04924887612701489,-0.13833748865997117
2011-10-07,95,0.0025755556567393263,0.15451618909478027,7.179610183672523,0.0297006579951371,0.6215260478069157,0.033070924101244625,-0.17365320468376833
2011-10-10,110,0.0027434071949584793,0.02069273255626647,8.162708599261922,0.17861101504636612,0.26223672258575287,-0.049042583875207296,0.004645263352223609
2011-10-11,125,0.004015254104239052,0.038258105774993556,8.372494486174277,0.11019548226956379,0.020978858233220068,0.08419669644797405,-0.21918456301051928
2011-10-12,132,0.005347719088656551,0.03675401599143169,8.856027391735276,-0.12758558159439148,-0.08693743731777308,-0.017375810806595213,-0.17989900968656622
2011-10-13,135,0.004993016039138642,0.029853580366878907,7.390766934892405,-0.17308503056217608,-0.3060462665639099,0.05113851711326908,0.07987844944538572
2011-10-14,119,0.004437798509004401,0.004718605610924409,8.1271204485638,0.0021579039138578796,0.047995776184814404,-0.044729487600689906,-0.061620237641030515
2011-10-17,142,0.0021322924595169983,0.023692424482429475,7.555281546611299,0.12745602054027647,0.07226321964716208,0.18074403736176134,0.013965663947962594
2011-10-18,156,0.0017887057159385413,0.025418191373047794,8.112224939167016,0.1544832554593534,0.11171061996209836,0.04671032791665919,0.12901961328906206
2011-10-19,159,0.004393963053498174,0.030653573329068595,7.8378099011453415,-0.09120209281536086,-0.18888407276740748,-0.18124663392304483,0.06405254849339442
2011-10-20,154,0.0037469413720277313,0.008767109837258591,7.258619244815277,-0.06256481814016016,0.014640502457935814,-0.038899491713868466,-0.0672341351884496
2011-10-21,153,0.0032648390408501833,0.015635461570595033,7.911659836785602,0.08444776575178567,-0.025673980477734233,-0.13875227314218463,0.08093774136797958
2011-10-24,137,0.00277953028380202,0.021389997264396166,6.867972797907783,0.049647622440477296,0.19332434784204305,0.11099536229321272,-0.11555863033748924
2011-10-25,157,0.0029376367611020763,0.00405983316707359,7.191871227766813,0.07399307428259909,0.04849240587415543,-0.017605152164463716,-0.027298270978345557
2011-10-26,169,0.003868430708331362,0.010796434734159588,7.636751940584347,-0.12231015847937299,-0.132463183055415,-0.09840709120230673,0.04565085332108948
2011-10-27,150,0.004012946045899606,0.03188234122072331,7.12069918628805,-0.09839357082445942,0.054153593200329975,-0.23673890353740784,0.07709506739166151
2011-10-28,181,0.0023898634418605996,0.0073573816084187005,6.995581272018195,0.014704704287407243,0.03209600739543866,0.0009987997076623585,0.08706992265595476
2011-10-31,181,0.0012069998692834881,0.03521522002777411,7.58706533787001,0.13034041541009042,0.19550345306681885,0.1694112253246926,0.06781095351777236
2011-11-01,180,0.002280800673057936,0.015982026189655607,8.347739048365522,0.0902756297065889,-0.04310491731851372,0.04963010177957784,0.08211094353148625
2011-11-02,143,0.004402068927720906,0.013856336737221309,7.95799182683658,-0.020215113950593545,0.01936401559507234,-0.21989715717319733,-0.038243457799464003
2011-11-03,166,0.003413890021929937,0.018702782735540047,8.475913240085848,-0.10739526965727593,-0.15279099439002225,0.17700864347044265,-0.05023386670388695
2011-11-04,186,0.003402881545227438,0.010075239929060342,6.730547964917275,-0.0997487094110867,-0.15207719052840737,-0.010204725647689485,-0.003841309237422667
2011-11-07,186,0.0035625014248830953,0.02380131436029831,7.602946887612154,-0.1187778209693354,-0.07034703570800803,-0.23140863006134565,0.09528295668217916
2011-11-08,154,0.0017840770606703364,0.04305671365625152,7.8329119655809905,-0.016156298593258553,0.2714408452595495,0.16642656921967036,0.028793149427566313
2011-11-09,141,0.003490198919700226,0.03669412322961696,7.942709915160097,-0.09033836975848895,0.0666206741756334,-0.1315268266723262,0.17100842689971715
2011-11-10,132,0.003388996676659986,0.009239151293500947,8.040311574178554,0.0792109492330375,-0.030882781320963316,0.035018195024214285,0.021958514425474935
2011-11-11,130,0.0050998159357639634,0.03297023820802958,7.055043557580556,-0.10100668004100502,0.02304813139515813,-0.10682777946512478,-0.14116581518766008
2011-11-14,170,0.0022100193509661825,0.026723570252575324,7.466460652791746,0.09258337820966143,0.22198150658502086,-0.15437373149508268,0.08840226737188528
2011-11-15,163,0.00261518181978387,0.047612136769920155,8.156122887056489,0.1925710354481814,-0.04729680489003856,-0.027088612318029125,0.029265108510341996
2011-11-16,165,0.0035108726073190075,0.016972839544942553,6.969923929994218,-0.07448346329752352,0.09209863135719648,-0.11970647416264253,-0.056496654312306424
2011-11-17,154,0.002921642110087177,0.01257745630048035,7.837517987925739,-0.008185413599692349,-0.08162604596589292,0.17797717644279892,0.011968513215926874
2011-11-18,153,0.0036346425532865186,0.01796229830672924,7.2425866308897815,-0.02572386072054906,-0.05520358105384367,0.09782239657079818,-0.12909557610208086
2011-11-21,167,0.00204650495109866,0.020686635733636716,7.3478633058696445,0.03425186718670468,0.06295367113673167,0.16346443890468654,0.05579736910492802
2011-11-22,153,0.0016787345251723558,0.03613579998932115,7.733442796867089,0.08750063903486674,0.26176628150873865,0.09164702555940211,0.045393289194244194
2011-11-23,147,0.00291150434945422,0.031110946979552412,8.027046375569475,0.03210238815833446,0.12923573235055488,-0.17404870669041425,0.15672830744198699
2011-11-25,159,0.003686554186449858,0.00652444009041786,8.625235350297933,-0.05631412561601383,0.0012112913203171632,-0.0771935486030951,-0.04002784839226309
2011-11-28,111,0.00790236957766782,0.060729791964634905,8.256202636022207,-0.3087818247871056,-0.35516499021213827,-0.1267137053875749,0.03633447414455899
2011-11-29,161,0.0028441829059726643,0.024233376340253243,7.106140970256078,0.012649966181013609,0.21793187614029966,-0.020460634851332534,-0.12594810319318203
2011-11-30,144,0.004998140256306918,0.05892342945014428,7.126795286994007,-0.051040617372042275,0.0063057955909286145,-0.3182476205058709,-0.07648195152940769
2011-12-01,180,0.00250808810807911,0.02561695092465488,6.897650950561849,0.05134196341182575,-0.08834318735870647,-0.022550919919759556,0.15664042495815744
2011-12-02,160,0.003572092643148224,0.016352237264540825,7.626681517772027,-0.001258410781094644,-0.09065258112711053,-0.15117552186460104,0.10001686796538418
2011-12-05,176,0.0026216648869278212,0.04168258729199237,7.717934889814256,0.04423973338946589,0.18609640495866686,-0.2259438391464105,0.07278166059969646
2011-12-06,155,0.0017528682551840912,0.04151210314090381,7.121974531444512,0.2232904107596067,0.33286423538018156,-0.029552433982002916,-0.06999137126485025
2011-12-07,148,0.004335914859776623,0.008732204382390862,7.375899463230121,-0.09484996118575781,-0.1457969768335452,-0.04188716372808951,-0.0008966967464862967
2011-12-08,162,0.0024705963112080756,0.010219605062628534,7.019150031227636,0.10894535465500056,0.13046843650373638,-0.041108865262901285,0.0012218692727453578
2011-12-09,151,0.002111541300901617,0.043001539758001917,7.926879180723324,0.2157596005783372,0.05395650499511066,0.1226153027040587,-0.030016881149793964
2011-12-12,170,0.0034214404509459464,0.008937087935003363,6.742228700948383,0.007922482862645587,-0.08926490861412023,-0.011898728122810131,-0.0700485994473326
2011-12-13,171,0.002331459744558906,0.03402586608906255,7.700051770417213,0.0973131929827833,-0.05936118859971123,0.1900484315331088,-0.025359668555330585
2011-12-14,131,0.005914088577065308,0.041307061269114875,7.456818706710207,-0.23828833661871737,-0.2728998542946371,-0.022661793546407693,-0.015641222731353748
2011-12-15,165,0.004376019458629612,0.028905402155295246,7.674468260258776,-0.0635517203826346,-0.16234903686426744,-0.1827906973125592,-0.03539496678830139
2011-12-16,168,0.002837504467904016,0.0392930700796178,7.022930611065332,0.12515912658938036,0.19859263098902655,-0.2665981366288005,-0.010555122165349545
2011-12-19,151,0.0029588630858539307,0.017913963842339453,7.6487905132154905,0.055233219964184364,-0.02997000518200456,-0.048870619340436225,0.13003075263037014
2011-12-20,165,0.0023252999246503835,0.05800515714404697,8.124286947417238,0.12426029447735594,0.26020357241424924,0.08524080083697048,-0.23705364286320854
2011-12-21,166,0.003036204311173526,0.002906647144842567,7.425798122356839,-0.0031839459793605186,0.05539741432954706,-0.048123047110744506,-0.012110252549054519
2011-12-22,140,0.005129410889487392,0.08266708123892064,7.412940262757309,-0.2269248205703744,0.04741874878254248,-0.19878375862359896,-0.057945218645039036
2011-12-23,141,0.0036286209602402406,0.0017180769397646678,7.194137947624451,-0.04006305948101926,-0.04075585513999945,0.04097524369748105,0.01657256013578703
2011-12-27,118,0.003364831119040307,0.07069590851195473,7.574672013319763,0.14333253292981918,-0.13217182735869046,0.22637535169230888,-0.03163620135694698
2011-12-28,128,0.003213284177063051,0.10645625499000022,7.701911279503456,0.19314426315341107,-0.03070503022937947,0.1701762457430961,-0.1552162279952652
2011-12-29,117,0.004400075765663165,0.06354917500552493,8.645278262600868,-0.08379374920319567,0.12862549327199146,0.18481196264999084,-0.25926143588397393
2011-12-30,122,0.0054410529390531105,0.0944297749936982,7.9535835152271135,-0.03937976396669732,0.2247968212709356,-0.2614105410731767,-0.2516234333600222
2012-01-03,170,0.002723629358019181,0.00912908274414126,7.535348961419929,0.08009861665332518,0.1274434344531938,-0.1369108721484753,0.0033348393154396393
2012-01-04,137,0.0032054800082459266,0.008454630742138036,6.994362551015597,0.061947127066409396,0.11711260288187207,-0.08447212066938334,0.027110868461718743
2012-01-05,157,0.003697845008907506,0.007099705479289398,7.135286022406996,-0.04702985804196037,-0.15160528277404536,0.036269670803854515,0.0012421372151900278
2012-01-06,161,0.0028769881188963646,0.001734863145329002,7.977021074493747,0.03664243505849765,0.01816226500954692,0.04512569110891067,-0.026320565461584445
2012-01-09,182,0.0041269412155179675,0.0381545503325359,7.524198847085343,-0.11911056525663476,-0.2581334245145625,-0.02799317039855067,-0.09696944227880826
2012-01-10,191,0.0017798266403019486,0.012828864136344875,7.922202624260757,0.12593064558912662,0.15744527972417208,-0.020998341551869245,0.05772863964323122
2012-01-11,170,0.0022268007455960117,0.0074598267743835045,7.084301941086376,0.02848790273504618,0.07422674889614246,0.11989094837415583,0.02028214649201174
2012-01-12,166,0.0033852547399701198,0.01255257037464197,7.220408256528855,-0.015930502200797118,-0.1499926371383879,-0.044319619154696246,0.08633818482379421
2012-01-13,169,0.0038209297805296147,0.011267951549741806,7.2377400281095055,-0.08378521024970469,-0.04045532959933743,-0.111039411606453,-0.05619431436350895
2012-01-17,196,0.002500880023576999,0.030401417567133104,7.58983316702827,0.14435900454962391,-0.024129216514756843,-0.040744673897140656,-0.05983008337990382
2012-01-18,143,0.0032975593023907243,0.02863872675180923,7.606430357676803,-0.004058371648095873,0.12536632456940638,-0.1790665370536891,0.11465662364863331
2012-01-19,133,0.004291915022004765,0.020247553667808282,8.15298289540978,-0.15756104507606053,-0.05706467286476068,0.0718754401682688,0.0011008819192791838
2012-01-20,167,0.0034662430899667315,0.03434355221769636,7.6782815335223775,-0.17195072190137112,0.0037254611527475895,-0.04222263421206826,0.05272270291180214
2012-01-23,174,0.0027153008616331445,0.012167011082262702,7.562286297791888,-0.06943487574312146,0.029093239949468122,0.11019522222108996,-0.014778286275774048
2012-01-24,143,0.0038808334128968953,0.016316132685087026,7.82902959636201,-0.07029957724279438,-0.21218931024739732,0.09996471378260399,0.07260581761907761
2012-01-25,185,0.0024198443801764277,0.02131753894427313,6.527373775439859,-0.02621603564441641,0.16716583580527508,-0.0006543545177853087,-0.035637866308353375
2012-01-26,153,0.0031773950611811235,0.011779293434881821,6.909765749019631,-0.04789687907628449,0.06434343712051387,-0.03333706119742491,0.04460761443176915
2012-01-27,142,0.0024084086580840615,0.026021966026361643,7.98770437505301,0.08812418989299198,-0.004044709976605302,0.2255240287320107,0.006408432455717289
2012-01-30,175,0.0022806895402285384,0.023217868094872807,7.109634936027385,0.15789584068041654,0.07493978719584343,0.03504545844315206,-0.0661224253994046
2012-01-31,190,0.003599137426964923,0.04251457957981808,7.422383593144599,-0.05164385917457988,0.06733867972652838,-0.3133074413622938,-0.07005960143632964
2012-02-01,184,0.0036506291949586775,0.02741589554361934,7.742428610366906,-0.23056382396263342,-0.20064392431322356,0.019623817185198917,0.06815238734586197
2012-02-02,184,0.0027689599183203174,0.00273666337300138,6.5097624005121615,-0.02585228494300989,0.03657166574754051,-0.04108855736251619,0.011391926616112711
2012-02-03,169,0.0032313102599110153,0.015687903137305503,6.625053382381484,-0.12160699798044626,0.008679972276896259,0.02433115030848128,-0.0035869924548534117
2012-02-06,183,0.002902439328325512,0.003072902006952094,6.888994102985063,-0.031792332421573824,0.023903770190034142,-0.03372220854380736,-0.02068202339179065
2012-02-07,165,0.004018960942298799,0.01184942536870992,7.076365226394844,-0.12398600301671044,-0.1525384121269758,-0.06927175602499618,0.019539060210077733
2012-02-08,191,0.003004603938343002,0.03894659834554892,6.958139740315281,-0.17518357124545617,-0.21830954605355815,0.18769290503285951,0.0580415078191156
2012-02-09,193,0.0025110464807261887,0.021925960019247515,6.834549075675246,-0.004019964308702416,-0.1440261219125363,0.06644315021752442,0.11233899444339203
2012-02-10,162,0.003062714077264546,0.023747349681567775,6.429199988637157,-0.06759642040217616,-0.029789532248177136,-0.05024434843556089,0.1553109400521986
2012-02-13,193,0.003267724564754843,0.040162753658031236,7.2771794605371225,0.0410925924977285,0.03111334921224879,-0.15054157458530978,-0.18300604912003882
2012-02-14,188,0.0017753720616025274,0.024787534048520632,6.92446502503407,0.1205732862084454,0.2270362329790305,-0.07079538528084094,0.0556459709308166
2012-02-15,174,0.0037103360180121615,0.014752069730192607,7.595413839356269,-0.0993660651469737,-0.08693158689739558,-0.1406747058871109,0.03577542366325989
2012-02-16,199,0.002124453350116546,0.009551950002193998,7.2614125748461635,0.10197588361559634,0.02633295450321922,0.03606594278367845,-0.009907214248878006
2012-02-17,196,0.0035351908055259646,0.0504961490096012,6.987637601718347,-0.19902293026771872,-0.31798547636630603,0.1653177208027106,-0.03410410993485917
2012-02-21,199,0.0023571219038517155,0.02314160625239481,8.060851633531053,-0.04396032979226796,0.09681825745243211,0.15940564425093215,-0.15039808964407753
2012-02-22,198,0.0025169248849516352,0.018892048642146775,7.087603573727078,-0.02263106266062255,-0.14565576338202177,0.03717993588118993,0.13440463572060193
2012-02-23,187,0.002686409744136853,0.03491390414033457,7.371576355470501,-0.08265716336990012,0.09737175861707519,0.1476670345491818,-0.16709887410353352
2012-02-24,192,0.0034466565220883003,0.02260948535624463,6.7109310016140675,-0.1328378814262137,-0.17319567571260472,0.015394876282854835,-0.03287742362594525
2012-02-27,165,0.0023878793237676146,0.018514886667571506,8.075369780136771,0.00970398885559723,0.020015344266306356,0.04991918236305728,0.13236130767172472
2012-02-28,192,0.003181925545116347,0.10599332155015917,6.99374035870473,-0.0340617908630822,-0.19522410883875158,-0.327157152010622,0.3345836423877758
2012-02-29,197,0.0029715254650599376,0.011988009081936535,7.279936668491809,-0.05546333568626278,0.04508708968285355,-0.11390708809499972,-0.04649769913520057
2012-03-01,192,0.0029425351485314064,0.041987381989751604,7.39918482782855,-0.08503179580483426,-0.24333203976823828,0.24400137566479685,-0.045571037127787886
2012-03-02,158,0.0037657940096091683,0.02434455934716817,6.952427932251104,0.024377016605539845,0.0755365656418204,-0.18229595387515451,-0.10760853540869995
2012-03-05,171,0.0034735097184246046,0.029180431267651907,7.312798094600245,-0.04697755205294404,-0.10295253390626508,0.11104338043060229,-0.14905361817260723
2012-03-06,179,0.001885249098126402,0.028643024664346983,7.315707021920505,0.015514686815484511,0.27785802319341624,0.09437982612233205,-0.06267171326047581
2012-03-07,163,0.0021820591364862386,0.03572319599881857,7.557656436971093,0.2256270134884662,0.12371114896748397,-0.061672293579418135,0.0009828526289526233
2012-03-08,166,0.0029733375623141036,0.005128742088936877,7.210261409148387,0.0573174390415011,0.031377722180449374,-0.09313140664676273,0.017288174736531294
2012-03-09,168,0.0014978473726514883,0.042824054751867346,7.128316691975565,0.23169503944098943,0.1899269506862381,0.13713255191684082,-0.062031259254969814
2012-03-12,178,0.00349604897172321,0.019158803313211625,7.488411603067325,-0.14128091291263598,-0.10397968636930688,0.056012332979054405,-0.05534516763057459
2012-03-13,181,0.0024546331723785198,0.021152552873616726,7.0996719505046135,0.1336605188763716,0.12569177423900663,-0.1726240982806056,0.024694596764200934
2012-03-14,181,0.0025081628311086177,0.01834334756717748,7.4908708115974,0.11882561854855826,-0.02943017790718629,-0.04704984804999685,0.04969946254730684
2012-03-15,157,0.002249862156344392,0.03159808142387477,6.799152203364503,0.10603820347076842,0.2713963288347728,-0.11020459647227901,0.026313347074597156
2012-03-16,188,0.0022856147007016855,0.0048273598541895835,7.157630386007393,0.04740666713193283,0.1262367951490074,-0.021956332221637787,-0.011078257523136148
2012-03-19,177,0.0023821498692551935,0.027572689927201965,8.34460185136669,-0.03152096555424968,-0.013146314101505548,0.021501047189822493,0.17988517874958873
2012-03-20,167,0.0029257223067418064,0.008340776915420789,6.9489445374519505,-0.030029904626598002,-0.062240125252145,0.14140046144809176,-0.02632168202111533
2012-03-21,163,0.0022583896471698936,0.04404576009100003,7.244133532722673,0.180327855639697,0.11189911916366599,0.11790454021188837,-0.14636653999263294
2012-03-22,141,0.0050073110718019806,0.06580170020648057,6.971014814045226,-0.1561715137019485,0.07623905683850625,-0.28759314973868955,-0.04453611564602871
2012-03-23,94,0.006939297248919678,0.0483766153856543,7.238425643814365,0.018373499032096254,-0.2722273881808524,-0.053778476758936065,0.0030444831107918277
2012-03-26,113,0.0051806994309209296,0.04959612986777817,7.515621970362482,0.13747415573305338,-0.10172086039910849,-0.0969584603416674,-0.1096329063804045
2012-03-27,108,0.003951412957338929,0.02010109583182984,7.661670912083816,0.018068263564499424,0.20632555246176834,0.028825322791007794,-0.1067243376024879
2012-03-28,125,0.004801551335041961,0.02220172938518772,7.88488070780601,-0.02879792788668916,0.04539655653370353,-0.054840244112638326,-0.16214621829486275
2012-03-29,109,0.0031438298440629817,0.014529227864992222,6.939752668547533,0.09501815386165267,0.0709788283191312,0.11961792727012246,0.02903018454336416
2012-03-30,180,0.003513176621093928,0.05387394616251873,7.030266314427786,0.07856958396155023,0.04709476200994,-0.3053858261878625,-0.0850221033774273
2012-04-02,173,0.0021062555918336984,0.021450002079969832,7.442784450021416,0.03206385562985026,0.06434175315176795,0.23933672002818665,-0.06450676358427121
2012-04-03,180,0.002854561662104388,0.016771757230888418,7.376396692066962,0.01945150056098002,-0.12460573530111432,-0.02426380411822313,0.10177584050077776
2012-04-04,144,0.004332551915232908,0.011928131594906355,6.998855167123421,-0.08845267747384893,-0.05027568369582311,-0.03425950265321064,-0.07478708776419733
2012-04-05,146,0.004243756713684228,0.07490672961740241,7.439273548004435,-0.24988457514591583,-0.18600514253227546,-0.04203002623498722,0.2387427835173812
2012-04-09,158,0.0027830491664478747,0.021102740215790616,7.7760546331166065,-0.040634621335895606,0.15731694222617262,0.018029948381010102,-0.0141558058688195
2012-04-10,151,0.002717805935272481,0.030961878276569488,7.319725568248549,0.14913687560985298,0.04834479293552782,0.10700426038729248,-0.12526332138496157
2012-04-11,172,0.0031975163058585838,0.024455897900028334,7.361034768272403,0.054001154227298225,-0.12860196912370594,-0.1387972731787014,0.11345247885974875
2012-04-12,163,0.002597983186835376,0.018841173445066306,7.067436077842296,0.1120222325167661,0.06877987286814033,0.09860373272018735,-0.1263483570134272
2012-04-13,157,0.002820766714582173,0.015730874031451125,7.602521027189966,0.08444005136977444,0.20146819173542596,-0.09882457299279421,-0.07280441849121354
2012-04-16,166,0.003787329163693848,0.02884741023966797,7.642736253628642,-0.015070995606993208,-0.1934696391186858,-0.15096191742161474,0.10210926980094882
2012-04-17,170,0.002681706262519917,0.03686457095943996,7.014953932352567,0.03967333265010653,-0.166418240975091,0.21754594974543623,-0.0025811706772363614
2012-04-18,176,0.0022549655614537865,0.03346088558725435,6.511852603623728,0.18846008329271308,0.01736481267790867,0.012608834937561706,-0.012181608539908108
2012-04-19,154,0.003497849950980017,0.010973173981917772,7.0140583131943375,0.07180971056952615,-0.0431135223321212,-0.061500040705141625,-0.044533932434108844
2012-04-20,176,0.002522550990686393,0.08289125967992161,7.064250038298995,-0.016028229192472113,-0.312990952189304,0.3458807497433179,0.09520048291685251
2012-04-23,170,0.002509731622401641,0.01019558412848054,7.214589699504937,0.10105500244400523,0.04306490109886416,-0.04715520265019028,0.04972654749075975
2012-04-24,155,0.00280497616276623,0.02623318452375678,7.077382483046589,0.012853151070114048,-0.12659629281542617,0.1226239125874102,0.12157661870037184
2012-04-25,190,0.003684374586689753,0.02530115836457414,7.056905867005251,-0.06423177925684524,-0.056163026612053704,-0.2745315693146788,-0.005135967758525471
2012-04-26,202,0.002828452618994054,0.01752729737222969,6.938596361859941,0.051435555153075026,-0.09351414965983354,-0.03015766127893621,-0.07045860228789817
2012-04-27,200,0.002357397212415169,0.012959327869715986,7.375716053808856,0.1214554083768362,0.03335454802435838,-0.06416496775928102,-0.033603873607974205
2012-04-30,196,0.0024612197868706664,0.005090207282128167,7.160945766134047,-0.003941062098253939,0.09748306508370345,-0.025870521438345232,-0.0324696380004031
2012-05-01,187,0.0033474982507104485,0.013706707294939946,7.522094000542766,-0.09497764875911072,-0.10377573037731619,-0.1346053380552593,0.08139437142597307
2012-05-02,174,0.0027380131225409068,0.014404540766486562,6.538494975898218,0.08824906668339964,0.09054105875685023,-0.12911865138541148,-0.0025000406990777113
2012-05-03,196,0.0026039476811302144,0.009594962960112197,6.922055947148769,0.050814342580513885,0.04722172054797532,-0.12375043698389225,0.004966882852358747
2012-05-04,200,0.002999164604590894,0.01951384211740137,6.88281003346202,0.04727540459866341,0.01734270416524676,-0.1670645150431675,-0.0972194355570969
2012-05-07,188,0.0029787981775930474,0.01820561609899196,8.069239803832344,0.027131707287000977,-0.1586099416657265,-0.0826300141379201,0.09408013374166223
2012-05-08,201,0.00255237711152288,0.012302037635737673,6.676381202978173,-0.012439249086470967,-0.09130849934279266,-0.041988683063476355,0.11968083266054357
2012-05-09,177,0.0024480919075526414,0.022181944450146873,7.720330472086504,0.03231090719557562,-0.004721326775448756,0.20530418275474696,-0.09951829844851577
2012-05-10,117,0.0025366826206453625,0.04956717903456376,7.607490721591659,0.06205643940605128,0.1469677364595348,-0.018749857636612455,0.21614194854001567
2012-05-11,165,0.002743328687235445,0.014535138661790015,7.646469976041889,0.03749827015400938,-0.05114090427317621,-0.009549818573951352,0.11789398590542002
2012-05-14,172,0.0036029877411818435,0.009489792598915026,6.937818888728622,-0.03163405819333196,-0.035364186977737806,-0.07934505706323051,-0.0930844807322497
2012-05-15,166,0.003001157921855769,0.030317421531981248,7.216361076617926,0.08103001392404934,-0.049341211228657166,0.11283753328151838,-0.14091076603303196
2012-05-16,181,0.0024725982547432607,0.009838165055195192,7.369764282059825,0.06694606056380714,0.13876339088424514,0.005009129648265112,-0.10579914931337292
2012-05-17,162,0.004400601253427079,0.04080573925921693,6.799091496372376,-0.13814263709533636,-0.02854602690065061,-0.2603170855016624,0.0012109433872843102
2012-05-18,169,0.003327517458381405,0.008965641749526854,6.8796462618339485,-0.03635055176911045,-0.13823113333827733,0.06516791968597417,-0.015287135511502353
2012-05-21,168,0.002420812767910379,0.010365264387360518,7.189230799995467,0.04017746796742175,0.09277446711581763,0.13018131844782663,-0.07652634354895968
2012-05-22,144,0.003546085023980514,0.009733102206381017,7.155921133340036,0.040349580425092554,0.07170169114890781,-0.12974874054740496,-0.0035750179329829606
2012-05-23,168,0.004290581026738632,0.02323393739394286,7.421736299674483,-0.15407282204202563,-0.25275814501507404,-0.09978723520028106,0.06498297727320194
2012-05-24,166,0.0034461991824607952,0.02365691198721298,7.081183840333948,-0.00017116502003730242,-0.20776792786560952,0.08554401182088124,-0.02174304751221244
2012-05-25,177,0.0028359888954939097,0.015789200728750896,7.738703848728476,-0.07332453064030386,-0.010628945671742995,0.15652634195078827,-0.07651293464358916
2012-05-29,176,0.002604333519859335,0.0057694089576486585,7.145433665038216,-0.007689036807957701,0.08768917675273435,0.053228856049872854,-0.04995439498514197
2012-05-30,181,0.0027784320764683997,0.03320441574921751,7.242631995069533,-0.125527068511597,-0.21076759970119072,0.23242848945287678,0.09807376707835423
2012-05-31,176,0.0031471250137047073,0.011544018199562855,7.614641557898263,-0.09487054791705128,-0.006386224627713916,-0.056806979682681044,0.05027574740338895
2012-06-01,167,0.0026697666386634312,0.013886544300608872,7.214599400655723,-0.033983183724849174,0.1214842174304815,0.05399809515258883,-0.033201186171807014
2012-06-04,169,0.0030139543637733484,0.030532283363054247,8.106073507997378,0.08932714394457805,-0.05908356570311083,-0.156103080139099,0.1071429269422476
2012-06-05,182,0.0028580338710632192,0.025641149579080036,7.525428477393708,-0.15235967542528028,-0.05134710203585438,0.17912610419121242,-0.015743655797097064
2012-06-06,158,0.003067250724808418,0.021135837559449477,7.615832484368351,-0.04821949065972154,-0.10945723961449784,0.025759324578093643,0.16266617665666203
2012-06-07,145,0.004006683348087079,0.011456956098324533,7.648932161114415,-0.05121571491964416,-0.18614569357039373,0.02116363024272295,0.054259607302065284
2012-06-08,151,0.002732325524506022,0.028458485856815097,7.7271375031814085,0.10058056973496582,0.1570379987012947,-0.18931545367297628,0.10653457683589215
2012-06-11,164,0.0038974031876095583,0.07805344176833584,7.041553008827545,0.0651299979357304,-0.15493389876756586,0.02964110451864736,-0.21818544922275565
2012-06-12,163,0.003246700293484153,0.03357796630392662,6.979104217884597,-0.1454874730773841,0.06394185938755825,0.09238107836431893,-0.06925976035032899
2012-06-13,145,0.0026007135370247018,0.022547148215567026,7.493899777374162,0.06729215705208969,0.1522528455171974,0.17428906367197083,-0.14804099197842738
2012-06-14,136,0.0018937796034585131,0.052170599309359855,7.5429308448983345,0.19108284992781427,0.42652251435861754,-0.0653648733828163,-0.06734854304433344
2012-06-15,155,0.0037997205240531432,0.051798541003996834,7.625705194767649,-0.23074895589469066,-0.026637066913469027,0.06738098266823186,0.012091677683452843
2012-06-18,167,0.0020934702100885317,0.01876437531440278,7.556827085791653,0.1038030638845979,0.08039453912830306,0.19104996978540484,-0.07446662296787102
2012-06-19,150,0.004924551774624167,0.059909973451963916,7.568898829109251,-0.30749068314726796,-0.336081481942252,0.027921519915218965,0.13828511278705066
2012-06-20,164,0.0028894206877318287,0.01223134780968027,7.5054027693111705,-0.01796506558590263,-0.06631274057769822,0.013110148101717081,0.12343767248584554
2012-06-21,160,0.0018967119479911241,0.04385909004749433,7.630558655250005,0.02132533214711754,0.21450568234763362,0.029150932008990434,0.12807023013909333
2012-06-22,176,0.00346759039943486,0.020076628874293845,8.477687333603056,0.026792216341014332,-0.12359455597490954,-0.061426811623546504,-0.062362669343631626
2012-06-25,153,0.0027848636786057227,0.024080729288116776,8.422311397853836,-0.05713797899516664,-0.15127479998499208,0.26828739064129364,0.08795710268550962
2012-06-26,172,0.004020894485844257,0.043416531089847776,7.156774982896061,-0.2308328199911014,-0.09291524136706361,-0.10502026058867257,0.04558061881641104
2012-06-27,178,0.0030229350374871315,0.008836691287288145,6.939039702868697,-0.10039641999321099,-0.03153424526806116,0.06343820044241497,-0.007672408526561272
2012-06-28,163,0.002523202104782151,0.014160708238016406,7.415418070265311,0.011773861948618996,0.17884308650740627,0.05094932244036168,-0.06413015705536075
2012-06-29,164,0.00365165588054081,0.027390530716492667,7.989706875734409,0.051482960768056425,0.054724498820664456,-0.16673421233980468,-0.13721637606629913
2012-07-02,190,0.0023068946505722635,0.008454315955110259,7.653829001404322,-0.038307656620981866,0.06996056918588855,0.05003536360754142,0.041691756610082925
2012-07-03,165,0.0028747739173450343,0.05540498285228701,7.631513420642383,0.08451024424331839,0.1282573958582618,0.09875689657441347,-0.2601999293998516
2012-07-05,167,0.0031866927617922136,0.06387244681294235,7.728794553280057,0.06493250625771249,-0.32888437669956805,0.15750914990915788,0.042087338094093894
2012-07-06,151,0.003684352360554947,0.023626528403916103,7.972035649095497,-0.022923546372920184,-0.19710190406204384,-0.06681761568351664,0.1741686532308875
2012-07-09,140,0.003253228731589896,0.016978815510775402,7.618051130947368,-0.039283495823873325,0.05760691005122003,-0.03753811964269016,0.10831066057016787
2012-07-10,186,0.0027806873933495387,0.03354960656724082,8.171472103534576,0.03887702564561439,-0.1533848680316563,-0.06112965174675035,0.1412217838067686
2012-07-11,172,0.002354450288934457,0.029391659891843447,7.937009710390242,-0.025754674222447604,-0.09283045408577055,0.1501534067742649,0.1585008221405033
2012-07-12,176,0.0028130761939805914,0.02283323945996074,7.807312335433353,0.11222058244206365,0.04962433262080121,-0.2078463901432579,0.05579865479922379
2012-07-13,164,0.0026961977873223133,0.0023453803466809697,7.2268176777480955,0.03674863162744524,0.026951553241673,0.061248274899807616,-0.009301334010645918
2012-07-16,145,0.0024792300221603866,0.022435851174371857,8.029999787000005,0.1886084263009472,0.09682830094760968,0.05444410626509737,-0.058857539940163704
2012-07-17,163,0.003860082881454585,0.03623954234186666,7.441475237034425,0.0001485500577847919,-0.23967859721334886,0.030661824190570418,-0.0495187963891996
2012-07-18,167,0.0034561260260720056,0.06232520340416403,7.772874108357288,-0.26480499373655797,-0.20286894347184697,0.3014993204956697,0.011828524004684128
2012-07-19,188,0.003144283436985545,0.027705588614785226,7.464775273429695,-0.13015155865675307,0.03439004081279935,-0.11727544533942755,0.030786390876826282
2012-07-20,169,0.002692618258926482,0.029815042173350625,7.713178535653187,-0.0007892909311853108,0.21686407170312394,-0.09919331114702892,-0.026986441142062476
2012-07-23,162,0.0026663734577433663,0.019933002923689602,7.102713037854777,0.1413452135802784,0.16842004585782866,-0.13184818862366451,-0.04182207112329644
2012-07-24,174,0.002572804875839873,0.022718757640095233,7.789762122560334,0.0649728558588341,0.07417046151601765,-0.15083600850851284,0.11635659434138934
2012-07-25,168,0.0029529991612812353,0.046089581135062674,6.945356119448718,-0.15965353745325475,-0.16963623973155523,0.21276343336194178,0.12431862563237006
2012-07-26,185,0.0029628767526491727,0.016884058809673697,7.552643659960272,-0.07768925381685485,-0.14531655724606046,0.16545482981410992,-0.03871341723137879
2012-07-27,182,0.0027357059428046813,0.0024629686584826116,7.133957990913858,-0.041210911213319185,-0.015378536880824084,0.04737491489528813,0.013417570017950771
2012-07-30,204,0.0024154317740280942,0.017491406146877497,7.6076600554009906,0.04081834628815938,0.05424420209128159,-0.16784716318508464,0.08728845100219614
2012-07-31,191,0.0032874897388709967,0.013648110460699137,7.028777853189751,-0.042756159805970285,-0.05568146360793543,-0.0690014834375979,-0.08838197339721678
2012-08-01,179,0.002728374680147656,0.015084880165983083,7.655488369122723,-0.09987936752940921,-0.00182645853167141,0.10098099283661906,0.023966697731599346
2012-08-02,187,0.002425711446452971,0.011213968786415673,7.36788222546035,0.11816426780096648,0.028848564806351795,-0.07546666582898517,0.021237752248253975
2012-08-03,195,0.002968610884776802,0.026298990840590508,7.170240638528124,-0.10582113051215584,0.05827296718191296,-0.09444597282443931,-0.015764108908267644
2012-08-06,194,0.0031725485343301017,0.017860568541584576,7.107792112108649,-0.13117273160086984,-0.03989933875317289,-0.004680290168808883,-0.05519647079723404
2012-08-07,196,0.0023264011212490634,0.007647279304028198,7.352318229772459,0.03700266519611239,0.13611718450515323,-0.039071016665551454,-0.04599807256534552
2012-08-08,200,0.003325898961516821,0.011942543039936804,7.186081184858263,-0.07145973368594054,-0.10877584625169658,-0.1490939264218845,-0.0010300782472041099
2012-08-09,184,0.0015397591432298734,0.03903796717604269,6.984764529901139,0.1439523986909104,0.3177799070772276,-0.05507347691621838,0.02670980643947159
2012-08-10,164,0.0031751419938966,0.008553187128700457,7.3249731012145265,-0.024005650666332347,0.07564136188235779,-0.023716859020672387,-0.069365426193436
2012-08-13,158,0.0029539412646892352,0.022105188690733746,8.043030465096919,0.11099586634131908,0.1945030313309593,-0.16362502706228357,-0.07531931025179446
2012-08-14,179,0.004282034858866095,0.05479609139634012,7.377756899675951,-0.23952639431591907,-0.19992397041799498,-0.22533496025490313,0.13181684551474143
2012-08-15,169,0.0027918624877547385,0.0022092350185222154,7.759199118499632,0.01735792054695544,0.084893902182792,-0.03487381707233262,-0.011027526518518535
2012-08-16,145,0.005993389198457463,0.11233303648730186,7.679795040995779,-0.4011236662255803,-0.21646062922208337,-0.13244691420646387,0.01194834210146484
2012-08-17,149,0.0030159905049962537,0.03993607242408759,7.380865788508952,0.109271347461338,-0.16738513906761357,0.06352698731376127,0.09582163380363465
2012-08-20,150,0.00628715561900319,0.06913785490846114,7.221076866746409,-0.2240320322034342,-0.24612559288695537,-0.3625794980232454,-0.053409562587316245
2012-08-21,162,0.003407026534590301,0.05871684989295134,6.869752388450623,-0.2530954214932974,-0.06161203886147598,0.17941668584460654,0.03141417730291966
2012-08-22,158,0.0009633733795595212,0.06863382232650772,7.2144339485848334,0.17554542880282215,0.4622728643259163,0.11601150621480387,-0.058255787284354
2012-08-23,142,0.0027946540394220413,0.013778715018147314,6.970875781714664,0.12432196143077894,0.06218324278040439,-0.029534431399169427,0.04934747999212388
2012-08-24,152,0.002303742521263829,0.023084770292715273,7.907453446505643,0.13689030438381763,0.024339937152025957,0.08967422578528014,0.04875780621467424
2012-08-27,155,0.0026470933158824696,0.022393622349712317,7.696183478319203,0.014352668409430934,-0.0701673335039795,0.21965048977315427,0.01556524739782955
2012-08-28,134,0.005443474644758138,0.054353416119698794,7.340738992256539,-0.19834293668800596,-0.37304910215107645,-0.046809524795178914,0.15935035883908777
2012-08-29,161,0.0029736384782199075,0.03419215779752616,7.3195797058242595,-0.08385826968306237,-0.15671818363463594,0.27176796208444864,0.01129690124644184
2012-08-30,151,0.0049811401969448365,0.0402538694559299,7.8986508347283095,-0.03415655921856338,-0.14316518883173135,-0.2708428183769123,-0.05613977305013314
2012-08-31,142,0.0030225674939032936,0.010515432398186197,7.543026831213522,0.06394510782815496,-0.0334683014544708,0.10664745244008561,0.0044665729176925975
2012-09-04,153,0.0017004151948050727,0.03313086078840577,7.654806655689163,0.17987366091036855,0.21324318621966112,0.17483465425492303,-0.08827855099530227
2012-09-05,166,0.003807418872294162,0.018642068381495513,7.45429527492521,-0.15556448206420115,-0.14967272247808802,0.06074149278669239,-0.01956735384606454
2012-09-06,160,0.002987311872948552,0.002606067605490092,7.613032200731058,-0.009593499215744667,0.06453608551473612,0.013464945629710989,-0.024347331272244473
2012-09-07,168,0.003676337699200519,0.011180131631577161,7.295955635308764,-0.09897938411957923,-0.15028493744286275,0.051125469822824836,-0.03711061519175361
2012-09-10,186,0.0028850408170335616,0.011099984317989642,7.246654691983379,-0.07081767766828817,-0.06239275355067563,0.13628444848116786,-0.07630920119869107
2012-09-11,188,0.002087856542142569,0.024454646939833236,7.44001583686705,-0.023095119983260942,0.03218652610066473,0.05888209074996137,0.1469924432870215
2012-09-12,164,0.0036349176063722897,0.03014567412039504,7.077624156334795,-0.15373640555730517,-0.1406155343017021,0.1704622259775636,-0.06836326100866533
2012-09-13,154,0.0032440883912260685,0.03120351093844631,7.848620348904962,-0.08975225332319149,0.1250434512831878,-0.10936600179573129,0.07489557933810562
2012-09-14,148,0.0020735798495128167,0.04302246681517474,7.530491169508322,0.201288167987564,0.3695528984864687,-0.1160800054498084,-0.06854069648001204
2012-09-17,150,0.003439316487521348,0.007966522611728366,7.325131373986889,0.06587477415355142,0.007930490241497244,-0.034146777096057235,-0.07145343355539358
2012-09-18,162,0.0018842244136696525,0.01876434778890046,8.226651109831694,0.04482501759157008,0.15181800921934896,0.17679653400118978,0.0160717291589327
2012-09-19,174,0.002742376391591392,0.02121727740091972,7.607722897159544,0.02170735870071226,-0.12973724388994756,0.16403663548169536,-0.010353734566262082
2012-09-20,171,0.002093422369267844,0.016335350339684918,7.242471473540455,0.12353022493481201,0.15730699423475883,-0.042784717193283105,0.04599704773411123
2012-09-21,168,0.002362411253898564,0.0532030830045469,7.448953367175631,0.21207596515743055,-0.005304473610346334,0.07774175754530514,-0.07828343040230828
2012-09-24,143,0.0032396839512799642,0.061772286846564106,7.5452329480021705,-0.06930862522509064,0.2563608672705151,-0.05379196938659935,-0.05980988272488936
2012-09-25,175,0.0040968848728091915,0.07550513001938441,7.085860934428628,0.05598680947742961,-0.3046686381115336,-0.1509220855481251,-0.03430579130097875
2012-09-26,157,0.0018105858599926983,0.040457924665630585,7.704075985023695,0.1444926352668224,0.36614664097710525,-0.011172035747099676,-0.06799120053453346
2012-09-27,151,0.0013405817827348578,0.0646675774579446,7.07063932769651,0.26329446948771723,0.41117566714726245,0.03876791304402353,-0.11809374806493442
2012-09-28,165,0.0033454011910809306,0.030592231761391142,6.603512073730198,-0.008181568410594305,-0.16515834536309654,-0.08139933723992718,0.15075685795691665
2012-10-01,176,0.002298975798714718,0.007395783839589387,6.842961754046361,0.08389631406019366,0.0368229713409923,0.08553212970336209,-0.015490896252125958
2012-10-02,193,0.00252338833724062,0.018696672165817274,6.779346413566504,0.12205541722890866,0.008025764693107037,-0.1097433807868483,0.005634300689956464
2012-10-03,169,0.003572679955618046,0.07049099802051562,7.265574852990661,-0.014435173899127404,-0.18077254593820405,-0.2808814396126524,0.2685233344510979
2012-10-04,185,0.0020943677503142827,0.017014121953713768,7.517159716335093,0.07458104664562284,0.20109493301447634,-0.08901148405043581,0.0384194367740661
2012-10-05,163,0.002962491204631997,0.009111575252296777,7.511589092153029,0.0630472281163455,0.01286109285072764,0.04727752296887493,-0.08895797664597442
2012-10-08,158,0.0039728087585475065,0.00955820652583994,7.240571924200916,-0.09536431882484328,-0.15025574861852325,-0.061782207492411124,0.051994707234775187
2012-10-09,171,0.0037003374794699834,0.025520779029873486,7.021208955875276,-0.041470462865284836,-0.20878615518364627,0.0583632944362592,-0.07362209436607536
2012-10-10,180,0.0019088630462853,0.09537647317745857,7.702691735396067,0.2181721989776454,0.46590057227451764,-0.35022141891357067,-0.021042049001311063
2012-10-11,161,0.0033812628246556397,0.010761437334958601,7.686648943252445,0.012537915886787062,-0.12584052255685715,-0.05043038736841582,0.07496636449936156
2012-10-12,157,0.0034034854182982237,0.027397981932149595,7.018869998511703,0.1048770985863637,-0.11217714729224373,-0.06378673307535054,0.0023923604355879165
2012-10-15,165,0.003172304877826821,0.03474212412737643,7.509651764472193,0.12399456507829974,-0.06277136018824062,0.0004960846912167387,-0.1085798992641293
2012-10-16,170,0.0015337227746583572,0.07304487246666769,7.882884841046855,0.21606152141152166,0.4777515147337888,0.0011240437656296085,-0.2164028232947796
2012-10-17,185,0.0026612276638756003,0.0378444893772899,6.844378587805522,0.06435353023564065,-0.021709086250991636,0.15119243800914076,-0.1784911176277622
2012-10-18,189,0.0032703514240932374,0.011652125984038753,7.710079487780894,-0.064763842092417,-0.13683323721538437,-0.10738245098152539,0.0727866919820721
2012-10-19,171,0.0021771556696978107,0.025672034315065928,7.682918546937235,0.0784739798527641,0.15465578170460847,-0.07526483354191378,0.0975478329478861
2012-10-22,165,0.002997160288087268,0.02590615841656496,7.799287748538115,-0.03206505241864617,-0.1942039624200742,0.07219483783732251,0.1650112819326069
2012-10-23,169,0.004163323264971386,0.03163819973251791,7.278497765798533,-0.169781619966198,-0.22191677718149064,-0.11875387007505547,0.1032490036624204
2012-10-24,166,0.00285824054397217,0.00808512995006283,7.107007196328543,0.04398089219998694,0.12770829062000746,-0.06419415551169216,-0.05643088790706686
2012-10-25,179,0.0020021576199356506,0.0365171961539581,8.48502894900762,0.17439941512367624,0.1622347995599793,0.14046135285305308,-0.19386799547367395
2012-10-26,184,0.003813090036293107,0.06337996889566189,7.475553679767112,-0.028330866436282836,-0.2647633882200804,-0.2435453353698719,0.13342245667037037
2012-10-31,325,0.0018514521730499918,0.014480555691049113,7.4552308622545995,-0.0319765761752259,-0.15106144633373353,0.0022530880161427324,-0.02265897798967302
2012-11-01,189,0.004014489018660201,0.056789060557069004,7.64254455298859,-0.2870868844715936,-0.38763572012396685,0.028810390413889157,0.12843536512809592
2012-11-02,214,0.002564030058172959,0.02050924071718563,6.852460239199413,-0.10833100884749809,-0.1852442559328844,0.11128990750013616,0.08488049238222593
2012-11-05,212,0.002892993195118985,0.0950433415834433,7.856040611994547,0.03766678691338127,0.1460543940934809,-0.0601954618259011,-0.35015483391140795
2012-11-06,197,0.0024568174435066602,0.08078067075380135,7.661630202044239,0.2023749285858366,0.09319243498731009,0.013713457132576894,-0.27726689344734207
2012-11-07,184,0.001997553244208618,0.023623210387774374,6.777404228543299,0.18405989624696606,0.1814112180095992,-0.05354352718221681,-0.04702718094311944
2012-11-08,186,0.004139123409450661,0.04258030339459218,7.571246634668969,-0.15995993159853955,-0.10670294165787246,-0.1553995428426858,-0.11769149221655183
2012-11-09,195,0.0020821174188206536,0.030797417148598294,7.75671349174742,0.10917643559172932,0.2698458462642691,-0.13082223773909651,-0.06022583745696263
2012-11-12,175,0.004824553416709856,0.061468030438087684,7.324638457502774,-0.19330865530301647,-0.2398366256276204,-0.09777529750732997,-0.15767311741047815
2012-11-13,151,0.004027099553527912,0.04086370682500384,7.426249054849708,0.008222147249565959,-0.19960807375090478,-0.1576601827325317,0.1328620440684424
2012-11-14,181,0.002200689653855026,0.019221083732508193,8.138856879231316,-0.03702450399392361,0.017893871069463555,0.1105892549037846,0.11189172332515736
2012-11-15,168,0.0017321982837985102,0.02551008899339191,7.379547683769417,0.1291998899764321,0.06650232365309808,0.16946463461062394,0.052814528403536135
2012-11-16,172,0.003631158260575922,0.019633382912935482,7.560798067610664,0.021500164510896876,-0.026126285375269093,-0.1587516385380965,-0.08574068223565305
2012-11-19,186,0.002643965420681035,0.014692551367698092,7.059234537209165,-0.05702399127398292,-0.1282533482681889,0.09240562995779279,0.10931657309103784
2012-11-20,191,0.003328122821752267,0.014397045904695593,6.788484136663321,-0.1058491343394766,-0.06119342229672443,-0.11224854263769321,0.00794818136452155
2012-11-21,158,0.0036537423580013965,0.06231055439071154,7.105134673512741,-0.2448895353972827,-0.06100264952818772,-0.0438007286924446,0.1951103284894783
2012-11-23,169,0.002928098414833763,0.015000385994898724,7.262723402536715,-0.04302504758127195,0.12143919228417147,0.022029901209414095,-0.09014131012613101
2012-11-26,149,0.0030341235217190834,0.023572944772434212,7.592425501834138,-0.048491423427562325,0.1994196108982499,-0.019002142981897566,-0.0360948539610809
2012-11-27,204,0.0021434639449538595,0.014075023455592306,7.255017630873649,0.0990235803370372,-0.0021885641418726825,0.0891259960921199,-0.06049430182845838
2012-11-28,202,0.0022689088477100892,0.041391447588625785,7.354985884798186,-0.04116444726031486,0.1197318001338959,-0.14997538955396678,0.15476886220550093
2012-11-29,162,0.003056344822332591,0.03490265860403907,8.029200832759154,0.06462537881426512,-0.16545792506573717,0.11093803535105995,-0.0003612115353522519
2012-11-30,177,0.0049909030775491916,0.06587496069144194,7.86966571041479,-0.2725835719187451,-0.2526152160949505,-0.15787465099243322,-0.08370625044628553
2012-12-03,173,0.002978193496936318,0.008760812695367437,8.105902477479516,-0.03393326870119323,0.08351756880560648,-0.05518667719289404,-0.024852572851486093
2012-12-04,199,0.0030020257564288486,0.011874925059933372,7.621901073337135,-0.08014972702936785,-0.006814203029452673,-0.032298855595407176,-0.07554346540445755
2012-12-05,208,0.0035371970951028502,0.03479646121520019,6.996658455968156,-0.2068720049894597,-0.2656129230328768,-0.06358550975942805,0.06459644621876243
2012-12-06,185,0.002743069904749686,0.006669014137067331,7.444668569051665,0.010178069582153157,-0.0649108176110039,0.08164101977167913,-0.041844136500206935
2012-12-07,195,0.002375057739145071,0.002657495790810316,7.297966711991432,-0.018090827105211784,0.0216806983536102,0.029944143287636008,0.040193467197390406
2012-12-10,196,0.002672078799910054,0.006461762601377652,7.17812016221924,-0.03340384375475514,0.007706696686880375,0.05734087996108431,-0.0790986224579518
2012-12-11,229,0.0024359374726036598,0.02012959075262022,7.437931171262812,0.06101749487267815,-0.013354881526595454,-0.18582124646031623,0.022499270661747416
2012-12-12,191,0.0025838038080221483,0.008996575559550912,7.850695242337242,0.03985204372519899,-0.00041357058591789177,-0.08303509401432403,0.05658356621058385
2012-12-13,192,0.0004204030498342315,0.08361354278315525,6.994317996354024,0.3187984563787812,0.4394119411933745,0.16282031087781784,-0.08246547958632038
2012-12-14,176,0.0032792134031522802,0.04242020747789543,7.264241985676445,-0.21724260290678343,-0.09640269817274823,0.09711354788947447,0.06224863528046668
2012-12-17,185,0.0036175500280395227,0.02608511181478368,7.816640210378132,-0.09868920205164868,-0.30049612190361424,-0.013099646306318335,0.07379145988697311
2012-12-18,225,0.0016560858109893458,0.03137060249289003,7.676177383029378,-0.004813228937159634,0.24209589809355675,0.11344550709426784,-0.09596679119585938
2012-12-19,164,0.0036346781934671426,0.010915979094361705,7.514499483348709,-0.0007139417850188478,-0.036271256201397796,-0.12603086986496587,-0.029158379605838544
2012-12-20,178,0.0028729758293304882,0.019154469273216068,6.3695347021489885,0.06690695485568524,-0.09789247167045514,0.0645909273773661,-0.056384805804247755
2012-12-21,167,0.002720805283135093,0.02968290901691495,7.38282440352996,0.15541744737528648,0.07048366079608268,0.005740496978483008,-0.14039056971672803
2012-12-24,154,0.0025030672284522375,0.017879000878772477,7.338314841917985,0.13642509762390514,0.1660298458838424,-0.09032108623148168,0.016921436360447736
2012-12-26,146,0.004385727082412094,0.05416008136308614,8.361845175684085,-0.25801567912218243,-0.09202475463365492,0.009456600737330723,0.05995152495417704
2012-12-27,133,0.003683738545107049,0.024006041955243695,8.08665588770862,-0.002857701766492823,0.17608246572003752,-0.05179261652050242,-0.10130660043152206
2012-12-28,116,0.003293147696587952,0.05656939683173412,7.839656218290483,0.0038660956104761474,0.25131198827246365,-0.1867997729673102,0.16761142347596733
2012-12-31,153,0.0023561528456625467,0.02441339223985639,7.87049106176185,-0.005928610585585775,0.21599704729803257,0.14890293648888983,-0.07995414397407673
2013-01-02,136,0.002947393451430156,0.03044340867053741,7.834840833703835,0.17023781025213044,0.051004155210001734,-0.10548544015993505,0.08255245590880002
2013-01-03,155,0.0037599815037403085,0.015318850322349142,6.852829629484696,0.02120106449458635,-0.17299879653350358,-0.04561738794576017,0.031820853825182044
2013-01-04,183,0.0023417601179507794,0.014191372847178751,7.11348809652345,0.032739159022575036,0.19059968232324892,-0.05941404214727872,-0.021009002368533303
2013-01-07,144,0.0036407446487196284,0.006022315286392188,7.465703637882899,0.025649909552302425,0.06726093872821717,-0.07996005658453612,-0.0614852505272333
2013-01-08,188,0.0018141465980448899,0.03119894272579249,8.905670502850976,0.02238268773542649,-0.07627077892832804,0.26041546595152176,0.11135350437650121
2013-01-09,185,0.0018194109653347865,0.048181189260416146,7.71852772325139,0.2427764311159282,0.26733773533674127,-0.21332137026334014,0.030025146636830924
2013-01-10,184,0.002296641257360534,0.012442809021805945,7.230864826152347,-0.010292348340428857,0.1647371108196525,-0.0005171023137984804,0.0009083571259016011
2013-01-11,191,0.0029661525805980992,0.004649033284727433,7.312297782044613,-0.06112803625057329,-0.05111095628744804,-0.058282742477418784,0.037451449226967484
2013-01-14,185,0.00206668751525505,0.012120402175969991,7.49433615478034,0.11682895374174847,0.12765985334854668,0.07911840363377104,-0.08828159136842843
2013-01-15,164,0.0021401615683234215,0.0647495975564657,7.713204779643613,0.09333750590217246,0.41079057286380793,0.010786193017494472,-0.2168872661935623
2013-01-16,179,0.0038815517801089315,0.05306426522235708,6.982347217677707,-0.019819986591098203,-0.16338389677570317,0.0012659864559336816,-0.20765764036812545
2013-01-17,167,0.004092710167225468,0.012277570924486225,7.2897639040504085,-0.12139906455808984,-0.14508282506861672,-0.1133465472162818,0.012863240989677494
2013-01-18,177,0.003693918730884127,0.031295372939846966,7.058164483999196,0.03323114758403132,-0.055669143735042045,-0.16859290094833404,-0.1166163336336348
2013-01-22,224,0.003085498830541682,0.026620077497675032,6.990945027535704,-0.1872698667507413,-0.21710214110839,-0.04840008765406736,0.07046861943052599
2013-01-23,185,0.0040056587358679435,0.04279189481603418,7.165371689729649,-0.1369391915395843,-0.19562878053632277,-0.2727559783940893,0.12323021819884665
2013-01-24,178,0.002640540088701124,0.032605003388930576,7.224348037114117,0.09734995577834023,-0.11248965764661394,0.1041875470708492,-0.029080116780175823
2013-01-25,205,0.0024113270940613004,0.018155106785545105,6.801573079927324,0.08634302169634402,-0.08410223102444929,0.029455672497983313,-0.02034057173501185
2013-01-28,200,0.0028330681284632242,0.021782935667777448,6.822961748631941,0.04325205067235989,0.054894594627292265,-0.21936405936681264,-0.012009837318131121
2013-01-29,178,0.0035329201196611887,0.04579860243393996,7.069209990725787,-0.16748729956588157,-0.19870375052692216,-0.09620830756994878,0.20467979506335918
2013-01-30,198,0.002873196770493417,0.009463911562212823,6.734315344927015,-0.07392784152154155,-0.005150095239752415,0.011329715081560509,-0.07003769943566608
2013-01-31,195,0.0024681661447691432,0.009707768802629801,7.427008439401157,-0.04362075003587618,0.07692848071129879,0.010605117064703032,-0.006497644199913529
2013-02-01,174,0.0028723321997326536,0.01999635837660496,7.63670198778517,0.03034058435064121,-0.13972283525872184,0.04981585290868846,0.059994792492430345
2013-02-04,179,0.0022100965912473384,0.012732989047582355,6.9928577246437715,0.03827086489191271,0.08414931090543624,0.1430628511035103,-0.05669760656739868
2013-02-05,202,0.0029916169358955654,0.011778903250608153,7.119788727177845,-0.032366311133615835,0.01740064792107105,-0.12418142905927378,-0.06946614982999053
2013-02-06,206,0.00189815251508264,0.0059845803725031566,8.027331376592072,0.028042946331126615,0.07146771124255173,0.08730033713596726,0.031150169076304073
2013-02-07,207,0.002969437601944849,0.02062387944287747,6.685732003238256,-0.11885981194735705,-0.2152022577880351,-0.006751454055708414,0.1114663565859261
2013-02-08,200,0.0030736903757090663,0.009789815757878073,7.574584273660869,-0.10633980574697177,-0.04469302275369253,-0.08720663952342471,0.00876331774046067
2013-02-11,203,0.0031054395561749956,0.03264510539236587,7.2971448680718565,0.022194385158644806,-0.0316338262167854,-0.09462198954096743,-0.15674702920794226
2013-02-12,216,0.0028458665419905955,0.006794638482100046,7.282913059616269,-0.08771044864783618,-0.10793379006540019,-0.06596993493118532,0.032199827504481894
2013-02-13,215,0.00265468901159977,0.02284620685677441,7.782610742850536,-0.023045387393149153,-0.0633902305246529,0.08704401915927613,-0.14212467622937666
2013-02-14,207,0.0014277773988039609,0.033217785532242194,7.355402370436611,0.22659014215334272,0.21422570961096457,0.06298124134190614,-0.09489693621105523
2013-02-15,193,0.002957068871160415,0.018776319368853378,7.638439334274131,-0.1389960233912368,-0.11571184736658938,-0.011135200618509708,0.1244144871084131
2013-02-19,245,0.002183900831771383,0.03624590549107909,7.244161379574231,0.09619179010646507,-0.16174880173661052,-0.0603834264606853,0.05582903052284846
2013-02-20,189,0.0018272199226600555,0.018827408372268484,7.149866311068728,0.14022655092202238,0.06399232863286174,0.07033794011919212,0.03475404956041177
2013-02-21,201,0.003200682703140366,0.032293983553332795,7.405002778045439,-0.12126124299551008,0.02305043155073176,-0.19776666125174008,0.009303026034103169
2013-02-22,193,0.002594116609434974,0.03369775634500072,7.1225703453895575,0.1353743956978219,-0.074307072768097,-0.10065720693313625,0.03826087276150849
2013-02-25,193,0.002793862497578022,0.018281866325393303,7.3761709071175146,-0.08975206317118825,-0.06205043622280102,-0.07046702101602645,0.14383859634489812
2013-02-26,237,0.00191029270501272,0.026745544668508647,7.183393687604307,-0.018999483674039194,0.007131557707153876,-0.06739208906389856,0.17378127285476108
2013-02-27,211,0.0033106115485554435,0.03279129947644077,7.572258735989537,-0.06231837465600098,-0.26502524533888655,-0.15550593600804347,0.08577148251253325
2013-02-28,200,0.0028362622439458756,0.037022479172198586,7.884380786654752,0.040587216201010766,0.18408251748266116,-0.22088487395619674,-0.13828975730581328
2013-03-01,214,0.0025644526736193166,0.03368625116773727,7.754578358914171,-0.06225366260378262,-0.2752227239097249,0.08719585252032447,0.15269478968410513
2013-03-04,164,0.002379522986403772,0.05657339663952021,7.511864538864524,-0.03558106554184347,0.2865501966932852,0.005237808028500687,-0.03669047872039005
2013-03-05,203,0.0027365821103815273,0.0071166453506099625,6.968225228731902,0.0014150661963657695,0.023449474798082626,-0.085519890889429,-0.05039698691991659
2013-03-06,180,0.0031947072901866674,0.018204993927896207,7.411285463704617,-0.14498608169224167,-0.08635210583993193,0.04112715072689781,0.04011641233806116
2013-03-07,175,0.0016925608683679707,0.02312763482714497,7.645630354287158,0.10804221608269715,0.284429883691775,0.09993543056666014,-0.08480383426991818
2013-03-08,139,0.004446808912307156,0.01413667016477671,7.619547638098748,-0.07526258269193925,-0.04047405255661299,-0.14594428352014904,0.02546804114731211
2013-03-11,196,0.0019031024643105707,0.011311913099900206,7.027093175059903,0.07770622338757732,0.13523989954891377,0.11696116578930246,-0.07592345473553755
2013-03-12,222,0.002225096354821932,0.014138123664164892,8.050682412332177,0.010543659434115749,-0.015130210963698413,-0.1027240139602531,0.11936778394890948
2013-03-13,196,0.0025822867068935524,0.034373178315474484,7.5825600540953255,0.14881538731035987,-0.036643886548222974,-0.09776378163437832,-0.02666410823003871
2013-03-14,177,0.003199918682182911,0.01829503926855036,6.82510607740639,0.03285945781601704,-0.08163806995659632,0.01781791303712283,-0.10181051438929382
2013-03-15,190,0.002770913988501657,0.003374953994088603,7.809128631763534,-0.00614901842551421,0.03498864045660069,-0.06802639032872644,-0.01376054733299417
2013-03-18,172,0.0025628314125494163,0.01231879405088887,7.044620843930303,0.07161004075364281,0.12206013624288424,-0.0872931818093481,0.012008998895820381
2013-03-19,202,0.0016060102502837084,0.025593769985197024,7.004158905469053,0.06642481465269272,0.27338425403906447,0.06771354522379848,-0.0563507550301703
2013-03-20,187,0.0016468336922877355,0.03477443814668091,7.540155847574374,0.04289431627349443,0.039021141965060395,0.1646798392487178,0.13748890159711807
2013-03-21,140,0.004051751938827425,0.0045281574538291736,7.5156116448148795,-0.059374325040029714,-0.07944443290728681,0.026216762270191377,-0.021888547194552122
2013-03-22,159,0.00340824044872242,0.020515243837963548,7.5893425723473324,-0.023619199668446934,0.0962110336543308,-0.1862998072544417,0.02988751057482868
2013-03-25,176,0.0020390029040473676,0.020584483756204697,7.5337617067799805,0.1431098197869776,0.07670676372774848,0.11164449039523588,-0.04919009613463965
2013-03-26,209,0.0025005343162532237,0.028508953723036745,7.126095375383943,-0.14669832930007207,-0.03990096278456378,0.0305164946582476,0.11085945323253904
2013-03-27,178,0.0027027258317584837,0.02088155812960102,7.357184388482557,0.1157407343449573,-0.03899642972593745,0.015084207383822185,-0.05399890810886487
2013-03-28,155,0.001351489623194002,0.04310374281244589,7.395073140832005,0.223256444223845,0.3663449594498942,-0.007511861987950285,-0.0010513248759201539
2013-04-01,189,0.0018725547824240349,0.01674702696232533,7.009476133800947,0.1367951473841524,0.15920388168722294,-0.0523009969689374,0.04847626014127431
2013-04-02,148,0.0056986219287837704,0.06602277407237178,8.171553315951686,-0.1822347341251175,-0.45015096830710133,-0.13962158761181187,0.08521519912403709
2013-04-03,171,0.0026282859584729965,0.017671459957091296,6.792950259176751,-0.08277159306925687,-0.0038175169253852528,0.1693781981453858,0.01833711405148411
2013-04-04,175,0.0018550472601440997,0.08658254270057952,7.647202707044673,-0.058151122574553724,0.17422257020121953,0.014635199346474895,0.22002681197643187
2013-04-05,141,0.0033254486234030626,0.003807433656903947,7.972776003950782,-0.007726786748779926,0.06202236511052245,-0.019230946568811327,0.027158856407403918
2013-04-08,169,0.0033937609894236056,0.015193013270414113,8.010045754610452,0.039466810008251065,-0.04172138785491248,-0.15100345657854328,0.006166820000029269
2013-04-09,185,0.002788019600887301,0.007203929031634582,7.180289467403107,-0.044740155574804166,-0.0680997189906153,0.10622082556414315,-0.024948203327023518
2013-04-10,177,0.004604468360040597,0.062375530769534615,7.315450893679252,-0.06152998932572343,-0.3148866374321775,-0.17092128225542666,-0.08264389044104761
2013-04-11,180,0.0027099011717552773,0.021276624542756584,6.794582309646212,0.07576105442374181,0.1581278539396944,-0.13490498301017032,-0.07454834718516538
2013-04-12,173,0.0020472068778684834,0.07271869357285943,7.443244449693161,0.20068472493427492,-0.00065916218323354,-0.09403443685739661,0.18567529436386393
2013-04-15,158,0.0035359446336434403,0.03203164903809819,7.440142856321627,-0.1681243165363544,-0.006810895009753676,-0.001976509445988895,0.05955321676076972
2013-04-16,167,0.002070536680118267,0.09365873652800971,7.802718652268898,0.3360493879142714,0.0616030865254885,-0.06723708585543973,-0.021974639743819035
2013-04-17,158,0.001808427010912045,0.06612481724854058,7.075168200666339,0.1415513001208286,0.10291181416106347,-0.04397423996888739,0.22804819023879008
2013-04-18,195,0.0017812012769171542,0.012034794351295175,7.406914464895013,0.10012321305070855,0.193875027781511,0.04505354570614744,-0.0337202845360508
2013-04-19,181,0.0039314634310624015,0.02919385442427347,7.716809058361017,-0.07958015652819746,-0.07750143299397906,-0.29197312644007123,0.025864953917652755
2013-04-22,207,0.0025840386807570127,0.011617514682340624,6.753729383855817,0.01880392547786039,-0.111455777787897,0.059435678483328855,-0.03657584000670824
2013-04-23,165,0.003634572251238866,0.01557611917949453,7.095195854031071,-0.14480512131620904,-0.06963231376519993,-0.052305348589160576,0.06733394076174742
2013-04-24,187,0.002739037299032261,0.00705348556843155,7.093233408906286,-0.018145674242089037,0.005451873984357397,-0.07826285768486006,0.06655670810451739
2013-04-25,182,0.002448023296920211,0.045151595575080083,6.657967203991819,0.2115493104320904,0.07691628436446238,-0.2009210220699992,0.02137494719448383
2013-04-26,213,0.0020759902644414702,0.004845602276529859,7.407362561902651,0.06025567217284793,0.10148295278180623,0.016681144429785036,-0.06279162203650389
2013-04-29,206,0.003375318708768423,0.021956338917021867,7.076830681222975,-0.06627981194734682,-0.15692257361176787,-0.1110590663409806,-0.05636985611248801
2013-04-30,176,0.0020431381470482537,0.04727601036455076,7.098913901078973,-0.012273501840147562,0.1529003508228821,0.2822157368541054,-0.14202721359782175
2013-05-01,182,0.0016156056441358894,0.03427640699729406,7.778484751307441,0.05244396874291697,0.09327314229934139,0.11997653006158372,0.14622590443069486
2013-05-02,175,0.003155231166738084,0.031003241512077562,7.583265277947264,-0.03668776539153614,0.13913517881524998,-0.06471780353487809,-0.14206051824717855
2013-05-03,209,0.0017964146434450384,0.014266645096700725,7.1820261907694345,0.09163430624273287,0.13012233161493783,-0.04831469724852306,0.07565673843082177
2013-05-06,192,0.0024751133209017138,0.010481175189469005,7.392947734463912,0.0851283449181042,0.10089559933859818,-0.044916088861835825,-0.09155137062111889
2013-05-07,188,0.0016583080755286758,0.029620222809391472,7.357515763044655,0.0593824389492995,0.07871941893270697,0.2565797772278891,-0.0182054715086757
2013-05-08,201,0.003647725543784416,0.11075255999810174,7.00072297387822,-0.1935378305467957,-0.002944518041761251,-0.44532745519837935,0.17542413518559072
2013-05-09,174,0.004204241776621773,0.06793593322281222,7.116614593294137,-0.0010349114062194068,-0.20711017735679,-0.34366978289206235,0.08873873339069216
2013-05-10,174,0.002280130193061858,0.021397134316052724,7.542670108994874,0.05317277637341512,0.23665719109195363,-0.03248024833402558,-0.05083502631687054
2013-05-13,163,0.004336820166059347,0.026591570602624737,6.803290311535485,-0.050812713519817435,-0.2153113307026244,-0.18022109628462366,0.03254176637171555
2013-05-14,166,0.0029736961510228666,0.03498115635203969,7.720411397389704,0.14190601400539257,-0.007622232739306312,-0.16660273997499309,0.04505183656931373
2013-05-15,180,0.003914608013860441,0.04288795172991655,7.049984549080036,-0.07723575626990706,-0.3378703641999857,-0.1392375837887166,0.1450848192688374
2013-05-16,204,0.00210813917124221,0.019877079017636246,7.559546560963951,0.14656146837812536,0.08877513224893194,0.0012025027189917136,-0.0966598852128742
2013-05-17,161,0.0025691868444675755,0.014945254100777183,8.104788036049477,0.1274403199727374,0.138254493415418,0.0018476876913540686,-0.09482066499806668
2013-05-20,175,0.003326859174373938,0.023687929800802032,7.1662755087425465,-0.15557624073222992,-0.057350921357726146,0.09381425974979218,-0.045287808690711744
2013-05-21,150,0.004396870315885775,0.04604298398556805,7.108794860623882,-0.21128414609043536,-0.06369162793288374,-0.13437140608506165,0.09028608534265704
2013-05-22,175,0.0038498546910797327,0.020949259346634164,7.018711080975726,-0.11437394788441468,-0.06001550759604763,-0.16986922127430154,-0.003190465123142446
2013-05-23,185,0.0021749337041436657,0.04467792287272876,7.486472443946418,0.026720294635986828,0.26851937463536535,-0.13169175779392,0.03172661798941831
2013-05-24,182,0.003512621761864587,0.047943057449534754,6.788510670305779,0.09626356485748834,-0.100325708809218,-0.17648058674699196,-0.09805159061997556
2013-05-28,143,0.0037010410520068203,0.0685738406299542,7.226502702101814,0.1543953256998667,-0.20344342698178208,-0.06793802618428471,0.05848838659225173
2013-05-29,207,0.001922268449385705,0.01357029500849749,7.021007292635423,0.1041225760202101,0.01687816160611819,0.08943750913634099,-0.006257384808350495
2013-05-30,172,0.002822882558592529,0.016698942835396524,7.313376266753614,0.0932621599967141,-0.06685441154998721,-0.02535301802782089,0.02787366942525972
2013-05-31,154,0.0023093090933641765,0.014430731409363129,6.670993819676888,0.0824043859450644,0.03898328043795549,0.1301235101264441,0.037221622734375175
2013-06-03,173,0.003153370890092556,0.0094053491269106,7.3650743173789905,-0.09382375335320771,0.006127319003061399,0.01811320799381208,-0.02148310161569178
2013-06-04,165,0.004268036116808188,0.02179900393206402,7.196269516392865,-0.09771206286118159,-0.2511745807070507,-0.04340057222765325,-0.01616470275082176
2013-06-05,174,0.004569650789194548,0.0713396686669805,7.380047606658059,-0.039547898429903,-0.22145228112366222,-0.39109273422770247,0.061854439141557825
2013-06-06,171,0.0034332749468090336,0.017250510055936474,7.7120149745942745,-0.12381530111157664,-0.2030060490028362,0.09461513203724091,0.05802618626847603
2013-06-07,158,0.0023863574732352873,0.017492994867365108,7.425881775305298,0.06284317845792842,0.21448535139805705,0.08048403948007198,-0.11190153087840626
2013-06-10,164,0.0016348631968139305,0.034481009634220405,7.554818977738775,0.180029516632811,0.1110773578771106,0.17708278463912572,-0.004424787704015159
2013-06-11,174,0.002030173702538517,0.05028614458678715,7.743920228327604,-0.01948521615904519,-0.040893254022244634,0.39013867600697405,-0.03626065430908569
2013-06-12,165,0.0032585354997303967,0.007829348923875434,7.393072114349522,-0.07924225478638461,0.014806098664973611,0.02988493270653016,-0.04076549149614548
2013-06-13,173,0.0033075862569238146,0.01999784249415948,7.563549472638308,0.0010130303861731276,-0.09197612679864405,-0.1729552918787318,0.11949354339556269
2013-06-14,161,0.003603289636610132,0.04206067101133415,6.794456258780127,-0.16996238990692314,-0.2122543618778121,0.03172416207290651,0.19023332672337057
2013-06-17,164,0.0031541427698194967,0.0025581398029683733,7.645505238197902,0.004830786316698259,0.034107176484866455,-0.08085638087167284,0.007359589569309729
2013-06-18,162,0.0031217910641689103,0.023743425909843796,7.4165522688278305,-0.02207954780573746,-0.19052107009060612,0.11903926514833545,0.08210104795728364
2013-06-19,174,0.002535875500851849,0.017582849389676136,7.1122414783131545,0.03766717279633934,0.08930130049498512,-0.11358664907735112,0.10413350148957189
2013-06-20,163,0.0021830320864832703,0.017542406941409072,7.790162540856375,0.02783051464111268,0.10019990117542141,0.08886395524895009,0.07143716874096696
2013-06-21,140,0.003906854351052665,0.0146826645536694,7.587409027607796,-0.05460296159471742,-0.1749525051219178,0.069548031374019,0.06608821704786878
2013-06-24,151,0.00419858722469694,0.021742740885552614,7.658277086210282,-0.0906589178803799,-0.09953473753184411,0.050249195944578766,-0.12802888239082302
2013-06-25,163,0.0035125637081266196,0.020639128743102142,7.243890291948389,-0.09438564151792435,0.004114454131813401,0.061356910912173164,-0.11618149237533887
2013-06-26,206,0.002212029624627032,0.009474879746690035,7.824303683165978,0.053686059880388055,0.025847753274283777,0.08824049757935246,-0.07913051608036427
2013-06-27,205,0.0021011303125586757,0.023364629599081144,7.490204958845292,0.12849997207989736,0.043352773796483515,0.09587121879637449,-0.12918739282181088
2013-06-28,152,0.0021112530615755775,0.05069450176312229,6.477137252388896,-0.07035464334023234,0.06675570956863834,0.3145382109464524,0.04723979210616815
2013-07-01,182,0.0025202729323930257,0.03864368548601571,6.753562835909295,0.1462095334320669,0.039604179428170114,0.04883641144360059,-0.15202947169489492
2013-07-02,167,0.0035698378554551947,0.010206918697979184,6.563555376134762,-0.00784704194423629,-0.0699213662232986,-0.03492460168009492,-0.07963283387440069
2013-07-03,148,0.0037816594529114143,0.0023100537485499784,7.254914251205929,-0.0330409205913734,-0.060762306625945374,0.005320427947855761,-0.03088839879231322
2013-07-05,152,0.0037994388039865857,0.004847897093179121,7.995990223509541,-0.04951401009365816,-0.013661756664512753,-0.040093682944140556,-0.05175994670961269
2013-07-08,151,0.0029906543284962984,0.013818912625541802,7.564450466317292,-0.07859064980680672,0.04801778609963643,0.0975185512900201,0.029876705211271004
2013-07-09,149,0.0016602941758894403,0.06829979315285062,7.124125618158588,0.25433004410035603,0.40045516594347547,0.05168784195077753,-0.20124071640967306
2013-07-10,163,0.0028341791519333813,0.02306974178717791,7.101011974532032,-0.0619888957644981,0.06559215070294418,0.15493005691458464,-0.08247571538331276
2013-07-11,164,0.0036060864860840026,0.00610476195517573,6.857423427089097,-0.056838340528481746,-0.034167745716428645,-0.0890017717648465,-0.0027885094257962613
2013-07-12,176,0.0030685486286244406,0.061860560630836225,7.5282266108113545,0.14699566084021623,-0.17883571236242404,-0.1360918894152583,0.08780282366166749
2013-07-15,154,0.004067615106118383,0.036897272681500226,7.98430293086008,-0.1283216999646461,0.014607953071505008,-0.21546389211856437,0.07635218632723835
2013-07-16,114,0.0019511055001012701,0.14083456186250531,7.989315317377016,-0.10928031967765675,0.39076252222061625,0.20114928339687746,0.07251646003707318
2013-07-17,116,0.004100767229092367,0.019386595922112115,7.630981507792457,0.12250924354796253,-0.029956202838449457,-0.03190213571641566,-0.012028902142523818
2013-07-18,141,0.002351708844645348,0.021700459173225717,7.634809224243288,0.10717022332100933,0.1895852810546504,-0.04593249362525386,0.08599509505960784
2013-07-19,121,0.003011141064505177,0.02588074199124879,8.702127373850875,-0.024593790115255396,-0.12279833845626956,0.3040357862019324,0.11466020475932943
2013-07-22,182,0.0023116438225960962,0.01108609144615913,8.076901657563079,-0.022765703893630192,0.10851252910788337,0.0848029978792825,-0.011988174518511112
2013-07-23,173,0.0037210164826838384,0.03817846809668213,7.145805520009181,-0.22169609977315863,-0.1573784100017777,-0.06953158217234379,0.1611343889386729
2013-07-24,160,0.0028912778583533977,0.01589969519333978,8.421955284682703,0.015771458409120035,0.18872791939548392,-0.07735892590973423,-0.052349366567955614
2013-07-25,189,0.002920851077556718,0.05419118083394037,7.394720292252572,0.11675109195734205,0.030897375710629588,-0.02350854407818332,-0.22822163090623024
2013-07-26,205,0.0015229159724609357,0.027546262468074123,7.970839408837474,0.07578716302585227,0.25596282340711324,0.07470100043880165,-0.030846535580752576
2013-07-29,197,0.0024196726983328966,0.00955618566420513,8.300450573981976,-0.07519927374703334,-0.06382342030849465,0.11178463550925805,0.0738870154031133
2013-07-30,175,0.0021168937247934747,0.02108685105995256,7.370545248656584,0.05807909746664969,0.01480329509985559,0.04417808698769663,0.14202671676807765
2013-07-31,177,0.0019449271530581711,0.009749194939988826,8.385190807307774,0.10962099217487394,0.12327171291488123,0.1361425758945152,-0.057539493166859704
2013-08-01,196,0.0031939372130104773,0.014212836400012585,7.782894723241261,-0.10001512478740453,-0.06541226295005526,-0.004080212644861598,-0.08251578711778397
2013-08-02,192,0.0033072544453420323,0.015192201507417624,7.79443693251389,-0.08982248965428177,-0.0646381732137338,-0.20006566180263882,0.08454061765931431
2013-08-05,185,0.0025915079306173647,0.001836695756213147,6.848426395283335,-0.01171768814419201,-0.019000543180834877,0.03055174100564494,0.041308555990963836
2013-08-06,175,0.0026236143844676225,0.02762463560534567,7.669437335506645,0.015915250412233167,-0.16780200965554656,0.0855114780198189,0.14811024665983355
2013-08-07,197,0.002336760029360583,0.004424102432035615,7.607101392529856,0.01657728890260654,0.09243379462829165,0.02127983687852115,-0.050974371977488844
2013-08-08,170,0.0017854301907143874,0.019682320730947667,7.436988422730734,0.183934863971026,0.1643543434871444,0.05267403080965314,-0.008009503110711965
2013-08-09,148,0.002037256566555629,0.02408285582728198,6.794032571752899,0.07811093070924059,0.15593734268258572,0.08676898804752242,0.07615479486018191
2013-08-12,166,0.0032577682661611455,0.01822500171224395,8.163457247128102,0.033081381665851325,-0.10331539827636911,-0.1138317564066444,0.10248670865166255
2013-08-13,165,0.0032346097734490668,0.029136937805429586,7.828362015354778,-0.1328031796973222,-0.21860379747080178,0.15333464200767874,0.13065110992225087
2013-08-14,189,0.0026129462375296506,0.0282152783567845,7.499772843315502,-0.009429667016711357,0.08209132295364488,0.106225337718178,-0.16658067144132724
2013-08-15,167,0.0024492623762762686,0.0033872151317875243,8.921211260123872,0.04362270772419032,0.0252272383078081,0.1036838637903194,0.009412556501406384
2013-08-16,164,0.0021159786689121636,0.013747562808479219,7.528228101044396,0.0972647895543858,0.04324853489454464,0.17197969606578248,-0.006534023917901477
2013-08-19,185,0.0017119499679046077,0.013199684581495896,8.305351730426114,0.06869132463049327,0.18463596164917595,0.10156811795221773,0.011683107643412748
2013-08-20,141,0.002926389994130532,0.023313701817958554,7.384851460502926,0.13887825878525367,0.08542310946106585,0.08507136595200047,-0.1346147125431299
2013-08-21,137,0.00522502931034929,0.03756408472455486,7.040260685720411,-0.11754731798987358,-0.05443515365616691,-0.26933692796713493,0.009661368577472906
2013-08-22,131,0.0046973154353451485,0.01109597765960113,8.245460436134271,-0.12573532838294024,-0.10322682851706713,0.04999885922140757,-0.05173334638183028
2013-08-23,131,0.0024802415700499185,0.039813230272367384,8.002402101995997,0.1507614200304066,0.024796918876124834,0.22953955132124657,-0.054921181580854975
2013-08-26,154,0.0032824778758788658,0.0030710721489342063,8.189456174790429,-0.050293320204878825,-0.013962047886063202,0.017828787233247656,0.03542339508700138
2013-08-27,147,0.003002517240991553,0.062258705187174135,7.176765190693552,-0.05499844861183973,-0.13705803686513518,0.375735367090657,-0.06641895046519673
2013-08-28,189,0.0019651118812146757,0.011918507304923387,8.075638265722565,0.10466763353810757,0.14769385780297073,-0.03182795222304232,0.03665416978281857
2013-08-29,172,0.003585336165586626,0.016116508994010514,7.311701545378066,0.014939244923720247,-0.06477791241836174,-0.10505699710720245,-0.07845997635995242
2013-08-30,150,0.005725288894089634,0.09037457798226878,7.478230452352403,-0.2411555775995736,-0.47471492196110604,0.010328876460806186,-0.01204504512701437
2013-09-03,155,0.00274585691299954,0.029152416752407206,7.824819397565604,0.02944248316307647,0.10855840199887862,0.19529332311630135,-0.18450985130812017
2013-09-04,165,0.002215951434016416,0.02146111093511094,7.332754584113135,0.06553417065980813,-0.029184127196263995,0.13670726563355423,0.09567871767748498
2013-09-05,157,0.0034537174559650086,0.010064034740185801,6.915368345153116,-0.010203401658465894,0.07182694680793013,-0.04810816452149106,-0.09798266180098575
2013-09-06,145,0.002283405496818873,0.03975745070211245,6.418142438174795,0.20679113741231317,0.24733433873846336,-0.009358194542032794,-0.10695487568621923
2013-09-09,168,0.003918077525265945,0.043668495401836704,6.855793428932816,0.011979682850066398,-0.23824278693929646,-0.1938584638769078,0.10364751947678726
2013-09-10,160,0.003520345120974534,0.04355046255234596,6.551606233652088,0.09488879009870042,-0.1783670035080459,0.04627780820917978,-0.08931003351167731
2013-09-11,151,0.0034985461309750064,0.018836089926285382,7.5220668173386045,0.01249970117703671,-0.14111366138023396,-0.05831560831179544,0.13036863696053902
2013-09-12,178,0.0031420597483195604,0.004459938653080253,7.4470701837885676,-0.06389424529867349,-0.014696599039054764,-0.054556956800543885,0.014574530736511484
2013-09-13,172,0.004134952498697118,0.023116639216633872,7.22524484692739,-0.13941482453365708,-0.23727318070507986,-0.11243907900388422,0.06670342469081118
2013-09-16,164,0.004345921015848185,0.040868793814548776,7.350457496231548,-0.16345395475567842,-0.3093275414915758,0.10290587807037634,-0.05558647502133599
2013-09-17,161,0.0027801173494651143,0.017996627704451096,7.401357795939428,0.10030665260616044,0.05108508068643502,0.06435682888981392,-0.11094634871017556
2013-09-18,160,0.002770333109787929,0.005206378371615417,7.527703019037149,0.04850728442499615,0.12150058370693892,-0.00502695384591223,-0.0514875094181595
2013-09-19,155,0.00573985962491008,0.1453569094928142,7.0073406311515924,-0.08568820307800605,-0.30493418183506277,-0.504656323350516,0.11592222454147391
2013-09-20,143,0.003206277262565157,0.03009878779557118,6.69266101693851,-0.05408930034435997,0.09202965708156759,-0.1012759087232382,0.14634025489239016
2013-09-23,167,0.003101863107275859,0.002805527893785076,8.026013231658602,0.004136288178863711,0.0328050900133343,-0.020939744824445262,-0.05202391119788396
2013-09-24,151,0.0019969882864261422,0.036003363298526825,7.902142465930475,0.21552489274892742,0.2760954688488454,-0.11400453522840152,0.01929371112994005
2013-09-25,162,0.002346307748781834,0.05363645173690812,7.453533747544779,0.18719452077900398,0.29288803011371833,-0.22393888944294774,-0.01634737205508621
2013-09-26,173,0.0038485853903290302,0.02435878537911862,7.70921905072694,-0.0214326383467459,-0.3008615146855461,-0.04174536932383257,0.03242897730227014
2013-09-27,161,0.0021763664224608834,0.032095423234244747,7.593360178575688,0.17543167132182394,0.05867354664057052,0.152018309066415,-0.08691351506121885
2013-09-30,132,0.005453245899268388,0.028918858033015193,7.287448311076336,-0.19682412278171127,-0.26944925918633905,-0.05824968749534096,0.08486615205653918
2013-10-01,137,0.001784407290723284,0.04434452334282013,7.7903349019616615,0.2709941879383785,0.307868489906574,0.04065333581648041,-0.10844361131982529
2013-10-02,147,0.002601534511701453,0.012256039037024768,7.2934535019661295,0.08057241794886934,0.14648023729911033,-0.044938971427309043,0.053035169739091066
2013-10-03,145,0.0037654723744067926,0.005651532786066671,6.835538490836064,0.005457433431959944,0.0072129288062989915,-0.022316938351842616,-0.0823404124643831
2013-10-04,160,0.0036919944619663563,0.05737826920632472,7.130076205640725,0.051358335159397334,-0.270325916445709,-0.03941277323044444,0.07694212668752219
2013-10-07,133,0.0023191361883047484,0.06076031885479494,8.678500372445528,0.039172400282211924,-0.09483489215107138,0.443969990943784,-0.00519772516398921
2013-10-08,166,0.0036425589482651207,0.011189070154927316,7.428610651691434,-0.1053337484651244,-0.05002587373760628,-0.09931117769982639,0.04534122907854705
2013-10-09,179,0.002902892248260716,0.0021169665258413684,7.801626868831221,0.01818758136043352,-0.006114923004161436,-0.056138013813266344,0.004829930579655336
2013-10-10,164,0.0035107204976343453,0.018026653921418556,8.40632101965071,0.006277782324193955,-0.16835789280823277,0.009798788161812655,0.0007649990981675025
2013-10-11,129,0.0027008265594242516,0.031161976740757047,8.319238739466993,0.21671321230946225,0.07334037350314455,0.005009708488206888,0.008123453367729848
2013-10-14,154,0.004600258762291941,0.06035424085048735,8.523069819488576,-0.05558552069431454,-0.3116046113098807,-0.20323658916359766,0.1535470223818824
2013-10-15,151,0.0024268093975260735,0.016111718580988366,7.888639063201445,0.055079421192625926,0.04011784503351886,0.22135107468843215,-0.04944477896745784
2013-10-16,159,0.0028561031680137457,0.007605409097599103,7.3159186889014975,0.07052418078730567,-0.02248494124361381,0.05729764340477614,-0.013577690376841742
2013-10-17,185,0.0022931509144815607,0.003690413358302558,7.466789655841283,0.04256494055845707,0.021890125881652768,0.09221033597610334,-0.005131240774386403
2013-10-18,175,0.00194038754724149,0.033451450300437724,6.90360470207775,0.0939679193347899,0.1434557591667039,-0.041848035404828295,0.12528871536881728
2013-10-21,156,0.005244143701405501,0.035597227304918766,7.742594847998663,-0.24782109921193768,-0.23930671390377023,-0.15707943404994393,0.008034412327135955
2013-10-22,150,0.003023188824821452,0.08954612568578602,7.825517723394727,0.21658114762441105,-0.059901915456220305,0.07969931295384355,-0.1433351925684785
2013-10-23,170,0.003527585277070995,0.038866843541438545,7.06453664614094,0.0820173883979968,0.09852580035301009,-0.3137795161788279,-0.06614266677631508
2013-10-24,179,0.001448095012347101,0.04006785749412134,8.463023143758623,0.17155239756015148,0.36986726699282674,0.05687249855449454,-0.1167101775277451
2013-10-25,184,0.0035310116072594664,0.02865623850834942,7.1142399947484956,-0.06161305782182791,-0.16588827272932483,-0.20200108459978017,0.1300901436794514
2013-10-28,212,0.0029723892067030095,0.03182936159322214,7.64053844694534,-0.03755700410393922,-0.23375931582745638,-0.11170297923684663,0.12272627552617009
2013-10-29,194,0.0022420756810665595,0.027634932970409865,7.967909507303741,0.05183538175490237,0.12008357646975427,0.14484206778853417,-0.18668639026701522
2013-10-30,191,0.002607033703948282,0.019219159406779096,7.613649182594373,-0.10781417671700604,-0.09797825738944657,0.16066494469909526,0.049240614499102775
2013-10-31,203,0.0031284795808555962,0.047142669868909914,8.024153600232223,0.059191169395685764,-0.08002661961247205,-0.33702245000889586,0.08769519039831479
2013-11-01,155,0.002544003708224968,0.006277681150998249,7.673276379173301,0.09944354042814892,0.10962693403677422,-0.00307073988218417,0.005359115867517354
2013-11-04,166,0.0038408338340471583,0.054635270754251675,8.15631427092788,-0.048142781231695936,-0.30786798825274003,-0.021451157578462533,0.10230509415924784
2013-11-05,168,0.003217818616789815,0.023745548694063978,7.188816068344464,0.027134850607859414,0.0717898550755063,-0.00398788640360962,-0.17612387452113387
2013-11-06,176,0.002307108229952954,0.02832364543548327,7.579845074718232,0.038393417731280174,-0.05543096791902691,0.03951319476342171,0.1654222584808864
2013-11-07,169,0.0032588291412447125,0.01201510874191758,7.4303809860624215,-0.10516697672416017,-0.04660732686115135,0.0881628013846807,-0.037872747540088014
2013-11-08,175,0.0026646301377161266,0.02317009594376873,8.316954768454023,0.12785252927721874,-0.034209702454489746,-0.024243646301074947,-0.0020197287222989695
2013-11-11,152,0.0031122672721200966,0.021642377369900823,7.2361877415514035,0.06325865024074113,-0.09460751193894892,-0.036957054826424696,0.12217666580011832
2013-11-12,146,0.003490084061182626,0.02108988938424472,8.142690991439517,0.03171990675457764,-0.021230518635030914,-0.1626724076452429,0.13307847366036724
2013-11-13,144,0.00280770408397864,0.07720867999757708,7.406147212679815,0.11746103214854632,-0.030925585029683615,-0.14959384794214425,0.2544396246374296
2013-11-14,173,0.0030258701347753458,0.021949538796097956,7.813441201196396,-0.10942643274267616,0.06642746691481606,0.05859544594969775,-0.06254754675410602
2013-11-15,165,0.0018500368908640384,0.03299515947409837,7.089042225614261,0.18218663919650638,0.17147088214167994,-0.052568957477660314,0.08839926215435036
2013-11-18,169,0.0021262503754310206,0.030575080766054974,7.76617776586971,0.0465849018845881,0.30537499620567393,0.027317523076130078,-0.09795004806207282
2013-11-19,161,0.002644440834168304,0.030745393340233074,7.484490823043066,0.19628665613367405,0.08434202465100767,-0.07203486824951244,-0.060103761137365735
2013-11-20,164,0.002195524572920583,0.028311088655966543,7.046233558611997,0.17761275879116664,0.10141904985419176,-0.041495090542157304,0.04233122197884783
2013-11-21,174,0.00228896303345339,0.036123750549536426,7.741176228682921,0.22899626140027124,0.1480598818076628,-0.048324928941207525,-0.12529034990850366
2013-11-22,151,0.0025903360758762688,0.028422595241285098,7.06299337455931,0.17294165139869583,0.02352831943723168,0.051259425537065036,-0.030010891287626216
2013-11-25,139,0.004860345124480995,0.05720770939224662,7.090200147930158,-0.13571263802827363,0.09793313252087796,-0.28963810199586965,-0.023758337102448616
2013-11-26,202,0.0027661769276714353,0.0022143301123457304,7.5556948208553285,-0.04045552243395345,-0.04730591830816043,-0.05582464206432099,0.0260506040271737
2013-11-27,184,0.0014107825326686548,0.057757343511552595,7.556839701724152,0.17354784774459764,0.21856276660954382,-0.08315512833731918,0.17187654196112154
2013-11-29,155,0.003548716279851428,0.006417959635385606,7.9658399975371434,0.0007942426179692767,-0.1392582737799174,0.007224996650124412,0.03113698775788152
2013-12-02,146,0.003577848162390773,0.05733443394523419,7.661089783224667,-0.20743146911203494,0.009926994512441634,0.1681906263277764,-0.01541781514628936
2013-12-03,143,0.004036562854019051,0.015282269532985282,7.944572946527547,-0.017564187985371058,-0.15032076557244764,-0.09921040762873172,0.11263838493711438
2013-12-04,184,0.0024768765587258154,0.022855342891402453,7.1076124113093995,0.15223964602749532,0.10902586516167344,-0.033839092728864546,-0.1389169920714023
2013-12-05,148,0.006047236040470665,0.05312447096405537,7.5988547474728545,-0.26472199680187103,-0.3607346373793993,-0.18760188534724906,0.023076651549189777
2013-12-06,174,0.002924211479764191,0.005574828642342933,7.173211848146815,0.028956419923579616,-0.051678344407527804,-0.05114521189077653,0.05624154141678612
2013-12-09,174,0.0032644620521710874,0.016603577830331284,7.2816910591848565,0.03799412452032513,0.05933647788786109,-0.12242333304252034,-0.11094006352119566
2013-12-10,173,0.003435169634797598,0.036021028111421605,7.2669388634784,-0.06916055608601283,0.02727734125586421,0.038255684947358655,-0.18494116375718067
2013-12-11,171,0.0021090306698467744,0.016362318215187965,7.713472791327256,0.06779326432313357,0.1143557647934066,-0.008104146745564892,0.10466662854141941
2013-12-12,193,0.003431409126845653,0.013585751934816592,7.592170037856774,-0.12274564266882625,-0.09089899480277545,-0.11573383242953282,0.004854546938708143
2013-12-13,129,0.004452005627033312,0.05013256752411621,7.340666419421552,-0.034550513803796055,0.1883951910491666,-0.06324700181104073,-0.2392151272089174
2013-12-16,137,0.005863633235258602,0.06050502599729923,7.846199007947854,0.004748295216982694,-0.21995673432181131,-0.44608571172828626,0.05465864437225608
2013-12-17,169,0.0032108048867083984,0.01110634626211393,7.03965007393295,-0.05509864274439381,-0.04833072362882031,0.09676014116210956,-0.07858282649633735
2013-12-18,188,0.0027820290492135825,0.03683047325571509,7.747157094112269,0.026824171751477444,0.004483784806061196,0.12080067271982686,-0.19815155178167207
2013-12-19,181,0.002888867521189999,0.0038578567418279253,7.208004210702347,-0.05874620600873538,-0.012976051194196071,0.03980497484603474,-0.013852760313881371
2013-12-20,157,0.0027649747990750205,0.013895410860211843,7.387846011528515,0.11387481369854341,-0.0031890908242840545,0.029324563268724006,-0.008212373052542205
2013-12-23,158,0.003235199994787759,0.04085725271753149,7.669115836688941,0.03696799225173776,0.08211160758429074,-0.25708444020585475,0.11568164201689791
2013-12-24,160,0.005011502923791913,0.07028730774480041,8.024579452862042,-0.33472347765500593,-0.3950954053690346,0.01009977875797401,0.11603816865265203
2013-12-26,124,0.004428671566615003,0.035208540981212955,8.005093909584504,-0.12313052648860552,-0.09599803909620133,0.18650078261767167,-0.06568276555338044
2013-12-27,151,0.0027702511255404574,0.05006378601574213,7.489690475348062,-0.1168275628054456,0.11943574723570824,0.02792808700062154,0.13284788865583325
2013-12-30,146,0.0032393737793524773,0.0066711143565935105,7.456139345093526,-0.0045376629807647164,0.10297926088760684,-0.062257670229103265,0.01791892875133639
2013-12-31,122,0.005413805869736845,0.022151669524991924,7.232828432843903,-0.06330463097718826,-0.03364315868662328,-0.15962867853865853,-0.06439216401331847
2014-01-02,126,0.006625393903494342,0.05493102614563117,7.582868208087535,-0.16831460818905478,-0.4084766926076157,-0.11138083219995687,0.018572869316052978
2014-01-03,151,0.002408472567716702,0.02460707420879671,7.3353531982125935,0.04256525471414533,-0.038031253978945134,0.14951816795350348,0.1185891158608487
2014-01-06,148,0.0023414620944904735,0.03668632212952205,7.704539300491196,0.040546330427431686,-0.05713245163900051,0.35742783522812643,-0.03391449398573536
2014-01-07,146,0.003501476434943362,0.028547716766494147,7.775137552480373,0.0035076641128028094,0.10514366922631689,-0.22341070744707794,0.09232825510449637
2014-01-08,171,0.004132525825905422,0.02817193080507885,7.230727686366857,-0.18175825983343935,-0.15638782393775508,-0.05717077930346267,-0.018006969385005765
2014-01-09,140,0.003956205895605112,0.011096194069758814,6.819810336348858,0.03161814417118014,0.001388487753673995,-0.16911153363428072,0.02836725093999408
2014-01-10,165,0.0021970171881172122,0.016704343025866097,7.685776270580551,0.09930261920235406,0.19804389062580943,-0.06467995269767518,0.04231777079083375
2014-01-13,165,0.0020696115018074097,0.016891668993505027,8.216876829103148,0.10192175094920267,0.2407364641829265,-0.009709434116931086,-0.015920576611647523
2014-01-14,168,0.000839471036585326,0.04130197591243023,8.038730490900626,0.2406894418487976,0.32283565832829864,0.12014375401840832,0.03426887751182262
2014-01-15,166,0.0034657653966747707,0.042443347552428845,7.386622937551749,0.06773446804435702,-0.2314754944273567,0.039200381392423385,-0.02609346670544368
2014-01-16,175,0.004701477818142578,0.03994117546483067,7.89513013935216,-0.14469091982949173,-0.13155507288110427,-0.34110566773099943,-0.028165575908303667
2014-01-17,165,0.003773244527713561,0.008076127280269074,7.836626256885812,-0.08600063305598436,-0.12488069222650525,-0.09900184610614596,0.06471247724315665
2014-01-21,225,0.0031631103744229287,0.024824894761565575,8.3962268180328,-0.06176361612705382,-0.21120019993642722,-0.119749975123843,-0.030685877302983146
2014-01-22,184,0.0019740651859392728,0.012809601932061598,7.923179683482265,0.09665486058524632,0.19634122763346862,0.03932347002955376,-0.05877554667393219
2014-01-23,164,0.003005118782838005,0.03089768194497955,7.978514627448372,-0.07264258119981291,0.14275176676334078,-0.02481764947043579,-0.03097049686395818
2014-01-24,172,0.003374962275223736,0.0053485320803160485,7.649249965489809,-0.08777102714318163,-0.035379282751012216,-0.014200725895109118,-0.02363598688766232
2014-01-27,171,0.0047359798755041566,0.061588817429881426,8.334394537917387,-0.31807936090161326,-0.17986622369530955,-0.00011049917495913496,-0.12164903365054563
2014-01-28,164,0.0009957460760938665,0.06252993110618366,7.759357098462211,0.20061802544878324,0.12935256303200884,0.20173109743974624,0.14169360112067278
2014-01-29,171,0.002828304307910916,0.04507370717729742,6.700830982307935,0.03279655413315833,0.17290114044146232,-0.2488341262695501,0.07585635838938544
2014-01-30,190,0.00284599644603526,0.008018751446887795,8.080578592880983,-0.008208325908903776,-0.11522967295858545,-0.005664304176968683,0.04762365355105853
2014-01-31,178,0.004116327747226578,0.02129661908856828,7.453603182426961,-0.1151752584038032,-0.21792762817549927,-0.11498614057896378,-0.01732365085438531
2014-02-03,181,0.002484049707485211,0.004672677587025165,7.402587623300613,-0.019050812056721975,-0.02668731591480686,0.10827589976133806,0.03823623410054803
2014-02-04,190,0.002484368351166262,0.017390317825879853,7.1700428288161575,-0.09025146476124489,0.005507604647209095,0.024830478470509544,0.11585340820034262
2014-02-05,179,0.0031560556320634403,0.013986031534323762,7.926397442023642,-0.02985915771578317,0.08922144594173158,-0.12007283175542863,-0.06915737274923013
2014-02-06,195,0.0031132807115630172,0.012109687820720416,7.662583530152312,-0.00849479570853681,-0.02158207045060311,-0.10174148073852585,-0.08236113061191354
2014-02-07,182,0.002881115059010256,0.008510539444129384,7.34096239534427,0.014675123825786564,0.07569850172509904,-0.05110920526410268,-0.08799030176651308
2014-02-10,164,0.0037615386091740775,0.01056495021201509,7.370078006779234,-0.08542976312482721,-0.09889052507775933,-0.12922443806579303,0.07976006245928431
2014-02-11,185,0.0036372276715545193,0.013416140216734318,7.120203516939055,-0.09730740949706193,-0.12961056881192534,-0.09127197885750865,-0.02758428130867056
2014-02-12,187,0.0016039964240935846,0.048825127039794025,7.995727951264839,0.20847125686406015,0.3721017730508747,-0.044313903387761415,-0.13615378913817563
2014-02-13,193,0.0028953989116218136,0.019932654386664694,7.614397849154446,0.0179598025504096,0.02249075504657722,-0.00412151705931952,-0.15395302042369852
2014-02-14,183,0.0033879417605063656,0.015406782526283025,7.858617668455221,-0.1606696933066603,-0.08739782815549163,-0.016012645040937273,0.024093482157767264
2014-02-18,191,0.0021739193478097513,0.010595347298502977,7.399328905124699,0.017342314477120525,-0.02699493269958386,0.13301140465603456,0.046204022703104655
2014-02-19,198,0.002491913621265361,0.008101359334196312,7.12824752398738,0.047357999569246696,-0.012010008631274357,-0.09104706190099465,0.06890127694193404
2014-02-20,218,0.0024727815080858176,0.004751654905960523,7.178713632251758,-0.052256756237255925,-0.10533392443423069,0.04014152971466871,0.039316413431401014
2014-02-21,192,0.002311638603587064,0.006898175197833756,7.386868705011709,0.03289701166258209,0.07084987457973294,0.0843859844983611,-0.07580209451810899
2014-02-24,187,0.00328767671376137,0.06829040765773076,7.444889059224485,-0.07453590342461314,0.08198485314797378,0.02849369127463175,-0.2655337319447451
2014-02-25,199,0.0033720835552029332,0.02712345366634339,7.374203521608376,-0.08212058001066481,-0.2215562787472455,0.04289654605459378,-0.08130894226744645
2014-02-26,238,0.0020779861286589264,0.03985106652597792,7.968826920927334,0.0357975758887946,0.15721375074275687,-0.27240828355481356,0.09027555968160492
2014-02-27,212,0.0023762294277752875,0.01401405562864344,7.190319275791975,0.07568072140216393,-0.08111153510552206,-0.025380730409620657,0.023290266736255318
2014-02-28,201,0.0033808852437956422,0.01847511518157363,7.329863682326985,-0.15297362960815972,-0.18561528809050784,-0.021721046269847687,0.0011940959626577188
2014-03-03,173,0.0027076398161068995,0.02860342224054324,8.410935530807949,0.035939660764568435,0.13621204951860633,-0.19827599337593158,0.08928090671977515
2014-03-04,175,0.002849765223420749,0.041680221615696955,7.5321264589542825,0.09632445798489933,0.20837424853979278,-0.2786032474384153,-0.02351328728353688
2014-03-05,187,0.002747236545855373,0.03267801798681169,7.344374405898451,0.09283318759202416,-0.16401888286493393,-0.006429497958465884,0.050148725081465756
2014-03-06,187,0.00364702635559471,0.0462301217501212,6.907215572316886,-0.1951021738364586,-0.01718872859483559,-0.13136709470485677,-0.020329859856268753
2014-03-07,154,0.0027957429076350382,0.012865530607542142,7.150529806539919,-0.005536872328713831,0.1565597033448212,0.014766702051043995,-0.026878348618743744
2014-03-10,171,0.003868518635684065,0.020903139558796413,7.305138704105065,-0.11753479122817571,-0.1621736327914373,-0.15163244225781067,0.1083074928734726
2014-03-11,178,0.0033439778177419576,0.006938011137000988,7.601961220507451,-0.04067871874490253,-0.11643622341178633,-0.0785296385617578,0.04518847760231956
2014-03-12,140,0.002359684871333789,0.027233014580363646,8.028783686910991,0.16588403829309495,0.07367299204532003,-0.008849544062672998,0.10858074975079793
2014-03-13,185,0.001066289448502741,0.045353945485904656,7.6157804094080355,0.14953386308176764,0.2252659274931476,0.26182524164086945,-0.03115212816179371
2014-03-14,152,0.003719789076210492,0.03005437714138104,8.189349763630743,0.05406403575060827,-0.2022454739886789,-0.007739637813246407,0.02510519688332156
2014-03-17,141,0.005618002835814286,0.05742087495468928,8.145405161503678,-0.22554507773308954,-0.12903310515067132,-0.27608011249127234,0.0463814956754072
2014-03-18,146,0.0039021056203272396,0.02061962811696494,7.365484133514989,-0.03789126451410189,-0.08311481299886415,-0.15267368169783818,0.1342649180752465
2014-03-19,165,0.004128653847996021,0.03441755165794447,7.241351575013911,-0.15285211172165614,-0.3174167328654694,0.070488837892615,0.03732423685582685
2014-03-20,165,0.0035730573420165728,0.01264059873250023,7.114357143571615,0.028550659201153065,-0.02406708211217504,-0.12176709179088574,-0.061825408163559824
2014-03-21,141,0.00325881985117025,0.033422583700758235,7.850486705937819,0.1675554333362295,0.11184432931008607,-0.04542449075135592,-0.15296246992497062
2014-03-24,161,0.0029419467223296327,0.016237159300205084,7.029951552183633,-0.075274591232523,0.0850567010327181,0.015442916464522522,0.027468129145141042
2014-03-25,173,0.0025395242810700726,0.04989651543802465,8.367036415967826,0.15243163111580407,-0.05005534488114866,-0.12060381939699179,0.13955213191208085
2014-03-26,181,0.0026441754096808013,0.019358624132325142,7.631112137314275,-0.050147212496552546,-0.012351817303394515,0.180053703551632,-0.07474617205613002
2014-03-27,207,0.0026746557743788407,0.019788504556470965,7.255549047258213,-0.08003438659043491,-0.04350508783977462,0.11584904976889615,-0.09961706593152964
2014-03-28,158,0.003587194816905362,0.035931199720613316,8.142530002095665,-0.05877460430718636,0.10460394751996088,0.01997709828340003,-0.19936000363827386
2014-03-31,152,0.003407238663744121,0.03902833105912795,7.275746307533717,-0.08918063047257123,0.14765011314574733,-0.1637471873858502,0.06947715093446397
2014-04-01,158,0.004424434037094095,0.03122437845766901,7.005042426594716,-0.1601857225279075,-0.11532889557943456,-0.16459926072036027,0.04199272310596667
2014-04-02,174,0.003984325437438876,0.027158031901227453,7.340280794116462,-0.08649021929938562,-0.22547274782624627,0.007424446693123193,-0.0820067317962186
2014-04-03,158,0.0037071299679580457,0.01567509458458982,7.569931306509598,-0.001515785583047033,0.020805573052402496,-0.04400449540936439,-0.14673836193473672
2014-04-04,147,0.0038509855024058356,0.017136644335413842,7.224019200198056,-0.10300888117000143,-0.09944202554502415,0.14272027979679935,-0.0724591107890905
2014-04-07,163,0.0029908874569964756,0.06690512005062821,8.19962748891346,-0.21327715154477095,0.0014676770785249157,0.14192826352202736,0.09485189996336972
2014-04-08,178,0.0015942126175517253,0.026762135635061024,7.735404147875716,0.21992137415107021,0.17564473019386942,0.024226535559942,0.012667668246699298
2014-04-09,188,0.0020910882991788705,0.01854774562761785,6.847516704568399,-0.02480359741619467,0.062136517263610684,0.16799585772855222,0.008422021932765552
2014-04-10,162,0.0025328439672261936,0.005981383235635573,7.031981261627028,0.03970716120640015,0.04392012983432084,0.09379384722974206,0.0019374163482527044
2014-04-11,192,0.0021894901158950025,0.01041785699591169,7.083895072069644,0.08424584131149765,0.12482051557977053,-0.0997765757815081,0.049946014386567344
2014-04-14,184,0.002582760956198414,0.007414641413452605,7.233172346122396,-0.03887482463744904,-0.03933855965343372,0.053499463136750205,0.07425788927311432
2014-04-15,155,0.0018405082938376003,0.04328151656605561,6.972518413379616,0.19800952787872889,0.19465177505475112,-0.051138991513239695,0.08792011749011167
2014-04-16,166,0.0036999488801070283,0.008505163758300793,6.762847436685045,-0.044984159782714965,-0.12591909081285532,-0.08101605882281865,0.023536281222857457
2014-04-17,189,0.0023434712247492324,0.039224788508401276,7.571462321516512,-0.02556827476056639,-0.08620643566238174,0.005444905243425611,0.220497682224305
2014-04-21,207,0.003841472179193715,0.03360717764543997,7.2891681589570085,-0.18331138719337864,-0.28028530169852317,-0.12944166514839336,0.0026688718541083766
2014-04-22,185,0.003191552368899305,0.01427921432429824,7.611085802801971,-0.12213334606721919,-0.12379329166114669,-0.03943705069623003,0.1044893119318609
2014-04-23,185,0.0030415856044905057,0.01583993414700735,7.441989927473557,-0.013420228187807212,0.07767267013676628,-0.161552561437721,-0.028086554172729806
2014-04-24,212,0.0023704943928584427,0.012576384906206606,7.672056017112064,0.012745816017763409,-0.11612662150510453,0.05001829980464082,0.04827288311071911
2014-04-25,220,0.003017674966698591,0.017795372845921476,7.702566848094174,-0.12449222642060437,-0.06748277304499796,-0.058513113019622344,-0.07728887286215327
2014-04-28,208,0.0032195294970709105,0.015244575074152222,7.447194400314322,-0.14711665404262247,-0.1028949131983751,-0.02685492264711921,-0.06245778089338128
2014-04-29,194,0.0024149165365483743,0.032683014226138174,7.655969407830884,0.057373473055170245,0.0783908004341595,0.13291651259184348,-0.20566840226193944
2014-04-30,205,0.002602173394942816,0.016634438873785795,7.281172767780222,-0.023377565728519584,-0.051698160072769686,-0.10323378075615415,0.11141841463090058
2014-05-01,189,0.002917197207741245,0.010211348243344243,7.689516116073728,-0.02046312992474499,0.06037479572646247,-0.131934307391616,-0.010677902936296009
2014-05-02,210,0.0016603944120746133,0.015363335913655463,8.920431825261037,0.09024678399688191,0.2122920346944703,-0.002398405045757298,0.0024939332830647277
2014-05-05,168,0.0022186629172638098,0.03327751435130777,8.052218879938208,0.05565619906454233,0.27089535276101784,0.00894833671241126,-0.08097062873861932
2014-05-06,182,0.002432578619697805,0.03482279789478848,7.354340557096928,-0.008139853184959788,-0.10077135111184353,0.2687360643063342,-0.04528347757953116
2014-05-07,220,0.003391755627788488,0.02138104177510214,8.26052782452173,-0.18939176393269308,-0.26627793715049175,-0.053909482094599746,0.017206706950832994
2014-05-08,191,0.0029950870951039213,0.003517858696813536,7.85675867539141,-0.0833340341864416,-0.08354691073783596,0.012281030442244342,0.010476644152337766
2014-05-09,168,0.0038493000966753157,0.007651945712442765,7.972954072931749,-0.10795786468982324,-0.14763271053640217,-0.05740916402391927,0.019634906767234995
2014-05-12,146,0.004425118255465528,0.045168297323053386,7.479063750075079,0.05005553081852243,-0.004925736649440094,-0.27718484533829324,-0.06007947942672514
2014-05-13,163,0.002709170192542205,0.0034801727217469436,7.341076989999947,0.04470609045339179,-0.004530177298633762,0.05343497466814709,0.023199629408336506
2014-05-14,203,0.0023912621668236243,0.004623401195718246,6.917976882727289,0.001705008223531301,0.02904070049347543,0.06362301346407842,-0.06522116191147695
2014-05-15,165,0.001900721323331227,0.04699025073991314,7.205972090710486,-0.042444762667322736,0.22057913676683424,0.13544430426197296,0.05918328493921481
2014-05-16,175,0.003890773193172676,0.024784085627865715,7.691231185671297,-0.20273531970568354,-0.2574624469033809,0.03181262109948418,0.06661452789913079
2014-05-19,179,0.004244525625522859,0.05038449013344892,7.4520627044780605,-0.17330329792785668,-0.1977400259216885,-0.26406222006631347,0.11556536997866967
2014-05-20,160,0.0034874729412782694,0.021902167800811223,7.3224215421116075,0.016629590838425645,-0.19245178745825564,0.0821116373950758,-0.02228078198428566
2014-05-21,160,0.0037570044299707083,0.04726585652912607,7.87466046826505,-0.2079438851340441,-0.0723016031299159,0.16010544285307857,-0.08210137217974531
2014-05-22,184,0.0031424246860198486,0.004477697308022388,7.676694071550821,-0.0699951923723449,-0.1133456794316957,-0.024082056208122628,0.05101064355686633
2014-05-23,161,0.003502258090121719,0.03807360590998499,6.623529447259984,0.09411663554740247,-0.13810682865966525,-0.13294326555685798,0.049206353649944565
2014-05-27,144,0.0049352266069111585,0.046069028789620714,7.081222041388438,-0.0635479329841246,-0.009035596474703174,-0.20245250879052165,-0.14630922454106327
2014-05-28,198,0.0023445033221857437,0.019267692423344474,7.51089792773535,0.06435174181896336,-0.10910977607097051,0.06749618867382168,0.04883852999262973
2014-05-29,167,0.00378666810636745,0.013289813291594177,7.408814243240788,-0.09345872271829658,-0.1766089479906206,-0.0900137962195332,0.09533431940171734
2014-05-30,146,0.003050643532018812,0.036428761161296785,6.942286443417152,-0.004537102155698907,0.24158153253183737,0.04684989591646637,-0.17468223764210092
2014-06-02,165,0.002739220484583281,0.027641927957743007,7.78184945873234,-0.08500910487854221,0.14194721601672938,0.04359463542914002,-0.004475506479809958
2014-06-03,163,0.002599779662091665,0.017303711291081325,7.290778890874471,0.039205458889301464,-0.08440445615312536,0.14308435538471265,0.05458647203722668
2014-06-04,171,0.0031744026424825665,0.025243963273267833,7.3124571330288575,-0.09720584517303903,0.11247324894914879,-0.1277193651648421,0.02680625765969089
2014-06-05,164,0.0038874384367090066,0.026580197996466826,7.696586897623318,-0.010832815835019823,-0.059310213815691154,-0.050604381628825704,-0.15433239596101828
2014-06-06,147,0.004326885159006507,0.03694473248206087,7.07981812007601,0.043822645530226766,-0.009593710161890463,-0.20962763511267718,-0.09670553700357336
2014-06-09,160,0.0042269768490032595,0.043524050991124885,7.3882112213600815,0.04331215963386373,-0.23012584988517867,-0.1564446494770745,-0.00937425195265878
2014-06-10,155,0.003715016578923758,0.012260209862849036,6.624515535492986,-0.018265175220157304,-0.13661799379476006,0.04074919742631766,-0.037521167877758416
2014-06-11,176,0.0030723609799622772,0.02873652155160744,6.900864929483511,-0.04135338706197911,0.13500462280090095,-0.21887226628219103,0.04374996559654498
2014-06-12,190,0.0021034661223288897,0.02078435024598113,7.166048573818045,0.1324464316364615,0.005738340665406255,-0.005615626618078802,0.06811372783123418
2014-06-13,155,0.0027770805851434917,0.029105922726814892,7.236861184651852,0.030355168876700193,0.20872511024787588,-0.17266128323036178,0.07268602271129153
2014-06-16,168,0.003599092523661145,0.015480846308040142,7.911791009803843,-0.09052500464750524,-0.15829352448000739,0.09376185622290395,-0.05423841504553803
2014-06-17,150,0.004773006944543865,0.04533574860392464,8.216355960253024,-0.011387440457176677,-0.05621615596953502,-0.2315403538289201,-0.13275813310752776
2014-06-18,160,0.00397339857741087,0.034251969060206,7.375824909963086,-0.1878413930354062,-0.215002298875904,-0.04461522708177278,0.17597137422160697
2014-06-19,145,0.0036118129711332357,0.015029418907124836,7.17189648670999,-0.10031293517092287,0.004772280691267317,0.08912737094656062,-0.04101247809553902
2014-06-20,163,0.0035458801454225836,0.005876345120986781,7.209961444973725,-0.05835192179047956,-0.029553014473481114,-0.015013675374443586,-0.05303831576936163
2014-06-23,156,0.004323969072978095,0.022928442309748998,8.056271069956376,-0.17027388420218353,-0.23627089783356017,-0.07792952277263462,0.1353959540392206
2014-06-24,168,0.0046910070130580074,0.054141958160083714,7.649494628498548,-0.2506288836335404,-0.388900205863632,0.05863718684574351,0.0047135462639339406
2014-06-25,183,0.003943215833968158,0.08014515407665102,7.562684409481625,0.04528718438490106,-0.3873512855668312,-0.18612185703050563,0.084968962980111
2014-06-26,210,0.002242934665424689,0.005908232101391464,7.516254459605195,0.009110322629284325,-0.0187742261308518,0.10357065318934872,-0.03593930916615223
2014-06-27,178,0.004265990234242217,0.03249824822479164,8.195960183966285,-0.05849332541494792,-0.14120450191761424,-0.28141295817796746,-0.037581737879699005
2014-06-30,166,0.003133264141258543,0.00976910047164914,7.927309533498765,0.024338073405895253,0.10800009350106032,-0.13864483580389844,-0.033937026000890436
2014-07-01,178,0.0023652875065051458,0.055386927189046364,7.358496458199041,0.15084396579476098,-0.13542941469246092,0.013182203263378147,0.1293608933184922
2014-07-02,162,0.004025299269391238,0.023483755736682377,7.4689338159116545,-0.14496252766914078,-0.015523563081316827,-0.1468815017976673,0.0031706292653617364
2014-07-03,171,0.002726906210029221,0.02669176651664451,7.3515026419474125,-0.11006631116634316,-0.025551025116351395,0.08991854541227301,0.11309686704042127
2014-07-07,160,0.003470358702874905,0.016001907959151462,7.101827469974282,-0.0494882979027315,0.044358610317824655,-0.18014723195108343,0.07476213461601904
2014-07-08,177,0.0052182638542835405,0.08374649506387433,7.2114515879876935,-0.30842242349847626,-0.3255006412902205,-0.14815925754600162,-0.0651830820816729
2014-07-09,156,0.0038463595274693956,0.048641311076835114,8.280776883020177,-0.00814353052128116,-0.2733314469476074,0.1388390033188846,-0.05742819842044817
2014-07-10,160,0.003569761680517053,0.022807329038296853,7.804632226772379,-0.1224873051142796,-0.06797093038122023,-0.095555658534098,0.14369015626413842
2014-07-11,158,0.0026015725461924102,0.03854056010611007,8.31146621208831,0.17205343032331097,0.19418103770095704,0.03905003529669571,-0.2273814279177666
2014-07-14,147,0.004496865808119464,0.012640408971880901,7.962762740361355,-0.049165286080162365,-0.14505049436578366,-0.11240302295242939,-0.015459744188748003
2014-07-15,155,0.003787424991099967,0.019062673564833488,8.121094765981088,-0.10193839660638228,-0.2046135522837939,0.09932681131591296,0.03312339033327329
2014-07-16,183,0.003698808271457007,0.057283188240905725,8.180108371682554,-0.06679998960036096,0.04235889011716942,-0.10726591430935205,-0.22205681356072296
2014-07-17,183,0.0027379658325345614,0.028641518438699,7.870704302890344,-0.029984922181988692,-0.07164110825106201,-0.08763088837902576,0.18716142410442624
2014-07-18,187,0.0021080620998454366,0.027936591488023854,8.429542254557914,0.21311966271036117,0.20339186760424843,-0.10288871975617776,-0.10203803590062115
2014-07-21,169,0.0026098311681857834,0.011699491615304813,7.87591294251072,0.05850268774951781,-0.060102757078636174,0.06690457383712868,0.05257256064519705
2014-07-22,188,0.0026145785966915453,0.0010285743182554263,7.5446571118000305,0.012963189991856368,0.010177380170860686,0.027108823615094625,-0.03333094613382613
2014-07-23,187,0.0032276808793118795,0.020689814969487963,7.23463367136346,0.019161832316269608,0.008291065290152957,-0.24357374421417627,0.00896819774510589
2014-07-24,188,0.0027188940896195877,0.02545901069732881,7.711007355283724,0.0949064297633896,0.09129601147437569,-0.044678475733085934,-0.16382814320164507
2014-07-25,198,0.002577899509684251,0.03125127519489679,7.442039566161594,0.11816371832877932,0.1789318783654331,-0.1484616209909306,-0.16948218153825045
2014-07-28,213,0.001567672268594668,0.015389552187530464,7.640322627584637,0.05391561230862024,0.13072315234771037,0.09876470900942906,0.04876813991292783
2014-07-29,206,0.0036788168240026596,0.03851756522573624,7.802481627648282,-0.2776062441756137,-0.23301072120734442,0.03295239504860201,-0.03800796115473109
2014-07-30,194,0.003248485663660001,0.03087839536845871,7.873313145266675,-0.12528701318415061,-0.2704359977778227,0.11034939561158742,0.024961177850304484
2014-07-31,216,0.0005249758550982173,0.09068617727785577,8.52580231596001,0.26592216152051185,0.34496360159042094,0.395466733099133,-0.23314206561249845
2014-08-01,223,0.0026235688479134293,0.015603843820641616,8.537749499241798,-0.04285152164112405,-0.14368211592776517,-0.07937429965821549,0.09579623105772628
2014-08-04,199,0.003411705425313379,0.020480858113164913,8.764816595233741,-0.1877407031816174,-0.25350871396336455,-0.051350357372981,0.13474101524323867
2014-08-05,183,0.0034142260307496886,0.024109716395818825,7.529067832909116,-0.05647979982219986,-0.19822312968895717,0.06877361986870441,-0.06367741761193553
2014-08-06,199,0.0028359271451751564,0.004486121730097881,7.650759244415634,-0.024672462220766488,0.00044080500558783267,-0.11138516194914293,0.006917815384612109
2014-08-07,203,0.0025676692107747486,0.008216781074510071,7.662353386141296,0.039811565111468876,-0.015238361984130009,0.008148512819005577,-0.0751954155208956
2014-08-08,178,0.0036418093530980545,0.011002783195319221,7.949914281840385,-0.1260552504539777,-0.13728849861690484,-0.09354036092007527,0.060399980288054815
2014-08-11,175,0.004371419829742239,0.03787691873285348,8.255443798711074,-0.1642073636213617,-0.32564380968226553,-0.20117819967904677,0.16103243257287164
2014-08-12,160,0.0029499652367344907,0.027312510930964984,7.102601041415414,0.10389204039096102,0.1621269962485967,-0.04378959049620684,-0.1662183218983929
2014-08-13,179,0.004184973333014461,0.03072016351280349,7.735542672676241,-0.1103978642873689,-0.12540064476574536,-0.314400424014612,0.051978479848554346
2014-08-14,167,0.0031001754887689955,0.030338353757974446,7.924411493695016,-0.09075918127452426,0.0025586437362548273,-0.09729631565933988,0.15003823994876106
2014-08-15,168,0.004491186685864492,0.04522455728697783,7.473858396440385,-0.26137976299663274,-0.28995718974684775,-0.08133392748907685,0.1236321537820753
2014-08-18,171,0.0035209628665213294,0.038480029115684156,7.597009957584116,-0.12264035185894116,0.05584093191304147,-0.2116374574412951,0.0742675770368898
2014-08-19,164,0.002175004618335667,0.016885054506471486,7.635126925305954,0.08432989801194048,0.05504677998211391,0.18170911671101636,-0.034487309519160514
2014-08-20,158,0.00210487276268281,0.04153621052542322,7.197036977573237,0.08168716453110998,0.180088742401087,-0.06674384920646291,0.13982814926650056
2014-08-21,169,0.002470086506351167,0.02573311020913116,8.03242481560824,0.016616312310134166,0.13521002436300086,0.15579571555128968,-0.14251129137112556
2014-08-22,167,0.0016558680131877794,0.031678848976760876,7.613603519038025,0.07028018834351629,0.08041442508524609,0.20492865895340295,0.09131681121312252
2014-08-25,161,0.0028336285947660376,0.008344337673297453,7.176509939447678,0.09296752943194171,0.058763797583038305,0.011369612824158281,-0.07552934735380432
2014-08-26,155,0.001470925838586707,0.03926660720705066,7.272021207924698,0.1710215640653948,0.2504314234492923,0.0683368620492258,0.054223140474200765
2014-08-27,200,0.002260156861763492,0.02299017748572052,7.668227197891945,-0.07252984789312086,-0.033025372091057104,0.061507737089242086,0.1399847381895296
2014-08-28,162,0.0030608846819816316,0.011440369852273813,7.9879797371771595,0.010255456079132964,-0.10247012765305591,0.09930211503127898,0.0011859195805897335
2014-08-29,147,0.006132180181290888,0.08357984220692205,7.523416861895712,-0.10554283738759203,-0.3402235869414736,-0.26348262591198807,-0.09361192305846504
2014-09-02,179,0.003287563222982671,0.029026345527366715,7.387524671564134,0.036459064261784774,-0.1934667526840946,0.02354784279231462,-0.043487788197806465
2014-09-03,199,0.0019906096429853576,0.03660686131708846,7.936864164587722,-0.06197414519131486,0.06364594556101594,0.04509505205600623,0.16097050966611476
2014-09-04,174,0.003699279490218203,0.011963679232959934,7.45689711938858,-0.11631544311012776,-0.17532023534829005,-0.06642899935030959,0.07071541521278558
2014-09-05,161,0.0034369138905255663,0.032008092071483585,6.685439898657214,-0.12940771627967876,0.02604627102342004,-0.10125969182908719,0.09793486433611698
2014-09-08,197,0.002107509704811836,0.021676718696373443,8.30076013886015,0.15895797477296986,0.16212300199575272,-0.1172176776562361,-0.03422212280834561
2014-09-09,190,0.0025330831662718663,0.0215355973386967,7.238295746643521,-0.0838668109584145,-0.046546139921060145,0.20548911044455925,-0.03764776274839168
2014-09-10,184,0.002059562419548249,0.03858280830695904,7.344076855693197,0.12588147061514554,0.16324167623380756,-0.13793579663291658,0.090893679390212
2014-09-11,202,0.00392274585623366,0.041156099976426774,7.160322632043826,-0.19783311791111907,-0.2614338091138859,-0.08104174605436724,-0.04448065283903267
2014-09-12,150,0.0036984473900910724,0.018343108137387265,7.166796893059257,-0.08153989501787218,-0.19611798683658796,0.05320073565554569,0.11492292917159629
2014-09-15,176,0.0028583149515545884,0.023326900962159725,7.692771792142866,-0.13429705029078587,-0.013493771759528279,0.10121468639366,0.040449272709438246
2014-09-16,175,0.0021526179443957585,0.01713871770005182,7.494569457953938,0.059755110888211574,0.09632125687647819,0.16773113193258674,-0.07722378023579467
2014-09-17,191,0.002210911286534876,0.009681012182557569,8.088964332753855,-0.01620115047926727,0.015656824720073674,0.16400236933662277,-0.008026155033757918
2014-09-18,193,0.002693322794260519,0.019509874589209386,7.622293280141244,0.00544230274452054,-0.010695068592036389,-0.14717452512374737,0.11280469238670167
2014-09-19,182,0.0028136270254753813,0.004723280305423017,7.4118679115452935,0.04380040542309488,0.029809719283967043,-0.04034105949626181,-0.057429302483833544
2014-09-22,166,0.0020740327858395687,0.027264950855683034,8.209092505817326,0.05622281088106122,0.06033388894263846,0.272019469898095,-0.07715505462052756
2014-09-23,178,0.001482739285241109,0.029080437972733186,7.676074843976905,0.06945577877459659,0.09167404839646204,0.18617170024059693,0.1248432870425056
2014-09-24,196,0.0024315777733589063,0.019672940406193495,8.151393181721964,-0.09631663630517517,0.028814270087568112,0.04422182871906718,0.07010205034184852
2014-09-25,201,0.00176635034653185,0.037623892050500984,7.714586914264845,0.06921453128018909,0.28696848462555313,-0.09616569850213186,0.029909843290568075
2014-09-26,195,0.0027235423238808195,0.009915780241969485,7.75238855125112,-0.0031138796960511043,0.06249212905301397,-0.024561782730283407,-0.09699797294019342
2014-09-29,177,0.0026504409600079932,0.012295680758994232,7.33359953533994,-0.052396420594449294,-0.07000771485541614,0.11920054102034927,0.06494749458669086
2014-09-30,189,0.002347633455753197,0.015580622117316034,7.490276160327862,-0.014934454920619166,-0.06095503056711406,0.055460503504434044,0.13302353570859118
2014-10-01,178,0.0029653238234023695,0.004410358721503416,7.3300264825189565,-0.023296667172617292,0.018636518844199305,-0.09035231984118228,0.039357187038357604
2014-10-02,173,0.003778894935441128,0.04216712133925349,8.37227539489906,0.016312531684451435,-0.11703597090328144,-0.06271594127279921,-0.14405826717100434
2014-10-03,189,0.0020038262754334983,0.05139538729507176,7.576395037159073,0.16017497508540718,0.2612338035871763,-0.24176217409507827,0.06290706330863084
2014-10-06,193,0.0028509836392705593,0.012812099783117814,7.580498950660217,-0.09227707714499284,0.02228412278043069,0.01946723472566091,-0.04995396511953159
2014-10-07,195,0.002735800148316399,0.00420694666133703,7.1703618965282425,0.005103503892662714,-0.08184893352162403,-0.010667084128876425,0.020450455914439874
2014-10-08,178,0.002622417181851457,0.021617319116227107,7.325485067653449,0.06607007375687526,-0.11725335005118954,0.0671551659452428,0.05044759360995186
2014-10-09,181,0.002633094398609932,0.002741460815388619,6.939969762117688,0.0510759965656413,0.0187002805893189,0.012318886835070203,-0.035275336286821966
2014-10-10,187,0.001297091003707355,0.03052677401438697,7.7789150696040785,0.1723299138993088,0.30399999543478134,0.11260322397557254,-0.0740451686962141
2014-10-13,202,0.0018471419969460228,0.012610160511992152,8.259335320611168,0.09981148538368366,0.051469625482676744,0.17640817064243206,-0.07393464827498832
2014-10-14,194,0.0037277379041250466,0.021903212175076292,8.10637834639555,-0.16237907082217762,-0.11215760738669135,-0.094028105674609,-0.07779752291704015
2014-10-15,206,0.0011846576414092668,0.03056562778656402,7.698125286212808,0.2435120125632641,0.271347775905995,0.04016949168153849,-0.04310822841142282
2014-10-16,219,0.0021825945822029546,0.01938700743719335,8.266715138092419,0.1381422129630143,0.08463843125316248,-0.1628620441468728,-0.015895027074210866
2014-10-17,197,0.0015853655907724837,0.029754580437106104,8.26385868841133,0.2201251219102867,0.18072597194966494,0.11167517783639686,-0.13716031446071286
2014-10-20,212,0.0032679701145075595,0.01880299994253387,7.4918733701012865,-0.17114173451850187,-0.16680999123518014,-0.11685304069970666,0.06918543790218244
2014-10-21,229,0.002933461643306573,0.024853818713513,8.042651028125873,-0.09728335765742482,-0.06606301583152259,-0.2601794416839881,0.08000038253852551
2014-10-22,217,0.0018902259174520288,0.043899506168392444,7.501574800573168,0.11941708921968401,0.22265043610908483,-0.23286469211810457,0.07043911861514841
2014-10-23,193,0.00224283833760757,0.03545635965499527,7.917700928336287,0.03557870654916414,0.11776198082232876,-0.16637232616536726,0.14729604047734668
2014-10-24,195,0.00240857226410107,0.005046121998702691,7.441402845451195,0.04831100447059425,-0.04467870469588,0.033576007405881465,0.023448509819992525
2014-10-27,222,0.0022840393725705134,0.009351923070619939,8.327935946045084,-0.03697328907354432,-0.024236797609717448,-0.0580225347325282,0.10511913999447556
2014-10-28,214,0.0026424801750721365,0.04131928099064508,8.24405955028556,-0.003800643099134761,0.08292847898991824,0.020257283065290347,-0.2303666338869495
2014-10-29,230,0.002551202958377608,0.05281390884677051,6.891191117861538,-0.10079520702999101,-0.31948562836280076,0.033243880870940136,0.2134835936681538
2014-10-30,262,0.001102173161789161,0.030448263541934972,8.136905864414246,0.17319464050481637,0.15943950738737997,-0.012870135799748892,0.10269725113002127
2014-10-31,232,0.001718063770813919,0.008398675147244128,8.164692654674248,0.018021157739618807,0.019112866060504212,0.11845598411856822,0.04722840242365263
2014-11-03,218,0.0017580919951216772,0.009533256492688436,7.974413601003269,0.061571282705463276,0.037414748719824024,0.06011386475622849,0.07437199394543555
2014-11-04,190,0.0030981360480347594,0.06414676858447843,9.224671421793223,-0.020647844229010184,-0.2847253473223255,-0.06808127163511647,0.19616276493324428
2014-11-05,214,0.0032156102691029945,0.03382816937739663,7.800677456957964,-0.12761272437088458,-0.2869004301157376,0.059290033053760856,-0.021058073743214722
2014-11-06,215,0.0013013670387791146,0.056158341219896935,7.799069386180125,0.04721095448951768,0.32148336154348717,0.17937608096102914,-0.10765822366904809
2014-11-07,225,0.002263994688540926,0.03888658285215607,8.417280799655932,-0.1142577099537334,0.05508595780210341,0.17347630308607714,-0.13310216077785977
2014-11-10,206,0.004420719048332777,0.08196850352801888,7.850901907417806,-0.16135533410478065,-0.29228351952006354,-0.42190941723748354,0.0542120229492276
2014-11-11,178,0.0025180432862649915,0.030875442356558924,8.792232533544713,-0.040826497534980515,-0.09902944671693623,0.045377688472012886,0.1980548458695693
2014-11-12,221,0.0013580877511387471,0.02880787025239262,8.355111105918741,0.1614391320618471,0.325714131227686,-0.025753721697831675,-0.061674327595023275
2014-11-13,215,0.00222347583154721,0.006005664655301279,8.32999243545518,0.05042230690820964,0.014146504632145252,-0.07690132137953368,0.05623790227388011
2014-11-14,179,0.0023993090131472113,0.050082764592602524,7.704633990302593,-0.1044614090205374,0.11877849815106895,0.2248103182558302,-0.09808003409306755
2014-11-17,189,0.003475865594275974,0.03159292246044132,7.455049538049479,-0.05480344778056599,-0.20034684734319225,-0.2087877362464518,0.15006083673388207
2014-11-18,200,0.002760339863936089,0.0065387616093702805,7.619797962414854,-0.054202504141000474,-0.07437478267524314,-0.05659766868542591,0.08103900992723509
2014-11-19,163,0.002405728284249681,0.07475539426781974,7.743942036539441,-0.1398499727565618,0.03830656303774487,0.13622281878388298,0.18105317026953363
2014-11-20,149,0.0033247425160924087,0.06526149807558446,7.035657732704272,-0.06327424265395981,0.2622117372489935,-0.12373393998671195,-0.06597682440386127
2014-11-21,164,0.0032855221860059623,0.005789494660695671,6.922872793169893,0.022304960598358903,-0.03686456292409246,-0.10258393126651089,0.03949225658228704
2014-11-24,194,0.0020552213698405795,0.005606312975290573,7.199790079494777,0.07020293263134923,0.04710245161542896,0.05278925046690624,0.03247947378816627
2014-11-25,186,0.003296587245862459,0.024632028599833045,7.794184639353406,0.017369200780506303,-0.16292677578382073,-0.0069165209100706575,-0.07385635954745036
2014-11-26,225,0.002307424847161982,0.09323194285528269,7.739424197449312,-0.023797335477776887,-0.019644366781662113,-0.28098152914094626,0.2860820501774873
2014-11-28,186,0.0018122419474668463,0.031673659602068915,7.795403953374684,0.06475913687277517,0.1982986053804211,-0.05758947672821351,0.12037773001735631
2014-12-01,152,0.0031275333903624924,0.06074442761550525,7.330650992492461,-0.04191971977661672,-0.29309519131421985,0.25706994608100886,0.1271748143396275
2014-12-02,203,0.0030555570193286402,0.01701453875959913,7.601048866963768,-0.02800294012636932,-0.16515427248084805,-0.09371577494551098,0.04631683770529071
2014-12-03,205,0.00259161557138865,0.0010462609275859736,7.469175455715127,0.0019787164251066774,-0.034385075061180305,-0.006760343319534393,-0.023395682313737298
2014-12-04,202,0.0022362100437832056,0.007815046937237335,7.451612009046969,0.10451521056113212,0.06667681316003206,-0.06310150851910408,-0.01151937289048459
2014-12-05,195,0.0033856817092581923,0.05491849844393726,7.9537287858523396,-0.006195179809404158,-0.31736904558570045,-0.06483938929061554,0.06798774807503305
2014-12-08,217,0.0024873563747013655,0.06270578915143954,7.22647146904304,0.002670512099919732,-0.2815857774236193,-0.020519004140532607,0.21992160284384374
2014-12-09,203,0.0019934377218535143,0.015654137468097185,7.804193015196444,0.07036391319731,0.20169988317892854,-0.09734636515931701,0.015946853710557898
2014-12-10,211,0.001663135191440918,0.015615818844505469,7.445347308201552,0.07728100958306772,0.19231708631847058,0.001015730320227396,0.02754312299016309
2014-12-11,198,0.003385788385415985,0.010912472600440926,7.781767322266431,-0.06041323940179101,-0.117490554668482,-0.1264139742319792,-0.03645443232248002
2014-12-12,199,0.001290345284748091,0.02602417182102601,7.769798251029898,0.1435141310740342,0.24900983546675154,0.0310187633127799,0.06289984681669511
2014-12-15,215,0.0035258652418109853,0.06784446936634181,8.111721322396798,-0.016616297151080754,-0.26949874337005275,-0.33193164796371105,0.10192463450612162
2014-12-16,205,0.0019514373519794502,0.02166483735691549,7.627331403263426,0.015326816716667404,0.1667292479178297,0.10293228291960299,-0.0850776618656784
2014-12-17,240,0.0027419807192626488,0.0310084991115942,7.402740999625176,-0.2165123990315612,-0.11497901570834707,-0.0021527872775714565,0.017493456771411064
2014-12-18,193,0.003471296125530786,0.04561530681228809,7.243021300365889,-0.028317287737647995,0.07067508896316099,-0.31303287022623005,-0.0692452354541692
2014-12-19,200,0.0025518516769060147,0.003813553189530361,7.5419031730691675,-0.04468991062757591,-0.0013366506504687225,0.05721856431852185,-0.03193267380288455
2014-12-22,193,0.0015673427953215673,0.05414391875934632,8.071012779228896,0.2675007119692796,0.07901081742674301,0.060239141149326055,-0.01174498953947402
2014-12-23,217,0.0021868163745573065,0.010985140115458591,7.23096059223819,0.08771841475086935,0.09181440998839656,-0.04698402606695174,-0.08162710523018385
2014-12-24,222,0.0022683351419801076,0.02219897202746124,8.22154473779623,-0.13585342860114394,-0.08588732184342848,0.12599584296858563,0.08860410443681624
2014-12-26,192,0.0032043124757959052,0.00714503111564424,7.741637279303006,-0.08594017163894921,-0.15717247331800085,-0.03237609275092682,0.04503274700224242
2014-12-29,221,0.0028531037116299226,0.007923042027541571,7.299205884879331,-0.06596946520296013,-0.12682791918053948,-0.09116550946510095,0.022891053308179494
2014-12-30,208,0.003148875414013405,0.031100039207525798,7.869504673091366,0.040385404722915436,-0.14943978865562574,-0.10193756694269553,-0.09894022135417084
2014-12-31,200,0.0038158144421222245,0.040162651544556116,7.917803713621606,-0.26190683626767647,-0.27278239058140297,-0.07865074055289514,0.08701419055308138
2015-01-02,239,0.0019164492565033335,0.01527177277457925,7.954072902684239,0.05392651458250209,0.0191612937209331,-0.106393631888428,0.11724307897640483
2015-01-05,216,0.0012289931072338917,0.04362821196118094,8.85299029623499,0.12225908436534684,-0.04725144305443463,0.3046905605370289,0.08937677582702454
2015-01-06,252,0.0021079354658692343,0.0058733615000439165,7.439741692797514,0.02023803661375067,-0.07105252786075196,0.019396011589722165,-0.030980995140816984
2015-01-07,315,0.0019219592793284321,0.03207155593108524,7.669709702849335,0.08409420442574074,-0.0646401930879052,-0.2382675487540142,0.007979191439283101
2015-01-08,254,0.0016613064878143375,0.023479553873161585,7.5965935812256395,-0.02350265883773077,-0.12476267259842001,0.18890534813544213,0.11541628749101973
2015-01-09,236,0.00213733370719914,0.05814548379631779,7.836181087671686,0.028909026479943787,-0.1958606171787205,-0.07764570254165028,0.2357757834424265
2015-01-12,280,0.0012418626661647265,0.013366772625868717,7.651156963562111,0.1281764310066622,0.1463033991727436,0.00297892387197249,0.027098152896379665
2015-01-13,249,0.001597141917143151,0.014170880213632553,7.636466966295568,0.10590340049525658,0.14653876116319897,0.06141674649752513,-0.10923558289328723
2015-01-14,266,0.001943166384970538,0.010534952263885011,7.810064999371182,-0.10186106061219043,-0.02450715336797512,0.06895990631818574,0.02364379085765183
2015-01-15,258,0.00283628636107918,0.018773299123111875,7.543300683416262,-0.139947757784451,-0.17058231411455801,-0.12222139083338782,-0.030772299584451327
2015-01-16,254,0.0014705450661486631,0.011968068901131668,7.233798292638071,0.04784107682342263,0.005368285389875145,0.12616985356158558,0.07358389062160077
2015-01-20,322,0.0009478883638157359,0.020786701992653978,7.126449370125565,0.1209657756288132,0.076685367571425,0.1347165708591813,0.057192179643237674
2015-01-21,243,0.002753718153662756,0.029662093882499962,7.072729303457611,-0.02039385451148773,-0.11813591102252344,-0.06645657748421543,-0.1333206796618732
2015-01-22,255,0.0014387718630954243,0.04481251068340042,7.644365438366016,0.24396714763157334,0.11108318940699455,0.00310088316670772,-0.09192487038393928
2015-01-23,271,0.001109758827609351,0.026401467998992567,6.903537171364915,0.021352976577351548,0.11176039870658006,0.1692749185199324,0.09612242163186792
2015-01-26,289,0.0015604640586032853,0.013577730126964394,7.523438350497353,0.05877965773887663,0.10461347164843952,0.0654293522039168,-0.1307707074639253
2015-01-27,247,0.001396145652090499,0.015933624512653233,7.624452926514652,0.0350685206342388,0.07018208833470234,0.11427448512927621,0.09077895376908846
2015-01-28,297,0.0009752425825633598,0.02423058435905312,7.410243783304338,0.06003640768941056,0.1678664479763531,0.17732055817810638,0.015482492113497266
2015-01-29,276,0.0018471723675283615,0.03859189244288541,7.654024924705674,0.03167521379114707,-0.1903328478131022,0.06176709138017449,0.07725139576611965
2015-01-30,243,0.0020837894143818014,0.021930335238689924,7.663326514650678,-0.08583317406686272,0.028867885997707957,0.1255620512700826,-0.08131841859048267
2015-02-02,283,0.002253472953371369,0.027168651123949394,7.677556143965325,-0.15880454024405016,-0.23398230736643785,0.1367483098874291,-0.019427153885137168
2015-02-03,258,0.0020980776750875426,0.007313418504332092,7.556763665726751,-0.05613758142016232,-0.07677329834993435,-0.0499065377291946,0.10020933715411555
2015-02-04,279,0.0021245074869422308,0.02044725372771039,7.108302888272203,-0.007672635009212011,-0.1423528305116549,-0.15040900685852115,0.11495929466561502
2015-02-05,257,0.0021156542542204704,0.004837068567477121,7.377804622298654,-0.07791403699555242,-0.04950350469295702,-0.0067480155293702425,0.04671927054856494
2015-02-06,256,0.0016149877701610812,0.016305520358320558,7.0339358378827574,0.080675631346986,-0.04558287286472794,0.09264163285560292,0.04539187033966292
2015-02-09,266,0.0016269145692078947,0.02107790398277165,7.899524411282269,0.15667549969213296,0.11117482559177831,-0.1373187753603913,0.003949899257879288
2015-02-10,270,0.001508136581977452,0.020884989181182978,8.243293098837725,0.11080940757383473,0.03963521077651788,-0.07687406953660249,0.11203569691843435
2015-02-11,277,0.00228581884713804,0.03257761465168585,7.328958398718721,-0.031760121438576525,-0.06722197369927972,0.0038308584700421115,-0.17119240464665983
2015-02-12,250,0.002666524781467821,0.026030670009615675,7.604690515091316,-0.1928010609550453,-0.1350903362671253,-0.049128222223495416,0.04375722871174942
2015-02-13,237,0.0021060505529888916,0.001584667223231473,8.703791479632603,-0.012160404468395107,-0.015738087599993525,-0.01459470452996593,0.04422523448161883
2015-02-17,316,0.0012361658940450834,0.0151361265254768,7.139820125246472,0.07828721545811393,0.11997722568538668,-0.05241756189154039,0.07289627571154225
2015-02-18,270,0.0016994708044382814,0.05106360991796821,7.973919613293097,0.19505822049570748,-0.018416056495029184,0.024415160284898037,-0.11877155868224254
2015-02-19,296,0.0013829999195192403,0.0031409667507993344,8.054686434040608,0.05903252156053715,0.0728770455331587,0.08227865961242223,-0.032924179061514965
2015-02-20,257,0.0017459408706567603,0.04328494005892314,7.385789602488113,0.221754121503252,0.06086768665509041,-0.11068539660931212,-0.06935001906660188
2015-02-23,270,0.0016674313428286347,0.0018756275092356445,7.090303483576205,0.010230564139072468,0.05786282227085058,0.02979339295302214,0.0017002955095814555
2015-02-24,237,0.002635156070198163,0.008991882672058193,7.31666624557088,-0.0461633831005377,-0.08016934207974756,-0.06962862477922023,-0.05310262731442573
2015-02-25,297,0.0018390149441716705,0.013111442518988325,8.287820157143877,-0.05183728848587143,0.05958035760632839,-0.12276886019756483,0.022650914239136993
2015-02-26,271,0.0013846865390108362,0.008670296521381404,7.46295840738478,0.05880776028866384,0.06629463840550925,0.0731227089344316,0.05127478822751545
2015-02-27,237,0.002045837301309944,0.035916638462974215,7.442102518035473,-0.10214252985954023,-0.050614473096780146,-0.015999709590103918,0.19902983172550961
2015-03-02,268,0.0020933821467713732,0.012951866204722107,7.443207814751368,0.016693806643368,-0.1491287285633802,-0.037374870455056323,0.04775696170561284
2015-03-03,227,0.0028648718631746465,0.02961076546137187,7.523574294600973,-0.20176137773568673,-0.1957009007626742,0.11999884802159268,-0.023188395404524536
2015-03-04,237,0.002093893792722366,0.009679639960808673,7.888190862752925,-0.059222099887085024,0.012176626675433346,0.11044450067536954,-0.05590468521411611
2015-03-05,219,0.0024314570953308285,0.010004226477676847,7.665962463222682,-0.046707458171600255,-0.14132970089686908,0.08674677257414098,0.03631217873942014
2015-03-06,241,0.002530768358985943,0.08032905346887254,7.312974229655955,-0.15101965158865563,-0.3203862273416146,-0.06588145370934002,0.31745698360839664
2015-03-09,283,0.0015566251440130565,0.02010253439671761,8.05853973447711,0.126107109681501,-0.030654310094286416,0.027096209183725826,-0.0035988402823197946
2015-03-10,231,0.0023116454121718077,0.004186106890142538,7.468697239997939,-0.059431707660726356,-0.06734460990603036,-0.007948675504965221,0.06674481264834663
2015-03-11,255,0.002520325285001884,0.011888963115109896,7.588500373034386,-0.09257518305866712,-0.13706188345419174,-0.1347018780539466,0.07897304921584704
2015-03-12,238,0.0021449390340512794,0.06640960420084796,7.79916451439449,0.13474893654548925,-0.17945698549721528,-0.06176789525130051,0.08548496399461321
2015-03-13,245,0.0024511739839701255,0.022561740046217138,7.841522619259116,-0.0942952730745271,0.05605968876809617,-0.07841427730497827,-0.08442539053394334
2015-03-16,262,0.00177136218146414,0.008585613453792718,7.578847948932171,0.014328414317739156,0.09952054536571021,-0.08722330146248522,0.04518055869181454
2015-03-17,236,0.001450024451268449,0.01959728112492165,7.882379498909319,0.11054092610111481,0.24909197027961286,-0.042336301200782474,-0.0017081361786559393
2015-03-18,231,0.003159247262963872,0.04427697641274997,7.155323895602286,-0.20636726547281758,-0.2927053042953219,0.06860313460200942,-0.029102800323197835
2015-03-19,231,0.0015328525942663864,0.054870804450588784,7.905249592108901,0.18354399728352394,0.04443762071247812,-0.12075720064405703,0.18459768409698904
2015-03-20,205,0.0033092946640397116,0.013497292758503199,7.576059058470877,-0.12772498301497598,-0.08619591060714991,-0.1141437054232629,-0.028746213210891856
2015-03-23,238,0.0019010517112971834,0.005780308127048994,7.272389494014734,0.015845310470688635,0.04563905063912568,0.09898191304885536,-0.06536688873612885
2015-03-24,225,0.0014647402348096097,0.023838047984655164,7.414028211308761,0.12419241494792915,0.26566810896496573,0.06122385766011095,-0.11021748723733116
2015-03-25,244,0.00203357583379681,0.0017514579056895352,7.9759106363646755,-0.01373863273527207,0.007787816373562112,0.05086100707303761,-0.03729519760417146
2015-03-26,212,0.0020202252087292106,0.0035878892266918427,7.248340660552569,0.025270595895647844,0.060733211088328305,0.09517132268939414,-0.03775061817455222
2015-03-27,269,0.0007887121458033615,0.029124528572601283,8.15523999970595,0.13889958965015856,0.2753486093209537,0.13701375051151266,0.024410916075162145
2015-03-30,238,0.002315913327137033,0.00577018951081365,7.53431497892658,-0.0148737672774558,0.01977865416591656,-0.03109879216085738,-0.07618083844483874
2015-03-31,209,0.002594205457642879,0.015250640110176183,6.913969013954135,0.030021559019272524,0.11428088439715484,-0.14664430753680735,-0.08203601717433463
2015-04-01,222,0.002635870895082079,0.010607489151693072,7.9209826105820635,0.021664417754596363,-0.09393504632144749,-0.06568279199918375,-0.032373256850412674
2015-04-02,204,0.002248418294580748,0.044205347595939304,7.736798507953808,-0.09388943325776149,0.14401741757557623,0.13508768618143907,-0.10257033468820397
2015-04-06,272,0.0016113572908011983,0.02823427659710953,8.115954128802676,0.06052960385461739,-0.078010140553138,-0.0138278021109933,0.15472997261365978
2015-04-07,213,0.002427695204050571,0.0021298446707164187,7.303443009213437,-0.010171657552852221,0.006972946125565646,-0.0572343028236521,0.026234857325395093
2015-04-08,213,0.0024755874958885607,0.017722803574516055,7.688172255266796,0.007380469504194993,0.1517050431062562,-0.19151655140024845,-0.022169234458735018
2015-04-09,206,0.0021835582402961154,0.013847704683316864,7.18723215088699,0.1180469586148564,0.12262356877126047,-0.07873160498635075,-0.061564917401760705
2015-04-10,221,0.00190371237394989,0.016017328302711298,8.085359194920358,-0.014570013002819567,0.10942613569949045,0.12840576066757242,-0.06470275265008292
2015-04-13,228,0.0026904875454682917,0.024830304715921625,7.974092689090434,-0.1342485764188088,-0.10212742230041554,0.10948767968983003,-0.09997400170413705
2015-04-14,219,0.0027267060890775827,0.01140060165331691,7.4907160976881855,-0.06189272260917517,-0.15077646105817913,-0.08292059471461845,0.10129251136599149
2015-04-15,232,0.002502549543894339,0.021128193957607233,7.766061491570777,-0.13038382300300577,0.00485316941906963,0.030795828298192877,-0.06644816308123128
2015-04-16,246,0.0013779314034219586,0.0443836154964361,6.971089476438581,-0.013405366515994383,0.007657798183237564,0.36018835218889,-0.03238303433976899
2015-04-17,225,0.0013762048389931924,0.0432474861289196,7.256292274299474,0.22605666416070502,0.15599973586202437,-0.06977429376804231,0.06842571619837784
2015-04-20,258,0.0022384263927283394,0.016048422010159102,7.465124395304019,-0.019463580636260545,0.029507137543674265,-0.03362891027743702,-0.13144266527780263
2015-04-21,266,0.0014809057068131929,0.008231921923394947,7.341800405451447,0.09024573721551167,0.12953696725491615,0.06904257032091396,-0.07666711081595584
2015-04-22,276,0.0019514134888306586,0.012791776284817646,7.24539167984074,-0.0613481540209079,-0.16414641512553946,0.07565810648879812,0.07265621682311917
2015-04-23,259,0.0023709330105436154,0.043846578304051476,7.699619904579937,-0.2060085676501357,-0.08925423817726628,0.13281108706494377,-0.0656915806991414
2015-04-24,273,0.001987530824302072,0.031460682114064276,7.054024269783519,-0.07239091670290486,0.12881024574579994,-0.035269507092931314,-0.10634165201888614
2015-04-27,283,0.0022925248366756673,0.0184561584888554,7.996955837252402,-0.12161221952640959,-0.10582884303138035,0.02337713379386466,-0.0935051287945132
2015-04-28,269,0.0009991946981854998,0.03127289103063646,7.397877503299826,0.18087702945549583,0.20513029696858476,0.17471755769765196,-0.09829163174553664
2015-04-29,283,0.001053369849227672,0.024838503296279346,6.85166567952847,0.07640589102251008,0.12934252356352643,0.21311409296407638,-0.015069842212963588
2015-04-30,286,0.00178370914368824,0.01049969922034244,7.773153349755459,-0.09983944534747331,-0.03783011057455662,0.07719083922873442,0.040197086503616794
2015-05-01,266,0.0019194967651728087,0.01327860234541578,7.720121532470022,0.00990285991813565,-0.013637129901207367,0.08566610679848215,-0.10310411588734432
2015-05-04,291,0.0017117281375594873,0.005850697357716594,7.470790546540104,-0.04104530850416898,-0.0722796587582098,0.10443324649454176,0.01266594470821326
2015-05-05,265,0.0023930311516177547,0.024176104209756355,8.311420809818335,-0.09742732244616818,-0.1060934274481421,0.06378825673770774,-0.12857401720081424
2015-05-06,280,0.0014822807520696614,0.009467405798381456,7.057514605849442,0.11121401910938881,0.05269317103649738,0.04397851741788986,-0.03796292872279392
2015-05-07,253,0.0019541239364753234,0.04262475802674914,8.033829873380359,0.15820874692673478,-0.0579572957226621,-0.06796854982935137,-0.02106961323123484
2015-05-08,244,0.002459677684399208,0.014287186319774214,8.413075791244482,-0.08932816902964744,-0.10857076528627155,0.07195257471444237,-0.074376350385334
2015-05-11,254,0.0018701465773811874,0.008531148016180823,7.620320897566173,0.0563055435807393,0.12398715778877867,-0.09062110304412618,-0.0397060596350336
2015-05-12,248,0.0015946530192526107,0.03156133569814312,8.037927787866703,-0.02569098150073121,0.09964450096059686,0.2433002840212798,-0.10820170103044259
2015-05-13,235,0.0025949810714021152,0.015602093160847708,7.397985292503812,0.009645152319894938,-0.07634138980643464,-0.09429506845681183,-0.05864979761564678
2015-05-14,227,0.0032348165483529986,0.04698584389107052,7.180786046004138,-0.08403495913584051,-0.33811053748021,-0.13134076601837782,0.08487954968217098
2015-05-15,200,0.0018028618343443371,0.020516451463992946,8.383488786659287,-0.009574818418236273,0.06436022715082813,0.17670737933632466,0.04736247819334435
2015-05-18,271,0.0017346731323383785,0.0111764084277588,7.2946220648434,0.09453038714904254,0.127164199717647,-0.10347325590471569,-0.05841416868936909
2015-05-19,255,0.0026587380602696616,0.03310600264732788,7.509616382451174,-0.08375518105554239,-0.31071589859621673,0.008360930072470801,0.03015373884177063
2015-05-20,245,0.002061760761883472,0.011308447275806932,7.118177591723672,0.03900014657148515,-0.06043191074768281,-0.06697086468605984,0.07813985553936298
2015-05-21,246,0.002094914921154719,0.013238189442407844,7.197229578737137,-0.04640090194176088,0.11018730701126665,-0.05828327363062789,-0.03620127264699867
2015-05-22,230,0.0022523609800280354,0.012906733427350825,7.638743902964,-0.03933798554153608,-0.02698022633861932,-0.09174341372295086,0.12197557479021028
2015-05-26,294,0.002182340262336328,0.02902405918792772,7.786678033750456,-0.042505687733245194,-0.24951491428641356,-0.07191302617384382,0.0807175539397516
2015-05-27,277,0.00183221471536631,0.0035190717992444887,8.087285338597948,-0.012844856279898238,-0.01967332034178951,-0.04697772615585633,0.06444895046461337
2015-05-28,247,0.0019372643783354961,0.008436786616541903,7.512077783246174,-0.011600920855923584,0.08590220592286228,0.05108046517076248,-0.08239035313542498
2015-05-29,240,0.0023693946071744734,0.017409501575324948,7.20036008203545,0.039501189923658836,-0.11738837130421248,-0.018854887058389516,-0.040567343004805086
2015-06-01,267,0.0018720933544599712,0.017186084950870484,7.264075007494824,-0.06026641905597268,0.03272186232582328,-0.08061966095142489,0.10846636639994775
2015-06-02,216,0.00260305620948777,0.06454635176291423,8.03118375745381,-0.03750792103752154,0.14528802718645384,-0.3480580519945206,0.11575766334687715
2015-06-03,240,0.0019686395095251945,0.005962502049579377,6.896567198532849,0.06856358789744277,0.08366674829921603,-0.08293185484101341,-0.014245445927738395
2015-06-04,216,0.0031688401673991996,0.02884692760878238,7.9030125628299634,-0.1152272334597141,-0.3115184145637817,-0.010802630246196966,0.06860932595323833
2015-06-05,227,0.0022090748196911736,0.010101025419591125,8.045707189319955,0.005499774087434161,-0.07405671822083922,0.09844437627811933,-0.032807400284508216
2015-06-08,264,0.001938520577448672,0.04011997219625363,6.922389080188421,-0.13482996760524868,0.10035407310013388,0.06448317740377431,-0.05354614779155762
2015-06-09,231,0.0027116262720258528,0.024178844357048312,7.583905322612271,-0.04633213190045579,-0.16754009725687305,0.04970701478043085,-0.08860612329905451
2015-06-10,249,0.0020546223874943316,0.05155920215090526,7.530763177274745,0.001103708313927107,-0.26717261990008534,0.07245941620711022,0.1704075464068704
2015-06-11,249,0.0023914551565955393,0.01779452129454384,6.994043834769922,-0.1183798611532444,-0.11706731297186757,-0.08180997637469982,0.12631248251522934
2015-06-12,218,0.0018378779745190643,0.006916694516742705,7.564258533191502,0.07855302960195636,0.04996841707204371,0.022259201045438447,0.04790455539025188
2015-06-15,241,0.0017929902298421123,0.02050490267364713,7.271429290612,-0.08123017053388272,0.027997508130765784,0.1639311642586251,0.025080207360593732
2015-06-16,208,0.0021154958787809645,0.0029074801619309865,7.443942695447605,0.045332689496302675,0.008798282609298864,0.042343620629729135,0.02347912169178749
2015-06-17,219,0.0026517923575215528,0.09293359598403417,7.2345611928933975,0.09474447387075632,-0.34412281564664743,0.004039629600670986,0.08385365958077093
2015-06-18,213,0.0022990984141539102,0.04751813883786404,7.721695286745215,0.06281576152392256,-0.17794988573922751,0.22215794393013272,-0.0864397441443868
2015-06-19,209,0.002160862450848001,0.013470971635913709,7.885319217564865,0.11557355598541576,0.047835963870256105,-0.09085966479054818,0.024209640480412842
2015-06-22,215,0.001538256030690199,0.056626255680795046,7.130507629844775,0.22840864227104618,0.026749355800107642,0.16833013044367953,-0.08493822171160735
2015-06-23,213,0.0022153671251239353,0.040988856958194875,7.772897209185341,0.09825785756886543,0.03612578360577077,-0.1843932687756347,0.10626323229819831
2015-06-24,237,0.00154092460517165,0.018223816812060645,7.790287982577067,0.054056476198028496,0.03178854833987907,0.06216864768487094,0.1215880649258631
2015-06-25,227,0.00263842346796282,0.04085181990811271,7.75204696457785,-0.053515411483909196,-0.2036262086002949,-0.12755285786649734,0.18685022349557284
2015-06-26,242,0.0022170964083698145,0.0011514398272768345,7.167326293941745,-0.007781490721035002,-0.019123245994290775,-0.019854483465053006,-0.026315441470630366
2015-06-29,252,0.0007587792798461634,0.06924081270553473,7.473282143908483,0.08263599629632012,0.1272601086862908,0.25819049347951156,0.1494886444954151
2015-06-30,246,0.002494624677940918,0.014186517998931225,7.830541482293465,-0.012033967343726611,-0.05196369394230139,-0.19520856141096718,0.031850881150064646
2015-07-01,215,0.002717620923855166,0.006456892555248284,7.54969893132525,-0.05589500051740967,-0.0908665047555803,-0.08418022204686146,0.062364730062125374
2015-07-02,237,0.002494505453838411,0.0050203377479299816,7.341406016106762,-0.0435523825093573,-0.12361652394325444,-0.034788755750626316,0.019562077083830936
2015-07-06,253,0.0017309572909285627,0.07287703045911498,7.462185069464381,0.24115756997546547,0.022488949798234906,-0.17462894083081026,0.03511803184725126
2015-07-07,218,0.0029281872573919776,0.013798785746134357,7.518908747778796,-0.03752015630010042,-0.15571006652562563,-0.0019977914446573973,-0.08146162995251277
2015-07-08,256,0.0017304861148025302,0.03272875388376406,7.39860121609261,0.0024328829777574158,0.16204863824765606,-0.13602206424942853,0.08553165224512094
2015-07-09,237,0.002784618306650199,0.012075199806084957,7.390602926536895,-0.07788520644107076,-0.17181026459142,-0.0843691601007747,0.014155553781072644
2015-07-10,209,0.003068898918964461,0.020574227006598278,7.2450795458555906,-0.01131071017235175,-0.19036254926313317,-0.09580453289601978,0.01467804420436333
2015-07-13,244,0.0019861105043220925,0.005483326960212143,6.772686416337484,-0.016834915738882513,0.0015701437775373184,0.10375052895159954,-0.0577076830994295
2015-07-14,234,0.002502051854976554,0.004359046830538338,7.301186046975558,-0.08275875138372685,-0.09857498963567461,-0.010370785413867434,0.020744258304242764
2015-07-15,238,0.002795489665050972,0.028594685321975954,7.120312300854495,-0.09797556134221624,-0.08867945083337345,-0.004481471221283849,-0.1395165971673927
2015-07-16,230,0.002529290813247032,0.003893047795517135,7.620792988776157,-0.0176554698830204,-0.054651022662451934,-0.0976313294061221,0.00646404785797029
2015-07-17,231,0.002279837071478132,0.01494680249046576,7.624787413588286,-0.00714289278762612,-0.02909231582489965,-0.13608371571120167,0.11903419730082583
2015-07-20,250,0.0015911828737952627,0.020314178608123568,8.21094272265579,-0.03454200392655137,0.08234848475710492,0.06071099933969059,0.09589108293212587
2015-07-21,277,0.0011437843469683014,0.019357736967667627,7.634366368810583,0.09667696832976798,0.11477492740806369,0.2391341319476347,-0.08424255590590916
2015-07-22,284,0.0013720832546195727,0.010489060422871899,7.264214273375799,0.04111519800002522,-0.002425596182350012,0.14638732111668956,0.035579788441723416
2015-07-23,259,0.001444994082217442,0.02585951487543192,6.932003022558875,0.1679616100911677,0.20083815133503202,-0.12397163885388283,0.006664942839058102
2015-07-24,256,0.0011648130263052408,0.017930292920545154,7.847484212064802,0.13774255340977665,0.13416279750466703,0.09008376757462368,0.04162661204264715
2015-07-27,250,0.0023937297616477625,0.00773060075856602,8.054557922934254,-0.10060169200430102,-0.09604144968496212,-0.06622776874633239,0.06600602961171469
2015-07-28,269,0.0017906722107972148,0.016530938566438724,7.565035357341202,-0.04785836430365064,0.0007863125193448108,-0.042243180028639804,0.12593358240404423
2015-07-29,301,0.001999128112654805,0.015664168917409182,7.150012080018772,-0.0961560181232272,0.007986356048156163,-0.1542996204334147,0.03899415869029276
2015-07-30,259,0.0018569680031131747,0.015275672360112735,6.956061196282771,0.02559046672814405,-0.06552043701719922,-0.03679104084300454,0.11481158551943572
2015-07-31,255,0.0011670288504459865,0.04504021351786103,7.527791694228305,0.19781513051344313,0.23721066107344888,-0.11439616505643721,0.08418565974211767
2015-08-03,257,0.0013691778204335866,0.010949870443706655,7.486648667602151,0.06292126866600518,0.1230180548682485,0.1077212060749497,0.0025820706879266186
2015-08-04,237,0.001971151272849254,0.008260430076217795,7.6662582252839995,0.0735877303657411,0.05878930278447447,-0.10445884398572552,0.037756107504968196
2015-08-05,271,0.001915665927659376,0.01322200656842698,7.666646172464021,0.03851760968178752,0.00971182528620198,-0.143829099143788,0.057308731384406585
2015-08-06,277,0.001445047742638992,0.02538868417339679,7.557781962164332,0.002408076939545527,0.047642051657550394,0.239935246459599,-0.09054182447868364
2015-08-07,244,0.0018926185346857566,0.025353947150954514,7.919210757760284,0.025760615175196778,-0.1296122008297808,0.06133629894230178,0.11891744178563234
2015-08-10,249,0.0019157056100927994,0.02342469484555687,7.833169592765307,0.07108445128044909,0.17162079122928467,-0.029884318258296058,-0.16684231807765726
2015-08-11,221,0.0021209086584080875,0.008350707343112274,7.152754784660517,-0.016378808107363273,-0.07150119375485114,0.13025292437525574,0.020185450470587233
2015-08-12,233,0.0011129157637753517,0.027464928190007454,7.605679458098221,0.11494310799627827,0.19809593241065654,0.08987216245846061,0.07847005121529096
2015-08-13,258,0.0025874905021526845,0.06746108284474905,8.156644211349526,0.005648613609598873,-0.12194380947181592,-0.38846295973532,0.16961305648673314
2015-08-14,215,0.0026580993511258226,0.028359300934851617,7.914710125158058,0.03722029001356715,-0.16782279672912423,0.039436011590756846,-0.05181622585930304
2015-08-17,269,0.0020902511682227027,0.0470509585861868,7.278895234737106,0.04673871158817875,0.13116457262200956,-0.31703545292017915,0.014577040206174355
2015-08-18,239,0.0025765905194615225,0.023606808674406565,7.531228275999091,-0.003325113646048967,-0.18719739349077022,0.007845503407861618,-0.04893326457366818
2015-08-19,251,0.0023936303823394746,0.01599698357944146,7.50686829521001,-0.0056465266913077634,0.026483078016144405,-0.18111702709244676,-0.04132197616680821
2015-08-20,220,0.002666330899955531,0.020947206386640493,7.441817288069006,-0.047453828165993396,-0.09777349991373935,0.0853736226006374,-0.11333189050133974
2015-08-21,227,0.002176064242617317,0.023839699797490677,7.689848485158499,0.1323117751839401,0.0056777314307146325,-0.08742520201568389,-0.03849747074723622
2015-08-24,242,0.001446687687249964,0.07803873432731234,7.897546198566683,-0.1043737736977898,0.09190319380926595,0.0877530055742836,0.22452073368526032
2015-08-25,260,0.0015883682848302557,0.019628128362241926,7.49238369562291,0.14185818316344925,0.012711182325513569,-0.012534891236706853,0.03201401763601018
2015-08-26,256,0.0011785475633750936,0.021263141716157508,7.884675863853863,0.1614748926302387,0.2093806193567761,-0.03763816715199601,0.06336630271693945
2015-08-27,259,0.002453836853044959,0.01972103435707606,7.181926757998013,-0.08360607938570765,-0.08345554059116399,0.008673882524037425,-0.11269975242445067
2015-08-28,241,0.002388666034515713,0.0035468885151710428,7.176353877363188,-0.07278117782748006,-0.08103228625903969,-0.0317173131207815,0.03419374857073432
2015-08-31,220,0.001979148839332916,0.029005979185848907,6.844890865681922,-0.06004051902497724,-0.10268369849442811,0.23444708483824003,0.05745164337468009
2015-09-01,225,0.0012523709153175226,0.038162091718337954,7.74715043248612,0.04159903566595653,0.23581275959097792,0.052478594272932985,0.10654269857724354
2015-09-02,245,0.0013514499330677476,0.012642120024144554,7.457912806861719,0.13442801485344344,0.15239965694242313,0.030353288048321006,0.020608572952617893
2015-09-03,203,0.0031702797672374682,0.039826074047343285,7.740174487137781,-0.04084227225827208,-0.2875513726646451,-0.06747598291498633,0.10873604233948726
2015-09-04,211,0.000957678475688446,0.05470629548736872,7.358642927018748,0.302948477245698,0.262052543001814,0.08072521804649409,-0.04986655503454105
2015-09-08,245,0.0011816926556881613,0.029874977759548726,7.293486451181722,0.11641138188512747,0.1290585687484879,0.23414207295770964,-0.05864142487852506
2015-09-09,223,0.00244085594012354,0.004496150547952493,7.209407414966432,-0.04669829658433138,0.017838812245966687,-0.015386851260829514,-0.04437541369590688
2015-09-10,217,0.0022547823313360605,0.014035726617135369,7.679997014240611,-0.010706357250778264,0.015977742347146995,-0.10152343619266084,0.11767651929643805
2015-09-11,247,0.002437768948711566,0.017958353661131854,7.633293617258982,-0.03225332796673052,-0.21074784652445863,0.02462863610554995,0.014114677722129036
2015-09-14,238,0.002014099668123727,0.013052825947102553,7.832283876658686,0.07415696855167035,-0.0255563466491525,0.06720686480105346,-0.0745189287304625
2015-09-15,222,0.001405418649590805,0.01387927338061945,7.560380425104933,0.10169390212865306,0.17270728003389316,0.11828176206805287,-0.016688824648922174
2015-09-16,226,0.001867452324611779,0.012889710093017204,8.175907257212517,0.030593230162064628,0.13596315214214139,0.101253354565046,-0.11189818759376874
2015-09-17,227,0.00264242093887575,0.005600013997216102,7.612000633223762,-0.08834317614345638,-0.12693936629725458,-0.020785349161284924,0.03640878535240215
2015-09-18,216,0.001982794032705874,0.011479443359797226,7.3683699029977,0.1085640546026869,0.03758559292483899,0.04231005448010956,-0.04502672413659452
2015-09-21,215,0.0029569146663979322,0.007268838625635432,7.84344067478439,-0.04662298248595438,-0.12247226240674898,-0.12121026712864322,0.01883220547024801
2015-09-22,227,0.0019326457560422147,0.00711518042389403,7.400585575704471,-0.016965933966190432,0.006590459168627026,0.12060080534287779,0.012353496211520387
2015-09-23,223,0.0017769822713366796,0.050745686182627314,7.2731231067491,0.08006959067861386,-0.1646639623795064,0.19062326855583342,0.1014370101288989
2015-09-24,184,0.0032011144077274192,0.023392274632607735,7.701227033954961,-0.05506898629583531,0.09886762854389361,-0.23718801752512095,0.015379273233370353
2015-09-25,242,0.0012822558429917482,0.047576007699145384,8.945912464649636,0.3082309417824514,0.24092552429848113,-0.005788032922378856,-0.16398026116657383
2015-09-28,260,0.0021953768260743307,0.011686673744622067,7.031155742389038,-0.034928239637495105,-0.059111405180288415,0.052216188809353116,-0.09977249355023426
2015-09-29,225,0.0021534530885844185,0.011025736059923852,7.109438421768112,0.04075440799334699,0.037555450054150286,0.060485669034096544,-0.10784941694458228
2015-09-30,211,0.001650430630688674,0.04828910450891477,7.851377093515748,0.02414945696693747,0.07038841227812874,0.3585268129648219,-0.1495464083605153
2015-10-01,213,0.0026459982763857156,0.008031214849548829,6.934846261920457,0.008570911156177061,-0.05682136433813627,-0.11285137220297836,0.0339065596446255
2015-10-02,220,0.0015969181686077529,0.017020359736760526,7.402565324391208,0.042481595589333974,0.07992881303171072,0.22040672546286577,-0.045461128271325105
2015-10-05,238,0.0021806858920847957,0.03727391094467025,8.035763697651685,-0.011982681977634463,0.19502521498944508,-0.11992018125401584,-0.10112883639015485
2015-10-06,226,0.002016767583776996,0.02176019833126086,7.349815328111056,-0.0435981788006925,-0.07578338090900166,0.23813118819404513,-0.030328576351563833
2015-10-07,233,0.0025049469437725923,0.017121498027394266,7.523391865446618,0.0013621786206917186,-0.1667025449417134,-0.03208827777831335,0.030123368301290088
2015-10-08,230,0.0016709369613751247,0.01462303591141545,7.545372074523322,0.08747836688849962,0.07181885721744832,0.17296833257492936,-0.10089655891344834
2015-10-09,245,0.0024340206586780967,0.030038184511879007,7.612758671668268,-0.09632676301889335,-0.28535992512658187,0.08572551475056418,0.10329105064264432
2015-10-12,257,0.002297375128851161,0.025052978786518576,7.2016725568043585,0.07006135906352653,-0.11002627278287547,-0.19050561975374916,0.04961971724357649
2015-10-13,265,0.001115312221491348,0.022089725655852654,6.916229424126788,0.12130143077470583,0.23190362990731736,0.08162654565632245,-0.025947083728767837
2015-10-14,248,0.0019549687401991607,0.02188897628383768,7.142059489287742,-0.09809386409962752,-0.08461458515644835,0.22187968734103183,-0.008835733223744419
2015-10-15,233,0.0018482584536060579,0.010144970676081444,7.164933824030519,0.04550189558801899,0.01053629567637973,0.14581242008156953,-0.06313905072639248
2015-10-16,230,0.0012918145134950534,0.04223050758418945,8.169328206286183,0.08463464188640525,-0.05646976018850651,0.2909341103721121,0.08666633172228076
2015-10-19,262,0.0014181875527745193,0.007270992786102326,7.5970334624122176,0.0743210293382936,0.08569165349257976,0.057416975190098724,0.03944006432517711
2015-10-20,263,0.00166097425304277,0.02852036780784528,7.658783565785412,0.05348137530797194,0.24437733253499178,-0.06187358790571493,-0.10965757703774051
2015-10-21,265,0.0023047162461000315,0.010852305176774824,7.526538712830513,-0.08451331608189747,-0.11124883854918464,-0.11297884756864757,0.08724139176671258
2015-10-22,258,0.002037420655579239,0.009515235465406335,7.578829030436975,-0.049138976213250175,-0.12617965656069607,0.01484465512547854,0.10916491936958359
2015-10-23,253,0.0016203100366646709,0.018489676820085954,7.764748612614755,0.009168686385903794,0.15929528226376197,0.009340645680435534,0.0023185071175722805
2015-10-26,205,0.002368635339654807,0.044982861915141226,8.228226388330505,-0.02751870786711797,-0.19431368944674704,0.028662722560255136,0.22202918549515147
2015-10-27,210,0.0010682444133119182,0.03193489306889652,8.471603165744064,0.1807578715003695,0.20467694360285404,0.05265117048555787,0.1132513608202143
2015-10-28,219,0.0029024529476021667,0.012755073322176402,7.738032543402857,-0.07652315216649333,-0.048735037002227394,-0.05278715096572814,-0.09322905091530197
2015-10-29,227,0.002624197633182685,0.009093806477206479,8.105161939735384,-0.0320109499704085,0.011032378270002969,-0.11817924185662246,-0.05222791190791937
2015-10-30,208,0.002261748677338003,0.014874445144350212,7.426801256948611,-0.07497774669438409,0.017652898754430407,0.1597907258892661,-0.0433533277219155
2015-11-02,237,0.00194852668641455,0.015540752255164825,8.618534486110947,0.09094519671520214,0.021211829765515753,0.07486628581873737,-0.11062496165995744
2015-11-03,203,0.003439643946419055,0.019059370132382236,7.601581172640768,-0.14566898799757522,-0.18743576658766867,-0.12513355197067177,0.06174286430977316
2015-11-04,214,0.0023160807801707027,0.04477931268935298,7.593217851861548,0.11349513949467686,-0.01714786269642468,-0.2450014520587991,0.15737160134748537
2015-11-05,206,0.002791305985380026,0.016317728160709533,7.684504137209558,0.03988567286316215,0.03540602696471309,-0.13320509052377444,-0.09210467528067792
2015-11-06,228,0.0024067785865353577,0.012037789910828378,8.060804105165191,-0.015291033824018587,0.07868891601928908,-0.12907812800931912,-0.03181078964607697
2015-11-09,202,0.0013198028911447952,0.056158288060319084,7.314174409270668,-0.008155065187505561,0.18424959594457185,0.19130154395063678,0.09940355726980306
2015-11-10,190,0.0027106925852782154,0.025513510733865097,7.626984510042153,0.027196279670971536,0.14329163726676972,-0.04672225586787993,-0.15382884347557851
2015-11-11,165,0.002531321165720749,0.014117183923116672,7.590425620858003,0.10667210777778531,0.06359339082045008,-0.07706370187786904,0.07146221859178138
2015-11-12,177,0.0025351836357747626,0.016167382519044038,6.778483839677813,0.006557864619489068,-0.09854958481724095,0.08097509551388696,0.11356161761959804
2015-11-13,173,0.003600806389921552,0.06629442853583756,8.19644967865836,-0.180612870593205,0.004206253512344004,0.16237373580895537,-0.23184612964094656
2015-11-16,203,0.003003631930151993,0.023798321070743977,7.934584794005782,-0.09943409556807205,-0.24859043762151073,0.0033727992919721068,0.12517717025590264
2015-11-17,186,0.002820783238304422,0.001424643333183373,7.235382121603439,-0.005909765357731024,-0.04942802752845501,0.012327663395348833,-0.006321235158409764
2015-11-18,178,0.001941758757180506,0.01929364327597516,7.54452793582521,0.019896055263909213,0.16493777921169656,0.08062625144308212,0.04327379652505357
2015-11-19,177,0.0025027151707190335,0.007081068140963875,7.495763535182104,0.09584224294402117,0.054195902820285885,-0.008829278482250949,-0.027170037716596686
2015-11-20,214,0.002037302177902367,0.04997012358610342,7.54910883275712,0.0488506366510693,0.3132227663524524,-0.16603692093613717,-0.06800181420959137
2015-11-23,184,0.0026936269365122043,0.0750901026124724,7.537932106698902,-0.12323703911224285,0.126087428335671,-0.1672171853925421,0.17311208353262234
2015-11-24,201,0.0022287966954744995,0.020115621060387445,7.990175862610669,0.033878449424408555,-0.11724103218360012,0.16411395261486753,0.023272358563573292
2015-11-25,217,0.0025902769918934965,0.016198689529622556,8.058947890638951,-0.00041188693362163045,-0.12972721885976968,-0.10756575890529163,0.11352465021690446
2015-11-27,282,0.002762586786453952,0.04255931908987509,7.107022529050217,-0.15530277780384735,-0.3273888579707596,-0.026743303149747835,-0.04866400863567557
2015-11-30,215,0.0024511882735973253,0.01804602028867952,7.732365616918213,-0.010017481854196219,-0.04250307517299776,-0.14650434463284243,0.1450139440131856
2015-12-01,243,0.002554059668642111,0.006651695506269206,7.97231572677796,-0.10292469503000638,-0.12878935494129917,-0.053317103603622386,0.04375815461486559
2015-12-02,287,0.0010994515392977182,0.02431766066344143,6.997411264223572,0.1819131838635667,0.15018261611924363,0.01502295612465855,0.021796060335637628
2015-12-03,253,0.0018597676942194907,0.01780533995784339,6.946101585222999,0.05570913857526453,-0.07046858731902297,0.14512187772240995,-0.07140488225371523
2015-12-04,226,0.0017780266674816165,0.010281483658049817,7.535205014756041,0.06813612612493268,0.08657229131184348,-0.04109466084018246,0.08271818970171448
2015-12-07,259,0.0031040785053847476,0.08771521948165029,8.428027861213744,-0.15652535383413707,-0.2827607027680523,-0.447203516087082,0.278576906899973
2015-12-08,253,0.0018118954176459645,0.022185776801971202,7.888180246461463,-0.05871966181019183,0.10471024210541645,-0.02406609550421175,0.06125643388013617
2015-12-09,245,0.0014242158305792893,0.027964089859519592,8.878224031365395,0.030381048590118597,0.21844455188314413,0.037347524385393044,0.015961118157493976
2015-12-10,238,0.0020291725810622253,0.041150728452702845,7.651353891847009,0.11958846794887482,-0.04704473913138452,0.10818973721534823,-0.1466196146184422
2015-12-11,244,0.002161097064938169,0.006741418918265407,7.590801565035994,-0.0015407393853913245,-0.09471615875458672,0.05897282373634339,-0.01733129328619252
2015-12-14,261,0.0021503606901751107,0.00804553282410947,8.054857422834518,-0.05915699385429267,-0.07586517632474672,-0.0831170329924891,0.09565092290012947
2015-12-15,213,0.0017097966969416112,0.01936301305816268,8.5648550465811,0.19406774175292454,0.15071468829789908,-0.060023535327070915,-0.013132287620875855
2015-12-16,242,0.0019262699344213072,0.005746025306261449,7.140049893029759,0.06832175350920763,0.10302819894820552,-0.03930755566526927,-0.0643570450520531
2015-12-17,262,0.002777028835959909,0.05729644371262099,7.042684029669273,-0.1484773665278489,-0.39056329633495845,0.043719283658576635,0.04015826916123022
2015-12-18,256,0.0017023798436975777,0.004324898552519052,7.581650608970489,0.0029711941428551864,0.00036202872151608817,0.09151859768835631,0.03352969947409917
2015-12-21,233,0.0016847004975697219,0.008995619194828719,7.237531860776348,0.05002143688050245,0.02523213221534308,0.08720264447815018,0.052473354558510675
2015-12-22,238,0.002560284220135273,0.006897410791509628,7.439530072502428,-0.08665644897500673,-0.08148750752240642,-0.018325989303159717,-0.03222534298381338
2015-12-23,227,0.0021302489573904616,0.030449277854340484,7.695142328352899,-0.04503748526772399,0.05507520687402523,0.18662286860965382,-0.16379361687123026
2015-12-24,202,0.0020841281306688895,0.018494878977849516,7.673318449727505,0.15427225983038073,0.11516433093571188,-0.07669867051865802,-0.03472568503766639
2015-12-28,204,0.002134772914518589,0.014847774982502226,7.305197589751177,0.11803344783530971,0.13493083220239252,-0.04443453565199996,-0.07951709350928486
2015-12-29,214,0.002345985488996461,0.017179693242172944,7.29396781675875,0.011766424945592178,-0.1461233265864362,0.034921210419791675,0.09535390193057276
2015-12-30,202,0.0031037440356492967,0.01134495809699454,7.774656363579258,-0.1019334626059434,-0.19639022344301513,0.0004870654786634084,0.043924030167977
2015-12-31,203,0.0028391119684063795,0.03570845676831258,7.716561722808793,-0.1983493640878865,-0.04996413573046365,0.093212641789052,0.0024213988563131757
2016-01-04,244,0.0017101634140841906,0.018414037449221432,7.308178186369786,0.07185602927827875,0.1382660828490697,-0.12370968906924218,0.07902783086882027
2016-01-05,250,0.001678868234153595,0.054360209316423824,8.330135053526938,0.10680448195652308,-0.14261249548237856,0.06401626280147209,0.13235763364758862
2016-01-06,273,0.0018344223740141324,0.0290977230149434,7.551657187396217,0.015538626812846817,-0.19376796436531227,0.03798729402039469,0.13864742732037547
2016-01-07,258,0.0022161993040156485,0.0067852369528084155,8.058588824574164,-0.019844700320832097,-0.10703240202780354,0.00967903377138674,-0.02636077229482386
2016-01-08,270,0.0020131824503768977,0.015642386559675314,8.189321638361523,-0.00915480661621956,-0.14544344091318398,0.007308577189547146,0.060171147136327464
2016-01-11,290,0.0019513015471095043,0.013224585918215181,8.056239013350487,-0.03425907711284,-0.12539935002120411,-0.07922206070556556,0.10712559051608707
2016-01-12,280,0.002136010641519845,0.012776106143355337,7.820823376819343,-0.02215830682345341,-0.1604922593666388,-0.014048543010848395,0.0005331499498427483
2016-01-13,257,0.002449180838786808,0.013375850320954452,7.807015234877281,-0.09312934861497733,-0.18831403590966667,-0.05804986330632172,0.080614296694534
2016-01-14,267,0.001804585136213404,0.020743750743103417,7.988828185011325,0.03927727153860759,-0.0707726390165424,-0.07226853199323001,0.1401154367332113
2016-01-15,241,0.0025617674479573864,0.07254975159465848,7.577503236205828,-0.1211475449466716,0.0739492575083051,-0.34824685528885885,0.16067323281174245
2016-01-19,328,0.0016519841283373243,0.017611734218786368,7.662297755087982,0.08635232374292583,0.0295441174525803,-0.21790250979211834,0.018304480407334827
2016-01-20,222,0.001271695238100958,0.017767692163465965,7.948052928802625,0.14842896397182304,0.1506167382567855,0.09387260654814414,0.042449005506413534
2016-01-21,260,0.0013507199591254954,0.042318308093217905,8.351052641153178,-0.0020026958964672187,-0.05902426746933011,0.20358783027468255,0.1550647543458471
2016-01-22,271,0.0023113217462121887,0.015468321068873747,7.6426747653733615,0.011343795178311796,-0.0316764446446717,-0.21640814718647786,-0.015995589794168295
2016-01-25,299,0.0016748843665770556,0.010850937886028644,7.54752548627489,-0.041105446828976155,-0.139643642674795,0.12963832253491744,0.04952991575577542
2016-01-26,259,0.0013965369663945387,0.012115419820204032,8.671291039346167,0.12064873527453891,0.16965752549414057,0.0781417161187817,-0.09185412547984402
2016-01-27,278,0.0020479884789973844,0.022345025076059843,6.74333628025093,-0.09405024715765287,-0.0914306933926428,-0.11086368597745604,0.15766303220521868
2016-01-28,265,0.0018533375013798656,0.027934831301349994,7.529467561974385,0.047374743018387504,-0.13448584484733925,-0.03994792171300032,0.14479014781062743
2016-01-29,274,0.001680981238332994,0.0027460768453313467,7.823682828554347,0.06595293694990742,0.073696048027295,-0.01879133793453547,-0.04203536564915006
2016-02-01,272,0.0014355011848297256,0.013645571257453248,7.845200666506833,0.12462859474860415,0.08738402383292548,-0.05813449739201771,0.06520923426309885
2016-02-02,282,0.0021031672863543105,0.008561552046672194,7.566600760610537,-0.11571318747664866,-0.10978654344567924,0.058897708821702234,-0.019584327403202584
2016-02-03,295,0.001768682008187016,0.03116088354416724,7.583260810996738,-0.13876595223450716,-0.0745015285454336,0.23632284838479484,-0.0665777524351985
2016-02-04,285,0.0012386085292239632,0.0187105482490042,8.21237839249482,0.13902052646643862,0.2236749440726695,-0.07270987198885744,0.004007539792073484
2016-02-05,294,0.0017946211174178339,0.018850192403028765,7.3246271224031565,0.03923475139891233,-0.09739326678921939,-0.08698878649672723,0.08991008484536045
2016-02-08,322,0.0011470292298174467,0.013144475306369308,7.335135197696563,0.07235353104276114,0.1955060697288297,0.04835447282224718,-0.054900897596279974
2016-02-09,288,0.001823304873571241,0.018384378527363077,7.863382613219039,0.08634061513707655,0.08641974992072701,-0.11534840871102887,-0.1076355635238268
2016-02-10,279,0.0016397343732227807,0.0036252630362599847,7.62211313305499,0.06592037871857824,0.024082831228251198,0.02949838886315645,-0.034473379068294535
2016-02-11,283,0.0012214753663134371,0.01744845403023698,6.829819794376965,0.1200308701158852,0.06910130012762675,0.03605663288411468,0.08345613953896569
2016-02-12,289,0.0014761966710938033,0.015743039270589287,7.913719906828963,0.00312923481337567,0.10798255308701817,-0.03461541748082067,0.07026195368820527
2016-02-16,362,0.001241475424012286,0.020872551142851803,7.397355828666979,0.13349122047944,0.10034625382065436,-0.0003884058277049889,-0.1322772754572935
2016-02-17,296,0.002391345357097607,0.02467942914382959,7.201074531688505,-0.1248909430122226,-0.17404343147641702,-0.054728590960972795,-0.06201348595216912
2016-02-18,286,0.0018502916552728035,0.010689468155262505,6.890298978987649,-0.04749496343758378,-0.06892686080493482,-0.05214689456477591,0.11020189199126496
2016-02-19,275,0.0019135509241217825,0.024877682284578206,7.196542029704653,0.10925431696492557,0.061135309489394614,-0.09058896127601007,-0.13225367344529407
2016-02-22,283,0.0021417353800085117,0.007960208396484258,7.609200605788158,-0.08703277885354473,-0.03944062952575822,-0.052783827281286486,-0.032964989424223295
2016-02-23,291,0.0016982390318631367,0.0029035164903521427,7.227868048160352,-0.03803174533756921,-0.011268753299861154,0.02081739824271249,0.040107983850369316
2016-02-24,302,0.002062588916908333,0.014685055519172652,7.758704760440718,-0.056610270841637056,-0.0751999767350182,-0.1863316678570483,0.07233820962106861
2016-02-25,278,0.0018540350824452392,0.007234023301671666,7.8310874322034705,-0.04976900780975784,-0.05195269543935404,-0.02126937890634209,0.09214757631590562
2016-02-26,264,0.0022690385864259427,0.008868528384351926,7.205506963947719,-0.04406481073283622,-0.010235355828876073,-0.10276127212440517,-0.040990934946781195
2016-02-29,279,0.001997988389015329,0.0014867007304206759,7.372418024321017,-0.037738229366855856,-0.05800421527621238,-0.031368119294836856,0.012233042867351702
2016-03-01,266,0.0022558098107994706,0.00545160099044395,7.592639809342512,-0.04045240131793969,-0.0798104592010794,-0.03801850081918727,-0.04180945800711184
2016-03-02,291,0.0025072752478558355,0.040561584474439916,7.580118703128678,-0.22747748902492593,-0.12433503659923446,-0.036503558486413616,-0.07091811014154577
2016-03-03,249,0.0019612233289058156,0.05053080138153354,7.311693184433084,-0.0901286081944411,0.1888264857749146,-0.07828395957656616,0.002896864201003664
2016-03-04,242,0.0017263609406185008,0.03027707678061531,7.691867270393471,-0.04471024672015019,0.16500305562497714,0.05424932567363915,-0.010100829837825768
2016-03-07,252,0.0017950997625726384,0.011215429920898412,7.343670157688854,0.04990432536383942,0.006607975083018132,0.12427230121229016,-0.08551488199576598
2016-03-08,218,0.0038603124324706143,0.04914616760292112,7.2828924572820455,-0.22880357193576123,-0.3661011954477279,-0.062009120950142056,-0.026182332223560062
2016-03-09,249,0.002350384967139252,0.03728732707292648,6.612563057389775,0.0861009596556275,-0.04279280681761737,-0.10310209237669678,-0.11069777409666631
2016-03-10,206,0.003250487872668253,0.037233853878765544,7.407436370878229,-0.15315537715516478,-0.2622582619032916,-0.11771012734528205,0.19392276286440702
2016-03-11,239,0.0019437425610351977,0.015939160972930022,7.112122397410331,0.01689194092235817,-0.1190136698747922,0.06670221505889007,0.1063105697187027
2016-03-14,266,0.0017463763610204863,0.004065619133558407,7.789062871607705,-0.0002637749114615048,-0.03190355472200593,0.0388206456050639,0.06427445996550718
2016-03-15,235,0.0026470518633773176,0.016078381014933307,7.528643446067704,-0.08005150096703903,-0.015305931666630477,-0.18810994611262885,0.03935300295895692
2016-03-16,232,0.00216616088514671,0.01620405589590146,7.692937493255678,-0.08737464472362595,-0.07982787847325251,0.037656908156237734,0.12444696433256984
2016-03-17,217,0.002265982405148697,0.028395639796038763,7.657939093218197,0.10114680834183719,-0.011715170450691047,-0.1559398470393924,0.08307184531371166
2016-03-18,233,0.0025252583737027236,0.032230931970083976,6.92633276071734,0.07066442094474003,-0.03419475331067089,-0.07564445897119058,-0.13759561080835206
2016-03-21,289,0.001968468213179622,0.011453429454658881,7.503745199470184,-0.13009124303086694,-0.12154266360528548,0.08761578594272357,0.026243493475610846
2016-03-22,273,0.002099273043841432,0.011845863765162501,6.943997588945482,-0.012418504828412962,-0.09277567694619532,0.04558118689834478,-0.08659008706115627
2016-03-23,216,0.002234952479222855,0.11562400250576987,7.564127856819812,0.1371895717955483,-0.08727393301104681,-0.3236553569252221,0.3082402471164571
2016-03-24,207,0.0030535170418652295,0.023350895774889024,7.45178798022262,-0.188316435737828,-0.08020849851312097,-0.01828827551713998,0.022657154435880383
2016-03-28,289,0.0017299865079730924,0.011618687126786043,7.039335031770994,-0.030350348458052123,0.05581289798439569,-0.10137016781228848,0.07597541667750041
2016-03-29,271,0.001835215157526797,0.0361778592751012,7.143409080352802,0.09006368562072958,0.1494820065150979,-0.026857001801689078,-0.20737530571366597
2016-03-30,253,0.002066558663821549,0.017201473572111547,7.030496357500366,-0.12038491324204759,-0.015549409841971805,0.03937904241137407,0.05087659677894354
2016-03-31,220,0.00287929705536506,0.0336834084844333,7.68645444160387,0.008592525708120914,-0.21389272101663917,-0.021432757275333496,-0.04015775177677993
2016-04-01,230,0.0013064482627649504,0.023785850577252243,8.213914410696939,0.20588553808610413,0.16751827223478927,0.10583518140468884,-0.0802051925974659
2016-04-04,286,0.0012669735991972463,0.02930019178945531,6.898707505206497,0.13514612521587194,0.11384054174127567,-0.11441067701277309,0.14071511131480502
2016-04-05,240,0.0026316668781958424,0.033749113845655376,6.8930817847948935,-0.22418403434030912,-0.16960785371383774,0.016602298818861203,0.11398948770127405
2016-04-06,271,0.0016695286539765613,0.013580890418402491,7.437930143239984,0.1171161617688021,0.10874717174680906,-0.13767208288402571,0.006924218913121932
2016-04-07,251,0.0016762022392763695,0.01688692500120459,7.633518617644657,-0.015995602270511784,0.139576803170838,0.026643557681817403,0.008321717301122692
2016-04-08,239,0.001871930964148426,0.005473439220043175,7.50166864603401,0.05775749898286117,0.11856183591890358,-0.012538187531733792,-0.05856414823297268
2016-04-11,273,0.0016752702863861734,0.002235900281878145,7.238805734569325,0.0445066972536303,0.0005106564432189194,0.022293108398196693,0.01799196153811074
2016-04-12,261,0.0027245710511540518,0.030303616941913636,7.7579435813462085,-0.2438080261395142,-0.21576330015741746,-0.015291257187817925,0.05263649478235227
2016-04-13,274,0.002078916818287052,0.026106250137781895,7.438561102092015,-0.12175472987459282,0.037188155594499325,-0.11120329489836726,0.056523452757164576
2016-04-14,240,0.003038822623069531,0.025780737561987732,7.890343086555494,-0.12875334381924286,-0.2519275796182535,-0.1284972190286446,0.050543283392767396
2016-04-15,227,0.0022909758638541603,0.0013653189727906856,7.350099229274768,0.006323421647239391,0.0019854659259285028,-0.010200194248701895,-0.03821173551425744
2016-04-18,282,0.0018064461679801044,0.00669182063731677,7.038569150130595,-0.009601494920397552,0.07583312294665304,-0.025129963351984017,-0.05993730341505231
2016-04-19,249,0.00206772313777335,0.0006056895611699087,7.446726979593763,-0.01823782038482784,0.0016869068878539882,-0.024314810579019408,0.01113960146485208
2016-04-20,264,0.0015768605282877493,0.02549136712567268,7.674270545918961,-0.041484741012173455,0.1252496333277128,0.15066208368966855,-0.06700933494112389
2016-04-21,248,0.0020324890569696605,0.012834339668591266,7.307302005798581,-0.03702137826863647,-0.13390302252542235,0.11533496532284111,0.04747486321426425
2016-04-22,263,0.001709720368500129,0.029810038400471583,7.384441295134281,-0.02981109309210405,0.18781554440889606,-0.04142048593493662,-0.015896879212929472
2016-04-25,284,0.002032375533089441,0.015380797652450928,7.872137901417946,0.050827872283208266,-0.0530905622669407,-0.09975915267414982,-0.05236746013691597
2016-04-26,266,0.0022761501246571854,0.01569358092690032,7.554553166518701,0.015610748309480903,-0.056805428747621727,-0.11768637131533763,-0.05203081456414366
2016-04-27,278,0.0019294524534880471,0.01161734213542498,7.513118203710379,0.028705910944084256,0.06352411525551604,-0.14578057173374234,-0.019225018605218167
2016-04-28,269,0.0024060524239892258,0.012572946669254792,7.205176450355241,-0.11466889277370425,-0.07190379075228354,-0.06940048612801002,-0.03848303445220492
2016-04-29,304,0.0012907565532390606,0.005442644299845312,7.584528540162342,0.10970262112091811,0.09268506881891306,0.03178315057536208,-0.018950824884538666
2016-05-02,319,0.0013861614110910105,0.013689813926204941,7.926049031234286,0.024825270297869195,-0.07426427479638623,0.1253352656839856,0.03973275853847214
2016-05-03,279,0.002046174322592008,0.00538347679770701,7.580289897484,-0.05321853333052906,-0.011311398071393051,-0.10206029938593633,0.024824958781516474
2016-05-04,273,0.0018434933680433459,0.006171326272782496,7.613707916970935,0.01903296730631183,-0.07518100632872594,-0.005780873603859782,0.0553815336746136
2016-05-05,294,0.002230935767084149,0.026985941400079816,8.015449670306431,0.0067383149432555765,-0.13060319365229225,-0.13808347457535625,-0.04984187776108179
2016-05-06,277,0.0023037625382368626,0.014478633877124336,8.560016101562518,-0.033671345760110064,-0.006336927834639076,-0.15499641557698807,-0.08127975701149392
2016-05-09,262,0.001765796542597337,0.013746493137803406,8.01600418588683,0.13578457003109418,0.07623290690498012,-0.08731822925709094,-0.04997663599997619
2016-05-10,229,0.0021995736810998335,0.026662021540596825,7.3656195936355795,0.11948109631649832,0.06144115142419834,-0.1878465193816835,-0.0004804743027370268
2016-05-11,239,0.0017464033014224945,0.015462672924145604,7.20863571327154,0.08205827263837027,0.1572359778072228,0.05639115768358549,-0.1304661862091259
2016-05-12,229,0.0022551383239054236,0.038754098389042424,7.534572696853407,-0.0624366749112794,-0.2380826802670521,0.15079392647384254,0.11687207635580937
2016-05-13,218,0.0019094744487461578,0.03505459507197506,7.727862112692686,0.01835413704131486,0.03786773768506397,-0.09093313969885126,0.20218040531915407
2016-05-16,260,0.0014390370552436616,0.01024417572599412,7.824878527548804,0.14576342118680902,0.1606883563470401,-0.006517570000141027,-0.04823347626040127
2016-05-17,240,0.0020792554262719907,0.031252581511158284,7.531446880321899,-0.13402278848217103,-0.04125301965540464,0.18070655817719944,-0.003473354650166002
2016-05-18,253,0.0022583816592378994,0.040758211449031356,7.254205378199855,0.10623609147512907,0.1088469343042878,-0.22600281005015252,-0.13182133530363213
2016-05-19,222,0.0029592619756944705,0.04038247655385985,7.070564298942057,-0.24235247207823155,-0.20009690439386635,0.05767316121705647,0.07086389804669486
2016-05-20,251,0.001811579726463185,0.023943267744063412,7.091947022685032,0.11762422202430273,0.001576292639882894,0.08684056419681827,-0.11545410154551435
2016-05-23,276,0.0016569601472338823,0.01505186535944747,6.880740745582927,0.04103756755372189,-0.11334474524077955,0.12036951017308603,0.037295666240874575
2016-05-24,241,0.0029275300874596582,0.021014143928516638,7.453831393130409,-0.08060925149004118,-0.194537729137512,-0.11128481419207492,-0.024637707335916696
2016-05-25,272,0.002332779125062787,0.01848054672006738,7.471755668336038,-0.1408712793590614,-0.03630928857634001,-0.07802764301548577,-0.013823633083264671
2016-05-26,273,0.0010751893866250562,0.026596657559656678,7.284284730591842,0.11294132610149407,0.09275859378498602,0.2566358310307023,-0.04938915601447338
2016-05-27,284,0.002140082835015574,0.005945631360544268,7.241760792449909,-0.054692737895408405,-0.11005694977778842,-0.08751287142363408,0.03669550880798232
2016-05-31,261,0.0018951905672714453,0.0230214997278686,6.945648425491087,0.003705435666559245,0.18992401049786858,-0.13181187785765788,-0.05110704442247939
2016-06-01,277,0.0015137558085560126,0.003494063788591295,7.062939870979634,0.045992291427322536,0.03965108215347833,0.06630984737216725,0.009426061107008615
2016-06-02,252,0.0015185295115684007,0.0360463161319855,7.425169031208964,-0.020578783818276415,0.10986924908581085,0.28289881186974125,-0.13752815096775178
2016-06-03,228,0.003072661524033241,0.034089303910221136,8.748610308055046,-0.15273382296348628,-0.03885545708431206,-0.2493067506406603,0.03976237572930531
2016-06-06,276,0.0021658327647650823,0.02646091339781531,7.0614769867694305,-0.05448032667808848,0.01842176590826548,0.0113689172341065,-0.17085004261460782
2016-06-07,253,0.0017291713552974148,0.013644931157953288,7.453896204547171,0.0832539227084362,0.14104430184959962,-0.10353750025534557,0.004278569916804035
2016-06-08,274,0.001452253500332873,0.0252406330188214,7.6126839382719655,0.1403859716156626,-0.03921752783904763,0.09845592290478705,0.004540715136184442
2016-06-09,251,0.0013943146237979434,0.029171665648811795,7.112732949782633,0.17686993383217953,0.03573876975662194,0.08092376236112535,0.006521592903500292
2016-06-10,268,0.002475959042870044,0.024101253845908888,7.653387585090814,-0.02991123436704486,-0.11560630310488129,-0.08270010687653255,-0.0988964026298902
2016-06-13,253,0.001676113168218645,0.019965654625302642,7.12838095935725,0.1393658713503069,-0.0015317098826968282,0.009204459909483176,0.0048481155042681846
2016-06-14,234,0.0011601695176183722,0.034900477037715816,7.553498451172286,0.11630237563919962,0.33846638827712544,0.024788331986264327,-0.022516430147976916
2016-06-15,256,0.0021404692755346774,0.0044576816921519935,7.489290617849415,0.0013895578001282387,0.00833310511122446,-0.040390623396329206,-0.06525230858878059
2016-06-16,264,0.0023489012760910606,0.017195894797946476,7.9998701554980345,-0.1475410207582202,-0.20717982711270516,0.004853561928102925,0.10964741216673739
2016-06-17,248,0.0015956601131478145,0.02134542934438055,7.615226551940545,0.07411703301842985,0.13664573429804633,0.14185534218289797,-0.1440655256206893
2016-06-20,277,0.0019460308270407157,0.020644707843001653,7.561017084962534,0.007816415690221212,-0.0022484285588197043,0.0729884114031882,-0.1566574767151468
2016-06-21,252,0.002171786228889558,0.0017665450798101112,7.324221145744855,-0.0552836782114761,-0.03871571516470693,-0.013361867957508232,0.012781001973352602
2016-06-22,253,0.0021843578942562234,0.019122905485906894,7.627580545621445,-0.12897388505464966,0.01874332360091601,0.003169644094944391,0.001775822865140134
2016-06-23,215,0.00203096025741929,0.007651114438725348,7.165787072235316,0.002086568893417803,0.05535519999852267,0.11466722574572645,-0.04542190532796585
2016-06-24,245,0.002052983964594764,0.02178979674219028,7.090104626077649,-0.11924672895447594,0.03985679983362377,0.06484031818707987,0.00858746828233637
2016-06-27,308,0.0019590566116898544,0.0334518019010237,8.566061224962315,-0.18870201215357021,-0.0735781855859145,-0.05218361972941496,0.10768494466795486
2016-06-28,319,0.002464184243335411,0.033601277342889646,6.938952514653075,-0.17328584996705734,-0.2376482719359325,-0.13311512849965282,-0.028100296845361472
2016-06-29,287,0.0022857284827295407,0.01976883637531124,7.272586789255696,-0.018584821557629052,-0.12785453147607043,-0.12103794104658944,-0.04453085500647861
2016-06-30,238,0.0022092388178551908,0.024764034507952615,7.434942426891535,0.08746425122588082,-0.026698876099531442,-0.16460797968643356,0.05224492726101525
2016-07-01,231,0.0023756493867249976,0.01194473536069185,7.092170362507346,-0.02859084833667549,-0.15333753044321047,0.01624871023723963,0.06812965187568237
2016-07-05,329,0.002279100107196599,0.10987508788257505,7.325941716185848,-0.03424417006517176,-0.3816973397408599,-0.3122965146579192,0.22859015392859094
2016-07-06,283,0.0017712207712131656,0.03406592002256914,7.234626180608123,0.022011492781892763,0.09094722324644636,0.08658910979136543,-0.20205878232635818
2016-07-07,284,0.002776974000515014,0.060755458652147265,7.3720549698514715,-0.2704248279290647,-0.2987076568597012,-0.006135558105450553,-0.0020531893983219167
2016-07-08,264,0.0017887477263421564,0.007436092453590115,7.118767262777966,0.06867151185793718,0.019209655695829612,0.036142860827440074,-0.06848282788985005
2016-07-11,279,0.0016660629937513619,0.009261643956269494,7.340537554429113,0.0295513232343311,0.12763171912094504,-0.0064490208031202124,-0.0803971720654044
2016-07-12,260,0.0024344279174266722,0.028877436299379555,7.86929047742758,-0.12015966296493698,0.046935701632530316,-0.09333324481509864,-0.09934531091436351
2016-07-13,245,0.002203676284949233,0.027348640623365172,6.510398029865639,-0.09014699834765143,0.0625797767700699,-0.1569362448249597,0.10470208677741326
2016-07-14,248,0.002114975022078425,0.015279687892707505,7.648145162892933,-0.09892179160571957,-0.041125293017985856,-0.018822082174383623,0.10984155584719027
2016-07-15,257,0.002091141791536478,0.017111286119057878,7.551235875263996,0.010221895985771858,-0.07535455548801986,0.10118237219999295,-0.1108965935474894
2016-07-18,285,0.0017884364281684063,0.013718284759077104,7.153774795462135,-0.06551080600161606,-0.10045958551326456,0.17402088429715692,-0.02745925683827768
2016-07-19,261,0.0021288586345014995,0.027678187191873982,8.118952352249496,-0.08512709366000877,-0.11156163373343511,-0.11474184970184026,0.2001663698854957
2016-07-20,270,0.0019098819344894335,0.013745322724222464,7.603086373581303,-0.1023940574871198,-0.031393294403017906,0.12705431363612715,-0.02460320637028182
2016-07-21,272,0.001603079768021886,0.005386254335178031,6.91740685528441,0.06970640915561613,0.10927841262574725,-0.044968978658730334,-0.006091236926544084
2016-07-22,260,0.0017401076284784187,0.023308064911392923,7.2434951172783775,-0.007667220456884062,0.007891015184344728,-0.06095062119300052,0.15587085965675848
2016-07-25,277,0.0022161026122331047,0.015711233531456092,7.408334927066937,0.013193739158241938,-0.10032375869160165,-0.09871799660486788,-0.04187283103892224
2016-07-26,298,0.0010476946344731104,0.012408569347964082,8.033904217700313,0.10687421837526323,0.16647359306624956,0.14964405139471473,-0.04741786498219592
2016-07-27,301,0.0016250038077148996,0.007291680336423578,7.295011270874976,-0.06365122922692039,-0.0018181227147496819,0.04275253593861768,0.04446452375868827
2016-07-28,333,0.0014670463487411784,0.016142891812625404,7.23602141705527,0.04170919538474334,0.11794998096728572,-0.15009784929884287,0.013385804685186787
2016-07-29,310,0.0012403607474626294,0.019508725368796664,7.306547842345098,0.08556733600375102,0.17971011655324673,-0.06424000157594585,0.029938885592122003
2016-08-01,334,0.0014215320623492348,0.014796277509752653,7.4188478328813705,0.05074209063589083,-0.04693971887493941,0.10675014765117759,-0.06013593706141449
2016-08-02,297,0.0018932222135511884,0.01647757382959314,7.034180315201046,-0.09030275325103937,-0.1758131616691878,0.11738300048812937,0.024158919582694675
2016-08-03,319,0.0011125330719576343,0.04127400476477705,7.272882077272838,0.012855554502184965,0.2440844742925874,0.019244968991777914,0.014018902304485995
2016-08-04,310,0.0014315955323430114,0.003934803402571907,7.495177223734463,-0.00866994306713831,0.013986476205854241,0.08862693458644709,0.018467302222167498
2016-08-05,295,0.001245973010829494,0.006197241704601564,8.022352265334932,0.10241439427462705,0.08789927694859516,0.06454856871763168,0.01001368366975438
2016-08-08,280,0.0014456996756221896,0.015496615933286662,6.741527025612638,0.04574477294857705,0.13182835774766544,0.11079723025466674,-0.09796217929934502
2016-08-09,252,0.0011189348329418997,0.022187392508602688,7.239059279091909,0.11952918599454544,0.2558789716768119,0.08770328430168206,-0.02705459777575891
2016-08-10,271,0.0022648791825341475,0.013540414930500067,7.15942636116755,-0.05111141396829918,-0.04411833929551042,-0.17605158341926108,0.04371681974956056
2016-08-11,249,0.0018477417618135137,0.011285390926052408,7.928754132259086,0.05236993882251307,-0.023978565894455472,-0.05658108226692495,0.10801431195573104
2016-08-12,243,0.0009529342632162022,0.06079240110459294,7.10150184668458,0.010606174892236874,0.20202374581013433,0.22574782508783467,0.09849620228672573
2016-08-15,266,0.0021598525367855295,0.005910517529531423,7.317900608877624,-0.024513864764435712,-0.0432801305858708,-0.018240905271130425,-0.06300664894846386
2016-08-16,263,0.0015245195459418776,0.024090113529074197,6.955398356367341,-0.0008398928453095487,0.16071675206971847,-0.0658860566556173,0.10411191626577898
2016-08-17,276,0.0015136212597348093,0.005293979319865638,7.115371409090244,0.0620818376789176,0.10106067915141675,-0.029702720928866774,0.031041268724918872
2016-08-18,254,0.002629986249480389,0.01847265496087025,7.117018796517827,-0.10382232296989559,-0.17571703977971145,-0.1482925668245434,0.09179891483813281
2016-08-19,246,0.0019946577254857747,0.023759081033318363,7.303940798144287,0.09164476612292312,0.10084416324125142,-0.21956947395717719,0.045708943653957335
2016-08-22,285,0.0019354025011644248,0.017371304501265783,7.581889503231311,-0.01741175776420967,0.04301307322632747,0.018639843640310277,-0.14742058476614964
2016-08-23,254,0.0020197004128206897,0.01855935782450202,6.910170765894199,-0.02566370142561219,-0.14821800218487452,0.009951884546138707,0.1379220093514278
2016-08-24,242,0.0023690577360653735,0.027452181957815736,7.117961716062597,0.014821462272411006,-0.22106186357783753,-0.04759848732880804,0.10721494437857529
2016-08-25,256,0.0025732335667624797,0.01837194915323681,7.589997703320577,-0.08022065547898934,-0.005855993062867727,-0.19650072766348603,-0.03491820997704901
2016-08-26,197,0.0021314569967061533,0.01374277423177872,8.058938468078948,0.030112392177958844,0.18340842588977846,0.03930997834461231,-0.09262485311457375
2016-08-29,283,0.0018111257400242205,0.013121102931748174,7.040921190337496,-0.012946592724637997,0.0462745131126637,0.06142045855580953,-0.11984554779753788
2016-08-30,259,0.002367046196280676,0.02027024056543736,7.3052204869221855,-0.06571765255702254,-0.08596060125446835,0.06080514532222799,-0.1352568211841286
2016-08-31,239,0.00248487318587649,0.009580447460108887,7.255896274560382,-0.08150840290647594,-0.03414158417689283,0.0066728015975189145,-0.07879219736311299
2016-09-01,256,0.0012273659482206019,0.025113636399553108,8.238759424795013,0.1514307761302645,0.0924892419995243,-0.008347889303501445,0.13601650568477414
2016-09-02,260,0.0017634881548274032,0.00465353978207772,7.488103259396085,0.010857296158034312,0.09448907241214795,0.024930982606423208,-0.04729119168686012
2016-09-06,288,0.0017305449419311096,0.052190117445513384,7.206408768919981,0.029964309369747772,-0.1266437196161995,-0.11566898923296935,0.21555451292732714
2016-09-07,261,0.00196905497934878,0.00498244760853217,6.868027303683659,0.024234784147358166,-0.017421993748538884,0.03321687695596468,-0.06787636657484314
2016-09-08,253,0.0017994901531989864,0.016825007417952786,7.447833750961495,0.06378375990351302,-0.07114020941528779,0.11734437631996937,-0.02052994432687354
2016-09-09,278,0.0019106749570305085,0.011103816930056465,7.541199682935067,-0.045967106166947824,-0.08556124558106983,-0.05903717548223491,0.1282302511213094
2016-09-12,303,0.0010234812658955841,0.015702345762539482,7.683869841619281,0.11189601470683402,0.1873689990953533,0.09910226523157958,-0.01859692616649995
2016-09-13,263,0.001170962864689996,0.025419152608556428,6.820381485510361,0.13434769093196963,0.03582418415652586,0.1784031617646851,0.03549849631987253
2016-09-14,240,0.0017399220512679657,0.011034165074161884,7.198611590968798,0.08353887385011358,0.030701544784581605,-0.02454560959267617,0.07514260634935843
2016-09-15,208,0.002858847342288018,0.006826961561042566,7.361002878424999,-0.08807995879170223,-0.1278169844248846,-0.03098818987511463,0.05760463869988659
2016-09-16,220,0.0021724758386400442,0.008330948240232283,7.483373607170835,0.02712012362437197,0.05265818186759245,0.06872208464021622,-0.10438975913380481
2016-09-19,245,0.002280292977917047,0.03854870519328191,7.519194546939059,0.08926126103109434,-0.10591310887836965,-0.0006116834355853901,-0.10008002789649299
2016-09-20,222,0.0014805659974188258,0.03592630840456701,7.263325565333855,0.17343381950750406,0.04016996507962469,0.1741483573047964,-0.045123444745883694
2016-09-21,236,0.002099223471140397,0.016109263088004422,6.927756276623146,-0.03161487143642212,-0.09402904382485398,-0.01078488122312785,0.14559531810614557
2016-09-22,240,0.0031754235998334513,0.06147255990675071,7.288930596697214,-0.021384891228332183,-0.24319916028400745,-0.14663597429496578,-0.11298330211274558
2016-09-23,224,0.0025953082668109923,0.03029690612423319,7.274787874957061,-0.06778792194087661,-0.20496368694769074,-0.06745223106048225,0.17750573641773093
2016-09-26,240,0.0019414929604814276,0.009097632701589586,7.333406117979435,0.09288752243284537,0.053177636646310096,0.00330947152938861,-0.08129125163963102
2016-09-27,251,0.0010279304647716398,0.028784701341809105,6.925876388273066,0.19168390600689064,0.17640270337325506,0.11626792146598881,-0.0003756241614985127
2016-09-28,282,0.0021053362416701567,0.006619234980227429,7.466986895943311,-0.023868527543004444,-0.1432005255564434,-0.020684544741260583,0.00034395753874396333
2016-09-29,252,0.0019335125275529992,0.02421048289622363,7.275152776268909,0.07610198583781196,-0.1233634966391569,0.0612383024461019,0.011532894468537336
2016-09-30,227,0.0016103459011979084,0.009578837604512613,7.548697920354901,0.07177507040392044,0.12398116364998837,0.020829593984017087,0.05231713281821831
2016-10-03,283,0.001635027199217599,0.028407237954843123,6.919380702483324,0.04450695986852902,-0.016340231771649793,-0.12261383067780783,0.16902170782377704
2016-10-04,246,0.003101451361982725,0.02856461234734209,7.749829986731933,-0.18016953636417757,-0.1380151948684744,-0.15470438816421053,-0.053024950698635206
2016-10-05,274,0.0018600845604152113,0.013471803057040765,7.811480665000749,0.05257201470849034,-0.0276603780233668,0.03749277335992485,-0.08173074915258127
2016-10-06,263,0.0022138371954479145,0.010402642464089507,7.420272082692544,-0.07803947001067937,0.022961930185192478,-0.05370343406909464,-0.055697390911020654
2016-10-07,234,0.0020336099309039846,0.027640230269963983,8.022599802496517,-0.08746828972678942,-0.14272857099166794,0.24753322224474109,0.03093419081065424
2016-10-10,280,0.0016500542923310502,0.012582686197669668,7.551976936767599,-0.03643728878491436,-0.03462956258120995,0.025534618670636795,0.12150182899010005
2016-10-11,270,0.0020246364239153306,0.05759660887563822,7.188558326902316,-0.14883748887786485,-0.3129210648955973,0.22193335384454016,0.14652153101463758
2016-10-12,245,0.0017947339168892928,0.02329395731120254,8.199229974651013,0.0794469482450609,-0.020849206497011764,-0.08655644810324782,0.1485390870794548
2016-10-13,235,0.00162896659882063,0.005784588096548582,7.687687973614116,0.08120750839517499,0.10528922238541844,0.025021914054876894,0.022867053718837658
2016-10-14,250,0.002011868364578639,0.03560383033860193,7.582273995826824,0.016853970112950298,0.01685584192826811,0.16769089900095982,-0.20733489333150512
2016-10-17,282,0.0020874826061129904,0.03388293089365857,7.534692408554406,0.10229954666074871,0.02591135264826378,-0.2307321430122482,-0.07481894614450116
2016-10-18,276,0.0019741532367687172,0.006687361633268996,7.16897637742019,-0.019609983544603873,-0.06917656868390634,-0.083285476490394,0.08233944202257959
2016-10-19,265,0.0018712059422724484,0.011600529836362283,6.945669757879939,-0.05382022468236485,0.06287802228959789,-0.059730074495193755,0.058933127483564184
2016-10-20,248,0.00222377443961579,0.0047941679050037544,7.181060644381338,-0.04558536310283814,-0.11409737863666708,0.029817258396750503,0.026873361293318052
2016-10-21,253,0.0018423691487374006,0.004071740902889531,7.501034242178479,0.016889750006596108,0.04020892431314549,0.0719210022750811,-0.06125846585594897
2016-10-24,234,0.0025843726913674448,0.011575589279546938,7.394413690798868,-0.0105477951523027,-0.12818412686277503,-0.05288307599303463,-0.017871421551854248
2016-10-25,277,0.0013521160962492388,0.00827212489437723,6.866845728610816,0.05479774192860877,0.12018874698190596,0.05250242254300587,0.023438771224390063
2016-10-26,312,0.0019274484734816402,0.020960312100080314,7.703384041454219,-0.1011347663962506,0.017249400361275168,-0.01366029306086754,-0.10518218835669388
2016-10-27,332,0.0015962524889457392,0.00954280259242124,7.546669638625729,0.01057763858690964,-0.10506430809832834,0.0268781978985285,0.007696818952931767
2016-10-28,341,0.0016041439609301843,0.014796410039532915,7.410826532639067,-0.0851853065323299,0.029511497180849368,-0.07932841909842807,0.04097604709554367
2016-10-31,326,0.0021847765182697737,0.028683722872538953,7.418058649983101,-0.09665817931816797,-0.06176215149336123,-0.2101163491061758,-0.05593760999418803
2016-11-01,310,0.00205217610945022,0.008395784528618888,7.097875422291907,-0.09228451130200602,-0.10872179714018493,-0.07590139877546778,0.004558519358526829
2016-11-02,306,0.0014159284947014468,0.014322347517579992,7.61496505048122,-0.04305251585767834,0.07221593837199798,0.1515134362887865,-0.04722509756038311
2016-11-03,303,0.0017832889346771157,0.00472922174886059,7.065191984951416,-0.06650439280311118,-0.09270094279079306,0.04690216335288232,0.03163007782667318
2016-11-04,298,0.0024797659946244055,0.03605682643920505,7.4406947326565875,-0.1520396394977343,-0.11318777650460796,-0.1175058013565995,-0.0952073154372152
2016-11-07,309,0.000981803649438474,0.018766625041868212,8.38720792461873,0.17910393519979628,0.167185672994076,0.04600572338060496,0.0009500130725289695
2016-11-08,310,0.001772892270705955,0.02927387214382393,6.593119258991987,-0.1724692798851252,-0.025201953684294513,0.05245636156696901,0.04602166416475806
2016-11-09,283,0.0021073248183945386,0.010838126336811249,7.7441268823304386,-0.06077418701335238,-0.021733604522842974,-0.020083016418082696,-0.09015503925702667
2016-11-10,287,0.002183083891556113,0.0364279639841687,7.039454391041419,0.053843687199662024,-0.11527257656825265,-0.1714218843728379,-0.020239380011771387
2016-11-11,281,0.0015329191411097638,0.008097211237553692,7.390031489938555,0.09409125775287176,0.019910722117288383,0.06327097687884148,-0.0387735140526947
2016-11-14,292,0.0010533062209612245,0.023525050270532644,7.2500566349853655,0.11225368732707873,0.26231166941778433,0.04381448462249242,-0.03351067440870313
2016-11-15,307,0.0019373147799330132,0.010530475181349863,7.154578878642434,-0.0836557962273292,-0.16495736405886957,-0.015732467691446584,0.07483435309878081
2016-11-16,306,0.0014891809520262212,0.019021076420954408,7.32166419271235,0.061585390050795205,0.02932688177576465,-0.12543413560638036,0.12314312113975506
2016-11-17,258,0.001877360442511759,0.0012999237823381193,7.28884718707157,0.006106478260774026,0.04304858499964032,-0.025385025632529184,0.00751197403604663
2016-11-18,244,0.001931080066268055,0.0025022154597731383,7.209631504844502,0.05424168483470479,0.030005737087054413,-0.02274605877090537,-0.003868435489670152
2016-11-21,298,0.0017502515011842464,0.005478916690084157,6.966647970499493,-0.03798336920840203,-0.08836892501561035,0.09254416490967335,-0.009341765391467234
2016-11-22,276,0.0021101994251211537,0.02537464251316568,7.261706758333421,0.009449405741618,0.04528637117732168,-0.2462853412809387,0.026719481695122244
2016-11-23,257,0.001876473834557955,0.00550862453867873,7.3908502652043655,0.04758131422467343,0.0681558336055027,0.003538933912854545,-0.08378363270580688
2016-11-25,240,0.0017982617043377069,0.008438352195372367,7.284340111642475,0.053019509411028794,0.05359179592088291,0.11740141049622266,-0.08717833391023234
2016-11-28,252,0.0019276074447623084,0.014599754239480678,7.204432317156077,-0.029479755646646687,0.10698622765460118,-0.09661166656352045,0.047591042395360626
2016-11-29,261,0.002466316440525357,0.02417519378288857,7.3546798873439085,-0.1149860992260024,-0.06376072259663977,0.024392163548646414,-0.1330625236802354
2016-11-30,297,0.0019982866185052433,0.010434814792062874,7.6474405139532164,-0.0014647961293012784,-0.10574953566400686,-0.06540075907244271,-0.014367160526363979
2016-12-01,314,0.002117577011684455,0.02183455761898201,7.143890083908999,-0.13360771224144993,-0.25640461902342826,0.0444916007045342,0.015682367222497298
2016-12-02,255,0.002225382013774991,0.009919489609346854,7.341233957962996,0.015564595210105966,0.020175307769893545,-0.14489891851432898,-0.025785811490918714
2016-12-05,256,0.001918339884446694,0.016952824372310826,7.932236524620728,-0.009864931576940803,0.08531905770716758,0.06709459153716095,-0.12473873850409149
2016-12-06,222,0.0022149698478070258,0.007072970003956791,7.581670883072248,-0.06839524316099632,-0.035678401400019676,0.09911147259785805,0.02151555953683412
2016-12-07,267,0.0014108193334107849,0.026740758492177275,7.344901281849805,0.10600724115820763,-0.0775309964639413,0.18149666264307596,0.036649568621300484
2016-12-08,275,0.0011643036207810876,0.022097142873888975,7.113947789737468,0.14713961139265438,0.24489648371973594,0.052484209829426455,-0.08488729637140682
2016-12-09,276,0.002126155223609557,0.006805299801434739,7.287291287413825,-0.003458091915102492,-0.07217077062507438,-0.09008502886944339,-0.007923792022859675
2016-12-12,309,0.0018797347481552483,0.02702421960864121,7.586984086687903,0.102116163303681,0.021900511478047825,-0.28386325467420137,-0.001829494467465342
2016-12-13,281,0.0022136188563540386,0.01844433725971195,7.218839068383015,-0.05308027164546923,-0.1408443644231114,-0.15409150483727202,0.10396234363488208
2016-12-14,268,0.0018317412232722037,0.012489960674279876,7.0038868356804596,-0.07959512065115859,-0.06126178610311928,0.0827655434561215,0.07627806762425636
2016-12-15,279,0.0015353861966718716,0.013146821906779294,7.3383419841678865,-0.04256971011799186,0.031691339219923176,0.1573825149010279,-0.003249641745863872
2016-12-16,268,0.002093955081333947,0.01674441471717414,7.350749199855219,-0.01140532277645604,-0.14108210279952532,0.09657401131422756,-0.06644650933324607
2016-12-19,275,0.001715381919452673,0.0017948590319152302,7.375425366211681,-0.00413316669462243,-0.0066452950393458094,0.07389551564841258,-0.006577109613416979
2016-12-20,265,0.0020166504858542484,0.008702484080004624,6.806191073892515,-0.011522313234509366,0.08682796638002588,-0.12519314122316313,-0.018937269425124477
2016-12-21,269,0.0015159335685648561,0.0117981342872151,6.940129626405186,-0.008096503012073947,-0.020459055837107935,0.19133604028968426,0.02164725867161122
2016-12-22,220,0.0021336941268018353,0.02388329208109674,7.285691734436546,-0.09129574786949438,-0.03246650511844576,0.06564053928987909,0.11929629790524528
2016-12-23,234,0.0026072782661160365,0.02695365173296982,6.998618594051571,0.04599223645337171,-0.08804687387653136,-0.1715619394058334,-0.0065896517133074125
2016-12-27,239,0.0026316212364427276,0.02360873814793807,7.189581925765935,-0.10841424407750441,-0.24302108692258118,0.10073165233627529,-0.007211272355816265
2016-12-28,257,0.002730717184768751,0.03873044528258829,6.8500923063396355,-0.09432711062985197,-0.28870403241663367,0.08408018584138781,-0.10463767576604573
2016-12-29,240,0.0022884696706917743,0.01474182098718535,7.609438237965529,-0.10795495273254227,0.032506174367141545,0.007972780222451278,-0.030989443789099437
2016-12-30,209,0.003251509153900668,0.017399602135999337,7.666697581318745,-0.10625647170056858,-0.05858083982855415,-0.17862712444156936,-0.015666390359793485
2017-01-03,314,0.0013976167526689044,0.027095830317560465,7.31183412078954,-0.06150576328044107,0.16162580228807724,-0.012436116363113363,0.0346127566794041
2017-01-04,268,0.0019261814513111852,0.0074875891206566125,7.957687062799498,-0.05848296041786389,-0.023360069752717056,-0.032287597102274336,0.08169736937004769
2017-01-05,269,0.0017973095033071195,0.022016156537204568,6.871690941389011,-0.06094802328412701,-0.14990141139713908,0.1463386824801609,0.0975582394218851
2017-01-06,290,0.001505562090230783,0.003046378182286702,7.441108480334857,0.051725283337648614,0.0659545925425813,-0.009225005270956238,0.018319117056871104
2017-01-09,305,0.0016481616475674094,0.003420438274703508,7.3764414447950015,-0.04623128463640282,-0.04043107584646211,0.029136686297815205,0.052147069168936765
2017-01-10,276,0.0021612422357588745,0.019650703621726384,7.328873193822536,-0.03244500984823955,-0.053560726408349454,0.030032140524662656,-0.13703211840697338
2017-01-11,298,0.001554083812203358,0.024508444587311717,7.385198120358733,0.033495001257659085,0.22505815695330952,-0.048546139698749075,-0.13624097058542792
2017-01-12,277,0.002226289366402405,0.009079817564684234,7.2086939658006335,-0.11124258159486473,-0.15988053559575235,0.003770162787965021,0.03398864541572219
2017-01-13,267,0.0014703786402350467,0.005648631643219493,7.9196903024745176,0.10707796347280998,0.1178796881396986,0.02048776336532061,-0.030627608863339935
2017-01-17,302,0.001809195511017362,0.004060732448014082,6.38584470359029,-0.07274529179868759,-0.02876296572884801,0.007036461119627203,0.0017177077534213064
2017-01-18,289,0.0016219865190773034,0.005253361453790517,7.48738388203115,-0.013787448966177313,-0.03431760395940586,0.03463667047720248,0.07596017442169489
2017-01-19,281,0.001928055904273608,0.004737400742251596,7.3299817799608675,-0.05853897205858983,-0.10276581620278157,0.022954510729978818,0.05478285932963109
2017-01-20,272,0.0024641165972583375,0.03507345170116294,7.244036831290429,-0.20425980118539228,-0.22110533659604525,-0.0493047685967937,0.13419047746969393
2017-01-23,304,0.0021901304441681404,0.018980183140832718,7.173493669985627,-0.038627058488157076,-0.1699647779414077,-0.17538541388989054,0.0523779402652304
2017-01-24,286,0.0018648418140853047,0.005905155231567316,6.881105546041074,0.04197652300266439,0.006600700581570361,-0.11174640134392731,-0.003520339897104945
2017-01-25,307,0.0017671486765001017,0.025718918301339766,7.085113767781253,0.08780726581913688,-0.0662565566392269,-0.01598621544891507,-0.09059378110205042
2017-01-26,297,0.0016065100266216392,0.01005122216501797,6.678975612437225,0.02941669990843792,-0.07291552180493428,-0.005300981419121812,0.094532847502363
2017-01-27,282,0.0014997851205293005,0.022929638892201898,7.329180433008214,0.0734551420511529,0.20079206286227988,-0.11807405254078485,-0.002051960351183924
2017-01-30,341,0.001519906190980513,0.014735200703918316,7.546986198177987,-0.10006073710807409,-0.0032774411303611813,0.1060108907575616,-0.03924873476783652
2017-01-31,307,0.0014458244610803946,0.030956581391641924,7.035111278673811,0.178833271954732,0.13583359431621875,-0.0896650863799473,-0.11273799899436612
2017-02-01,325,0.0018579933625241943,0.012695998856600665,7.24325277908268,-0.012358131009876521,-0.14204866787921616,-0.0692196259912802,0.015930739239649435
2017-02-02,329,0.001303396605475386,0.01936811033224417,6.946167369998724,0.08254444853740396,0.004337641783430877,0.1432950551270739,-0.08781211185071217
2017-02-03,301,0.001738730810745246,0.03442438270237236,7.131676741509938,-0.09580086765913597,-0.03165047209045077,0.21270114633779683,-0.1319657546568471
2017-02-06,312,0.001375087681873915,0.003379958421792173,6.6566814473203095,0.0394548824854599,0.06737087239904058,0.00560686274678725,0.029512668879380876
2017-02-07,308,0.0020652602977021314,0.03397490085384536,7.316215612707975,-0.17071357654534677,-0.17748075560160664,-0.09313746381277582,0.16913145257520895
2017-02-08,327,0.0013938557936792112,0.006801981410846536,6.6927679522679435,0.06278237599656042,-0.023622396453444695,0.009541271196539216,0.03971706019413451
2017-02-09,323,0.0015449138246329728,0.010457930626617595,7.3429594760474695,0.022883057332534006,0.0544400671182133,-0.12692297630802762,0.051585521144379275
2017-02-10,297,0.0018809586005587716,0.016346729756374745,7.18809540580208,0.0515635707191904,-0.029907989918807255,-0.048252529288061084,-0.09069246024421909
2017-02-13,328,0.0010886725419641272,0.013704826917417368,6.9823044633331435,0.053703163207784926,0.1928147217928162,0.06573005358735665,-0.026417126116409853
2017-02-14,317,0.0015240742027605946,0.009202112608335367,6.961544069888459,0.010770289772000534,-0.08510333242751104,0.014833701935554429,0.09323629616973965
2017-02-15,319,0.0016599875104381806,0.0257616035679592,7.682375249706634,0.037015166110806415,0.1590393670421147,-0.10027391810040943,-0.15485264671207172
2017-02-16,315,0.001058061992134915,0.051065719802441456,7.189148780831905,-0.0011729859095640448,0.24633497646842914,-0.01586853390871824,0.10412748830487002
2017-02-17,284,0.001650302164760499,0.014019681650464633,7.1466072882082985,0.09391535231247952,0.06611730950247106,-0.14802943604357705,0.05062514464466912
2017-02-21,336,0.0015882318506168411,0.017866523666641987,6.849768514574862,0.018897930984872153,0.11224083090602573,-0.19607840650128958,-0.0023521590041298184
2017-02-22,288,0.002069639323506006,0.012043744449940608,6.924182258361149,-0.02732788992605891,-0.05694378502725986,-0.009483985754651545,-0.09835658963148344
2017-02-23,306,0.001587987596894569,0.019431380502684892,7.65809933353707,0.005578495203141222,-0.08424454963861804,-0.05481305564733229,0.16163070078333128
2017-02-24,321,0.0015168007812509112,0.009958885464383616,6.66359461766229,-0.043014345267122535,-0.0073765432027742715,0.1338510636733398,-0.05724627676653825
2017-02-27,330,0.0015785906253724864,0.005654946985689802,7.213804847624984,-0.037988349805106195,-0.10004461898924205,0.049725370211433015,0.046437785837068
2017-02-28,312,0.0020097164353821695,0.0159402838690601,7.054397105319505,-0.035863420731792564,-0.014027302106729369,-0.21512038739543435,0.010948054555490328
2017-03-01,293,0.0020270341675047076,0.025261568036738402,7.702497224042967,0.04945184212978127,-0.13933505102533275,-0.12367523240458751,0.02571641914238433
2017-03-02,270,0.002199183153101028,0.020646258841026777,7.421387836860683,-0.08968871572252445,-0.13928339889731267,-0.10308889096932991,0.14450210291460738
2017-03-03,282,0.001545914632984469,0.00267083467491247,7.430774077805076,0.05191535651919019,0.06734775815711813,-0.015731224537576152,0.02457225685803358
2017-03-06,282,0.0017629586581059903,0.00469624216325204,7.292247316745944,0.04752505340093828,-0.01557104780064191,-0.05759909009901511,0.03133640132693438
2017-03-07,278,0.001766912668629987,0.004044589385201469,7.264031921284281,0.0005686582621225596,-0.058736126577956106,0.06864047443815693,0.007123550119399043
2017-03-08,289,0.0009245130761962117,0.030818412018390084,7.805862977526368,0.19466430864923231,0.14654022866937122,0.06125472888883683,0.06317217575115272
2017-03-09,269,0.0013312593883279256,0.01630605242258476,7.124524250452221,0.09734972329728941,0.11128811203093987,0.15792114750987296,-0.0827765337585216
2017-03-10,281,0.0013864337494319432,0.02355901328948562,7.254635480121612,0.15652512661734658,0.024652362254043075,0.060464207060316286,-0.0208174631124632
2017-03-13,271,0.0017163286354872772,0.02852781582363262,7.0699487306630004,0.027168714338908505,0.042590938219284315,0.1730077235245495,-0.1730174965168406
2017-03-14,227,0.001746318163299614,0.015095221283425886,7.245893416937512,0.14168126228473704,0.0636835891234601,-0.0055154109273300184,0.0073221133811033935
2017-03-15,281,0.0008025115476363819,0.05275142946957134,7.095443507474372,0.1582354052759307,0.4089514888255792,0.06094087697236302,-0.07913926084553219
2017-03-16,261,0.001935960508496529,0.00176959293116552,7.201872627686886,0.016761828111284377,-0.03891016055045138,-0.010965939967392566,0.022542886971367537
2017-03-17,263,0.0013613735968745209,0.009214299739333853,7.18961990996724,0.10387626471331353,0.11835931401440426,0.05243989118263456,0.009242018133656996
2017-03-20,282,0.0019770590107186107,0.01923642171082862,6.705074850992895,-0.05431196833143073,-0.10856546038113073,-0.10199605869895846,0.14981220536620932
2017-03-21,232,0.00216108608502314,0.0070054472058119766,7.124025377909676,-0.02190950398110406,-0.027173369515444835,-0.048760911502484315,0.09509984154828942
2017-03-22,283,0.0018700704180047267,0.005014674900921556,6.944807570696902,0.003549730289644958,0.017587684641671528,-0.0008269450709430619,-0.07877032645104737
2017-03-23,247,0.002768656088483391,0.014540373271859641,8.30501423393385,-0.07727258746308639,-0.17148685583759404,-0.11924346584432931,0.00028680143422082016
2017-03-24,239,0.001969733763645533,0.004329021821268597,7.1997947747939275,0.06006105690577145,0.005577308678788108,0.03186466860037481,-0.03903577320750183
2017-03-27,259,0.001811437079585522,0.023446760440137826,6.757231115698836,-0.07221624185572,-0.08668005171303612,0.07224129311468654,0.14833059322877265
2017-03-28,213,0.002084478234131546,0.003428533913098719,7.487298964312483,0.07555524818335181,0.04926985097404316,0.00347627314619789,-0.016289100043630118
2017-03-29,234,0.0017092908459485547,0.006852442262202163,7.291225048127271,0.027453618087767345,0.13317050273337386,0.027399324139915818,0.012028439135019319
2017-03-30,221,0.001828078878346161,0.0214606358774877,7.3174437535789005,0.09112643477291214,-0.03668761059284433,0.01552407667113486,0.12202623491978933
2017-03-31,195,0.002226430202529742,0.03335273005330619,7.106433036727563,0.16561158872497087,0.041707026856431816,-0.12870912967962636,0.0530827351116164
2017-04-03,209,0.002092683567987026,0.012236695114110407,7.432153236007178,-0.04591179369195885,0.07437075973301936,0.10996711116548823,-0.013167808625130662
2017-04-04,212,0.002255153546480271,0.007194355178160139,7.086775864926711,0.0028056982956508243,-0.032781879038616096,0.11831005228937805,-0.044518975254054266
2017-04-05,231,0.0021949153313875905,0.01232984507934387,8.149047433478529,0.054160737564047386,-0.08830845038663382,-0.011835456768490302,0.031932286490005735
2017-04-06,225,0.0021427870046424108,0.007234749254165784,7.049582950740265,0.035188142252886405,-0.07685207433483439,0.03729023598865466,0.04011954400420599
2017-04-07,214,0.002446057275884911,0.007752294022537742,7.166110554827969,0.041905297359976564,0.001596126628217842,0.0014388794749827466,-0.09185281754192798
2017-04-10,216,0.002202158436046786,0.024962442872211832,7.891334863521623,-0.04874878014817153,0.16605708734810892,-0.05333802757369586,-0.015302723998454924
2017-04-11,214,0.002733479928718292,0.01217865231936055,7.029983938627831,0.02106494345302195,-0.07473999892541427,-0.01928307079901554,-0.09697128322002595
2017-04-12,215,0.0017369190231468024,0.018162485146917096,7.535564042641455,0.09853030893594629,0.235737282091067,-0.08015671816284062,-0.0009860528173009314
2017-04-13,238,0.0015768488479212916,0.016113691941802677,7.844064768622718,0.07323195322056016,-0.010723085733960377,0.09662675592509289,0.09028432497776698
2017-04-17,271,0.00252279572845325,0.03402544337855984,7.015206351769697,-0.035144286429602656,-0.009491511569460404,-0.15647924585426823,-0.16624024096835036
2017-04-18,217,0.0023799531209388863,0.026470253552773215,7.126676223855695,0.08180522041497437,-0.13546602428293342,0.018487849782864385,0.0022732995976208203
2017-04-19,231,0.002152789934635896,0.01041251625583095,7.2021392580737285,0.06871276525150649,0.09716347753748782,-0.13086256196097615,-0.02960263062980663
2017-04-20,239,0.0019563723943892206,0.012629309511325237,7.41217911230676,-0.017165996744103875,0.13241181668514862,0.03664559255814424,-0.08703741701723684
2017-04-21,236,0.0021269504355259953,0.05882571111562174,7.380346951918045,0.20394014992937262,0.05406625116828635,-0.22092094555464312,-0.04100606111129651
2017-04-24,261,0.002026191169947748,0.00957565657383408,7.358610647515495,-0.0281171527416387,-0.028751180577659945,0.08982916736384466,-0.090632624757267
2017-04-25,257,0.0016949411947865987,0.03263976718507133,6.936335840465138,0.017197797638630535,-0.0797619460228115,0.2800818348028575,-0.08871746053899818
2017-04-26,270,0.001834485943796069,0.018330660870889304,6.975554256218715,0.026897795411867792,-0.03559693771548476,0.12858068322565874,-0.11050395057190956
2017-04-27,280,0.0020009100135243616,0.029587011332908086,6.9069985389722035,-0.0907601596585991,-0.19602014074908067,0.17191621008421876,-0.005645517250178708
2017-04-28,280,0.00203401485845312,0.0267954181277813,7.1322264213496895,-0.03325093751204479,0.11878770182633465,-0.15141680562892706,-0.07316827941912123
2017-05-01,279,0.0015608487735124595,0.011230348250355182,6.967586989504466,0.08904198889177661,0.129382975243283,-0.11108464252921986,0.021706062774179028
2017-05-02,251,0.0016406999148137803,0.015259792268314198,6.911144431965241,0.09499355440093406,0.03744893035799313,-0.06252918982278541,0.10645534782734996
2017-05-03,265,0.0017952679893363593,0.01679672308490343,6.963696839732092,0.05115606445626429,0.03728698165861742,0.09210309323672643,-0.13203817369988152
2017-05-04,247,0.001549349109936715,0.031726267329744595,7.16417208288717,0.06393300934485174,0.26489808632412454,-0.024797622504922814,-0.06941193347279227
2017-05-05,262,0.0019085160823950644,0.0054950838250724665,6.9053415089941,0.01082756922702689,-0.01233188023387826,0.06808247445020185,-0.06664059061835836
2017-05-08,264,0.0026066740163502703,0.022631304716204448,7.545599885286957,-0.08391992853343427,-0.19802689156631456,-0.14735714266078392,0.05298008212759298
2017-05-09,248,0.0018068198541463564,0.0042115039177429425,7.295710426070211,0.006654626053786743,-0.010830571955703017,0.0757667689282693,0.03222652931705597
2017-05-10,252,0.0023086215162840744,0.007216942722620079,7.186881502954708,-0.09245202144823901,-0.0356857000106853,-0.06306111763668859,0.027653594888434444
2017-05-11,218,0.0022908297408880084,0.0073027575428833424,6.816202592157729,-0.05304661688121631,-0.07429751215972782,0.053879147341033544,0.07466321467275218
2017-05-12,231,0.0016552680635182266,0.0071892781647795445,7.298326283162687,0.04349304117037965,0.047849470999747915,0.09750909218807369,0.04641455029637901
2017-05-15,242,0.0020461289993819617,0.015549435901343167,7.231163653933063,0.09381080104753577,-0.048098143605634205,-0.028777101254441828,-0.0072619918883225845
2017-05-16,262,0.0016627906805922964,0.04571775132235689,7.418292801476809,-0.08274984344195965,0.20975239708167848,-0.10024229840266906,0.10193742813259345
2017-05-17,255,0.0016003543655362074,0.006144154160030779,7.262520180155937,0.04807011637967933,0.09962189522505534,-0.008930998442276199,0.04505826041407674
2017-05-18,254,0.0022198548421754265,0.0048308488320015774,7.245045149774287,-0.048997006155147085,-0.05127603926469597,0.02949158287203063,-0.05690479727730617
2017-05-19,235,0.002970020197001298,0.0334675208255002,7.71449949918575,-0.08051793867342065,-0.18542281156797458,-0.02112817205195424,-0.10884057029725717
2017-05-22,214,0.0022362555780649344,0.008947292217960756,7.232350555159537,-0.0512718956356854,0.003970600067587046,0.0056242049249881874,0.08455970323131178
2017-05-23,210,0.002486357118736022,0.013952396917832455,7.191828768041526,-0.019485082236929786,-0.0032410921300606477,0.09844640811246406,-0.11999022361460183
2017-05-24,235,0.0013257962462191024,0.022463871392517487,7.34839014941823,0.188594414847738,0.16596785365317207,0.06012386460189284,-0.03781036882577712
2017-05-25,248,0.0016478543439899082,0.0052204115643371685,6.917609964718946,0.0739821855250407,0.054894277012623525,0.041083783485393856,0.012703999357950232
2017-05-26,246,0.0028752791883375605,0.023791516206426166,7.326498448740124,-0.10087400774545742,-0.2595032058771751,-0.10986442279247896,0.055604275753044885
2017-05-30,270,0.001514410079729501,0.017546342694190198,6.830211245413384,0.09473058957555854,-0.010692066214497819,0.009120303137864862,0.08905973044714181
2017-05-31,245,0.0026946995567351997,0.022676272187832636,7.711335863541363,-0.01033902646947605,-0.14593192458695262,-0.13039223530472402,-0.03373959643909748
2017-06-01,229,0.0024512513588014415,0.020736622184340137,7.400427293202091,0.061868442229192855,-0.025519361563028573,-0.036912263627572675,-0.12210993936965063
2017-06-02,225,0.002615163538424976,0.008670541660238618,7.689576510138505,-0.006806620035160306,-0.05252479497820424,-0.15544377146546803,0.03795159418759054
2017-06-05,229,0.0022566405931793722,0.00939510964000645,7.308089359421017,-0.0734358051894914,0.019236206839252017,-0.034605605412584464,0.05526381208666856
2017-06-06,225,0.0033150177168430215,0.050708566030672086,7.467379927512253,-0.03748361796719935,-0.19691350896688326,-0.3115913601439051,0.0542305144986401
2017-06-07,247,0.0024893813451589857,0.02039960430245147,7.870438679362694,-0.0021984748754598524,-0.053127025470628586,-0.038407422939323504,-0.1360214612231329
2017-06-08,225,0.00275832523008559,0.022093046464442434,6.8667004245467815,-0.017847962817871897,-0.22913774699781983,-0.0050114679681111055,0.010750824245292435
2017-06-09,215,0.0028016693478368853,0.03285947716137849,7.208258649214884,-0.1820578877366979,-0.003071971890752141,-0.005162610415908336,-0.014425349526501251
2017-06-12,253,0.0016428235694946316,0.025318851825892774,7.055693925857395,0.06826626096727534,0.21406643182144866,-0.14698677361490706,0.033385354661894864
2017-06-13,255,0.0020627469327773886,0.007370335641866954,7.216827852081797,0.02219516972614389,-0.11132919318108396,-0.0003000868414850594,0.037433174579956104
2017-06-14,237,0.0025911741349902095,0.01503927081912726,7.024369565551127,-0.07992706169870051,-0.15856897613190096,0.06968392943569861,-0.059404431590451424
2017-06-15,235,0.0028322774799093707,0.011382192218588605,7.891996494814078,-0.08131791617396666,-0.1317054932977863,-0.15246988446521145,0.034322878379547055
2017-06-16,216,0.0022475747842393354,0.003688505010079335,7.699439655673371,0.052650371412676394,0.04949038619068376,-0.07196198426652757,-0.00113108012822873
2017-06-19,203,0.0005860091703466093,0.08379697321088819,8.306667276752837,0.270438312362947,0.21550511857510213,0.07036255780712311,0.20577428809410192
2017-06-20,240,0.001717186116006107,0.025621792900542006,7.30767488886077,0.003378905853004396,-0.07212527750887973,0.2124266600984766,0.032070375874459045
2017-06-21,229,0.0018283553724490582,0.02735400773778074,7.38022981655487,0.01037808219901575,-0.09909300776893867,0.1770046891261952,0.07432347586206392
2017-06-22,225,0.0029346707576868676,0.016605766636108354,6.7414432019282255,-0.09610981667678448,-0.1945010908712875,-0.05066432428746994,0.02067339087645556
2017-06-23,213,0.0024807520971378526,0.026417362545616885,7.422402699917807,-0.0891244403190934,-0.09724251690209534,-0.050154592429925676,0.179721156270377
2017-06-26,212,0.002727596794763228,0.013750762995123123,7.092520289322857,-0.06348368457917972,0.03040197298745044,-0.028882001124789614,-0.09453732826309014
2017-06-27,220,0.001212067894842801,0.04202692078100767,7.841980910071624,0.16264194107835817,0.3283547207238913,0.17428992501270701,-0.1985964605457831
2017-06-28,251,0.0017864917467266973,0.0028164793483073103,7.323113899635974,0.0592542445210842,0.06789335817407659,0.014028092460454075,-0.03799455201241036
2017-06-29,240,0.002529284722457061,0.01700788178620749,7.0620883747788605,-0.14587140324669798,-0.15341485838662572,0.04997008678446007,0.03525950806947779
2017-06-30,214,0.001926815241148462,0.0036280327898816633,8.086306031731404,0.07928271756013408,0.10516686096103597,0.024004246386452117,-0.03313074811915309
2017-07-03,216,0.0031354572656598313,0.018406887566439156,6.843850615789818,-0.14092882164624967,-0.1387080566833331,-0.09865527778645335,0.02377461735098523
2017-07-05,204,0.0023225925467643665,0.024160087415118436,7.176823900905409,0.08965734659739816,-0.09466245034005652,-0.05583900525985507,0.11322634992265214
2017-07-06,237,0.001901740460789322,0.011095042174037228,7.170459767862158,0.0645333843137125,0.07644379680113143,-0.10122299945578506,0.05882083992678572
2017-07-07,219,0.0030388632340432927,0.02700390269683961,7.975577728331445,0.013665496047829007,-0.09342403950702055,-0.1897828129684647,-0.061480740083320114
2017-07-10,241,0.002535570363889489,0.030075727025697496,7.292505298825016,-0.0033478704168217366,-0.2607264854042149,0.0009758117895825209,0.04095362863671617
2017-07-11,229,0.0029197329587127945,0.014950422511320505,7.243763374030378,-0.14712729281590806,-0.18931159045210086,-0.05029404335830947,0.049495231535850635
2017-07-12,248,0.0023005333432076737,0.022722527976425266,7.361610593423898,0.00795681439016429,-0.1961157014372194,0.03146003343151582,0.015634315384528332
2017-07-13,226,0.0022682391097366716,0.039842474167431474,7.366791647968078,-0.03140193211106964,-0.1373186336595346,-0.08347242937622168,0.2269489175458535
2017-07-14,244,0.002891368787779889,0.028796202549470906,6.787390864558904,-0.09006169795300042,-0.2569417649806153,-0.09847598052573024,0.03449147502276008
2017-07-17,242,0.0017392891589038464,0.024017583491246608,7.780277185838647,0.015102230918468266,0.06261908077167877,0.21781201065325848,-0.1373492752528582
2017-07-18,249,0.0022447161026358017,0.04120841447696122,7.344174101898329,-0.13098051853511727,-0.2516749881436824,0.08446943145492408,0.180317456111244
2017-07-19,271,0.002236430953953842,0.021522677006270197,7.224417285944893,-0.058394493151407524,-0.022426962304186955,0.00988819917224592,-0.14121232075963225
2017-07-20,251,0.002517212806513273,0.01989658489534285,6.92004187180868,0.0057595005150638335,-0.06858696207594818,-0.10778189567794724,-0.09303147163082846
2017-07-21,246,0.002031750366803749,0.005296206508258905,6.65554027186109,-0.04934873292860595,0.028305588097781872,0.053696204459911884,-0.0322742400965281
2017-07-24,283,0.0014075517621685892,0.006251694783892314,7.022456744338146,0.07269952083819635,0.053617930746967996,0.07981651389742805,-0.0028082628700154414
2017-07-25,256,0.0017530042084040584,0.023824186541288372,7.304782404662972,0.07342796060082805,0.1754074251150887,0.009818810118878526,-0.15619235053767108
2017-07-26,287,0.0020971423175641193,0.011783906564098001,7.051613379782456,-0.1027739932565004,-0.11716645616134884,0.053058134464340954,-0.03687737532829925
2017-07-27,315,0.0018497159852252306,0.027353362562624328,6.811261302245507,0.02152173578419025,0.0656265108341858,-0.09675909298330866,-0.15571022432695664
2017-07-28,296,0.001273350960687563,0.019043847825358173,6.980662528794013,0.14188380757575114,0.08050271173105124,-0.03554575179137124,0.05933546375752131
2017-07-31,309,0.002043954915452429,0.014002318475452746,7.224622240536076,-0.014140352780550895,-0.04552009313041828,-0.15620770582846275,-0.047295986010159385
2017-08-01,269,0.0021082082711138,0.011691479540041017,6.753078731782869,-0.06186324994836036,-0.16149585946231054,0.0034455353381161926,0.08569752421334097
2017-08-02,290,0.00208337635211987,0.01692741490044747,7.468721327463891,-0.09747707287736662,-0.22719631520186048,0.0403479236019388,0.07596718024776851
2017-08-03,276,0.0018392734394160383,0.004536351580117226,7.00300779820535,0.036853718030152104,-0.04758551218205708,-0.006190413804142244,0.001643269398396336
2017-08-04,294,0.0018314295335753255,0.0256334544989687,7.14782372342538,0.1039534438924545,-0.014292426413606545,-0.05929378877497076,-0.10724779444616657
2017-08-07,280,0.001402740144450632,0.02082515659609674,7.468934080369857,0.15026191018927992,0.03016086047122123,-0.04017053413414889,0.07421328258129548
2017-08-08,257,0.001429301340790674,0.010753537351461895,7.505229468817436,0.057690702141826325,0.027903876853712515,0.154680707685744,0.025063824152319204
2017-08-09,236,0.002073331738743258,0.05494814367546008,7.053819634013932,0.12111343252650857,-0.165377906363628,-0.05876862420295918,0.124420517353265
2017-08-10,259,0.0016036979382538642,0.010303848138283445,7.4527864117492815,0.09003803309046357,0.11888807358497536,0.05146736604559871,-0.09110900473655116
2017-08-11,258,0.0020016424746000603,0.005373168723069477,7.213493122680665,-0.021723141616722334,0.07179986601386444,-0.06005736644160738,-0.02286687484916377
2017-08-14,283,0.001558811650751854,0.009985495229899,7.177118877695127,0.05604501534070059,0.049588006294025176,0.10763253974529506,-0.09555295570557298
2017-08-15,281,0.002372927660996679,0.04064099537261601,7.7818508948225995,-0.1861195627220167,-0.3138333036143432,0.04226109886941818,0.12410642198682949
2017-08-16,252,0.0025948679632757056,0.010748949206896286,7.5146728170651595,-0.08643007129729444,-0.11506719219306796,-0.13146018868086315,0.025143998680261036
2017-08-17,239,0.0023878594178920504,0.005422876806258081,7.169550130831345,-0.08811222086989258,-0.07822463843488345,-0.00030822309608598107,0.025248280648469845
2017-08-18,254,0.0021455094071238085,0.010703173596136928,7.151884733505781,0.01183266621463694,-0.14790799939074462,0.019296863095362986,0.026859691261843528
2017-08-21,252,0.0011013783515871774,0.04828231112378101,6.9060232625502636,0.27001131310335363,0.25740259290772216,0.011725722048772499,-0.09423431725978472
2017-08-22,241,0.0017586377213146375,0.02380200781190689,7.437751696702368,0.04859591908958841,0.21987213964598543,-0.11858093370478358,0.002449493295562415
2017-08-23,235,0.0017689015683218837,0.03385427500542848,7.699069645298867,0.17487881092148735,0.1810746379293258,-0.017121251990971895,-0.17021593397113113
2017-08-24,203,0.0021754777699588544,0.006581265663879732,7.685361394878489,0.08036410213679741,0.014063637869432176,0.04230741889850307,-0.0199791335080243
2017-08-25,206,0.002016829803394135,0.025068313233534978,7.1587110230429465,0.07083893187030342,0.23547553464213075,-0.09990701015389053,-0.037341335356922474
2017-08-28,228,0.002044312736458372,0.025711571745826056,6.959458405781342,0.0778662144288932,0.13925288465234045,0.04164978401326271,-0.19097549091951926
2017-08-29,226,0.0019204904844963328,0.003946717786265652,7.1461698326062155,0.03729788529940712,0.05327335075416927,0.07704876504237462,-0.035681700088286826
2017-08-30,251,0.0016451138881268606,0.007041176275176753,7.4503363309336486,0.10140669160686469,0.0715141135180349,0.02428128354158033,-0.023049260506155824
2017-08-31,219,0.0017344339898364596,0.0341618495849868,7.16335038108746,0.08718623087247747,0.04379069029754263,0.22639754179731483,-0.11705655051570836
2017-09-01,220,0.0026128933434105585,0.018480093265746622,7.282091285852829,-0.10842994139687187,-0.02380597594925703,0.0724189503726079,-0.0898561041271304
2017-09-05,260,0.0013929900585966804,0.017865972670673136,7.202604513478322,0.017974987924258817,0.16801369660421134,0.12350226599102858,-0.03384578098975916
2017-09-06,228,0.0017480253187695705,0.009495457125189621,7.587063477092908,0.024571517228866753,0.06279513868894765,0.02399100314954923,0.09154279557371629
2017-09-07,252,0.0016248101452002517,0.008421462291176351,6.979412245158191,0.02571928323950471,0.010625098823881173,0.08444823691412981,0.06030306784156743
2017-09-08,248,0.0018459742697753214,0.019764927394287035,7.04801121697922,0.025232966922691447,0.1824472599867127,-0.10789051222779913,-0.015392952490175013
2017-09-11,246,0.0017087287623867161,0.006982309311317936,7.625471254502616,0.013130215587658992,0.0373177522587415,0.14843297481534576,-0.0395754937560099
2017-09-12,268,0.0014524689939023503,0.011036725367867817,7.5052207390837955,0.023735325277160723,0.147356630780699,0.025905334332203368,0.024479328878275114
2017-09-13,250,0.002016914984843308,0.0030073765364255767,7.107493618773299,0.02756443040483922,0.014808420023508167,0.0032805435875313594,-0.05411088643753181
2017-09-14,264,0.002199650757099753,0.007375274549271338,7.039885551898039,0.010223883769238537,-0.07751946129535267,-0.09620846297396314,0.002088440751398877
2017-09-15,230,0.0025540355908950257,0.035655561329432595,7.707899668151026,0.011743295355077472,-0.25521259182059697,-0.09182547949896519,0.16043840415277907
2017-09-18,241,0.001955191984637659,0.001603589924666915,7.214487050115006,0.04255087861484788,0.04831169178960775,-0.027781289677003104,-0.005483817322806308
2017-09-19,229,0.00095111007503603,0.041789210431340096,6.792656299771181,0.17718468802930187,0.17568175218368573,0.20144281536017902,0.010082330060339104
2017-09-20,186,0.0036753129580837044,0.02317251321172431,7.284637027792837,-0.05822650974624139,-0.22382113366203116,-0.09187230054570045,0.006703523546837004
2017-09-21,224,0.0018480332389182344,0.043789639192217455,7.540443623865328,0.07759967604260676,0.3069125258989802,-0.145406824964909,-0.06702426801206411
2017-09-22,225,0.001958964100533441,0.008526982913564685,7.433602265718697,0.05834557387436868,-0.008115195104983246,0.09632366137502198,-0.028087885384448282
2017-09-25,221,0.0021273830401314676,0.005178616377808476,7.354025185004388,-0.03147871702000231,0.049723264108628575,0.054605396303378594,-0.013153247130109767
2017-09-26,217,0.003150589754697026,0.021282867973292485,7.192768281443744,-0.06395271138160309,-0.213743090904086,-0.037888554385209654,-0.05177159686761128
2017-09-27,253,0.0021892729407517373,0.02106767369799889,7.553950314066778,0.04375448911881435,-0.061657144669904206,-0.17813306941870147,0.08826361694941812
2017-09-28,260,0.002145413844230375,0.013881292487549435,7.478210489134647,-0.08632969253812148,-0.01358880049173614,0.05351637014859652,-0.06921307611853096
2017-09-29,213,0.002281845417947402,0.019481148832881656,8.012042052675106,0.05261576633247605,0.0776559999286924,-0.1636440642168837,0.06130614991012265
2017-10-02,217,0.0031191377611074545,0.03176089686614625,6.956287229608023,-0.021569043598273562,-0.27585256415162296,-0.06041617505144021,0.00413199448070532
2017-10-03,235,0.0019037913215626066,0.04878948872925193,7.596728676492898,-0.05935874651059002,-0.19379619088873526,0.2713961671412924,0.0869768491236071
2017-10-04,259,0.0017460387056737836,0.0019666789087867675,7.270422632250155,0.00904184349690185,0.06807004384742867,0.024173230440634373,-0.005733167323979397
2017-10-05,213,0.0029835582286476784,0.01874738109099705,6.872932928445451,-0.15566428497250878,-0.128425872502322,-0.0024671377225084674,0.01556148979343444
2017-10-06,204,0.002463946894810748,0.0018637108063923602,6.885509190990741,-0.021551303608108117,-0.03147240510253469,-0.001413778642745045,0.04914715427060482
2017-10-09,228,0.002212125320500043,0.05045260220094716,7.931421918204673,-0.03748851679618878,-0.24835596080246447,0.06393873995811895,0.21317659149250348
2017-10-10,209,0.003445445334065414,0.021793761998564087,7.416650398912476,-0.10516560915687836,-0.22971172380036683,-0.10843517742758121,0.0031163607454844466
2017-10-11,256,0.0016726259763706474,0.013545930837575937,7.404873031496394,0.07806367782377205,0.18730104245379775,-0.08581453140508201,-0.03593468877425132
2017-10-12,249,0.0025588203249851645,0.02458699983681001,7.080929536263947,-0.10194488480548024,-0.20281869865395358,0.09419527773548425,-0.06372421611865987
2017-10-13,237,0.0017936097993066114,0.02200951534517026,7.682698792674976,-0.008662504370328564,0.13935738891748953,-0.06478444014609641,0.08391851072760763
2017-10-16,233,0.002633211707148302,0.009391997582883338,6.932636766427718,-0.11393629987931636,-0.13386557602336827,-0.028970579617072605,0.04969579998864399
2017-10-17,226,0.002305587375889345,0.008309785849596296,7.47157710484989,-0.08065238739106907,0.016479145430030036,0.001468313870978265,0.020579434188075053
2017-10-18,257,0.001227270057989616,0.02464090375209682,7.397029601606726,0.19355627201739534,0.2413787129393918,0.025891165370208805,-0.09164296013365868
2017-10-19,258,0.0015080481303929839,0.027903721797038372,7.153576158148506,-0.027017018532091062,0.15604483821517526,0.04658811956781912,0.04623122546631401
2017-10-20,250,0.0009105249589356685,0.04525091468048836,6.649961103155444,0.043885782190929534,0.17490153213055137,0.29127268818152396,0.03467751802914284
2017-10-23,279,0.002138658867063763,0.01998942929869607,7.602257127552534,-0.03458307921468029,-0.223791236818599,0.015387035112679043,0.04961563309901003
2017-10-24,263,0.002043476438663532,0.009322548980333911,7.289138349592258,0.050801986680805815,-0.061699525661478266,-0.04836545356753105,-0.015605614188827348
2017-10-25,278,0.0019040829345708277,0.05146237514074159,6.950220406341709,-0.08422474329668943,0.1750684265988741,-0.1603098768082671,0.010796081884704194
2017-10-26,295,0.0015037772470486049,0.005420163319058591,6.6662376432618755,0.07942130183683833,0.103162628866377,-0.02448675024434246,-0.04532575621754828
2017-10-27,302,0.0015248200605876036,0.01496402994513324,7.083081880904442,0.036957285299191074,0.15645892562585406,-0.03277975780703206,-0.08162776971291444
2017-10-30,299,0.001883698302110045,0.005316652112754894,7.324466582411763,-0.06284495780555686,-0.11637697021988386,0.03156395487878755,0.02120638848483552
2017-10-31,280,0.0014808741484985707,0.025702757711453916,7.2324699808305315,0.17680789520477405,0.05990444844451365,-0.07575023237910349,0.009748365570610963
2017-11-01,251,0.0022175965283202253,0.014167519171170428,7.278774273592746,-0.12286838810495146,-0.08385824884016051,0.11117632079528408,-0.01768314106691962
2017-11-02,277,0.002193651087216756,0.012836575298394659,7.722526072787969,-0.025541057033714978,-0.09724288610463988,-0.021492938977830608,-0.07100582020189602
2017-11-03,294,0.0017234300066303993,0.010317705381271192,7.602265073109495,-0.09875899779382101,-0.012888780815221672,0.06434114631267074,0.033929788397695074
2017-11-06,270,0.0014786816080685282,0.030470334946372413,7.7870342567664,0.1817147057739876,0.05938216654611606,0.05564389033792795,-0.0952288310150331
2017-11-07,266,0.0020503268351174807,0.05350029072126927,7.668986087224135,-0.14521659392125158,-0.1539043362105557,0.2977204871763789,-0.08937343332706672
2017-11-08,288,0.0015590322730490668,0.006699698744600302,7.218269340925283,0.08796778402291096,0.01713996499404742,-0.015548250965397154,0.012437912672177646
2017-11-09,288,0.002258567026985299,0.04194444629831262,7.327963868035233,-0.23694833481930155,-0.0648760190871644,-0.04798456444633032,0.04887431080926664
2017-11-10,265,0.0017390708550532427,0.016768026057388585,7.713731375244824,0.04633002479366392,-0.1029626226646679,0.06937295291609087,0.06555209177668987
2017-11-13,224,0.0025217400392957647,0.004260015222942948,7.1863101520554995,-0.048421605974057744,-0.0408143775553911,0.004801211616233251,-0.04530476569128611
2017-11-14,287,0.001481085713569377,0.0297855005520955,7.535048377209692,0.1551905484618991,0.07455473156982556,-0.1366254987771328,0.05673701915657347
2017-11-15,263,0.0017865275771782008,0.013638056480258731,7.622994581817348,0.04245807048856462,0.03407372769468794,-0.1128592294606005,0.0966139256815956
2017-11-16,275,0.0018230204333206108,0.020878183572785813,7.238680329336927,-0.03088084067207092,0.07455593016051044,-0.14446642098210533,0.09813009316734465
2017-11-17,265,0.001996437914776555,0.01895302806125998,7.197989126147551,0.10119906323873384,-0.03641603986508956,-0.09403264582333841,-0.02886247238187403
2017-11-20,282,0.0012706267371418013,0.024500026505490324,7.254155621454743,0.06965835138377961,-0.05375984939442188,0.1859045335017403,0.08156348476093002
2017-11-21,315,0.001490500391252112,0.013992607377250721,7.184774456364394,0.00832888859073184,0.15241844842148433,-0.0249697035902382,-0.07479287991079483
2017-11-22,293,0.00185741067958892,0.034826694268617175,7.07919693359807,-0.1526987811188342,0.07380406208701702,-0.018289151051212777,0.008741211843925999
2017-11-24,309,0.0015467119952919807,0.009767040220180823,7.592678308535585,0.054541256740750596,-0.08099445837999483,0.04026533853105819,0.030319850017743778
2017-11-27,235,0.0015411158815896602,0.019672538113463367,7.366313002577117,0.07671071802895114,0.09752973321211328,0.21255846299314465,-0.11112337858136312
2017-11-28,249,0.0029099991078475563,0.029801448376615247,7.359549774541354,-0.15175278293165956,-0.15860205661613455,-0.06988939910878364,-0.06893531705152228
2017-11-29,295,0.0023108623535189952,0.05426361688797887,7.352714577618114,0.054782313662051246,-0.17889879505762948,-0.10733020838882222,-0.13196209879181947
2017-11-30,336,0.0019190336765729091,0.013452575509826703,7.313081431649425,-0.06165992280274821,-0.06508875904586126,-0.13462717558440865,-0.028214773223974806
2017-12-01,296,0.001497951194025421,0.023253603211707552,7.327132626787416,0.021836631670139137,-0.03475703041041574,-0.039349138099268204,0.16548242997649681
2017-12-04,302,0.0019760116631037496,0.014022128867206884,7.475981622947822,0.019924044971408976,-0.11957126394890503,-0.15262161486725695,0.058757789330088614
2017-12-05,328,0.0012897354240507747,0.037523424528533966,6.752639887016909,-0.07848739824597722,0.13774679901747144,-0.0092966649359447,0.10397082598713536
2017-12-06,292,0.0012255627353248502,0.013734938802273833,7.4949995475510995,0.04869501537311224,0.022633801060429053,0.17408393012530307,0.03885861601141586
2017-12-07,273,0.001551334010509037,0.01493502903489996,7.385662448748803,0.10627969079683854,0.12296369051288399,0.0498270607819093,-0.1260988118295595
2017-12-08,276,0.0017305502065370101,0.003090650541771822,7.140967845473123,-0.021259214084606397,-0.02212239410890389,0.03686914174875939,0.05124875243632308
2017-12-11,315,0.0019476515596752583,0.019822850547598914,7.309917161715222,-0.10697125745504045,-0.24244458752371173,0.01663148640558966,0.10576387597774926
2017-12-12,284,0.0019443470584090685,0.0034273363027063075,7.413955794425266,0.0021641687486969093,0.009446673889841524,-0.09931614738273135,-0.016683824432156887
2017-12-13,292,0.0014477502453574703,0.007438627701518485,7.570419770696247,0.07555744667574517,0.11041090240705244,0.05905670422408619,-0.09051119659563817
2017-12-14,290,0.001713973118752877,0.018933608792717327,6.915053536752551,-0.11195989978999168,0.019918291116801157,0.059492175743612125,0.038445024052907284
2017-12-15,270,0.001603971704441102,0.010530367005663122,6.820912382203386,0.09443538627466899,0.01698507458097292,0.0738826820008149,-0.051447863254654266
2017-12-18,306,0.0017018492061840345,0.003937564579639896,7.4502331715003125,-0.008247187869733377,0.0465444932395365,-0.01565503109823424,-0.06417398845619705
2017-12-19,277,0.0013216096312808328,0.02073577084883027,7.1406434453170355,0.0602141986026124,-0.03062569442210965,0.1820889998070009,0.05615076028291766
2017-12-20,280,0.0020486710375613396,0.01386819423592145,6.789222139381801,0.03452543950603611,-0.10256543544513917,-0.05757354906016407,-0.021642236035078997
2017-12-21,266,0.0018598937236863635,0.011189341534159958,6.913457339939412,-0.06632889019505579,0.06333120782994862,0.05476184207901905,-0.04122762071506465
2017-12-22,273,0.002008955732337238,0.014021023561533785,7.289701864696694,-0.011661160934804732,0.05522374500144486,-0.01576606889341015,-0.12468634502936388
2017-12-26,300,0.001571249365481537,0.012855252496518643,7.321617952266506,0.1068163161858128,0.013234750922350429,-0.06640143363180881,0.0036007472347247904
2017-12-27,230,0.0008567080644067372,0.05970738665702435,7.83770688992522,0.07584043849705514,0.3827246313342433,0.20761415841032008,-0.06026493786872588
2017-12-28,248,0.0026403428137045312,0.022111790218240057,7.395941908815201,-0.14489294080938536,-0.05025607339545643,-0.09761625306869282,-0.01684476832390362
2017-12-29,245,0.002127988069408393,0.0067556911498630745,7.713942424644105,0.05711989643105848,-0.017313482222188516,-0.06979406814021158,-0.012726500078782602
2018-01-02,297,0.001698355979467187,0.008551484370424078,7.50293369331662,-0.05980477436587996,0.0547268503200956,-0.019610061721828102,0.015864533964110306
2018-01-03,286,0.0019294523282957765,0.0135587203368982,7.28952779286436,-0.1153930164395135,-0.11378178257220838,0.02437465114719703,0.10115341607934256
2018-01-04,299,0.001960935470336513,0.01886291510075644,6.349648796673731,-0.022817918523540145,-0.14415781113924,-0.12474254937847583,0.11907886778003089
2018-01-05,291,0.0013137504664860163,0.015984182476258213,7.309230393677304,0.09511453078938822,0.1808809466203248,-0.060819421013524354,0.020221172108951323
2018-01-08,290,0.001797741201651824,0.013403738068353044,7.192525370591888,-0.10688968108500874,-0.07905311985769019,0.08458344462107904,0.05866945936356564
2018-01-09,291,0.0018332627021693292,0.008356210134352837,6.79051928043835,-0.01805358877529422,-0.007679286171700147,0.05317013618448063,-0.09439615390003282
2018-01-10,288,0.0007967035771246526,0.04982253149523552,7.320110182310535,0.07380873214793872,0.3015460074233554,0.14584714923711212,0.019896850767790332
2018-01-11,318,0.001420621040221689,0.032867400583594275,7.516020082891273,-0.11671162650655491,0.05505121158028635,0.20662975258819893,-0.0484843192429249
2018-01-12,292,0.0011488428783774731,0.01644514554903964,7.448817074875478,0.07551068383039912,0.06675495356044234,0.15685774304402464,0.029952378592680937
2018-01-16,346,0.0016589412986768252,0.005403922697604813,7.021064981490599,-0.013441263299669022,-0.004211195959883046,-0.08258325135177184,-0.04775166807303428
2018-01-17,325,0.0012493960025908796,0.02912487412860998,7.097350752584665,0.11585984356311357,-0.06628560574235293,0.03150208378325876,0.10681627671190749
2018-01-18,275,0.001883769342831488,0.008200200446761508,7.078832193670719,-0.08179525674448125,-0.08209133597777636,0.05150388165748696,0.07630957250745554
2018-01-19,284,0.0018144780726025037,0.0023627987122704086,7.470600501614418,0.023384278591916597,-0.020337228087930096,-0.0035918478993890524,-0.03007874784281693
2018-01-22,314,0.001734274972158995,0.013349219835672721,7.352595729319167,-0.07531279988788984,-0.1684564855895398,0.09226334307353717,0.062381259888030526
2018-01-23,330,0.001796613925386418,0.015093263711630112,7.4288130237629195,-0.1185544490011451,-0.05754765375824912,0.022356087791905163,-0.03201917578754107
2018-01-24,304,0.0016463347996602267,0.006435482729066799,6.953334070683831,0.021947264035428612,0.03434666986336766,0.034086180003546726,-0.09135167209576749
2018-01-25,308,0.001978607860884716,0.011035638650642832,7.4750183722104815,-0.07667240395067934,-0.08725867100796145,0.00418552013970078,-0.05907688748604687
2018-01-26,304,0.0017002718304195256,0.03410924217407696,7.604868816327259,0.047176133146446156,-0.1887688415871194,-0.03250803683881133,0.14033547238441563
2018-01-29,293,0.001159840932297627,0.016401475779481478,7.215846350096222,0.025739100459398045,0.11248027625756589,0.10796935740783503,0.07414447954879155
2018-01-30,321,0.0016588476666069797,0.006016752821257687,7.557644007460648,-0.051434716926880536,0.03347536460947868,-0.06337794160891722,0.01635709196462387
2018-01-31,292,0.0016246805592814821,0.04488907789992591,7.475410208901573,0.08341088661034014,-0.06634776372434563,0.18093411185191735,-0.14681068135828465
2018-02-01,330,0.001357340901717891,0.007434972880432045,6.9472107848702045,0.03942005509516613,0.03255536735345717,-0.038195879736665245,0.0703754621542371
2018-02-02,306,0.0015086246667371558,0.013228573791867704,7.045478885821212,-0.02008240033548649,-0.08975124480442355,0.06462823836430512,0.12192711073247312
2018-02-05,341,0.0012185568748235588,0.013974711464789347,7.074854512646078,-0.017248882582463685,-0.034125087124239,0.201624356599418,0.018693824477620802
2018-02-06,307,0.0012125002944911516,0.007173161634118741,7.740574909652313,0.05046707725776072,0.08656192028921612,0.09467121815566601,0.023824603479784986
2018-02-07,313,0.0013334681670972408,0.006684011063049278,7.336378702192411,-0.0035890137798362475,0.055632482939548276,0.0955446277206454,0.017660830516770424
2018-02-08,345,0.0016974935603656384,0.013317865744094992,7.383084970724724,-0.019534376054868394,0.07520878255650479,-0.19396475476594713,-0.032980208387992184
2018-02-09,308,0.0019094345929650924,0.022870239606114895,6.871959409094948,-0.04533668676771617,-0.092408132994406,0.08316098199754537,-0.12162787150192507
2018-02-12,334,0.0016802476405170536,0.007424430928275383,7.394860531735346,-0.03228269699833275,0.032864987919769696,-0.0889234981089836,-0.03406421667784079
2018-02-13,317,0.001273967378989855,0.005853039957911976,6.924381193744305,0.08888742573911709,0.09630042594054676,0.035608158253619605,-0.028491328212858737
2018-02-14,314,0.00144969489495537,0.02656692948979822,6.933677082288452,0.13354445375786556,0.14189713117043756,-0.058172734137114115,-0.1276772448231645
2018-02-15,354,0.0015471619177756457,0.029373721013659204,7.135120553005836,-0.15699481339594187,-0.053154572558660164,-0.012620783651402604,0.12737953182084727
2018-02-16,310,0.0014731115472596075,0.022681547631788535,7.688517425892515,0.04831926461783998,-0.10694241194561713,0.006472108673005507,0.13882187935380255
2018-02-20,364,0.0012965653611166968,0.023285979378572352,6.879249361266958,-0.009020124575656072,-0.15028229460903095,0.19282325063159841,0.022579585660118563
2018-02-21,319,0.0019019066897739592,0.007390250909904417,6.67005531753827,-0.0468299839805877,-0.07741138865809949,-0.11719977123853659,0.028024675801433904
2018-02-22,335,0.0011169596877658198,0.01964791482385697,7.0168759971905335,0.06002215093605099,0.044569067102179095,0.20787129230432727,-0.060825501145650905
2018-02-23,306,0.0015542577828037785,0.01687112172522165,7.069326411428169,-0.030569850787526727,-0.07779967582499939,0.17689121410312209,-0.01972745056651682
2018-02-26,321,0.001854250854286445,0.01013339643424871,7.067091551377376,-0.10216491333768768,-0.1541503667239189,-0.003197535059941458,0.0690837666696421
2018-02-27,316,0.0013471889099230664,0.004220698518449417,6.978845112504206,0.0425777597111354,0.11100427712813901,0.007957086937819973,-0.012962514848466637
2018-02-28,312,0.0011588941574570627,0.013020249887139235,7.649239826662241,0.06604767657499797,0.10577021224204014,0.1822093095639547,-0.077177152634207
2018-03-01,305,0.0018538839220177332,0.0042058323746070325,7.378224689624255,-0.03328906672192321,-0.04505188779414281,-0.0005846848935963966,-0.051943553021159175
2018-03-02,299,0.0015578634192243057,0.0110069820211528,7.116635405260888,0.0913897592684574,0.09166062247039598,-0.10221901650608135,-0.012433689928910911
2018-03-05,293,0.0018461797346529033,0.017633685036357205,7.520526746448239,-0.09760023994188798,-0.023083201966495857,0.12213368907322814,-0.08331157167144666
2018-03-06,289,0.002202215663168437,0.015633579929623553,7.962367880765747,-0.010220024088926487,-0.1200030697502001,-0.14086112452505162,-0.0017964349471748411
2018-03-07,297,0.0016824540532071716,0.001714335694968927,7.451844820141815,0.0069797674525648125,-0.03810320058870582,0.04265058119896993,-0.010904855667906596
2018-03-08,297,0.0018304027336991829,0.03171451571971684,7.380164991846284,0.0354705281266349,-0.23795929305559804,0.04616125987641083,0.06906828123522794
2018-03-09,299,0.0015559103748943191,0.016474976965972,7.108393617583392,0.12217380333795577,-0.0013234433002239458,0.011499042290641005,-0.06278380651518077
2018-03-12,290,0.0024110477981398298,0.019674205133555667,7.13862272586125,-0.1283127634681237,-0.10679622378022939,-0.1089642965583775,-0.05433443911437591
2018-03-13,287,0.0019554019188998775,0.017182687489699644,7.421426084515275,-0.04951085247852624,0.07562342526446413,-0.15327180863243364,0.0047585343979594874
2018-03-14,294,0.0016840847212304566,0.018340089504828128,7.643074142659797,-0.07473906535649,-0.06630812262173451,0.14969586042445301,0.0011095114702615678
2018-03-15,277,0.0010247136529622474,0.03212835127043301,7.543019113080967,0.09103212040541918,0.12077900403743215,0.26811496330054435,-0.04761745148447725
2018-03-16,279,0.0014860186492422624,0.007884474983075762,7.846322446312013,0.05775395546067189,0.15107923379711916,-0.021745081332531155,-0.016286514202441687
2018-03-19,280,0.002436715025430952,0.033212108412199015,6.736114038888601,-0.06801082409943023,-0.01485005330014335,-0.2642344721550678,-0.017465064686689107
2018-03-20,279,0.00165901033336277,0.010437739522889067,7.518787724345898,-0.019281065312079675,-0.07522744316641253,0.08958168628940655,0.07919905617265485
2018-03-21,254,0.0020611399145516016,0.018372572008032995,6.685578880054583,-0.058406448456440906,0.12701879395319005,-0.06870192554329381,-0.0469694965456721
2018-03-22,254,0.0028575354767881823,0.03547390883743795,7.478943955287075,-0.2085316292812749,-0.10143136303977919,-0.06850790731138268,-0.07315712257595496
2018-03-23,266,0.0015886387454288704,0.008779792108439488,7.557707126802578,0.03800140735504932,0.12164696156453017,-0.043274998530600794,0.03847081704284754
2018-03-26,295,0.0011749423568749,0.021707774085382603,7.171530151210598,0.05261772130781647,0.05125136608211746,0.08865186732188042,0.11426305473199407
2018-03-27,264,0.0018260553185011359,0.016719911935132115,7.411243006457284,0.08539363902994154,0.1453099259451112,-0.10352276770503858,-0.0913380054386236
2018-03-28,286,0.0019999148782413614,0.008622488863273547,7.510622773702506,-0.10483580851192902,-0.06927573682212997,-0.012056651794153552,0.04221688677415185
2018-03-29,262,0.0019502137986506679,0.017218930679578137,7.127069038479107,0.09641522239393324,-0.03796228053423118,-0.021482469929625738,-0.05888250242301954
2018-04-02,307,0.0018042075598405907,0.014259001424759887,6.951545910737035,0.0180978676771927,0.003575633579892847,-0.00926797850271451,-0.12018896449648672
2018-04-03,272,0.002151464135020585,0.007494649680271359,7.869507014057835,0.006215009169821045,-0.0028337668761251947,-0.1552940263482375,-0.01848370539665797
2018-04-04,251,0.002565147609005348,0.02392691093230437,7.346538505923113,-0.013473458466647485,-0.11195062057568107,-0.261085314009241,0.09880529333086124
2018-04-05,269,0.0015519632026970674,0.011936656048255445,7.026896475180181,-0.012199880916361754,0.12460695932730724,0.04057851959075528,0.012058198947271736
2018-04-06,260,0.001789208004775289,0.017765290824737878,7.544430662522425,-1.7811808872820892e-05,0.19524391183322404,-0.04651137885735286,-0.079102883650143
2018-04-09,289,0.0013380471625164534,0.009147574123790525,7.068825449440485,0.02724872092427122,0.10342867724171187,0.0653181972389369,0.03061314466056565
2018-04-10,262,0.0017851094655523434,0.008503157858937405,7.421724669111345,0.04089554171530232,0.042306848313710364,0.08104950299803293,-0.0996492529764777
2018-04-11,282,0.0016365809093271744,0.015479921317998246,7.6187063418436605,0.07875875574170782,0.10170722483627072,-0.15695941819283965,0.05346180475433364
2018-04-12,268,0.001658282731180485,0.00876407713211902,7.1578263492057035,0.04794388139016671,-0.03413043397444182,0.019966732968799417,0.07738027570272864
2018-04-13,263,0.0023013432458159734,0.012110737249713899,7.127676359897599,-0.07422244329380773,-0.08327536884253314,-0.12809076643639836,0.07508203127351952
2018-04-16,289,0.0023330560019329044,0.01207045638862303,7.507661526692399,-0.10152200304651968,-0.1641422070611879,-0.07647436678569043,-0.006367792223815651
2018-04-17,256,0.0020582238703504706,0.011606573594538983,7.023482080450484,-0.05201127426055587,-0.07184502186270131,-0.05490862997429453,0.12495430447810768
2018-04-18,271,0.001959641307436312,0.012172112799262558,6.786892712826791,-0.00865299805564072,-0.04043368201183075,0.09109896080839881,-0.10413786937141543
2018-04-19,276,0.0017573167329364464,0.01939843320482293,6.698692075240246,0.07894638212084522,-0.09724194241418999,-0.029154398931544374,0.0774111226439682
2018-04-20,289,0.001770135164737704,0.0255019012545058,7.544280046106265,-0.038978207407687065,-0.20509887160053022,0.14345837976787665,0.07748057402194625
2018-04-23,326,0.001273099903999592,0.015243544102121365,7.410691334904562,0.04055911812412788,0.05621077424328391,0.16523314475943562,-0.09206417453457391
2018-04-24,326,0.0016532585273635453,0.008102335855561416,6.608140003755983,-0.0505455642594805,-0.020987723867237358,0.06720230679796649,-0.07359357851227695
2018-04-25,325,0.0010708539558044545,0.01496584253449118,6.595253002147366,0.12232194524471594,0.0963677255503111,0.11212675813413285,-0.02687150020205218
2018-04-26,341,0.0016477668743820814,0.03419408949867675,7.06573259590954,0.11512192552500225,0.023303835424528605,-0.1813961439193709,-0.08080662535874449
2018-04-27,331,0.001927502151120233,0.018464682638063445,6.997390268530928,-0.01792096045646507,-0.035862121125675286,-0.16298829369888784,-0.05923504876056424
2018-04-30,345,0.0012598792644924503,0.011587851583564457,7.294317137869228,-0.03908905052904152,0.056685735942090885,0.10527547587856508,0.007811146208593674
2018-05-01,295,0.0013400126859176094,0.0128800724041791,7.315007340507237,0.11484930326948642,0.18338589011429313,-0.016527086108406294,-0.0723155919667783
2018-05-02,320,0.0013488921137724628,0.004265614686093433,7.127590744222733,0.040934222794397346,0.0952437662630894,0.05144223702828129,-0.05091117890013701
2018-05-03,333,0.0015465979037527404,0.003762192263277786,6.938910892797334,0.015123200977340885,-0.030662385477963638,0.028352603245757682,-0.042847622644456324
2018-05-04,321,0.0014327865236064543,0.003998650017895566,7.701190113693353,-0.003775810977316172,0.060482738446606885,0.05776742649822001,-0.034323302122865024
2018-05-07,324,0.0014838695244812283,0.008095020272201325,6.527001874898531,0.04503440478427407,-0.08784010239795215,0.04877695387440062,0.03248129187544132
2018-05-08,300,0.0015437468460830811,0.0038028907984039018,6.7590365393900225,0.012218979659583976,0.04929167867280908,0.06825551882417073,-0.05601428480641507
2018-05-09,303,0.001504318613022945,0.02176284078219648,7.2792819415953725,-0.044416645783932104,-0.03887953561136824,0.01854189629155471,0.15313720561185898
2018-05-10,306,0.0017706002924609576,0.013886434118482116,6.7728352247333365,0.003152902151760376,-0.12193131064126035,-0.08392862696005879,0.11909965646344377
2018-05-11,316,0.0015542968716541117,0.002069780604635807,7.034699946946716,0.012558831924665318,-0.04273070444266329,0.012715419347332762,0.03514083028527335
2018-05-14,312,0.002196335683925185,0.022965818380505487,7.382130525576656,-0.18589215057298333,-0.13164721683477074,-0.07140827124367274,0.01843417188210736
2018-05-15,279,0.0015856940198376683,0.027519577687320385,7.4748626761255945,0.09107201882269735,0.23245139732662312,-0.1475061205876677,-0.06083455863108194
2018-05-16,315,0.0015431862077628707,0.0024669303958578803,6.796577389504597,0.024905791677494005,-0.027410694957895252,-0.0034320458493754553,0.03372963823916921
2018-05-17,299,0.0021096271620435875,0.01477639026110722,6.728146688460714,-0.011603730352486161,-0.07273292363919215,-0.13334091252976885,-0.043879476380627405
2018-05-18,289,0.001254174423680396,0.018043154490525404,7.773977045886625,0.059262877120647366,0.0754994559022991,0.03023140119186352,0.11009344889791405
2018-05-21,310,0.0013446510710781025,0.01291536058075915,7.5962308109033065,0.07127225259799051,0.1780368985381043,0.023413867168046346,-0.1064066823725771
2018-05-22,289,0.00249682817791467,0.0562453650433028,6.928265667108198,-0.2720307047235148,-0.17040761176239164,0.008789504422111015,-0.009517874770884092
2018-05-23,268,0.0011438162085670787,0.02489489849950699,7.062821648917466,0.07951326500730455,0.26229353115228116,0.09459063872429592,-0.04948292267579683
2018-05-24,279,0.0015835050365683894,0.006864382146098191,7.583980953186265,0.0693586684863057,0.06803102527260307,-0.057002608874064484,0.036017104709999456
2018-05-25,256,0.0016041265753441065,0.026461488682854917,7.687462848193101,0.10468619450580972,0.04204624491091383,-0.0921634064594024,0.12411816046649664
2018-05-29,368,0.0014544239532402173,0.009330814641478002,7.722957972724379,0.026412353028965493,0.06139922736096223,-0.10866275071215352,-0.04960485926257286
2018-05-30,283,0.0022038606427032476,0.01778127721110978,7.457470190351329,-0.04204006188043723,-0.033891995041430784,-0.05331336344242792,-0.11813970340574492
2018-05-31,304,0.0014530664447404036,0.013017029396916624,7.31717689405487,-0.017562806368095478,-0.04316843920679669,0.09325086364173212,0.0840159835310123
2018-06-01,309,0.0013713129476733354,0.0058228284815965425,7.270275303789967,0.0839329242422686,0.11687618661753202,0.006239202204356994,-0.05451971472626601
2018-06-04,287,0.0018111854146185193,0.01297360886651755,7.166634324973425,0.0298526380216853,-0.008700999606927447,-0.15509182244239952,0.09431975603660742
2018-06-05,315,0.00198514419358879,0.007803866474643373,7.332154889049964,-0.06275411267870913,-0.15164732307483772,-0.05848427449778196,0.022244868290394734
2018-06-06,262,0.0017470095523744668,0.020997650933421763,7.409196328051322,0.06804209280540166,0.07717960732639118,-0.17070686582408232,0.11005216024806065
2018-06-07,274,0.002177871429349301,0.04525141078660777,8.175205522169925,-0.12451433910726899,0.12155124606070188,-0.08593587505580651,-0.10457457518104175
2018-06-08,259,0.0023048460412189316,0.019768200593065943,7.451075574013272,-0.07726007759811951,0.005803042795794992,-0.18085113286471718,0.058397918315639494
2018-06-11,288,0.0020829973113847054,0.013435915040068358,6.964588279864235,-0.10683545119397253,-0.14425560760588094,-0.049416676481447916,0.1007012839237129
2018-06-12,217,0.0030244511234349585,0.009867991717509517,7.575662524591938,-0.11793135965919786,-0.1428794305771475,-0.07758992284805867,0.025788925513628286
2018-06-13,287,0.0023384713407628584,0.031035267627489538,7.401814940867654,-0.18360314881313322,-0.26377469987397306,-0.0436287308464878,0.1487240299357092
2018-06-14,272,0.002141269324152516,0.017913565586762603,6.966898234594963,-0.11994542770524348,-0.1785927820406217,0.0530607547539182,0.08062694265297117
2018-06-15,258,0.0024257855103824067,0.026811510000139482,7.5047228298286255,-0.19138219295550124,-0.17567550284170072,0.0468616684263569,0.0684907040135362
2018-06-18,311,0.0017932040477954855,0.002767737065255682,6.8277093113918745,-0.014395231718404448,-0.046076856837687266,-0.03285743118037377,-0.02204339799232744
2018-06-19,284,0.0015528395026858863,0.017412746331796458,7.163325451994672,-0.031639375590523044,0.0130483340015817,0.007878526134451683,0.12869967792889944
2018-06-20,307,0.0020562768037318178,0.02892378310839916,7.573303578702847,0.013056960549190892,-0.19453214655680837,-0.03817238392273247,-0.04290638756098656
2018-06-21,269,0.0022465318932333323,0.015567529545730041,7.418794211094726,0.019017899977768822,-0.10679893544316828,-0.13001250330189892,0.00915938020777638
2018-06-22,286,0.001725860059130937,0.003912677104845219,7.580508612658197,0.012559704768975099,-0.024533998480027526,0.06887666095357807,-0.044094321065422507
2018-06-25,272,0.001964420046191132,0.013041332334262967,6.700836072208253,-0.092835358156725,-0.09187424347767106,0.1216818465739669,-0.005616750067548808
2018-06-26,287,0.0009272226889089531,0.035030153201145,7.335413155758554,0.1687925227564268,0.11643315676866849,0.2415962187804809,-0.059047721739322614
2018-06-27,289,0.002534698385536925,0.04041478841006485,7.274612924901514,-0.17686210302596334,-0.35693163804233285,0.05398367656601666,0.014754397661959393
2018-06-28,280,0.0017290027983579846,0.0010283807166139303,7.429062312384177,-0.0023847643665020424,-0.012967936230235486,0.039811507065304605,0.007299626450964715
2018-06-29,264,0.0026556237724797696,0.07165343735336782,7.443612479637885,0.0391820517326853,-0.3655899959379358,-0.0201736923505633,-0.055587715313506196
2018-07-02,293,0.001210842384285858,0.024829526016839742,7.355935030896074,0.04187221036206396,-0.03697417748512757,0.20282480624034618,0.08272352369119106
2018-07-03,292,0.0015625615449501886,0.0036447864363402527,7.838545076462592,0.0377531511992601,0.08426566090739122,0.029903864664943398,-0.0644586190225094
2018-07-05,267,0.0019510378369541673,0.021636302374787197,7.44832445666391,0.08058046496632758,0.08281378541391024,-0.0607312563910715,-0.14451719892268383
2018-07-06,253,0.0021232185172552864,0.029663378421680764,8.06298636231249,-0.14168720751640615,0.0013203888462722092,-0.04444488651488905,0.11046313545385324
2018-07-09,299,0.0011096985932393078,0.06878737410808511,6.816415446496284,0.0073327071495453405,0.19120827495612144,0.31544938802919303,-0.1775901288919896
2018-07-10,280,0.0018271003543042542,0.017352991734701617,6.596379602560083,-0.07012091950460052,-0.1531980242868634,0.1435459703732023,0.05659677500789762
2018-07-11,260,0.0012733987164729168,0.017381101819614053,7.148066353190429,0.10045639433682073,0.2298661622416615,0.03247165684836633,-0.02496154599276488
2018-07-12,271,0.0010120966866276543,0.021322536987099294,7.73961186365623,0.12261112705008965,0.1634562013848895,0.17947614733092906,-0.014099879918096947
2018-07-13,270,0.0022795778843539066,0.026547804609866055,7.319846815337856,-0.05237159635388231,0.06758333607920007,-0.17176939830891946,-0.07441439896751056
2018-07-16,308,0.0018603301127412036,0.01951859230855546,6.709305579589529,-0.0732675962282881,-0.14899657108567957,-0.0782892654876189,0.1545900833529752
2018-07-17,315,0.0016574578153622965,0.029596851137438596,7.2392389402132595,0.02884510294193824,-0.06754801410132556,0.16366373155923036,-0.16915924407807545
2018-07-18,270,0.0018025293251460418,0.017050037002963814,7.370948250598866,-0.007143130739906791,-0.0978708776203666,-0.006967997647007401,0.13861617042841246
2018-07-19,284,0.002417542484670756,0.020817981466200064,6.70226026734186,-0.16178125866087525,-0.1734989113166534,-0.03057816620382182,-0.007305795111639323
2018-07-20,292,0.0018764416841963404,0.01024687762058163,6.9120805580712,0.016269689665728636,-0.07702798504639186,-0.10541960149958814,0.07033595330957966
2018-07-23,329,0.0012628510841040694,0.007628184111106329,7.108655608655431,0.10683376133149831,0.04736051370532298,0.027866627580336666,-0.013016915957640589
2018-07-24,307,0.0014641920034991218,0.010998154236370072,7.047063783586919,0.014411268013052633,-0.05142091951775203,0.03724611448698165,0.10074964686925957
2018-07-25,340,0.0015778648320596425,0.02643393386962556,6.9879382815811715,0.0023849636672567524,0.01778517981528822,-0.23410312956073887,0.14098490027761212
2018-07-26,341,0.0017290150387480926,0.04110417685471923,6.932270431890029,-0.22047442719093638,-0.12133660684619384,0.03072085375721708,0.13190192385371066
2018-07-27,342,0.0020098215337805976,0.030175577303925172,7.265705662409665,-0.18096175129271397,-0.16387263320517872,0.02214738719702708,-0.052030931805057835
2018-07-30,357,0.001599337084814572,0.006924841799589299,6.416535011393298,-0.0980639307931254,-0.07456306805920634,0.029056759924341556,0.001643560370374171
2018-07-31,350,0.0014122300026154328,0.017543814341137498,6.9365956664830515,0.11450039776077257,0.040628903165509773,-0.13556451915463946,-0.008125783602448129
2018-08-01,315,0.0018206307505532215,0.007342393886880516,6.398152913278123,0.008145236120025639,-0.05456293777319405,-0.08034178443548014,-0.020237886759894224
2018-08-02,363,0.0013178992191469935,0.013886309783420092,6.892403411706882,0.10498815305141909,-0.0026136140248326006,-0.07274560512817702,0.013576233000873449
2018-08-03,330,0.0018536584987270367,0.028502843957416424,6.990520778582543,-0.18911144908996141,-0.08728121617294982,-0.05016555733678802,0.1031436134398453
2018-08-06,354,0.0009967354369370992,0.01444697802541317,7.089044441675945,0.08719357645071221,0.1861146762098141,0.06195753223632875,-0.04095447424832358
2018-08-07,329,0.0017341370068829033,0.02476016238733103,6.883565804104984,-0.10412568311461652,-0.21785561239402287,0.15159761083890175,0.02932153414078378
2018-08-08,335,0.001784168002541617,0.030745585720247215,7.256365492427799,-0.20487189101352044,-0.15209812457365804,0.0729310720559267,0.08864638182837742
2018-08-09,317,0.0011862511758994152,0.015091576776498306,6.940641358608875,0.07873833248428683,0.05088634881089712,0.027176256827223938,0.09111581635736073
2018-08-10,314,0.0011448530945946194,0.01565585003802694,7.326447267907487,0.13682489033318337,0.1297858867712344,-0.026064038830889407,0.04048551832102844
2018-08-13,337,0.0016223849733026199,0.00890002605968443,7.5663878217948435,-0.09276910654467113,-0.11029212003585152,0.039098806504632544,0.07047494806991692
2018-08-14,300,0.002390817817086309,0.03508513852328321,7.409508310488976,-0.07791220095981871,-0.23443461922378728,-0.22038766324407094,0.09824379317588534
2018-08-15,319,0.0018550623634596712,0.008461335793811142,7.593609001388168,-0.10163249553698606,-0.13355051400586085,0.038257545506082596,0.01339567614949928
2018-08-16,284,0.0015607204538102028,0.007126678276396015,7.108368319051719,0.0008226013954383128,0.09581655780701467,0.045928503240284,-0.029056880206922254
2018-08-17,316,0.001510358743890221,0.011687549358624927,6.638832215799117,-0.004272818789004015,0.14105932799070373,-0.042183391962373,-0.04914984337794441
2018-08-20,332,0.001802351821526204,0.014309147175116332,6.838866311260305,-0.051331169768563466,-0.01834190906514392,-0.14834180720244275,0.02125327654275524
2018-08-21,282,0.001943518812841256,0.0025313281090638684,6.94566594605799,-0.041486724193823855,-0.011634384772586139,-0.055518043858109205,0.012494542382042912
2018-08-22,292,0.0015334782856357007,0.010542393614619727,6.7960591560118475,-0.015682625811428628,0.053829325016930336,0.11569067125791627,-0.04938868927466966
2018-08-23,301,0.0011482063914419794,0.02449589422724685,7.039086407800536,0.038647873766630425,0.05394025009334476,0.1711603004373405,0.04503132805461873
2018-08-24,275,0.001463721746942919,0.01769188816108591,7.067452832488931,-0.006485617226361042,0.13264591087972785,0.11069012982523742,-0.04189738429720808
2018-08-27,321,0.0018509208661861112,0.015741035612293897,6.8211832380316055,-0.03564841347258712,0.03183717129298019,-0.10801773892972587,-0.07646221498216546
2018-08-28,282,0.0016342203502669015,0.021424805051657225,6.982240860342748,0.14646956865886465,0.00807944115691065,-0.04296469383696189,-0.03328459352935193
2018-08-29,270,0.0021763124464968544,0.010965757684038402,6.951304514267928,-0.07852690858620316,-0.11047311643591398,0.06133330328393117,-0.04754199937010264
2018-08-30,310,0.0012222591883136755,0.010010206121823462,6.799156455260605,0.06431874903586356,0.17854826619595335,0.017085838461178067,-0.01775355044747114
2018-08-31,313,0.001336950672959867,0.01048874458686,7.318893552996195,0.08410430724070483,-0.0017688623765653604,0.021688105236866304,0.05904532862610917
2018-09-04,365,0.0008807659303198416,0.030545441808481844,7.297477933693542,0.2219836643951687,0.19857237447828535,-0.004613436648411538,-0.05890173135851583
2018-09-05,283,0.002440402574603913,0.038511810042311856,7.187814918683245,-0.03326343406577129,-0.20734962057044534,-0.057517052830520096,-0.08313774975907004
2018-09-06,292,0.0018486880332252847,0.014216111510368279,6.9052077366052185,-0.034189146260486115,-0.14913742729353785,0.09503793424697939,0.00865482790347358
2018-09-07,316,0.001034329728356166,0.013975935463041544,7.705038247834913,0.12998991758874667,0.2121622661905978,0.003194344481641923,0.0009570834179214729
2018-09-10,319,0.002340832573198981,0.05656631479099905,7.428407522339131,-0.11700137634353025,-0.35157043205050353,-0.13323196070912113,0.10835258740220319
2018-09-11,291,0.0014848854406801354,0.017975463586737184,6.851233099336029,0.14371091820226187,0.1291522214081039,-0.09593290053348241,-0.04113356555271984
2018-09-12,275,0.001777649597368809,0.00979426849680054,7.484974348381858,0.08657931635546748,0.07239512475230706,-0.07620976182446862,-0.06047195783613441
2018-09-13,328,0.0013023374619864831,0.06459788175006387,7.188278195092491,-0.1035994846283115,-0.03319970390543309,0.02180493359442579,0.26066087987619563
2018-09-14,319,0.0017560183181510463,0.005204941298530441,6.994323178680906,-0.04082823644251663,-0.10308227407003905,-0.03120395153143437,0.05477477506362641
2018-09-17,315,0.002083198916463339,0.025835822355634308,7.326271097174761,-0.14413339329558356,-0.049022731606628095,-0.005785793972689386,-0.11347339849699987
2018-09-18,278,0.00116532537452691,0.017126698319642975,6.614473812441125,0.0808587272704317,0.11458362987337088,0.10338756054967811,0.053249174069554595
2018-09-19,297,0.001563245773075937,0.02844656363035447,6.782950072922924,-0.0883262208926586,0.1601892405133048,-0.0037622730023098897,0.0033312641745595175
2018-09-20,262,0.002078444059891845,0.022648658797826626,7.339553940730191,-0.04502471467730651,-0.16718768417352187,0.1679237930443763,-0.044816081576875826
2018-09-21,280,0.0028793004783977815,0.05566424142902171,6.959512422139945,-0.20790009670939072,-0.3794019682755233,-0.04944737211372051,0.0243411691958872
2018-09-24,295,0.0008546872074605274,0.08327899958527929,6.787358382057113,0.21366722261048554,0.03206362617526592,0.02817221258168108,0.22183148623085489
2018-09-25,288,0.0015505182410459853,0.010473691809144037,7.286998874370181,0.07837273682872609,-0.038254608758918805,0.025448881851693594,0.04133448323600915
2018-09-26,280,0.0021799103660150084,0.01283018450661344,6.92706324020361,-0.01376556793773043,-0.14611134613175733,-0.06518188714500572,0.004308996246096142
2018-09-27,294,0.0017847610863591524,0.004016698533439889,6.620463672180385,-0.00023330607359925225,-0.08446807883814779,-0.001024992321061647,0.03628685845363213
2018-09-28,300,0.0018393540935387424,0.001455104907044702,7.086509224077337,-0.046675773166605136,-0.047244759902582416,-0.0036312956006508993,-0.0060606274534078484
2018-10-01,303,0.0016996089896544448,0.013400888936050626,7.36858790160785,-0.07869104025871292,-0.13282824289184772,0.12474614169758831,0.05681009372237453
2018-10-02,277,0.0018311626884078642,0.021983506160169863,7.334105371050073,-0.12101446835904335,-0.02753866727038594,0.018698034078320252,0.11539097217315682
2018-10-03,292,0.0019860901463819108,0.021683332234581187,7.453167278877546,-0.004389688704199203,0.03902293133825945,-0.05309451608696679,-0.14141537203412244
2018-10-04,305,0.0015254505821027976,0.023613751442165376,6.807468614570006,0.0719566577627232,0.1687725107334774,-0.18515764725392278,0.013903623675011752
2018-10-05,316,0.0013915877188081856,0.03448350817466361,7.355930801920271,0.06745452534665312,-0.12724134659463654,0.16821751077523028,0.012085872185984153
2018-10-08,327,0.0017875171561111483,0.01234520315236376,6.834629334171598,-0.01607850828493308,-0.10088599581563093,0.023154074115492383,-0.07522579011162443
2018-10-09,332,0.0008025000331251999,0.05545156614493352,7.857273038301316,0.2812212299963049,0.0930727031993414,0.03630377291354704,0.05654227189567599
2018-10-10,307,0.0018679937365212239,0.0021257702628029174,7.54710324088684,-0.04274897141451405,-0.06211970614765343,-0.038165103068441286,-0.003914373593427106
2018-10-11,325,0.001167787974114901,0.0707562018291924,9.002195017006052,0.10029432283237041,0.34192112395531987,-0.01988671561422923,-0.18139091434815233
2018-10-12,356,0.0008000820751922048,0.07279320627925534,8.256170207279226,0.28103777467657515,0.057683276856317925,-0.011413199529240836,0.10303371045950321
2018-10-15,342,0.0014482858364860953,0.03128122332327665,7.534874311222715,0.05564971061457953,0.07547023620313066,0.07347297696423491,-0.19522043593845573
2018-10-16,289,0.0016969639717550745,0.008024595212944852,7.399706549205602,0.030483942593282874,-0.061144487438478244,0.08274083567706736,-0.032925466506301834
2018-10-17,280,0.002181345529015351,0.024023659961782906,6.949268402066186,0.059394098800560534,-0.12431530905919908,-0.1116096884543407,-0.04502259753559975
2018-10-18,279,0.001617297848495698,0.029721577778766717,6.990522052864389,-0.012882740194500477,0.13487062372627748,0.13685772202492294,-0.16129780501727994
2018-10-19,304,0.0018141296057129247,0.00481276971690503,7.146091674597037,-0.04064587111491293,-0.1041843511761093,0.038890410380257624,0.002949011637302884
2018-10-22,336,0.0017289850496478311,0.013150581568761921,7.5528907789431114,-0.07258474524881524,-0.15312530317184364,0.09327016040073341,-0.029438065343426273
2018-10-23,309,0.0014344222185657407,0.0145494078321321,6.715815946894053,0.053522202349729084,0.18443885541850946,-0.11105066896929697,-0.01338331987256361
2018-10-24,357,0.0018102752755269267,0.029192394958397982,7.653932298944415,-0.15124092215184096,-0.290073486685404,0.06286970144686665,0.08590816066415086
2018-10-25,364,0.0011916157962641777,0.023069993723050297,8.341327321851946,0.13430212615675968,-0.024420372898031662,0.08480274083163443,-0.06218079377066889
2018-10-26,337,0.001139748228191613,0.014862946406722699,6.770017610326503,0.13274542011072465,0.1673648322816131,0.007051912971873847,-0.0753524711653604
2018-10-29,347,0.0015815470266508339,0.002112379735354608,7.477751943024755,-0.05325925325595115,-0.07441174407564723,-0.0040072828734297366,0.03408464370934691
2018-10-30,356,0.0006184655289621567,0.06887022981143853,7.416573486910154,0.11295477631362452,0.3280151077110029,0.1287897276193306,-0.010107068265019292
2018-10-31,356,0.001339476209212496,0.013981341051306995,7.60707020304148,-0.06748479121978732,0.03914055471636179,0.061988013901575455,0.012649161642548081
2018-11-01,339,0.0012083949592103928,0.013214687934993807,6.9305571837141935,0.05445417345389441,0.16825219948573752,0.05706449786473562,-0.09906265314901264
2018-11-02,338,0.001687694042102996,0.02046166964809759,7.030443173774881,-0.09512727136725332,-0.004696185496797916,0.07233579217958465,-0.11339350777716618
2018-11-05,345,0.0013334176222268063,0.0256851417931262,7.426477889654011,-0.06242730622714752,0.054194522556531545,-0.018116097504772045,0.10629072183886944
2018-11-06,315,0.0015411360002687705,0.01362590108620687,7.4181649465987824,-0.08544054545242794,-0.023903082778827967,0.1036506626465926,0.034777285415342626
2018-11-07,314,0.000939969690116582,0.03570343343222582,7.512697124383739,0.1802532248804468,0.16680715496936205,-0.03587424557878939,0.09851290033577384
2018-11-08,329,0.0016477440099336113,0.021905132149553697,6.7456956374806465,0.01808907378613658,-0.0254616711213921,-0.19568404008697268,0.1188410788859038
2018-11-09,323,0.001335580060055043,0.019829076749824703,6.928651571155986,0.1043738890718466,0.062391582010983944,-0.11643385323040123,0.08688366335201707
2018-11-12,353,0.0014603082031843509,0.000674875938972308,7.759354988893472,-0.0015417712837507602,-0.027390947432892655,0.007254131614001267,-0.009299004345511057
2018-11-13,272,0.0019653351347859,0.014133802770436743,8.05852974518904,-0.0557124499195506,0.05210914538623163,-0.111545003942018,0.04600599515180418
2018-11-14,285,0.0024372759927621195,0.03521040712184975,7.2158540424512045,-0.09171825341683791,-0.2698133516997404,0.04114595807502092,-0.06886166883283931
2018-11-15,293,0.0018364997517399644,0.02309799613124386,7.092834053734115,-0.06852465970803481,0.12457113543852387,-0.01809400326129288,-0.11414132698881649
2018-11-16,310,0.001750123212120869,0.012533904255387363,7.806791573801433,0.03934682457380591,-0.07471304615978924,-0.08324313494714737,0.033532965018189906
2018-11-19,324,0.0016633753239130031,0.009430881694736826,6.926384428271544,-0.008170281983575174,-0.010560957664606194,0.043622188612436046,-0.1027581588598865
2018-11-20,297,0.0019229243649240182,0.0503736168668909,7.090778012223861,-0.18132509108400482,0.06988465013715599,-0.08608480824334125,0.055308176425322174
2018-11-21,295,0.0023960991052681974,0.05726418468329342,8.031981234953708,-0.1440262099136222,-0.17884344397271626,0.09966236692181446,-0.1904911851437208
2018-11-23,340,0.0012190187028941835,0.02662874162697182,7.059255248440653,0.15513741000634462,0.008731847774658028,-0.02506773145947381,0.032265755710424913
2018-11-26,249,0.0017826684676095245,0.015137772622685897,7.588374490822681,-0.014286176468930899,-0.045752000655415834,0.039836533486411786,0.13243274676838623
2018-11-27,249,0.0018239944551514523,0.028804536912470757,7.129435388965257,0.0057207398308528,-0.1299478974024749,0.0697802518762276,0.14609766702995644
2018-11-28,285,0.001479776361287953,0.0032944144059854352,7.44440283542424,0.04611951221385539,0.03735229714173831,0.06656257187384272,0.006493092836415196
2018-11-29,338,0.0011470139058649604,0.015327272283586546,6.901054720364489,0.08421128313585328,0.009688746362435724,0.0508997319919047,0.07981883814508817
2018-11-30,321,0.0013739996867705743,0.010940571848991998,7.47347205453526,-0.0068243191009061425,0.0507469291520016,0.10185255716563878,-0.027882966123423787
2018-12-03,323,0.001625694664589924,0.006639494862528683,7.911204339511977,-0.07208123871101806,-0.029131866886334658,-0.01801137601117988,0.06902572828344357
2018-12-04,280,0.002199672371818837,0.02502198217519669,6.7566202963543525,-0.05244980858156394,-0.2728526629621893,0.017525587301495418,0.07596035602370384
2018-12-06,367,0.0014149935649074032,0.012795114812173103,7.67098197727729,-0.004155452447706489,0.09592736685625845,-0.07146974642881418,-0.0589074446217725
2018-12-07,319,0.00157808734927379,0.01926334592546286,7.968520686101135,0.08031553135093322,-0.05379200496645157,0.031614565632695886,-0.0649578208538508
2018-12-10,336,0.0016744398596747507,0.01100047667561943,7.334247817691465,0.013387703635529002,-0.11885100672430865,-0.04879702269136068,0.029036740078700787
2018-12-11,317,0.0010934437161857768,0.011020019948741355,9.782213694321767,0.15616672085133015,0.08707161920995417,0.07875915038397681,-0.015240806507045228
2018-12-12,311,0.0016680968673843945,0.008704309965879453,7.542533718294247,0.026720255544896165,-0.08503930701756846,0.045871562744347644,-0.025108762784769912
2018-12-13,306,0.001308080063604756,0.061176763724619,6.941244548673229,-0.012299925833962761,-0.12303209912412692,0.3121621276203137,0.02262489841166474
2018-12-14,269,0.0019063705298205933,0.03222068109376974,7.417294580148026,0.027065119836897678,0.04498440465888103,0.11171776357472293,-0.2093946331139713
2018-12-17,343,0.0017992960534098192,0.008088705707121613,8.620262350199088,-0.12325273740242816,-0.07554914901638836,-0.010722599978906766,-0.02479260624140863
2018-12-18,343,0.0015940411222624404,0.015978657646502636,9.212763604277706,0.06209040476480526,-0.027073570985801293,-0.028857049195002055,-0.09967199445603082
2018-12-19,277,0.0020008906110230247,0.012892085564731981,7.0151165003504445,-0.03918727765331943,-0.12714663846044552,-0.06072070410143432,0.11856122170844657
2018-12-20,279,0.0010990708622352966,0.01770106818500894,7.263877905767052,0.13912328385700282,0.12745387536702993,0.12926857937181788,-0.009127279723152235
2018-12-21,319,0.0017236206954295691,0.015898078315377262,8.472621989668426,0.05367039129489349,-0.026814315491528764,-0.09158286090108844,-0.03494321858635442
2018-12-24,286,0.0009927301887561136,0.02316935158376532,7.285763225917723,0.16350627692823336,0.1268653748979358,0.08260539357555097,0.05918128662978075
2018-12-26,244,0.0011669605746051543,0.053878076054022506,8.33408768524512,0.04232560298147033,0.10701282358308672,0.38774278412961527,-0.10655797110148195
2018-12-27,237,0.0021028075030011654,0.015935397343331825,7.032692734840982,0.01343239962061289,0.021549447710655173,0.11819299710358949,-0.14990560085741578
2018-12-28,264,0.0020028696174350428,0.008096467126230245,7.475582143771821,0.019160598101597582,-0.08358134442617851,0.052704115616961325,-0.04579852729807097
2018-12-31,288,0.0023637198691975865,0.019650634059879324,6.747848244934101,-0.06823065315747816,-0.11475837162247879,-0.1263969068099341,-0.05211671306792236
2019-01-02,258,0.002080903160561531,0.0062240361717977866,6.981567258668872,-0.034642730412102404,-0.020280535565928744,0.057461819595380784,-0.07628458446709994
2019-01-03,268,0.00248565808421084,0.014039446516445064,7.082941630826468,-0.0985271936317492,-0.11381664142870922,-0.05453840430978747,-0.06543049376677079
2019-01-04,295,0.0016489974875104568,0.013248938818602007,8.205055450590773,-0.06844478159538529,0.059971205101108684,0.05927110616811547,-0.02370604730502742
2019-01-07,333,0.0013168195097661014,0.02191418864712802,7.260057186454832,-0.016946993063796757,0.16785140218161246,-0.007484021295013443,-0.020422181327025793
2019-01-08,321,0.0017697951339274004,0.011840247398952286,7.177160068818403,0.033044147495285656,-0.064920183569074,-0.08454192246851933,-0.01979051743909556
2019-01-09,318,0.0016226966596242314,0.001521421371418863,6.783373059176083,-0.019538965652660403,-0.015940705712889205,0.03267107263311525,-0.029226476788580247
2019-01-10,308,0.002005658630659076,0.01796086231896732,6.96574515674969,-0.02934827393088585,-0.13863259583922044,-0.1533658503150199,0.08586100359912544
2019-01-11,294,0.0021592577656403293,0.04131618833310513,7.253783411726928,0.023993538468207315,0.007339961839971935,-0.32331862749725504,0.022341560992575674
2019-01-14,332,0.0015908698476914123,0.0033172917239614463,7.227291631917959,-0.002662395893081923,0.030076616993625384,-0.09378074793746835,0.010028947969829866
2019-01-15,277,0.0014322758148117099,0.0349441763332593,7.5202780718357,0.07984399040285493,-0.09895145526087211,0.21601349058269054,0.009613172869640857
2019-01-16,273,0.0016061796537824356,0.008251555267054567,7.342553631052041,0.008209267120467035,0.05870820048365007,0.1191127980888842,-0.06300435665820628
2019-01-17,278,0.001944364796654703,0.016308341902767864,7.456366990798539,0.04069988755357463,0.022659112620325463,-0.19565886715048453,0.051233040036584104
2019-01-18,302,0.0017425619783055211,0.04435734079449405,7.500388248538438,0.03950157185385673,-0.1082430196816649,-0.182200070670296,0.19843408360157122
2019-01-22,360,0.0014461438167359603,0.003935509845134466,6.562249350230456,-0.021665173920302636,-0.004349828600360972,-0.06911709255304083,0.05390854702381275
2019-01-23,304,0.0023776790488114776,0.02494999404545495,7.539737060557887,-0.1068996305141579,-0.161842283948138,-0.13400079543172505,-0.04288615178336656
2019-01-24,301,0.0018271813871759263,0.009692509722293075,6.95865684319005,-0.06538120290011244,0.021359968106610405,0.021077495762242195,-0.07701945604864072
2019-01-25,300,0.001715169445537071,0.0038184736915175543,6.992836985979224,0.010019694536813084,0.007207346355279354,0.021010465021548786,-0.06733917323588533
2019-01-28,303,0.00170340410270217,0.0017464792107125815,6.920167369350517,-0.025712127952988113,0.025260818613697382,-0.009513802285101217,-0.02229777461311856
2019-01-29,317,0.0016173548663801615,0.02024791200133602,7.79212025475837,0.08385794983034263,0.08385866880768571,-0.2168806461013776,0.023761042178337032
2019-01-30,324,0.0016197888893274117,0.0052008760830490885,7.385882879526533,-0.05818243863974168,-0.007604490443653252,-0.031672995547286656,0.0478367243465199
2019-01-31,298,0.0019432350374922935,0.0180339303809125,7.231046702584505,-0.12099975725287122,0.0035668992579244154,-0.0727065738200431,0.031971349469583084
2019-02-01,311,0.0015252679149632673,0.0024218961357888036,6.606176366671831,0.04101500681321715,0.0018187072279019772,-0.01865083872327081,0.027100481574999807
2019-02-04,329,0.0017887401951090082,0.016904094164852057,7.041060169064152,-0.11727955426046276,0.009212603965160928,-0.019799459048284906,-0.04912463903814328
2019-02-05,312,0.0015208443088268624,0.004437779458755342,6.767520719289157,0.061696197549994745,0.018358895471881964,-0.04388487804185562,0.0148229363120153
2019-02-06,319,0.0016121248812783955,0.008310812493071418,7.086208293498145,-0.045118361936320114,-0.10655618788498052,0.02563710942686837,0.09750176613881802
2019-02-07,313,0.0018019418071098451,0.028648447132346155,7.281493953575466,0.03193219174343145,-0.08121869390337372,-0.18467528447011083,0.10594621537929057
2019-02-08,312,0.002250921019338137,0.018378781964103807,7.792786112704844,-0.12694576711313826,-0.21384002518172834,-0.10974575053321883,0.045956826761069304
2019-02-11,312,0.0019466283956319518,0.030515713829309288,6.86631916777733,-0.10124471387374998,-0.031255941383819215,0.0664314620900548,-0.14862692570681804
2019-02-12,312,0.0018525597650001775,0.013167400954371189,7.172090700721488,-0.009990506871383828,-0.058498206936333313,0.01837488155988772,-0.10588346111227936
2019-02-13,314,0.0015353978151271693,0.0007328927923931916,6.701179235877948,-0.0021974490889601814,-0.0018704825477891258,0.017469679621116802,0.022368424115754907
2019-02-14,336,0.0010584525079031805,0.025145334021993926,7.0543951416583335,0.029878318499332614,0.2443067283030424,0.09948455838918885,-0.08494969050248379
2019-02-15,325,0.0017247093113396872,0.013359486924561348,7.3411219864040635,-0.06211464183913564,0.058880038624193276,-0.05032311854592357,-0.06750333060993838
2019-02-19,387,0.0009020601830448149,0.023408168859715417,6.782082726660898,0.09578873604246717,0.18823464863965048,-0.03877439607649489,0.056556429717707545
2019-02-20,324,0.0017559292269992606,0.034478717605566644,7.592071170810931,-0.015312429313492115,0.15600048645862788,-0.2096098407443442,-0.06892035549631452
2019-02-21,319,0.0014843895828676639,0.006331683457375115,6.68777065496233,-0.030069727350681634,-0.0410164049851651,0.04926404369794144,0.07478153476833381
2019-02-22,340,0.001729695293022493,0.009030972389963754,7.731737496308495,-0.01715330468782107,-0.11866235096639527,-0.04686447081149809,0.006487327210414849
2019-02-25,347,0.0016726489555691643,0.017487267845134435,6.912397014882904,-0.09750916849023107,-0.029014392886616426,0.06853552854683476,-0.10283034233498543
2019-02-26,292,0.0016890143231578377,0.0031017906706158893,7.204661473165006,0.04009271341163784,-0.027218531744662624,-0.019430097008948308,0.020171550617788688
2019-02-27,299,0.0018157860171895365,0.0028027987278458344,7.063633959669816,-0.0035467260905147078,-0.03709434203496045,-0.0031959726200085367,-0.04200299753385791
2019-02-28,308,0.001307105223053003,0.013246188257922453,7.5422142306005515,0.12007926742354674,0.08682232932447034,-0.043989395861209216,0.03191098171253903
2019-03-01,272,0.0012478097217022918,0.020615098319056835,6.9896965918597385,0.10560896735918332,0.041782786601641836,0.18477465487426914,-0.010974897441136685
2019-03-04,307,0.001500388257896552,0.009242870847061435,7.29651701866822,-0.04808299939739034,-0.0073473623385833095,0.09929614419133834,0.034895827196153424
2019-03-05,284,0.0013115501450496195,0.02880607341174901,7.24564675352584,0.13891119835956028,0.1739108797015748,-0.11999088733712114,0.0622083268877941
2019-03-06,283,0.001371051523454163,0.01706208417781585,7.379506855152299,0.0853291044378908,-0.02233154055547065,0.1579812570637665,0.0030060167787566033
2019-03-07,313,0.0021301248708789295,0.014989800392045782,8.247570832614754,-0.17632472737809032,-0.20714068811033254,-0.021138939773678325,0.07114618609189748
2019-03-08,307,0.0018993982248258388,0.03509130362930102,7.979377710151331,-0.178846044609707,0.0030855478896367433,-0.05291193007107485,0.06244191674808
2019-03-11,338,0.0015041779065903948,0.002144723436722562,8.332143814786878,0.012694249664650712,0.012539132694774557,-0.06759761385240186,0.0255399666378504
2019-03-12,242,0.002025938951233028,0.015167457597557887,7.08884669787877,-0.03526869996187025,0.1408327850604732,-0.07823249008118256,-0.0078860474142056
2019-03-13,284,0.0016088124816048019,0.02228616247861781,6.942263552622123,0.06031097053434387,0.1108253178553976,-0.18578912171583672,0.10084734377457849
2019-03-14,292,0.0018789486586256554,0.020018587855435532,6.928928729274405,0.047087412494939716,-0.1630578359847612,-0.047956069235788955,0.06662047608822685
2019-03-15,242,0.0018436906873993094,0.02817089799271344,7.444313507094033,0.030589716376720213,0.23798100246673354,-0.0619848126174835,-0.09893219892723261
2019-03-18,313,0.001957330568960602,0.018380753557258434,7.560297099076332,-0.1006634593427864,-0.010482157540819924,-0.14653634348362096,0.03239302419788225
2019-03-19,289,0.0015034899897406204,0.01508405228347176,7.835892384726743,-0.005779451342518649,0.053401630077546725,-0.025939410237761463,0.10930001743265946
2019-03-20,276,0.000847115191438281,0.05873708053878879,7.142522003997321,0.01659464856449368,0.21072418612568233,0.22281741045086895,0.08225616918503242
2019-03-21,262,0.001882024057206561,0.02425811929794508,6.904754142201807,0.019148786771722767,-0.1243467209393308,-0.031128300296795027,0.15014562848816393
2019-03-22,287,0.0013074549425815736,0.019339949966362346,7.465345560957164,0.004021934983649443,0.029041050657023306,0.24895307497421526,-0.03249519765672091
2019-03-25,318,0.001537390367050588,0.0028856020314678155,8.537997540328677,-0.02654290095131969,-0.007329577685990068,0.07658789864275695,-0.02049569344962372
2019-03-26,262,0.0017685290833063007,0.0023892577640869384,7.040366152293682,0.03420589456785194,0.05165104276190554,-0.03692740892024636,0.024361231937991338
2019-03-27,307,0.0013676428864509136,0.004639607075372143,7.20836534061805,0.06748114415181457,0.07362009262297033,-0.00771987855861899,0.026885909502968652
2019-03-28,285,0.0018880069762417533,0.016689331289790665,8.26598217944546,-0.05044956597048433,0.05217970035017883,-0.13342734398949058,0.055533233151995744
2019-03-29,249,0.002042172123897275,0.05007844836822839,6.82654922752921,0.030024350904757923,-0.25678668911332936,0.1088406594193642,0.10091996108835193
2019-04-01,322,0.001715711177189226,0.0026733965428757944,6.995052938949475,-0.04789621563639654,-0.026954339712494033,-0.0470302623809941,0.01696281962002509
2019-04-02,280,0.001248474564767866,0.017723465249127934,6.9339416478628255,0.11539796029329262,0.11546268372061948,0.1387043434502401,-0.06871074373415564
2019-04-03,274,0.0014512094293599369,0.026540115069780823,7.3517793673079295,0.04384294567932489,0.19349353237374245,-0.11815367693440333,0.08555443159210276
2019-04-04,278,0.0016977383994802489,0.004922696839957719,6.994914246260937,0.024832314714250833,0.11194729769778493,-0.05829354897671589,-0.022428613546355478
2019-04-05,271,0.002104097192572986,0.014335658364798443,7.086698909412797,0.02853642340806909,-0.0593710025579918,-0.029283332138082763,-0.0803027670865489
2019-04-08,281,0.0014899430266304499,0.007686302433962178,7.260014010333055,0.08362414011652611,0.019754613943446468,0.03421626861407285,0.025056996359642546
2019-04-09,253,0.002590856718826989,0.02609325038590693,7.574947227321081,-0.12183087707245464,-0.2941734639121193,-0.018954171211397763,0.12398501246950974
2019-04-10,260,0.002460106124171771,0.019978444944715346,7.311068849573958,0.004248610533779439,-0.10033622593325894,-0.14544422535329218,-0.03772334381652847
2019-04-11,269,0.0021263168952912674,0.007639724366200862,6.794220825492788,-0.03571298131040776,-0.10366243306080788,0.04083072963835644,-0.0454138049338478
2019-04-12,283,0.0017678307635491059,0.004072148817940824,7.3125174368196015,0.0031474838076627817,0.022325346134171066,-0.07179105162122365,0.04572600951060985
2019-04-15,313,0.0020270474529005284,0.025166702437188326,6.959809214331634,-0.1310964207222876,-0.24848330019023285,0.012020832343775259,0.0986271830529977
2019-04-16,258,0.0016518675893342273,0.0376929251890179,7.627637398100814,0.11968269936414436,0.12165512736197887,-0.22066527529216984,0.12696377246958046
2019-04-17,287,0.002144857519271095,0.030686277758302127,7.20497720466819,-0.11864028224267929,-0.2610801642175691,0.15366533280303896,-0.0050931024044055554
2019-04-18,301,0.0017825630200535914,0.006154368383501141,7.503546665641473,0.024113866954835972,0.04603522712863642,-0.1177768406681362,-0.025475191487601693
2019-04-22,359,0.0014436743406564022,0.0077078780464533425,7.334349847971017,-0.01997933566259081,-0.10586210917011903,0.077840436078685,0.011442832162749245
2019-04-23,279,0.0021598763854859893,0.026728767998428493,7.513592719431728,-0.09666539669659706,0.06778332296007093,-0.09334136217455702,-0.08298758719010002
2019-04-24,316,0.0016558849045633065,0.0021012772660482515,6.679135073683201,-0.0019026918488734411,0.01732576928672922,-0.01356919120614443,-0.04837314591571483
2019-04-25,326,0.001711457167159454,0.024390290803935955,7.430337974172981,-0.05017929992635202,-0.2028245625570018,0.01295981607653739,0.12417397341884732
2019-04-26,297,0.0014568099012689777,0.010505936217591216,7.513010627184341,0.09083833637405482,-0.006161254318307477,0.05673672771027632,-0.006758891119786109
2019-04-29,361,0.0012370737848127593,0.032036425575485805,7.012654791928121,0.010352149833278028,0.22848183813256434,-0.03778400710912757,-0.09421725349154499
2019-04-30,281,0.001678242421185249,0.002022467735651623,7.04864601226523,-0.007846450706212163,0.015908237777741575,0.0661011752588398,-0.017335203036486096
2019-05-01,293,0.0013783967877116499,0.010861032335514054,7.003386761344205,0.08177858642719316,0.16033955382284462,-0.031391365354176644,-0.018467292494886066
2019-05-02,322,0.0014773779785862088,0.009438835509868682,7.173584479334021,0.08192840364170369,0.07823997729187113,-0.025076895759635277,-0.08652290338346405
2019-05-03,327,0.0018052378639680565,0.011295014585781304,6.9160084667249295,-0.002628666616072599,-0.1192602155507835,-0.057466507767993905,-0.001270173100266012
2019-05-06,343,0.0014406476860774886,0.01755460195006242,6.941879652024819,0.06233924132189285,0.06724479313499138,-0.16125239279592976,0.043384045689889225
2019-05-07,312,0.0014640512360186394,0.00396012928401257,8.019537777994982,0.036339294030184155,0.0899703789118906,-0.04643893877415728,0.0065612945564696495
2019-05-08,259,0.0015477948639978604,0.03086402750332462,8.037651194043702,0.2116706934501029,0.0703551920578066,-0.01520211174314586,-0.06858151331565633
2019-05-09,290,0.001562940740951164,0.01048071313915222,7.345617454966559,0.02524010926170209,0.14493761310316927,-0.051774635929246804,-0.02490871618730493
2019-05-10,270,0.002170525043441866,0.01316756399275354,8.23870508195588,0.00985854195875398,-0.09688222486237988,-0.0728570306929145,-0.01220280986206776
2019-05-13,336,0.001835589773388592,0.02573138349308257,7.370460931407076,-0.1864807918452409,-0.22363780767728653,0.08619000171769284,0.09041227008769455
2019-05-14,290,0.0012381171034322807,0.04009382612671786,8.903509433298236,0.2619317241653054,0.1430108167194413,-0.15766435681119426,0.03461389593571947
2019-05-15,282,0.0016872269529464845,0.026953236266423652,6.7992695915839025,0.15224138265299475,0.016997711878560768,-0.09547680681949243,-0.025358289173876575
2019-05-16,308,0.0017862988951044267,0.05092764634748426,7.627818182035127,0.10844822398706402,-0.16443280814999822,-0.14511770645820726,0.10074217123680951
2019-05-17,254,0.0018067443640326366,0.009799625357821529,7.550969164542174,0.025473651442468243,-0.043488123452315924,0.13777638904080183,-0.03758805395953479
2019-05-20,308,0.0017799589821434715,0.03720791751668295,7.784250519440711,-0.0653253995558428,0.15484416212844473,-0.09885230482850556,-0.08712119074447501
2019-05-21,234,0.003346113843097139,0.02992733773652445,8.584034274162747,-0.18117840524669837,-0.269378638392077,-0.17111705937075006,0.05569282444006728
2019-05-22,250,0.00261760268644368,0.029326747508812034,7.152785225751509,0.005233008748760106,-0.20802478443114436,-0.12454811991788214,0.018538552378417165
2019-05-23,254,0.0015301841650559383,0.024615905809683425,7.577066951653027,0.12288075501638004,0.0542164357869136,-0.08257295049924543,0.1281422038475393
2019-05-24,298,0.0017089924640024759,0.01936088476629516,9.968295254517924,0.07493961425525651,0.123674583473447,-0.11865020893604841,-0.09852349733813331
2019-05-28,344,0.0014692851557174598,0.02274351867881974,8.579026990623145,0.04811149239683286,-0.10425265778658051,-0.0691120639621404,0.1143850422182774
2019-05-29,248,0.0016650384866287826,0.020238836209478972,8.51573274404901,0.01991677838621263,0.1525975816960227,0.1066118544776184,-0.10498530392773632
2019-05-30,281,0.0020025267969376896,0.03314702872950548,8.474306367339766,0.03561028239627671,-0.17632158891347866,0.02847363148813541,-0.013182384849913882
2019-05-31,284,0.0020589303054794794,0.02272945740815957,7.831909581683918,-0.11810368092470395,-0.166700885351503,-0.04852306776119251,0.16385522052506876
2019-06-03,342,0.0014021802233467973,0.023585520466838705,9.430396949889177,0.03727676062576912,0.13065645674277798,0.005892484519821869,-0.1329169746575817
2019-06-04,291,0.0019726192750998024,0.04150048882308521,6.770327982941017,-0.22036394027492603,-0.09297297123179012,0.09448970208931937,0.07078279130932943
2019-06-05,294,0.002289255347049783,0.012457580508812627,7.781081476859486,-0.08428771128409353,-0.13073227312858823,-0.17745381588809733,0.04639165623551599
2019-06-06,250,0.0015237932324820942,0.02507515894398915,7.555988538565415,0.03161448852377484,0.1437761693789873,-0.05091483263889151,0.11362755849508964
2019-06-07,301,0.0012447471874591505,0.031237469691966724,7.7078428561826025,-0.023378180391023937,-0.016410529589217696,0.13188838276787865,0.15856252036196014
2019-06-10,295,0.0021432449666639055,0.011684849507884287,7.109070796563099,-0.07154921621129393,-0.03371115881684441,-0.1379057678398813,-0.021348387463690544
2019-06-11,299,0.0019394791432468426,0.042307685344271984,7.58297098830978,-0.14711517454917458,-0.27211288071933615,0.050580282696446786,0.20883924491045522
2019-06-12,252,0.0018999681973285902,0.004146659893569105,7.154135652728665,-0.0030987185963339153,0.03454790593230033,-0.04705516981327663,0.05802201102368906
2019-06-13,269,0.00215721152900355,0.01922735035557077,7.898554351289734,0.05761849110253819,-0.060415366617299085,-0.07914772913694727,-0.07863519795220722
2019-06-14,262,0.0016548334317333711,0.015870002757535806,7.454523686122166,0.09648428032822957,-0.015623164645334243,0.09782080368706651,-0.04581463759824196
2019-06-17,308,0.0011006185004975885,0.048299305779009316,7.701270022717243,0.09205222083368934,0.3606520607768755,-0.05544329394356858,-0.07524198397350955
2019-06-18,246,0.002008509306252681,0.0005712594805999949,6.919924057136332,0.01785993721944155,0.028693511536171383,-0.01922794498688763,-0.015512082445044617
2019-06-19,269,0.0016228454825035757,0.02786990265396505,7.750614919952578,-0.0012232126758183824,-0.1347419675604177,0.17558059555098593,0.08729371509833264
2019-06-20,259,0.0016666157658011581,0.02142324263869544,6.979925768780119,0.0924727197220266,0.03533982944858238,-0.0900652191390241,0.09894570328340557
2019-06-21,241,0.0021561352399445447,0.016166961190941187,7.131518867437739,-0.02193123166637742,0.01965884978294403,-0.16706415114643308,0.13007934737659663
2019-06-24,284,0.0013554948042818187,0.01890377766907636,7.247161602106504,0.13453973315924153,0.03740081573155137,-0.009283492279784289,0.067421894556896
2019-06-25,264,0.0019374888275239964,0.03184199741359783,7.665882516195711,-0.0814266638150284,0.12199581434693348,0.06642288681427744,-0.12998613827885816
2019-06-26,284,0.0015954667115578418,0.004766177296333107,7.876146877211693,0.03318710600828223,0.08482335808165394,-0.05467480634589877,0.030439250091106918
2019-06-27,299,0.0017557991205847492,0.02496595414340863,7.190767333200137,-0.06869395909688752,-0.07447805627048992,0.20475966395885623,-0.11155552270116458
2019-06-28,262,0.0011479440160557393,0.02824411323245235,7.237800685871396,0.14157932586328276,0.13472370181083107,0.18449889542837927,-0.06232458751569231
2019-07-01,281,0.0019521877220321547,0.01128159895354719,7.0060193735131175,0.046546429471623255,-0.03248658535667703,-0.05302203998014227,-0.058167303916873386
2019-07-02,261,0.0022854556545641347,0.029882784421495834,7.179869009720717,-0.1584579190971923,0.04682074091183507,-0.04352611784598159,-0.0378445556511289
2019-07-03,272,0.0024152940666091914,0.0349120214577584,7.616984708630493,0.024161996866523143,-0.05946818711618641,-0.24350757133806686,-0.03510621064767521
2019-07-05,286,0.0022455360700433507,0.016385446254825964,6.962072658490134,-0.09212818014669652,-0.18534609560537796,-0.10156869982341016,0.09459634351069028
2019-07-08,261,0.0014136866907491228,0.013089593075885309,7.785342747466142,0.1460912262036606,0.1158890491090721,0.07292636746391866,-0.07285109534769416
2019-07-09,266,-4.344307468355148e-05,0.08757313704909397,7.723399756332361,0.32757655929889884,0.5176276934375399,0.18467729882362785,-0.006769835828404103
2019-07-10,284,0.002005144074062839,0.012016898686409538,7.3102399074983415,-0.05134696356262363,0.041873151496149216,-0.14073499407828297,0.011286972077068122
2019-07-11,284,0.0013216813446680002,0.022809940429380005,7.257278470859059,0.025666071894282314,0.20332864790541422,-0.046427098371497576,0.06671737480036952
2019-07-12,270,0.0014858969127715892,0.011214328817207186,7.401569565886022,0.032819451007464334,0.09063766627994792,-0.002869332132574032,0.07702788194851501
2019-07-15,304,0.0017380115244098892,0.003909466004043738,7.596842143177159,0.01886735005856124,-0.03204899347432503,-0.0009368670275561661,-0.04259249639790725
2019-07-16,300,0.0018632852071273946,0.0448150769524287,7.847276878812511,0.10370220943824075,-0.14311028313277915,-0.1086265712878113,0.03006352070590578
2019-07-17,267,0.0016514460203086011,0.012196148058628453,6.80202668603129,0.06927323210531133,0.029315195990986826,-0.07293882525853458,0.09247822231745147
2019-07-18,288,0.0015978311860695787,0.022852883552933023,7.627046050731957,-0.06052806353132692,-0.05037764043902031,0.024166118618165866,0.16638882217610373
2019-07-19,302,0.0013570363761917638,0.00745559363406878,7.329020528474031,0.00235774069479612,0.06966215860523797,0.07559829777522421,0.03273183170491616
2019-07-22,290,0.0016679646344071842,0.02463813274928106,6.8758083494126625,0.030342579901336902,-0.003307741932143514,-0.14334083154252303,0.14888650561716285
2019-07-23,328,0.0011277653240838546,0.040339548150564064,6.904516808196514,0.12654594625624374,-0.035944030297339016,0.008054134396200691,0.16152989704588566
2019-07-24,348,0.0008375403560101878,0.03694911658259781,6.707605151452067,0.09197533466638114,0.252794635189387,0.18686251932069745,-0.11456057695956307
2019-07-25,348,0.0015733230024416196,0.012788455941365351,6.9665031601254634,-0.020325832194963984,-0.07658030782769873,-0.11269646962417501,0.11456979994747325
2019-07-26,354,0.0010810693474478242,0.009728818834409347,7.785119789810616,0.109665333521979,0.05090490930409441,0.04954183985331785,0.02449081932754751
2019-07-29,341,0.0010278143917390418,0.019080675824549087,6.9518248421593265,0.08391076130805009,0.11563579280096936,0.007853924575008211,0.09163010614995593
2019-07-30,348,0.0018308370938336014,0.026708702660464323,7.014534432549251,-0.14102301621638463,0.004170035026622056,-0.09389935986347628,-0.04351027625494929
2019-07-31,343,0.0016340920545509163,0.011893838030005988,6.980758760166927,-0.11432505523723122,-0.04816013682693499,-0.03969549137232434,0.08119353401456197
2019-08-01,361,0.001252639652125004,0.006188484092624291,6.835700483561065,-0.02772120263057827,0.028785525705552793,0.0825509269969021,0.011978921093875715
2019-08-02,352,0.0012905154827621188,0.02941669847698214,7.953504996553163,0.14054033749532266,0.040011132575642525,0.049553263781508705,-0.1386276337170003
2019-08-05,371,0.0013894181272218746,0.006007181819489782,7.313198187973102,-0.05524361918847426,0.016845268451444344,0.03963767574840523,-0.032187575410010986
2019-08-06,354,0.0014667483397634822,0.026802727533353776,9.876253772759354,0.07062259363075295,-0.09983382895133099,-0.04889380257344444,0.03964721334147273
2019-08-07,303,0.0012952872770637704,0.007074307009095615,7.725212704779497,0.11134905369126193,0.09757543885531952,-0.024001624394233464,0.030133041947016586
2019-08-08,351,0.0016735743979036802,0.0112578251996307,7.594808539376516,-0.0337149029022643,-0.13757811873111334,-0.0492687078083631,0.04571250211336195
2019-08-09,321,0.0012388560448401659,0.024037518827800586,6.875185792811993,0.06445533977724281,0.07406580679438239,-0.0832270570160076,0.14936032965698182
2019-08-12,333,0.0010258251810117442,0.009784655787970942,7.787006150661779,0.13170271253670982,0.14980617114845127,0.021974171925139927,0.013317373835880936
2019-08-13,321,0.001684371446384862,0.011083506375693442,8.408876056045084,0.048940893779697264,0.02375892681419432,-0.12602340752449548,-0.02804288164847776
2019-08-14,343,0.0015257845602640234,0.0121444731637802,6.819781481582787,0.004948390971083152,-0.12461509107833288,0.09071333529683244,-0.01773484353070763
2019-08-15,326,0.0011222546974518266,0.02562508214409598,10.53743565220369,0.2286855935941812,0.1025684947118093,-0.03461542624790893,-0.028348724796674232
2019-08-16,313,0.0012861793669667902,0.027341959253367465,7.895055343772327,0.0055011038383791,0.20669553183714617,0.039783454255850705,-0.05712837365258888
2019-08-19,349,0.0007823264301737767,0.06874488529409328,7.15857785601548,-0.008604944721827844,0.04713932704097415,0.28668152924567736,0.12872024017388678
2019-08-20,324,0.001662955648746894,0.008223565769395313,7.110500932143312,0.0032900287377368395,-0.001355399847711196,-0.12153232831778213,0.04200243903977691
2019-08-21,289,0.0015120785202506304,0.006440906964196413,6.94146318020286,0.054218808355076836,0.07042291475110789,-0.05522814525671536,0.05660503744566713
2019-08-22,289,0.0013526451084437034,0.017797883931951364,7.463376358915366,-0.029245534628619174,0.06797451357651374,0.10515080044951415,0.07429134792211904
2019-08-23,252,0.0023546381533795647,0.006094779674036266,7.616716926964012,-0.06650158202818703,-0.1360828919573455,-0.022119711033229794,0.03796655571545938
2019-08-26,368,0.0010203473587086687,0.020043806468480363,10.453427972651568,0.14882963625437637,0.02657619366588713,0.038559752289611685,0.03505876178054947
2019-08-27,277,0.0015066667767254167,0.029829862019237097,6.860263207972693,0.003955824238900475,-0.08461449226322158,0.07390527499403063,0.17205999872442546
2019-08-28,250,0.0022971504910280845,0.05851678107211955,7.261080893292609,-0.07560365697721771,0.1754732839996911,-0.19724744139158315,-0.05119743114525844
2019-08-29,272,0.0020290858867655914,0.03243208416561161,7.1467275888648825,-0.023881890261907242,0.10486273852061972,0.003057849132788987,-0.18786141979198387
2019-08-30,266,0.0023531414388230595,0.015409436940246435,7.189801141795223,-0.08379986222377958,-0.1907175671756595,-0.07079778775934209,0.09344397170490665
2019-09-03,324,0.0013355949964117934,0.009543310088172219,7.213170491234931,0.027758546139678212,0.1481781828006729,-0.048411753971629286,0.007009467356426616
2019-09-04,289,0.0018816315132466487,0.050142295477695775,8.78048774413504,-0.1288149761829034,0.11706951265778165,-0.0707285325507403,-0.005109018580704539
2019-09-05,290,0.0014545841069227702,0.07055662887104774,7.37581116257112,-0.05879631087292535,0.2204234741351138,-0.09989425630963487,0.0946083110322622
2019-09-06,340,0.0013878460113443535,0.07074645446508865,6.732097843199771,0.21369719484328054,-0.005667987244494861,-0.18738689095786767,0.03562239564492357
2019-09-09,355,0.001557369331264869,0.05779137979500104,6.776724388209212,-0.17832563312931377,0.12738496012770278,-0.0389313869975393,-0.015860165198909953
2019-09-10,308,0.002401371056703626,0.05343084099487627,6.899781466472134,-0.033627269513468665,-0.10162885506600973,-0.17839151096745653,-0.1655969353825108
2019-09-11,310,0.0017147650289380404,0.0030190681696219412,7.3149807232639725,-0.04591388327341837,-0.07567848263380135,0.017220979280577,0.04121706868506476
2019-09-12,288,0.002034625387612707,0.020579892799642452,6.899424981948291,-0.06322268667401437,0.06999588389247972,-0.08080832889942616,-0.09790909158398221
2019-09-13,298,0.0022949134904937793,0.034381938998471195,7.520820949326898,-0.23839471134933587,-0.1615291949119991,0.033716461757248205,-0.0015609958302089638
2019-09-16,357,0.0016300866015172824,0.012074412182984662,6.854947230055911,-0.0018031235119656626,0.013249495886493911,-0.1469578647758284,-0.028370341082037717
2019-09-17,282,0.0022029067944853977,0.015034755465110461,7.590618103462001,-0.08178055255576006,-0.08209464594912236,0.02695839272146334,-0.1055226263063452
2019-09-18,294,0.0015280681195315208,0.013281748590694642,7.0870894270537965,0.020554389617935574,-0.02088187108014976,-0.02106717103290426,0.12289059821057668
2019-09-19,269,0.0011168722920375258,0.05624539616845681,7.540181028460084,0.1837885358794341,0.12124092046490967,-0.08673181229088506,0.180825062830356
2019-09-20,253,0.0014952232560390734,0.033595336516944574,7.572977937255851,-0.03762212546851841,0.17545083779357012,0.0978975194527518,0.007690800666403962
2019-09-23,307,0.0021320390464675616,0.028392004272609683,7.026387431014007,-0.0462670504435588,-0.13764275490189776,-0.0004011798871413296,-0.12476098929849484
2019-09-24,296,0.0014796953141015489,0.018136342946000972,7.523578170667542,0.051295969416862035,-0.06358758954396698,0.00670367879878592,0.1296083153802014
2019-09-25,274,0.0016463767536221438,0.020243524022612758,7.597332368971473,0.1290290458100317,0.1511587978681937,-0.130244884603856,-0.05215742005931274
2019-09-26,260,0.0024655046361200667,0.1084136245627203,7.3654752101394765,-0.005239455165140779,-0.44761500922980635,0.17508095047808425,-0.004288896865571032
2019-09-27,285,0.002235816226836007,0.010507373702674738,8.405055918288522,-0.08465917498497204,-0.06798777493254604,-0.0642579421159706,-0.05751035726305313
2019-09-30,270,0.0017310746157802228,0.012466301145192649,7.567871915580462,0.052465147538099506,-0.055806960620907994,0.09561971753230634,-0.02705819697081227
2019-10-01,240,0.0014074803230267846,0.022035021296625046,7.520802189031071,0.0952338967951572,0.06402509561155498,0.14025255001668738,0.024897902523740693
2019-10-02,298,0.0012861028804340856,0.06278947566677162,8.869472245960146,0.02177323315722595,-0.12884707757198935,0.2593027922460619,0.08125373542998511
2019-10-03,294,0.0013463589778656888,0.024668419311139833,9.972482936973181,0.02986425776473231,0.19653490657876224,-0.006503196845184297,-0.011555046483332377
2019-10-04,301,0.0017201279697254006,0.015870482604455782,7.14392105942374,0.09206137714627984,-0.006804483095979214,-0.06942610773523171,-0.05134782408974952
2019-10-07,296,0.001461919677087455,0.0671144211702055,6.797324581901125,0.24132825471374492,0.03299218777074716,-0.17802264026249467,0.038245748942231865
2019-10-08,285,0.0012821329711910057,0.016065829972862544,6.669737054298573,0.018282524764433813,0.1043246200529331,0.09740987460720027,0.04916718699655171
2019-10-09,339,0.0019689097170793746,0.012369931588642191,9.003576081163775,-0.15809840651485874,-0.13292347842405888,-0.08725050608829299,0.04335160284740145
2019-10-10,306,0.0015744924690578258,0.004161727865203524,7.038905585698919,0.007923946415591021,-0.05409648522445898,0.0373038449301193,0.04527930281535865
2019-10-11,305,0.0018729409813217066,0.024976276906435446,6.95410557719768,-0.06424892202089667,0.10406468990571414,-0.06631000787381591,-0.11599975861723859
2019-10-14,375,0.0011150958261359931,0.021958790439670306,6.757624509071726,0.12095941155445619,-0.04669671177812306,0.019146081695066278,0.07026934892660132
2019-10-15,285,0.001310054723606586,0.031196396303831753,7.423930649930553,0.07144140607838134,0.27983732306036924,-0.1145760427820896,0.016566121187577255
2019-10-16,295,0.0017176070085111335,0.011802441054658885,6.695773290229152,0.006857840828425617,-0.14965968152058118,0.09590467678959375,0.033509028880991776
2019-10-17,343,0.0014853137751031807,0.014313963408621566,6.821726121120048,0.08658864183034563,-0.025577508224090377,-0.009922418359175485,-0.07001396496787173
2019-10-18,305,0.0015649496850030054,0.006154103602768801,6.946268213985054,0.04742919734108868,0.007327572218609372,0.051405216159652455,-0.06078129357117358
2019-10-21,332,0.0015148227702630893,0.027502366215827245,6.573536499505853,-0.07696764339772949,0.013562150684126828,-0.09342158472795008,0.15098475798685562
2019-10-22,368,0.0014369868298618436,0.005073864454489763,7.018231228752618,0.021029505732029555,-0.028545516536450058,0.013470961515814082,-0.06357725748971348
2019-10-23,330,0.0015908733018849216,0.008890296095597217,6.796183825154138,-0.09183569283769485,-0.021044678716226874,0.018668127244721788,0.04423586506514766
2019-10-24,358,0.0012798358243604608,0.01754316022640834,7.13989201894973,-0.028323323490902837,0.01244826993860507,-0.030969272100832584,0.13048187541104161
2019-10-25,344,0.001538760792303701,0.0034552614526651704,7.172281808850826,-0.04573838564644147,0.013733418147863377,0.0018430564160153958,-0.028505514022375392
2019-10-28,359,0.0013134614689474472,0.008714594802729292,7.41144459528575,0.09016451563379756,0.0055140511880767224,-0.01092954763541885,-0.02781435389072034
2019-10-29,315,0.0016504405184373573,0.0027074519231871097,7.285363313145132,0.0022011960628649054,0.03899387542571207,-0.0344597545340667,-0.04651284357003386
2019-10-30,313,0.001787638801047983,0.029938438605171314,7.122214112648271,0.033836954591186755,-0.1811748163810125,-0.08056966267617073,0.10884563500995798
2019-10-31,317,0.0013205677896888388,0.01331046384223411,7.284039410268473,0.058748858746050577,0.1760849643759696,-0.05621838295951419,-0.01585541882522819
2019-11-01,340,0.0014860556067029524,0.02339452368042827,7.080469503666773,-0.08193276423731592,0.10160591893327746,-0.04260244796582227,0.012411480711852782
2019-11-04,356,0.0012905724335779954,0.026649624321430587,7.267602955659196,0.11146793496808975,0.1690011173894805,-0.1418469224682959,-0.05750970259677548
2019-11-05,354,0.0015521530330394845,0.007557306727825841,7.029678739037388,-0.07123581090635825,0.019806583695841155,-0.0021923083410174127,-0.04530281184042279
2019-11-06,349,0.00145370757775091,0.009770858230591428,7.18721052235853,0.037864386057870056,-0.08485210302146654,0.04181864341598129,-0.009518815722522018
2019-11-07,369,0.00141429469001409,0.029776575058915733,7.181278580699661,0.04811878570512793,-0.18096728907083362,-0.008971093802156691,0.09807011593746898
2019-11-08,373,0.0010231755900384002,0.02828411436193401,6.738411981948134,0.030547536680925715,0.1865923117701755,-0.05737836197960274,0.0769495233598488
2019-11-11,387,0.001633344925682671,0.0316017387837394,6.878491054585217,0.012352073842991272,-0.08093074139638762,-0.05346605601072669,-0.14216424891427312
2019-11-12,267,0.002136807574843286,0.010632326771232048,7.042636240211163,-0.05243398662418738,-0.1720619310695492,0.03352470773262757,0.04991596499480012
2019-11-13,347,0.001729198623913258,0.012642377299107666,6.694801853650141,-0.0893344603004161,-0.18353935928068288,0.009732547354891503,0.0630774272304197
2019-11-14,355,0.0017131960245264962,0.012989155980127176,6.90550084719576,-0.08819785604269206,-0.039702740175430025,-0.15011281785440525,0.061644236658735065
2019-11-15,364,0.001277127963651007,0.003935115503185815,7.046896063514438,-0.004841559346809207,-0.013360749463919859,0.02869381735858284,0.059759333914207666
2019-11-18,383,0.0013829537915881027,0.010025870255515379,6.690851408708143,0.061844487137386925,-0.046334674005504055,-0.06615246835424435,-0.008699949134125971
2019-11-19,295,0.002368610521243293,0.03237037245740726,7.993298826356245,-0.05084601845620723,-0.25373041189322243,-0.08207665065316336,-0.010827126530956233
2019-11-20,292,0.0018171168046734157,0.006107510071962086,7.511800303502327,-0.023338768380625194,-0.042457366825907214,0.06780858009933428,-0.06320865882207855
2019-11-21,285,0.0016548900324105057,0.028903159824401947,7.2696440704787335,-0.11168269420963924,-0.017035251392898295,0.05524751407878527,0.13018311304976396
2019-11-22,338,0.001372635583962742,0.020771537700685294,7.20290286970836,-0.04513555162851773,0.008890726802741233,-0.03694943954602893,0.1452926096130065
2019-11-25,295,0.001955353238452963,0.028514130572078633,7.243745678345326,-0.05637559800563825,-0.14975877051997738,0.14049177202633675,-0.08801581418795691
2019-11-26,286,0.0020212102543994376,0.0038022033956701673,7.015724822520943,-0.07359741764672424,-0.07394780518295088,-0.014041885720451524,0.005454843033646362
2019-11-27,280,0.0015198005918307448,0.024409943525565803,7.063917562499313,-0.047072160333212085,-0.021038245640553403,0.1593558472003171,0.0576662273482273
2019-11-29,346,0.0016025533118655814,0.008941157572733505,7.015462832302306,-0.10115883762034893,-0.09718545800473852,0.01304496681322301,0.07633243700089351
2019-12-02,297,0.001176138020003862,0.016355484404196652,7.637687256652089,0.03163523700650287,0.17703789667233608,0.07048521528139799,0.022215667157465226
2019-12-03,298,0.0013837498068852052,0.01508142080427921,7.6264772131307135,-0.018657715186544983,0.11665870393899928,0.057898665870878975,0.019385460473084228
2019-12-04,321,0.00209915307861359,0.047831181049183935,7.821764375055033,-0.2441776961637147,-0.052641870397883386,-0.0869298952430218,0.036093185334675856
2019-12-05,295,0.001636898078145781,0.017013054877955347,6.841236553830329,-0.09176387757140413,0.040735243409113435,0.08948811357612883,-0.004229345519843324
2019-12-06,289,0.0018306908002458158,0.03886255071262812,6.97374954823359,-0.13897352964069873,0.0765097357958575,-0.07063516735831897,0.07495967866107983
2019-12-09,392,0.001473115153807435,0.008389590787222678,6.690955805773493,-0.012456566782636217,-0.042062005641307194,-0.11103922349579677,0.010635515334706013
2019-12-10,257,0.0021319118606208673,0.00650944027045397,6.991478307968326,-0.02492894667338695,0.01984836212759847,-0.011945148013720723,-0.0787769637996198
2019-12-11,286,0.001748879628336076,0.021627837833280927,6.97463683392907,-0.009420329048503453,0.1702730690563065,-0.07187894656463868,-0.0893329408514074
2019-12-12,279,0.0010843585370911134,0.03737052777267802,6.914838518214663,0.03283925058190639,0.12789740553878362,0.12306635009429318,0.11112493008817374
2019-12-13,354,0.0017100510938378819,0.03159906820811642,7.099660179247924,-0.08843047654284626,-0.15118717655049654,0.137188278937204,-0.10828680028108181
2019-12-16,366,0.001286464269942976,0.007197345856078563,6.614614821448739,-0.05439456009327054,0.002871869756257297,0.060750353789458776,0.04908049094929745
2019-12-17,233,0.001792689205709773,0.0417879882561627,6.974518734804171,0.06709916021182943,0.2311285390348929,0.09041726212152089,-0.2240381312290036
2019-12-18,241,0.0024608214485671897,0.022012024454392543,6.910039917647164,0.032759877264216065,-0.136584394702563,-0.13604333732513454,0.053751916554086225
2019-12-19,243,0.002048764302795591,0.006066035874790376,6.925157237662489,0.0283423701490921,-0.010947822105363377,-0.07028131214920932,0.05718731294682519
2019-12-20,212,0.002356743319635593,0.009115372287614054,7.007801484423925,0.01373823007266604,0.11519134909406384,-0.08467408973572967,-0.04351465695648831
2019-12-23,282,0.002022826918780245,0.012785495087178522,6.993726901685469,-0.028913901416725275,-0.1754115214089761,0.02438684479093919,0.03906419584270815
2019-12-24,249,0.0016368365543428906,0.02967765451951354,7.985228491293906,0.13936283288168072,-0.044751189245645445,-0.009245617948688611,0.09948937024989431
2019-12-26,179,0.00374310875509609,0.0459470482371549,7.61172980557077,0.061818156287626304,-0.1979682316277,-0.21925466409503744,0.015371805110717264
2019-12-27,154,0.0035592151224947376,0.0459952739538253,7.444624899298263,-0.10550488660272773,-0.19394259316768317,-0.08200075342252477,0.2852099754645575
2019-12-30,242,0.002476182462209911,0.020146470242596304,7.401889516705976,-0.08313395578881792,-0.2289855583633504,-0.014257589262500642,0.12790479170506563
2019-12-31,177,0.002528674993414303,0.009924647214899163,7.974122755757806,0.005111817141748386,0.09568332248880244,0.1004467748542698,-0.09639286215348408
