session_date,n_names,intercept,r_squared,condition_number,beta_mean_new,beta_mean_known,beta_negshare_new,beta_negshare_known,beta_log1p_n,contrast_mean,contrast_negshare
2011-01-11,11,0.05873974549964643,0.3801547352876987,10.390917848288522,-0.3159684357376197,-0.4538089863169414,-0.17021731185959088,0.614423899231812,0.03329643369011905,0.1378405505793217,-0.7846412110914028
2011-01-18,13,0.054371681862889334,0.5460335783701435,8.812751850122527,0.5304165427890484,-0.3633673014646057,0.6830710644080764,-0.8788026928191122,-0.3849813413485283,0.8937838442536541,1.5618737572271886
2011-01-20,15,0.008017864840464161,0.184835139547194,9.725914102070924,-0.12120250535816336,0.23257549042134534,-0.155813772703316,0.41799739797970537,0.3859074444465025,-0.3537779957795087,-0.5738111706830213
2011-01-21,11,-0.10778227739894232,0.6109937187309484,11.264343222101406,0.4293383310329093,1.0655773985806198,0.9939125949551805,0.6488397969314285,0.23354198127659395,-0.6362390675477105,0.345072798023752
2011-01-24,12,0.1310383860396792,0.5561738661660316,12.8479328952549,0.1821322970954211,-0.9121216331140002,-0.662440860381318,-0.7829829587244974,0.03049189017209448,1.0942539302094212,0.12054209834317942
2011-01-26,11,-0.00502241543188208,0.46832851897996997,12.072872278069777,0.8671545437559436,-0.24525753658544866,0.23565147769560227,-0.017377205955031096,0.2703218605903395,1.1124120803413922,0.25302868365063336
2011-01-27,11,0.06956299527811038,0.8961052545610959,15.76714212567928,-1.007410818379517,0.16327791902533526,-0.39495738495582927,0.4520847021538972,0.25661968603768515,-1.1706887374048522,-0.8470420871097264
2011-01-31,11,-0.10715544619257064,0.5813143116748607,13.229810902388818,0.7253450304154486,0.52995914593132,1.3857074361359603,0.5283192613484429,0.18808894240538204,0.19538588448412864,0.8573881747875174
2011-02-25,13,-0.024789451940768335,0.38004946921681604,13.205738847276185,0.42059072087045013,0.3947656916339439,-0.22459037803675855,1.4725444339310065,-0.41878471793866606,0.025825029236506203,-1.6971348119677652
2011-03-08,11,0.09983705895090302,0.43678369653924765,10.10071413816414,-0.9597130436497158,0.2792170823623137,-0.5621298092087906,0.15532372955851043,-0.10911325598218423,-1.2389301260120296,-0.7174535387673011
2011-03-10,12,-0.07257063843876248,0.4635141373973729,10.269490411481943,0.7639868265397044,0.30691274733695945,0.6894802936294898,0.7499901412161442,0.23132531380799862,0.45707407920274495,-0.06050984758665434
2011-03-28,11,-0.0019280997404336883,0.7116324147205557,19.27028155297587,0.48584123287245445,-0.03334264562654033,1.300492740148488,-1.2039488632598099,0.49337573015494746,0.5191838784989948,2.504441603408298
2011-04-08,12,-0.015485266806074791,0.20761880476485017,16.10717142599181,0.5433075041733809,0.07847544048906223,0.9709180505014331,0.2528642923219757,-0.47391888414005756,0.4648320636843187,0.7180537581794574
2011-04-11,12,0.1771832421181123,0.9194508154625802,10.511526879250747,0.29797873090130095,-1.5657421444413917,-0.9737327460115759,-0.9078322744418681,-0.10306937684116203,1.8637208753426926,-0.0659004715697078
2011-04-12,13,0.1476791701075509,0.47094773082905583,13.85525906767698,-1.2182463838981332,0.026919748733047616,-0.4583299579078463,-1.101234500760791,-0.08876732896259638,-1.245166132631181,0.6429045428529447
2011-04-13,10,-0.022485060447140864,0.5022627256804666,12.529152480953693,0.8310030810138199,-0.42187743291930235,-0.19740064883080352,0.6022389927790237,0.6357372169000789,1.2528805139331223,-0.7996396416098273
2011-04-20,10,0.1137324020645329,0.5960176847219978,12.318764433868836,-0.9203312979158965,0.058021128454197546,-1.3239934495499623,0.8952431915899984,0.016412386131005992,-0.978352426370094,-2.2192366411399607
2011-04-25,16,0.041099625434923924,0.44258821548382743,13.148657124813258,-0.8266411771526769,0.264281823112425,-1.1613887909170206,0.6875549671692897,0.7210051638704191,-1.0909230002651018,-1.8489437580863104
2011-04-28,10,0.07720553039942751,0.5375716784034991,8.764839229590361,0.09429117348634619,-0.3238529991641344,-0.33657099862539,0.5504936618688037,-0.5284714455541768,0.4181441726504806,-0.8870646604941936
2011-04-29,10,0.10704264751235615,0.5781266854648255,13.927437094480533,-0.2261629663992165,0.07969119517353225,-1.0563956255462106,-0.1802311536862958,0.24224560021106833,-0.30585416157274875,-0.8761644718599148
2011-05-03,11,0.18502509914999593,0.657903986959901,10.803024716210704,-0.5857006709520595,-0.6146016015520825,-1.0499136163835232,-0.7030557083498368,-0.11728058406240852,0.028900930600023078,-0.34685790803368644
2011-05-04,12,0.2073957765804587,0.766446856138993,13.663652826954502,-1.0499010747478636,-0.6459084112862726,-0.9848695430724373,-1.6536868323865417,0.35686722356210854,-0.403992663461591,0.6688172893141043
2011-05-06,14,-0.018920267829083192,0.45533645917861265,8.041400563326203,0.7260368330300907,-0.12335316204580582,0.3775746188542063,0.6991415907000404,-0.1496323813242022,0.8493899950758965,-0.32156697184583416
2011-05-10,13,-0.012623155257955775,0.6645192836795042,11.939295224275494,0.20548654104067876,-0.1714352159168378,-0.07043888507372462,0.8898051070856785,0.47478448957105546,0.37692175695751656,-0.9602439921594031
2011-05-18,12,-0.03437359619440972,0.19489566310199868,12.057336641754615,0.0005982902760726578,0.5089878137627375,0.3330201334385621,0.4928128281662654,0.4895472430221943,-0.5083895234866649,-0.1597926947277033
2011-05-19,13,0.00907871784453647,0.615590542210707,17.448353138584643,0.5325147668253662,0.15259058823829716,0.6750098632050595,0.37563408899224626,-0.971795971218918,0.37992417858706906,0.29937577421281325
2011-05-20,10,0.121457907198758,0.2639946748130426,10.598272836792832,0.3970716659369495,-0.7412603127036496,0.07638041021377126,-0.903289253102863,-0.25806065431936814,1.138331978640599,0.9796696633166343
2011-05-24,10,0.10146605200133167,0.622950134935654,16.176099543646465,-0.47778788154542406,-0.6887199632845212,0.24998743777730598,-0.21116435455586186,0.09836372158186675,0.21093208173909717,0.46115179233316783
2011-05-26,11,0.01381113499307313,0.8300847734376156,13.728657618168677,0.8483542676707936,-0.19829889200531384,0.25845151569064767,-0.7373145938377514,0.5249627326340165,1.0466531596761075,0.9957661095283992
2011-06-08,11,-0.010940253856726643,0.49705191879892907,16.116752972497657,0.29023983689890187,0.4810571793880029,0.04087006745746988,0.9133019021577318,-0.4847834010541207,-0.19081734248910104,-0.8724318347002619
2011-06-10,10,0.17486753556941384,0.12324317839265386,19.92419393286498,-0.6889666082479028,-0.8176157248462106,-0.40287375202151104,-0.19231029528499977,-0.3955843309876528,0.1286491165983078,-0.21056345673651128
2011-06-15,10,0.13377132664950064,0.6041973464183414,16.510879830860134,0.6939875175770609,-0.7119322410350377,0.6044001465304314,-1.3525079286494994,-0.9093740274129698,1.4059197586120986,1.9569080751799308
2011-06-17,10,-0.042606004391950926,0.49644752365713374,12.63766977615962,1.3222692514697008,0.06667005409731949,0.7324295832840118,-0.44502193966741854,0.17577313865540678,1.2555991973723812,1.1774515229514302
2011-06-21,10,0.05861550038167749,0.5127479584965734,13.180269103796627,0.47824523138718417,-0.6282748115104142,1.0393900644268639,-0.19412040870087643,-0.8675500832363096,1.1065200428975983,1.2335104731277404
2011-06-22,14,0.008025614037168073,0.20593897231728264,13.287645380546875,0.10690050521447715,0.672448950974665,-0.2891039457414321,0.4564530746372957,-0.17141577812571246,-0.5655484457601878,-0.7455570203787278
2011-06-27,12,0.014020053263005709,0.6871512891973149,11.906902304677645,1.5032184760684764,-0.989246963204579,0.7496842470015278,-0.5796009099071394,-0.020536128270421682,2.4924654392730554,1.3292851569086672
2011-06-28,10,0.19197640550436512,0.4402384511943297,10.661578541648087,-0.1723213938580223,-0.6727853330217191,-0.5695587410204699,-0.7854850843952591,-0.639377557791833,0.5004639391636967,0.21592634337478922
2011-06-29,14,0.08489917406972809,0.38021455565528417,12.988850791061228,-0.420942709235747,-0.5806503768354009,-0.7557936505415197,-0.027306489609954174,0.40751635227023447,0.15970766759965388,-0.7284871609315655
2011-06-30,13,0.040849406473072676,0.17533280845825405,15.924317137539491,0.08338286215101877,-0.1325425774423511,0.5065104380101756,-0.044113487669889546,-0.4753218033488416,0.21592543959336985,0.5506239256800651
2011-07-01,12,0.11452423780633689,0.49522606047802276,17.782552520781895,-0.1720882685313584,-0.31597863422322786,-2.3158859104787686,1.657947844663283,-0.6025767387820153,0.14389036569186947,-3.9738337551420515
2011-07-08,16,0.040516581588227074,0.3518839792377042,13.776452329223162,-0.2645065114642869,-0.39667333909520686,-0.03199796443660266,0.29791377142479,0.09873343274804029,0.13216682763091997,-0.32991173586139266
2011-07-11,10,-0.08528287175288186,0.7408840897605433,18.573256609414166,0.4679981874543573,0.9732955107661714,-0.09087503441735108,0.8279372323758454,0.5273015388786128,-0.5052973233118141,-0.9188122667931965
2011-07-14,11,0.0299637126771052,0.22355778619994704,13.906168834233684,0.7708004921655432,-0.7279986104952726,0.6479398870679498,0.00973385613779779,-0.359677303772333,1.4987991026608158,0.638206030930152
2011-07-15,13,0.024852389889933258,0.5015509413009142,11.277665959221132,-0.2680642317800783,0.20496551447083156,-0.398010148829664,0.12904840368908035,0.6858983253115662,-0.4730297462509099,-0.5270585525187443
2011-07-18,20,-0.0356091986002789,0.4712676664368507,7.82336361286081,0.2512549153423931,0.41109399345621006,0.22349491858327086,1.1197409387759272,0.418783177853353,-0.15983907811381698,-0.8962460201926563
2011-07-19,12,-0.05790943857292186,0.7026321204124173,18.38225294569389,-0.4677297925023659,1.5505853478700815,-0.46513301898008685,1.1165880572593068,0.6555159321031897,-2.0183151403724473,-1.5817210762393936
2011-07-20,16,0.03222928699379648,0.8586595754390136,13.164012881461767,0.3617144059340308,-0.8148208046588681,0.4140073281120892,0.14892361694399964,-0.14116173013273894,1.176535210592899,0.26508371116808954
2011-07-21,14,0.08788941153261329,0.5400103438722197,18.892109248787992,-1.415748814806541,0.739773189693967,-1.514956746607904,0.9670738828943427,-0.23704503408703564,-2.155522004500508,-2.4820306295022467
2011-07-22,21,0.017616842063577318,0.2512795195502632,9.716497553446267,0.35204255180654825,0.09578206701096512,0.4307957209141901,-0.14092870662148035,-0.4775989997804711,0.25626048479558317,0.5717244275356704
2011-07-25,22,-0.025064858648281584,0.4391448022637813,12.129850312921977,0.5063010982430021,0.8437991097649747,0.7058572924741751,0.7481958440255201,-0.7012995639832812,-0.3374980115219727,-0.04233855155134503
2011-07-26,13,-0.01048790757257829,0.4420338218849138,13.84367083005722,0.5332913474050209,0.06612938006981896,1.2795786954361223,-0.13124094952399537,-0.4750728764999347,0.467161967335202,1.4108196449601178
2011-07-27,23,0.03617492986629054,0.3427127628531591,8.408747838536414,0.2852543876083838,-0.21828541334048296,0.16486313691218593,-0.40102722780535754,-0.49485165722409513,0.5035398009488667,0.5658903647175435
2011-07-28,13,0.07196753224109988,0.8694990532004487,14.30303641402674,-0.25153267427765913,0.07126172064331042,-0.7969206896620581,-0.5673256628016152,0.6733614678294271,-0.32279439492096956,-0.22959502686044286
2011-07-29,17,0.016967499052135144,0.36432128834551003,14.620669498592733,0.223099662255624,0.397001711632851,0.34428557613082594,0.2115503462056758,-0.7528322639975714,-0.17390204937722697,0.13273522992515013
2011-08-01,19,0.05496276417975818,0.10046143179617484,13.679082338266818,-0.29106417488502,-0.12007285997742957,-0.4957282540863966,-0.09405119258775095,-0.08766855729421397,-0.17099131490759045,-0.4016770614986456
2011-08-02,12,0.10285321827775677,0.8777304510396606,14.704402983471084,-0.4440044503602212,-0.6847874888751191,0.6669053264797307,-0.44217721675597677,-0.5644134091545774,0.2407830385148979,1.1090825432357074
2011-08-03,18,0.014206364323975217,0.2068699551963753,12.399869238113482,-0.04436502362118148,0.044450126743052355,-0.6741419095290553,0.573549973247467,0.5890777174966089,-0.08881515036423383,-1.2476918827765222
2011-08-04,17,0.021847952193955213,0.31987234381735863,11.7426437764383,0.5203874355310005,-0.4626457535907242,0.54624167133979,-0.08082975171959386,-0.26598397615494923,0.9830331891217248,0.6270714230593838
2011-08-09,14,-0.021589830090065428,0.5238868141388863,10.441623609629042,0.34532174201231225,0.4163062428733232,0.0211305939848146,1.202419238806186,-0.3806625751548045,-0.07098450086101094,-1.1812886448213715
2011-08-10,14,0.057246105687843045,0.44718525334797143,8.989177281811859,-0.7923864962745407,0.5288759728070231,-0.5651346949590865,0.5275376299751988,-0.3017833708081982,-1.3212624690815638,-1.0926723249342853
2011-08-11,11,0.12382536100349137,0.18521791908018448,12.334085145398854,-0.6544371198122101,-0.23914004644670947,-0.4823524587158182,-0.36231331983094417,0.014085002728870796,-0.4152970733655006,-0.12003913888487405
2011-08-12,14,0.11911646073802754,0.47965840595026965,17.314263701750022,-0.46905142061309596,-0.40020473999575945,-0.08680841593179509,-0.8810026688757534,-0.49819365524836706,-0.06884668061733651,0.7941942529439583
2011-08-15,11,0.17207851802427818,0.5609813238039671,12.865633005415232,-1.3893137845316053,0.1194626405420472,-1.166499112409064,-0.04885515067558282,-0.3005219894599141,-1.5087764250736524,-1.1176439617334812
2011-08-16,10,0.16888687010531983,0.325445818705554,11.324074843516495,0.47811504185795295,-1.2915365919524697,-0.22755668376991536,-0.6283087226573034,-0.7084504455846609,1.7696516338104227,0.4007520388873881
2011-08-17,11,-0.10922093711260167,0.7320106892317105,13.691016319568885,-0.33635702352330255,1.580720616765184,-0.32496495644702195,2.175542195715138,0.30791978396723924,-1.9170776402884866,-2.50050715216216
2011-08-18,10,-0.07227593635861934,0.7821249961905796,10.32410310345396,-0.22352325170433188,1.4483851949319517,-0.15567919511570527,0.9307999369934561,0.4455360420670159,-1.6719084466362837,-1.0864791321091614
2011-08-19,17,0.04280846131612868,0.4218582504521886,16.104737702378685,0.5168965890554432,-0.9573712631429974,0.4251284855751922,-1.1533779039745806,0.7132364077385666,1.4742678521984405,1.5785063895497728
2011-08-22,19,0.036874023668178005,0.10608068621302713,13.984380355102246,0.05697345244479438,-0.14031006057625037,0.11096512263109455,-0.414694178166724,-0.014147235723680004,0.19728351302104474,0.5256593007978185
2011-08-23,12,-0.005120566299560303,0.598533456570693,11.079866749954315,-0.2647816136745579,0.31614458768616766,0.4009787861495363,0.72638080745664,-0.05582897642833846,-0.5809262013607255,-0.3254020213071037
2011-08-24,10,0.14257639561030463,0.7413621651955158,12.865214988610173,0.008114681777810984,-0.7281039946413234,0.6834069801858369,-1.6432747659074762,-0.17167081362094058,0.7362186764191343,2.326681746093313
2011-08-25,13,-0.15020889066116466,0.5005871256248853,16.234167473398806,1.2551510914704564,1.3665729031329883,1.603545120226826,0.9554315761487716,-0.2752695337887638,-0.11142181166253184,0.6481135440780544
2011-08-26,17,0.06691717890983878,0.4418108216009031,12.940717204474915,-0.6847834203531984,0.474257211786419,-1.1968624510060362,0.17359484024552185,-0.04139026360722407,-1.1590406321396174,-1.370457291251558
2011-08-31,11,0.07660553041575079,0.7545721126100049,10.92012743746715,-0.26363019053942366,-0.8320734344356499,-0.3801339288186532,0.41502961937696425,0.37548626527024537,0.5684432438962261,-0.7951635481956174
2011-09-02,12,0.04940730568596404,0.1459578341065606,14.71151180661763,0.2751326929733783,-0.22976045032565387,0.5143521066210781,-0.44025253816366106,-0.30524714756827925,0.5048931432990321,0.9546046447847392
2011-09-08,15,0.035069180663534295,0.27346289300980053,11.095144511115206,-0.1349700632202438,-0.3631806365197823,-0.5240586536775429,0.5743328899101929,0.3958010436013474,0.22821057329953848,-1.0983915435877358
2011-09-09,10,0.038211704762604014,0.5327206833068789,18.464432384075344,-0.19048486544996734,0.29022251025525986,2.446380235494758,-0.37323069448891616,-1.9371212810632141,-0.4807073757052272,2.819610929983674
2011-09-13,10,0.2007909555689474,0.7893228967247116,17.775778037935122,-1.7808532929132308,0.5073944082482948,-3.183060342367428,0.3105262050921761,1.130173910561239,-2.2882477011615254,-3.493586547459604
2011-09-16,16,0.0012919158567529304,0.1601463776430906,9.951465576955231,0.3703565954233629,0.22605379125022654,0.15036446897896016,0.3426054873573476,-0.13072165042599113,0.14430280417313637,-0.19224101837838742
2011-09-19,18,0.035055093768338035,0.03997131825199196,9.498936102902523,-0.20868033572767725,0.07128037062844904,0.031022919594962308,0.05980275434182736,-0.2154090844977306,-0.2799607063561263,-0.02877983474686505
2011-09-20,11,-0.022351899597770022,0.22771762426447717,16.31158739082547,-0.04375199421860322,0.7701795787966601,0.261979764807411,0.6351094683573207,-0.13177502659184737,-0.8139315730152633,-0.37312970354990976
2011-09-22,11,0.09135638427401904,0.24687419843541958,11.30170902739709,-0.29821066493166437,-0.039774205037236665,-0.7690749026330368,0.01315970993306664,0.08405960864045142,-0.2584364598944277,-0.7822346125661034
2011-09-28,15,0.03460920862175455,0.27848798899215355,9.907567658441756,-0.15899072489407065,0.09211997056178445,0.0715909561910785,-0.5203301221975072,0.47733366168607927,-0.25111069545585507,0.5919210783885857
2011-09-30,10,0.0869380159665531,0.42954904440304187,18.57242824729125,-1.086867689908542,-0.20378951756737046,-1.310019203673872,1.1028407202450248,0.7590753715736966,-0.8830781723411716,-2.412859923918897
2011-10-06,10,-0.09278351198302393,0.38780908227279887,16.627921465644008,0.4081823539170464,0.25839888774163505,1.1720719649980322,0.828482183314639,0.18853484968912768,0.14978346617541133,0.34358978168339327
2011-10-07,10,-0.10131302318020165,0.46603497239717295,16.26270840901233,0.3850329165707483,0.7571167174957611,0.9098619826289864,1.70801449033917,-0.7337656434306324,-0.37208380092501286,-0.7981525077101836
2011-10-11,14,-0.013515118910811726,0.6137953924378655,21.590757934185664,-0.2653441719896106,0.9759285589194193,-0.15312904268905406,1.1714551482110376,-0.3504871629490654,-1.24127273090903,-1.3245841909000917
2011-10-12,14,0.1748696250294983,0.2818168612864199,14.739989838584947,-0.3537455948332988,-0.9998868628491276,-0.8132098736401725,-0.9581393178624538,-0.7713678516409014,0.6461412680158288,0.14492944422228127
2011-10-13,11,-0.0007574713119599075,0.6250909455993345,9.489435848786757,-0.7547120112247316,0.5976213472866307,-0.8216750656206141,0.9710667188688957,1.0243633795529379,-1.3523333585113624,-1.7927417844895097
2011-10-14,11,0.23069006851915916,0.37719020630578615,20.063053977937674,-0.5497646811800609,-1.9561086661169498,-0.24466945184210778,-2.0700972839380443,0.7454585756556619,1.4063439849368888,1.8254278320959365
2011-10-17,13,0.021149974056004564,0.5524622243973016,14.058112902882392,0.7411590890008039,-0.005867555877792979,0.30728686429366336,-0.44613139432386023,-0.1463463285489318,0.7470266448785968,0.7534182586175235
2011-10-18,10,0.14733315184956286,0.950071690813616,18.734584276687748,0.2440586833046724,-0.5913204097871779,0.0014318813182094116,-1.0595585167925579,-0.5412746750344026,0.8353790930918503,1.0609903981107673
2011-10-19,16,0.07929949353538433,0.29113369789327725,11.433497218527851,-0.8100955745008693,-0.025657352947079014,-0.5281014070708915,-0.0305044390792771,-0.1432250195341854,-0.7844382215537903,-0.4975969679916144
2011-10-21,11,-0.0816880460064136,0.42212260414051195,9.52633566557116,0.6197359019417746,0.7943553154144036,-0.06015421469416706,1.215658874182767,0.22754113529632,-0.174619413472629,-1.2758130888769341
2011-10-24,15,0.08792821591134183,0.5204084485900311,8.396981305558663,-0.7504145096696779,-0.3122947629344624,-0.5673240662450881,-0.35472029680505796,0.3469071583140328,-0.43811974673521553,-0.21260376944003018
2011-10-25,13,0.027048112031453075,0.5566014109714282,9.516551360501033,-0.08531055874612761,-0.39563022492142247,0.6169671326288716,0.3547364288514813,-0.1940136906305817,0.31031966617529483,0.2622307037773903
2011-10-26,17,0.01218284011091544,0.4761605185164408,13.16235046963537,-0.07938482286029173,0.286475978744058,-0.3419769212579502,0.8572746117563517,-0.1366054101532923,-0.36586080160434975,-1.1992515330143019
2011-10-27,11,0.11340980999360084,0.2654313780078861,21.801906444407088,-0.49374004341676253,-0.46713147010991074,0.018056131243226362,-0.49969707179156925,-0.052503365784203074,-0.02660857330685179,0.5177532030347957
2011-10-28,17,0.059095363321198614,0.34123336159930306,9.851335321290113,0.19867000352697123,-0.17901914311862668,-0.7235877516380311,-0.33949938100121163,0.03419391931014382,0.37768914664559794,-0.3840883706368195
2011-10-31,11,0.09643828441551086,0.3894690707025269,14.789968996925504,-0.6364213669342808,0.4405582737970229,-0.9531178187801131,0.6098772462773357,-0.5825385915012036,-1.0769796407313037,-1.562995065057449
2011-11-01,18,0.0033250099979128295,0.28446447546941134,17.482026572474354,-0.7628055117752011,1.3469532717420554,-0.7734720086854844,1.0094268161050903,0.060197072688679035,-2.1097587835172567,-1.7828988247905748
2011-11-04,11,0.06921522534087518,0.7751588714042209,8.57179924881604,0.08041981721876401,-1.1306193707173071,0.1234147799026772,-0.27963910102190753,0.6836889171185179,1.2110391879360711,0.4030538809245847
2011-11-07,13,0.10665623715576507,0.5728017640441803,11.419846030287085,0.1841980369784008,-0.5649355851509438,0.0502377054537399,-0.5391596591032269,-0.9034026642278576,0.7491336221293445,0.5893973645569668
2011-11-10,11,-0.024888692059691398,0.7994521958750032,13.65067069488396,0.886989107374683,0.19302002773532972,-0.14622583801176617,0.43003199053715757,0.18373593767780738,0.6939690796393532,-0.5762578285489237
2011-11-11,11,0.09647494549648856,0.26392612021678863,17.61639051620672,-0.25108683464371323,-0.41357841002482637,-0.23755296716603258,-0.15581563553430217,-0.06441495355387378,0.16249157538111314,-0.08173733163173041
2011-11-14,15,0.03647356303460806,0.4483560377419621,12.247286404628733,0.1460243312939658,-0.617571609509431,0.016745252417033556,-0.19347135891843345,0.5540664936786226,0.7635959408033968,0.210216611335467
2011-11-15,12,0.0710033221786205,0.3976203383875857,14.304252571325561,-0.35570157612885817,-0.3137102654037138,-0.3618653373233543,0.6300552427657599,-0.3028577961967244,-0.04199131072514439,-0.9919205800891142
2011-11-16,12,0.02636204016615407,0.24610026961015607,10.328598588847797,0.05194223429379714,0.3645584011707571,-0.3977351176977089,0.7562666365156537,-0.4077211182701962,-0.31261616687696,-1.1540017542133627
2011-11-17,18,0.03327101005027408,0.3341966311155501,10.549961028185292,-0.12926536336520503,-0.3336263945806571,0.07867828625239082,-0.26592034472612935,0.45237745460973305,0.2043610312154521,0.34459863097852017
2011-11-18,17,0.05273073299739538,0.04082003830277703,16.637755199457732,-0.21611592175355207,-0.122645460413332,-0.05144393584946693,-0.21295179711215373,-0.18968780678293742,-0.09347046134022007,0.1615078612626868
2011-11-21,16,0.041513298853237436,0.30709932129401674,8.623143880110748,0.005247670193819975,0.06351736884306192,0.4578102264475081,-0.4465686521638909,-0.4084321766240972,-0.05826969864924194,0.904378878611399
2011-11-22,10,0.08010904736906586,0.5697716132343019,21.11414350452047,-1.298114568126169,0.5317582937586381,-1.0959211907192663,1.0056959222057482,0.25440059549972954,-1.829872861884807,-2.1016171129250143
2011-11-23,16,0.05279809385200867,0.2586289053208909,13.349586080674271,-0.17772946324104952,-0.28790797318913897,-0.551816629543895,-0.2468422047500514,0.5747572674598582,0.11017850994808945,-0.3049744247938436
2011-11-25,15,0.09352779901879546,0.3595380742183131,10.775893949963184,-0.2220145075991884,-0.3446521996926519,-0.08245555069586957,-0.5571159489225488,-0.5995957636536045,0.12263769209346348,0.4746603982266792
2011-11-28,11,-0.13856788577231086,0.7690640260223216,14.707081570640183,-0.20909680740737502,2.0364094200048557,0.2485010074265569,2.3717782683616475,-0.3990984013948459,-2.2455062274122306,-2.1232772609350907
2011-11-29,19,0.04577728612572774,0.3738792684163774,11.015667182353521,0.4333642312236225,-0.6899696745138557,0.850369309752902,-1.1280376853592424,-0.20526305388107954,1.1233339057374783,1.9784069951121444
2011-11-30,17,-0.0059759655572306615,0.31049696394624904,8.918568612851411,-0.4334767449201122,0.337076480546362,0.1048275800207146,0.9725940417407002,0.22216147155817803,-0.7705532254664742,-0.8677664617199856
2011-12-02,15,0.04001338268583561,0.450076740440735,13.522983179171677,0.33332572071588706,-0.8590555461596482,0.15587957353150605,-0.8649908293827883,1.0344396007199772,1.1923812668755351,1.0208704029142943
2011-12-05,15,0.018396101381328984,0.3148184431343719,11.819636473268345,0.2443108014510567,-0.039332872293462405,0.3103923813935072,-0.4042055753354072,0.3369522233444358,0.2836436737445191,0.7145979567289145
2011-12-06,18,0.013334105442536071,0.09114157555025038,9.305058446876327,0.1277285056517274,-0.22993016183238682,0.39511065061904577,0.28343045431595354,-0.05636724468563897,0.35765866748411423,0.11168019630309223
2011-12-07,13,0.18841718030738436,0.5659106423091729,14.681987860566597,-1.229038735058394,-0.4985749045487795,-1.1284534603871645,-1.4955122884170229,0.45273270041937036,-0.7304638305096145,0.36705882802985834
2011-12-08,17,0.004310880466839449,0.1059062119162213,8.037886769960343,0.2455910218928621,0.2655867220442539,0.048280091811173195,0.22894304505939245,0.06502918331977682,-0.019995700151391765,-0.18066295324821924
2011-12-09,17,0.0016761527093846354,0.2675735108432815,11.461738573099824,-0.09066651298463099,0.6756743521636037,-0.28079356123600063,0.3816643787885568,0.25713215114939486,-0.7663408651482347,-0.6624579400245574
2011-12-12,10,0.13776200994675655,0.3676577226708284,14.933282648428897,0.33391582068842474,-0.8724598514752215,-0.7117348184135052,-1.4065082374807536,0.901546887745926,1.2063756721636463,0.6947734190672484
2011-12-13,14,0.053849539993777486,0.1602909641025715,11.533414199983211,-0.20497406915316102,-0.1982928742303991,-0.5180089287960229,0.08289916544473033,0.33058958690908286,-0.006681194922761924,-0.6009080942407532
2011-12-14,17,0.066428846419825,0.4679359139363163,12.234182963959176,-0.15783476065757254,-0.05797822927189185,-0.4488715756406788,-0.33992117099714647,-0.25397504170675905,-0.0998565313856807,-0.10895040464353234
2011-12-15,16,0.027433960711604352,0.18925634033428163,8.402926358077732,0.047573771997727166,0.06441878460459821,0.35484690548008435,0.11197533722423979,-0.4567015420779881,-0.016845012606871046,0.24287156825584455
2011-12-16,15,-0.013498289569217689,0.22252174818236348,8.96628908366358,0.14746990848251326,0.4030689020636524,0.0995001368082707,0.7481867963185191,0.006722943403575066,-0.25559899358113913,-0.6486866595102484
2011-12-19,10,0.20887432786474658,0.8685388724257325,15.40748851958087,-0.13492788022185587,-1.0909056766574279,-0.2365530266911332,-0.9154521153661124,-0.7996478583584037,0.955977796435572,0.6788990886749792
2011-12-20,20,-0.027262369947536117,0.2792218543467384,14.24497994246922,0.5253235395855668,0.4288419564358446,0.821045450144028,0.5778730872421947,-0.2625892355061886,0.09648158314972216,0.2431723629018333
2011-12-22,11,0.16512028902208714,0.582050449482094,37.34814710637273,-0.6843200043791232,-0.6320031748638357,-4.440567096368062,3.367996825136161,-0.24375290801105695,-0.05231682951528749,-7.808563921504223
2011-12-23,13,0.041007497585461766,0.6713603792470259,11.914267623243159,-0.36383963655628304,0.7304088692246641,-0.3837862510477213,-0.20107550170912286,0.15209758286645858,-1.0942485057809472,-0.18271074933859843
2011-12-28,15,-0.0018372204915834327,0.3319242957258304,16.07022527506086,0.308007681807139,0.25924621504370565,1.133985868867541,-0.2669655885988638,-0.3791575623720201,0.04876146676343335,1.4009514574664048
2011-12-29,11,-0.018291297532333273,0.8469199598300016,9.99016143574121,0.30657689596351995,0.5677997159308799,-1.236365114732433,0.7122429207102602,1.0521541278391071,-0.2612228199673599,-1.9486080354426933
2012-01-04,11,0.052879938933850235,0.5618112201920811,23.44866715001412,1.061219935837214,-0.6685580547320367,1.1206574241334384,-0.7970654996530009,-0.8796124621303213,1.7297779905692507,1.9177229237864393
2012-01-05,11,0.0033248082924696863,0.5129024435626167,11.722956718702914,0.006753023623047579,0.41431676624469377,-1.350540168129371,0.7304311542437053,1.1258934415835917,-0.4075637426216462,-2.080971322373076
2012-01-09,17,0.030343867533865133,0.32553314289521784,8.575863915323788,0.18935678285529697,-0.3238115308922703,-0.14891739318383418,0.5026709842674372,-0.2509903391980445,0.5131683137475673,-0.6515883774512714
2012-01-11,11,0.003551238819713009,0.29611943208181957,10.097274622072447,-0.3953537493367978,0.6945926400060143,0.5436710965211512,-0.24162451256712583,0.32058727134307263,-1.089946389342812,0.785295609088277
2012-01-12,11,0.15520013702865731,0.68775322000309,16.33502545752231,-1.2883710816277227,0.08439037952366193,-2.0679531383566467,0.5606659911872842,0.29686483464296115,-1.3727614611513848,-2.6286191295439307
2012-01-13,12,0.01842879796738434,0.392388216634451,13.957846340580652,0.4839791728651778,-0.03659018329849033,-0.2696056506048557,0.3438382581225476,0.03608725169839651,0.5205693561636681,-0.6134439087274033
2012-01-17,13,-0.030650049380574123,0.19397750786266776,10.58830188683546,0.6944453625678514,0.059131646982877185,0.9603671518049134,0.1322305425785231,-0.04927342003924181,0.6353137155849742,0.8281366092263903
2012-01-18,18,0.055005140532527946,0.21675678405307475,10.740931946651989,-0.050056181643452255,-0.5647605056599567,-0.28398820418745796,0.002025707076596819,-0.08340587475673732,0.5147043240165045,-0.2860139112640548
2012-01-19,11,0.011477267098454192,0.842669591551281,8.93068918778879,0.8127453575398256,-0.4675661386832743,1.6168892926908423,-0.5987700397393918,-0.6157983479739954,1.2803114962231,2.215659332430234
2012-01-20,12,-0.09217923839265238,0.5517902114702579,15.653257527348321,0.9455775807672102,0.2195473049552459,1.6557570352081945,0.47365547035597416,-0.0822356698629698,0.7260302758119643,1.1821015648522204
2012-01-23,14,-0.019911965977558066,0.3669048101167849,10.716420074781729,0.5007407596985016,-0.1804279170390727,1.37701991201312,0.10450744999891633,-0.2443051572998412,0.6811686767375743,1.2725124620142036
2012-01-25,21,-0.020039940666550973,0.28708813397867483,9.437477670387104,0.5648394937313312,0.308278251461508,0.5544113016569799,0.6653754465727864,-0.2512269854274643,0.25656124226982324,-0.11096414491580642
2012-01-30,15,0.039780662968172883,0.49407386190643887,10.636699908325227,0.2934353423078262,-0.2797449700448292,-0.4852773027718376,0.2897095795015637,-0.011542538037909552,0.5731803123526553,-0.7749868822734013
2012-01-31,12,0.16913226472346016,0.46907978397809136,14.198681614048319,-0.6932601669815175,-0.8561628355613066,-1.0038658888219016,-0.5548803587736187,0.048994896775300466,0.16290266857978908,-0.4489855300482829
2012-02-01,11,-0.10281551136398397,0.48103761121187494,18.011266851989944,0.34174726563986324,0.8708150113530855,0.9754739810362344,1.6178879694008172,-0.5439829774223529,-0.5290677457132222,-0.6424139883645829
2012-02-03,16,0.0008956624541404045,0.4829132596600142,13.722931901677228,0.12453035296252309,0.34614648737934756,0.793131414222828,0.3210425373302868,-0.6135119904274775,-0.22161613441682448,0.47208887689254114
2012-02-06,16,0.012273714349544818,0.18849943824194182,9.411402953918522,-0.0746904552354082,-0.13205781046093892,-0.017628722386701386,0.6888003020635519,0.14281782683406238,0.05736735522553073,-0.7064290244502534
2012-02-07,12,0.04141521672070632,0.25934608562169714,15.623359617259663,-0.01791688723702096,0.24003596895125576,0.0479764045154449,-0.7213347554758531,0.45727406794922204,-0.25795285618827674,0.7693111599912981
2012-02-08,15,-0.04646129389838271,0.7221692289652901,9.240027699591927,-0.13213651229750695,1.0879961344654567,-0.5644617176959158,1.6509782685313346,0.3514626439481127,-1.2201326467629636,-2.2154399862272505
2012-02-09,15,0.10232556478628277,0.41783720621118325,19.947434950723718,-0.5972747520921489,-0.1549490712920219,1.3686961765062318,-2.672996129133479,-0.01324316757706236,-0.44232568080012696,4.04169230563971
2012-02-13,16,0.04643443125879487,0.5948465744150646,10.352424356086443,-0.9455883975149786,0.9967307873220633,-1.3488480714532,0.8012534828130267,0.010550398551654681,-1.942319184837042,-2.150101554266227
2012-02-15,11,-0.047546606515034485,0.7639590247193877,8.605226974010806,0.5975489729647893,0.5320110908833158,1.2193302257411465,-0.2653864802742198,-0.03747846598427209,0.06553788208147349,1.4847167060153663
2012-02-16,22,0.04677348329623209,0.0984232900975246,11.524034694618793,-0.07746606184631498,-0.30917673614419733,-0.5673165869047843,-0.10350281513857451,-0.0005710650003406656,0.23171067429788234,-0.46381377176620975
2012-02-17,27,0.04153760358898637,0.26109682738329354,8.599470725748647,-0.23940824931779278,-0.17981882499990776,0.18580106196867105,-0.8055103380192001,-0.20409424343704996,-0.059589424317885026,0.9913113999878712
2012-02-21,15,-0.01382174585461505,0.2646212999310946,12.145813268338866,0.40941736767652853,-0.042161083648883255,0.1703960207586434,1.1007591160441381,-0.22375904519197626,0.4515784513254118,-0.9303630952854947
2012-02-22,13,-0.04591762355244445,0.33898757203526475,10.401880959418037,0.44329769692565907,0.06329496978633344,0.8554360511659346,0.5226459643166315,0.30918353016899575,0.38000272713932565,0.3327900868493031
2012-02-23,14,0.018234986995176772,0.8471038493635176,16.00434749286912,0.5725528373143729,-0.43199257391514556,1.5473954805091252,-0.3693827406591871,-0.8291526391141144,1.0045454112295185,1.9167782211683124
2012-02-24,17,-0.011868614852783793,0.2507470938306474,8.961441083165674,0.3280032345174633,0.2685041310991156,0.09495996676372538,0.7366830570263646,-0.02461748441202035,0.05949910341834774,-0.6417230902626392
2012-02-27,14,0.11566829293049265,0.3526139025177276,16.681324595865153,-0.5365787943704783,-0.06413793332925989,-1.165741990646388,-0.6128995731646243,0.14064608945695764,-0.4724408610412184,-0.5528424174817637
2012-02-28,10,0.009907144177506102,0.3437332215014909,39.88565750378038,0.6420556224993565,-0.6197407786671639,0.4161924074154294,0.36204438300031594,0.001305482201940101,1.2617964011665204,0.05414802441511346
2012-02-29,14,-0.07108063212443182,0.6317587813420673,11.079803848422868,0.7444512930854992,0.8066400826494294,0.010742061663459949,2.011827125071568,-0.5834028629858665,-0.06218878956393026,-2.001085063408108
2012-03-02,10,0.06166641099443993,0.31836196135502637,16.610068332602573,0.11418993869276688,-0.0818545592926542,-0.8637219489969185,0.8147704166199583,-0.21671206691195108,0.19604449798542106,-1.6784923656168766
2012-03-06,13,-0.08308859095232253,0.38039721625653156,16.513635824181982,0.5326148802726004,0.7707153406137279,0.49811649241117073,1.8205457154103208,-0.4616890639474353,-0.23810046034112753,-1.3224292229991501
2012-03-07,17,0.023132895854009235,0.18217977025910137,10.226097103623767,0.31572530921702274,-0.016274081953878482,-0.04834475385714883,-0.3908448178013752,0.35321988535906435,0.3319993911709012,0.3425000639442264
2012-03-08,12,0.02387765403879462,0.19598104679838957,19.24167591723351,-0.3444598601493031,0.4573031599561544,0.6687837471775983,0.13703358351484873,-0.49172432743036765,-0.8017630201054575,0.5317501636627495
2012-03-09,12,-0.03039803101160993,0.5318639401891483,11.90547685097541,-0.744089908546775,0.7985029719622753,1.168251629286602,1.2014623556690534,-0.6945743040925147,-1.5425928805090503,-0.03321072638245126
2012-03-12,16,0.049851314402426,0.20896354247165772,10.603649926444021,0.12201490122101089,-0.37598297989087853,-0.29838156617993744,-0.3735293120168597,0.33063689598903095,0.4979978811118894,0.07514774583692224
2012-03-13,13,0.05202075685991169,0.23874453794813333,9.923930105351648,0.3109008887309424,0.10015089983487258,0.12307016812566812,-0.7693261259046597,-0.11733550914452572,0.21074998889606983,0.8923962940303278
2012-03-16,12,0.0986030865155194,0.6509127535514638,10.291170231636873,0.3038290080224838,-0.6951701868886506,-0.7920638933444841,0.02321725640622235,-0.206286260568038,0.9989991949111344,-0.8152811497507064
2012-03-19,11,-0.058515408990483075,0.45046319918975397,21.611586443271857,0.24843816104921784,1.0289486673247787,1.0031013491280036,0.6917753725379596,-0.6849245522493307,-0.7805105062755608,0.311325976590044
2012-03-20,16,0.06725945944274038,0.26367221579574307,13.32097930022604,-0.22125361990799386,-0.20665871623248802,-0.38479605853025506,-0.043486657643172257,-0.2961076498537821,-0.014594903675505838,-0.3413094008870828
2012-03-21,16,-0.020907045806590554,0.3929638110136966,9.941132309881572,0.2479295855581685,0.42932020773528834,-0.06689475795898278,1.3229318249175797,-0.264261394441155,-0.18139062217711985,-1.3898265828765624
2012-03-22,11,0.04213988091283152,0.6691995863279413,14.397247271405114,-0.4116241265316746,-0.060948201828755155,-0.8834868895620984,1.403965608648374,0.025016229191858877,-0.3506759247029194,-2.2874524982104725
2012-03-26,13,0.1061685048638103,0.420131883098686,12.329390448582974,-0.8118246810984996,-0.6192395035736293,-1.1603443378874023,-0.03785451929540967,0.8688819153958763,-0.19258517752487025,-1.1224898185919927
2012-03-27,15,-0.05498748433347367,0.6032401074137836,11.25493461289761,0.4277796908988103,0.27883879567647996,1.184332808076264,0.6165558244653825,0.14211741088727306,0.14894089522233034,0.5677769836108816
2012-03-28,10,-0.0166279930019541,0.4413633830867747,20.76720146024131,0.15529760929461925,0.035276212800907536,-0.6195917970456472,1.6818041720392318,0.07977366294997215,0.12002139649371171,-2.301395969084879
2012-03-29,10,0.041127797690360866,0.788482063893553,11.199603903153754,-0.2249456054672975,0.6441711236766231,-1.5025256586562117,0.3654500664920461,0.895294120147622,-0.8691167291439206,-1.8679757251482578
2012-03-30,20,-0.0043380195408380924,0.11653764757433416,13.234832452979093,0.14491874137271574,0.34125949943904127,-0.18719995911514462,0.7780267787332469,0.09651572120366483,-0.19634075806632553,-0.9652267378483915
2012-04-03,14,-0.011322391232534455,0.6853365537533029,7.615364344780781,-0.015549990394414605,0.4126380589507448,-0.09760413759993083,0.39154244576732083,0.6260005777872434,-0.4281880493451594,-0.4891465833672517
2012-04-04,12,0.019650425037455302,0.357328581956589,11.771118912549793,0.6991033371581052,-0.31614828175756465,0.04398085150209068,0.504634749373465,-0.40318085717502355,1.01525161891567,-0.4606538978713743
2012-04-09,13,0.10840093338335234,0.3311053745166217,17.783064073885246,-0.18337388118004438,-0.4866020615688969,0.3611258195702936,-1.1463634659068718,-0.36321067888163794,0.3032281803888525,1.5074892854771653
2012-04-10,10,0.09657097973782919,0.5169120606980709,12.260094446191337,-0.2947269535877043,-0.017665063281548977,0.11576549523387063,-0.9458393903690422,0.21104631724784093,-0.2770618903061553,1.0616048856029128
2012-04-11,15,-0.002834717792451674,0.3125990306223213,9.15382871836032,-0.09151759364221529,0.15180046352781698,-0.4900787758427289,1.148915474349965,0.3659219653807128,-0.24331805717003227,-1.638994250192694
2012-04-13,14,-0.059309322625358436,0.6690789133484214,8.350433972687767,0.08631459625826321,0.35343606519519627,0.5353574673653766,1.1866992561100669,0.4988536485811329,-0.26712146893693306,-0.6513417887446903
2012-04-18,16,0.045104160109074205,0.19347556536441646,7.910565145526062,0.056074707060059646,0.008762148269364816,-0.3051507700426209,0.047516646116060636,-0.25053585489323893,0.047312558790694834,-0.3526674161586816
2012-04-20,20,0.027405170276020074,0.6173917729751451,7.976254700433736,0.7621904377307607,-0.07302899577892476,-0.10526915261795076,-0.5465389206298398,-0.13356017974484702,0.8352194335096854,0.441269768011889
2012-04-24,17,0.06263223839358965,0.29007884706721,9.176112686374694,-0.21695215758242345,-0.4492571260354702,-0.4261459016631867,-0.4231793261376918,0.38603840603672435,0.23230496845304674,-0.0029665755254948967
2012-04-25,14,0.08489354436951374,0.22991658532993542,10.47932461865692,-0.07482889521393424,-0.1506913559611505,0.05313411143283436,-1.1825194405774242,-0.022113662026710057,0.07586246074721625,1.2356535520102585
2012-04-26,17,0.058783117184578376,0.3781289324864444,9.9550108878959,-0.442609690420756,0.18092789663599587,-0.4909790963369232,-0.1994627728590813,-0.046502321294901915,-0.6235375870567519,-0.29151632347784195
2012-04-27,15,-0.02073568573391084,0.7967732178728572,9.47388230261446,0.7956027072801712,0.4596588164492466,0.6027476385105153,-0.05394181599261088,-0.1819967742299969,0.33594389083092463,0.6566894545031261
2012-04-30,13,0.05366547136884971,0.4252619651476226,15.30576866502798,0.34917068036174626,-0.21215026837301085,-0.09024794721401072,-0.9474291803342626,0.5053544599694479,0.5613209487347571,0.8571812331202519
2012-05-02,17,-0.010268185688496786,0.32695084605684976,8.738478302474581,0.42319692867485137,-0.062273003627590605,0.5553605764931268,0.4924146375313958,-0.05958082566289277,0.48546993230244195,0.06294593896173095
2012-05-03,17,0.05391082063050075,0.3144543290486128,8.163478954542617,-0.6527024090320515,0.30609411145526705,-0.21755199498467098,-0.36269208790433527,0.09388447902876616,-0.9587965204873186,0.1451400929196643
2012-05-04,15,0.05553325115939845,0.43973721755872797,13.83143544763938,-0.3697565215756641,0.5754227696719354,-0.31839530776862723,-0.3440848772757454,-0.20918359783385232,-0.9451792912475995,0.02568956950711815
2012-05-07,19,0.019812006394302226,0.04575349775499882,12.783093069092393,-0.06533508444973164,0.1478571549991503,-0.23912489834490763,0.3408275890112377,0.06291899580076646,-0.21319223944888194,-0.5799524873561454
2012-05-08,17,0.062427248410948065,0.21605029207637672,8.638627590740564,-0.345223927928628,-0.49198045796074263,-0.13536777333737277,-0.3686106822185817,0.21865639547309074,0.14675653003211464,0.2332429088812089
2012-05-09,15,0.03551399503440491,0.22445432963203804,10.136501511931222,0.01721492769825066,-0.0396745583733881,0.027724500853895606,0.5368572310066415,-0.6075419522175475,0.056889486071638753,-0.509132730152746
2012-05-10,10,-0.10967353772590206,0.8365119630919666,18.766510299017057,0.796620403729564,0.8775134009343416,0.7114436903747058,1.6121592635748796,-0.804266004095449,-0.0808929972047776,-0.9007155732001738
2012-05-11,11,0.06608788779041352,0.3117891583226341,15.287886150978201,0.10810763248956447,0.20486051656036913,1.1294766305457191,-1.496486786410613,-0.3998915245741375,-0.09675288407080467,2.625963416956332
2012-05-15,16,0.06366326191540868,0.22787579374123534,10.41114314710094,-0.7996050383522418,0.4753094874956714,-0.8461520431698867,0.2811043305201613,-0.14788111778678084,-1.2749145258479133,-1.127256373690048
2012-05-16,18,0.02309355484936924,0.32649504903187687,8.169386604462499,0.05569195120562626,-0.3747835773710506,-0.05955092675374457,0.10887102424787458,0.4384035540940006,0.43047552857667687,-0.16842195100161916
2012-05-17,13,0.1039239293801044,0.4712977730638396,10.027363579239617,-0.3605258249059042,-0.16023491457144026,0.3698031966279114,-0.6504786314748573,-0.9005859895584225,-0.20029091033446392,1.0202818281027688
2012-05-18,16,0.03447835767059177,0.17379933272026837,9.72238314207168,-0.0031961252208871855,-0.16769904881706635,0.15927820253157096,0.2657667819866831,-0.3574572559392377,0.16450292359617916,-0.10648857945511211
2012-05-23,19,0.02225628753021152,0.03353105438272985,11.714988065135268,0.04775654789340156,0.014522161171612275,-0.10478090686286876,0.07746542731608583,0.11929784433372899,0.033234386721789286,-0.18224633417895458
2012-05-24,14,0.02773596817035285,0.3877842128269334,10.460933839444104,0.49166602417791705,0.14672959375745367,0.34755020996976826,-0.3561451149575096,-0.4064078217175092,0.3449364304204634,0.7036953249272779
2012-05-25,13,0.05674952158423488,0.5449813299401876,12.123943540114333,-0.015716911484162186,-0.06106482582960337,0.13823482702460044,-0.7818996532564383,0.24495900235549575,0.04534791434544118,0.9201344802810387
2012-05-29,13,-0.014523608124310694,0.35574581940588823,12.017896505393269,0.5357862008496141,-0.054508926428899686,0.4347673873655415,0.054161293914575574,0.40740785553124687,0.5902951272785139,0.3806060934509659
2012-05-30,11,0.06514620750038164,0.44350115063739026,15.904260055419387,-0.7712785099992366,0.4117034574297513,-0.34836398397372953,0.5151989108622844,-0.24047643932746715,-1.1829819674289879,-0.8635628948360139
2012-06-01,11,0.03906784280397116,0.826319445802076,7.979752474415671,-0.9378872977672501,0.7017815778141957,-0.19815140270492215,0.9444429622972959,-0.36967838132668607,-1.639668875581446,-1.1425943650022181
2012-06-05,10,-0.002537739528469981,0.7875818754014228,11.571029020167664,-0.5615445367034394,0.32357662486810407,0.15149533760295494,0.8345920478037601,0.3026353169980197,-0.8851211615715435,-0.6830967102008051
2012-06-06,12,0.10528358456068397,0.28434450601221883,10.815661058624766,-0.028861739144732963,-0.06285011403665945,-0.41668033019818296,-0.5402732656207039,-0.4781405804561364,0.03398837489192649,0.12359293542252092
2012-06-07,12,-0.07135881259270095,0.6197258814009738,11.439034188343454,0.33584365664626387,0.5879535816499196,0.6618514417820858,0.7965776389730316,0.330385183173523,-0.25210992500365575,-0.1347261971909458
2012-06-11,10,0.17736570295781667,0.23598421362790722,16.76171883473801,-0.6491227242572841,-0.5180259097611009,-0.14066019834768492,-1.2959273768978377,0.05642215010757315,-0.13109681449618327,1.1552671785501527
2012-06-12,15,0.06318472747218234,0.07482649118048434,11.942190814984377,-0.07249344710418884,-0.28659716392591766,-0.11476889071233935,-0.29835117204393025,-0.12333115037909294,0.21410371682172882,0.18358228133159088
2012-06-13,10,0.0461650149896572,0.17174253651629678,10.051067430744062,0.29928338016556993,0.02134880715100379,0.045521307415954566,-0.055608641677035865,-0.23384515284863694,0.27793457301456614,0.10112994909299043
2012-06-15,11,0.12890773634025912,0.4931672986298402,15.26724701498596,-0.19939086835988476,-0.2780666673705225,-0.6028450963384124,-0.19364073680367558,-0.5620268306132085,0.07867579901063773,-0.4092043595347369
2012-06-19,14,0.0776152218652826,0.20939858207086948,10.133182900749732,-0.5801552423546094,-0.07093182667514773,-0.5438968343967042,0.052232423334092615,-0.030474732135543397,-0.5092234156794616,-0.5961292577307968
2012-06-20,12,0.044184475036599724,0.701037085312466,9.278979889425484,-0.3436962612594407,0.04873368453772643,0.30117039490998865,-0.627958051880955,0.5613228328142859,-0.3924299457971671,0.9291284467909436
2012-06-21,12,0.06803626028764319,0.5066143357761296,12.4485284915905,-0.3525345563473839,0.6781494338860952,0.22254434836134415,-0.5790452084120705,-0.601984264391421,-1.030683990233479,0.8015895567734147
2012-06-29,11,-0.024934094701111003,0.47071732610306805,10.743250687535419,0.4290133781265891,0.48988534873758227,0.9827765266070814,-0.7532119881441333,0.40008681809732194,-0.0608719706109932,1.7359885147512146
2012-07-03,10,0.17134935048624567,0.6794543489090612,9.580861088152473,-0.7545764187738341,-0.7545812529255681,-0.5552678056804563,-0.002869444790823993,-0.3596920875542311,4.834151734023351e-06,-0.5523983608896323
2012-07-05,10,0.020818148190596242,0.5792221590530262,18.42322619955768,0.5545514234495259,-0.742677109710457,0.6710944468082114,-0.03925913001089549,0.13992740565169026,1.2972285331599829,0.7103535768191069
2012-07-10,12,0.12728232483062668,0.6434521009424126,22.83635926534407,-0.5807876817786949,-0.06761207073500919,-0.7782120464328255,0.27938962365145964,-0.9075536206399716,-0.5131756110436857,-1.0576016700842852
2012-07-13,12,0.002942261867067347,0.3198871248662295,12.233329397922393,0.07206356437769261,0.1933114616290155,-0.008483721815154655,1.0028206101607406,-0.33032619916191064,-0.12124789725132289,-1.0113043319758952
2012-07-17,14,0.1377120316133771,0.9288994648889906,9.646441523724159,0.15706480131573747,-1.136933514543861,-0.7330215568685227,-1.439844934010486,0.29679831893257347,1.2939983158595985,0.7068233771419633
2012-07-20,18,0.06176859512478564,0.32993029157836595,15.468800719303568,-0.9684343760780045,0.47825429538581504,-0.829396560599802,0.4547913287217879,-0.3588841119220817,-1.4466886714638196,-1.28418788932159
2012-07-23,10,-0.06804383016188113,0.8613565804882413,15.249561979658337,1.1820868778705478,0.024773726418448012,0.4383402469696096,-0.00019257420797440274,0.7158683261869917,1.1573131514520998,0.438532821177584
2012-07-24,15,-0.015464286168919985,0.7671896485706861,10.55768016649249,-0.1300594294708317,0.6229575668032754,-0.758114587605738,1.1635625006569421,0.56558253468395,-0.7530169962741071,-1.9216770882626801
2012-07-25,19,0.0019115317808117548,0.13697868135600433,11.76777126567567,0.2127049570871001,0.26067035259587723,0.35707923613291004,0.2507191063467481,-0.15381185983352277,-0.047965395508777126,0.10636012978616194
2012-07-26,15,0.08561833484714061,0.34557154774293297,12.221094282653771,-0.6613264632359802,0.08786312165055661,-0.8574300910942805,-0.14264469946772135,0.004988086733207281,-0.7491895848865369,-0.7147853916265592
2012-07-27,21,0.0020558645834362578,0.15512987654298838,9.98647436150449,0.1340573950128806,0.02264776890692471,0.07341826430243474,0.39955867717360966,0.283971582099829,0.1114096261059559,-0.3261404128711749
2012-07-30,16,0.04889848060486551,0.3234202103444672,12.637440573346364,-0.9110232167482274,0.7904294867466022,-1.1437310267450593,0.8218301847099455,-0.1222568073189574,-1.7014527034948297,-1.9655612114550047
2012-07-31,27,0.0384492032612483,0.1396102888479842,10.62856237405377,0.06664674103659483,-0.22134550605469586,-0.34099463188338486,-0.6022404309026784,0.021676851696753652,0.2879922470912907,0.26124579901929357
2012-08-01,12,0.10434221947123669,0.4951486099406086,10.620829676213232,0.08868969945255112,-0.6567088460063224,-0.5266978965624184,-0.35477719397622287,-0.05471903021726799,0.7453985454588735,-0.17192070258619552
2012-08-02,19,0.056996979929724745,0.2291472025991168,10.753249126620977,-0.48405527296642553,-0.13683659996979594,-0.9010810014441356,0.1408021392299783,0.21528549782083967,-0.34721867299662956,-1.041883140674114
2012-08-03,19,0.028017034176399735,0.1324084293292711,9.577059280926182,-0.18735118048038124,0.21281905390714528,0.25254164405865304,-0.04621326819087293,-0.2964435479977338,-0.4001702343875265,0.298754912249526
2012-08-06,12,-0.032734491654763054,0.351401756417941,11.718160846087756,0.8850806943466595,-0.34947317115913495,1.173891377409433,0.032633840972210046,0.043495058145142415,1.2345538655057944,1.141257536437223
2012-08-07,23,0.037324411882593216,0.3128753651248056,9.138984799923936,-0.04156056413857086,0.007214875832325039,-0.15307348749636107,0.020718774772828102,-0.5502225455695107,-0.048775439970895895,-0.17379226226918917
2012-08-08,13,0.0686447553998275,0.764865979032973,8.736673075186511,-0.9326583108501433,0.7614822169518732,-1.075040594697558,0.3346146560883169,0.1268383921119982,-1.6941405278020165,-1.409655250785875
2012-08-09,12,-0.03964323252445541,0.40746717438094926,8.71289350386799,0.07216622489168809,0.5755540577782728,-0.007897320943869494,1.3806169851657817,-0.06900236630494368,-0.5033878328865847,-1.3885143061096512
2012-08-13,14,0.03194425741435361,0.2825128940526236,8.96371808078511,-0.6546045000441986,0.4829859629909589,-0.6535501618437474,0.5927225135148804,0.3380069777802047,-1.1375904630351574,-1.2462726753586277
2012-08-14,16,0.05635668078291725,0.37723614716081444,11.387436456565855,-0.29990153203403097,0.15622508678213198,-0.015182913610485708,-0.9251876797635107,0.28063325357254465,-0.45612661881616295,0.910004766153025
2012-08-15,15,0.022509986726106712,0.09928454741440729,11.81098073253725,0.1953232500959432,-0.03795215206706366,0.3623542445906302,-0.31677660678909436,0.12175166238638385,0.23327540216300685,0.6791308513797245
2012-08-16,15,0.11267022408579323,0.5012300448018955,12.668891327113407,-0.6104766359365132,-0.5670792906039909,-0.4335319120980669,-1.2176104222970905,0.44859153836186433,-0.043397345332522375,0.7840785101990235
2012-08-17,10,0.012988659828665912,0.38904475300968044,18.770776627051283,-0.2502011241725433,0.7024106826376518,0.2815119347474058,-0.03431985852236581,0.040825168736533426,-0.9526118068101952,0.3158317932697716
2012-08-21,10,0.04107548732766817,0.2074267239246027,10.757559218964525,-0.19249325222098507,0.3526487638891284,0.2889269043385528,-0.1956165282209391,-0.07497563433912034,-0.5451420161101135,0.4845434325594919
2012-08-23,14,0.06468797478771832,0.42651453204937595,9.086362671493971,-0.009709720882967067,-0.6562757487444423,-0.6804125183440908,-0.10703951960119734,0.6421742135165842,0.6465660278614752,-0.5733729987428935
2012-08-24,12,-0.006838670751989911,0.15250902542014277,12.458079827936702,0.0504474252874145,0.38865146059504263,0.30435797608150966,0.4279499281332163,-0.007278692049426763,-0.3382040353076281,-0.12359195205170664
2012-08-27,14,0.05351403725452112,0.41552361525503145,12.361546342950609,0.06234571770098425,-0.6651989656980555,0.10935440781541796,-0.5491669736806812,0.5442727707357432,0.7275446833990398,0.6585213814960992
2012-08-29,10,0.06195962754919567,0.34870321804115534,9.550415805489163,-0.6182488732485666,-0.016936236425943503,0.06700420743698318,-0.026518581700089895,0.3555069329537024,-0.601312636822623,0.09352278913707307
2012-08-30,10,-0.009620742713788629,0.6729260220008932,14.16594374503084,0.7404073873509569,0.2528266293500186,0.57208071413872,-0.6291880113090572,0.2562881347451343,0.4875807580009383,1.2012687254477772
2012-09-04,13,-0.0229165464201278,0.8187742410108133,11.077746765412874,-0.008914579417590903,0.9066123634593068,-1.042577904822622,1.452630500024252,0.288079827679975,-0.9155269428768977,-2.495208404846874
2012-09-05,10,-0.016976267501620776,0.7412236832212362,9.420795050156189,0.02064041674046159,-0.5975248723277381,0.8442804613912261,0.432307297345164,0.6398220468833017,0.6181652890681997,0.41197316404606216
2012-09-06,12,0.1845637248567508,0.7832691715329703,10.92250304060611,-1.244739035747893,-0.3646962191757746,-1.7886594945054957,-0.14134850475094668,0.10991385761809187,-0.8800428165721184,-1.647310989754549
2012-09-07,12,0.0533954873303987,0.39151727095897426,11.927129592110944,0.03868257330576889,-0.6819900997272974,-0.012638946814922754,-0.06998416276599256,0.4444389400728765,0.7206726730330663,0.05734521595106981
2012-09-10,12,0.0280974607672391,0.15959134664420693,10.82604131931577,0.37621919161666856,-0.1438384876164607,0.6178337660876531,-0.24449953891437176,-0.2800539895872273,0.5200576792331293,0.8623333050020248
2012-09-11,16,0.026114484678102977,0.43094791358256856,9.516753515467554,0.04369860509350771,-0.11996432587610201,-0.33171903701399136,0.6682698531095159,-0.09594860501222495,0.1636629309696097,-0.9999888901235072
2012-09-13,14,0.12612062946198085,0.35282942892698177,114.81823443779548,-0.7545065864295,-0.5508446202858243,-6.583983903975457,5.283120556035775,0.07483692971954277,-0.2036619661436757,-11.867104460011232
2012-09-17,10,0.17174682410081482,0.8912320597634851,12.639714701917454,-0.17884800876507503,-0.6754302973072122,-1.823055454208836,-0.8462233447074242,1.0886206229722502,0.49658228854213715,-0.9768321095014117
2012-09-18,12,-0.06236581570643978,0.7324043020822172,12.524815859564502,0.43907021259192647,0.3122653985625285,0.3085375875289996,1.8119976211713529,-0.3750912429002532,0.12680481402939797,-1.5034600336423534
2012-09-19,13,0.04458105264331257,0.318021853767148,21.924947895989863,-0.5406727435698953,0.49849605695365456,-0.9954385805254313,0.8525591259704768,0.025948772445069518,-1.0391688005235498,-1.847997706495908
2012-09-20,11,0.12820173970608034,0.4283063956367785,11.39859208181728,0.04939577757550229,-0.44961077071474215,-0.00022725111371569074,-1.2774433508670742,-0.14255267841373837,0.49900654829024443,1.2772160997533584
2012-09-21,13,0.0819923250664733,0.5610357098126764,9.14045804923677,-0.48165865692022486,0.3643442729064009,-0.7450776578780491,-0.2606715745215707,-0.008736835314859118,-0.8460029298266258,-0.48440608335647845
2012-09-24,12,0.11175538696875885,0.4030601092084044,17.961247399717067,-0.26133397852399304,-1.023883763809283,0.1873883668670003,-1.02584392562802,0.4415440138440832,0.76254978528529,1.2132322924950203
2012-09-25,14,0.010464549482194245,0.669855752130687,9.164611165521363,-0.1564700249988341,0.49032525848965025,0.35765703675834903,-0.5370773332849809,0.5525576775343768,-0.6467952834884844,0.8947343700433299
2012-09-26,11,-0.11600072217509798,0.7060048394138648,13.309000731557452,0.24707412203598983,1.2510967492853347,0.5094715058614401,1.7655518241454966,-0.2211783134761071,-1.0040226272493449,-1.2560803182840565
2012-09-27,15,0.07931596993335421,0.23594422881601362,11.042161765676678,-0.44605825693533135,-0.41213195679883474,-0.2703756876644438,-0.4922178048669423,0.24130460826492495,-0.03392630013649661,0.22184211720249847
2012-09-28,15,0.06020624186057784,0.20917292292451173,12.46055191321293,0.1277055293132645,-0.37486254957695564,-0.2743560939878613,-0.644203259910889,0.35952911834510703,0.5025680788902201,0.3698471659230277
2012-10-01,15,0.035224020771757535,0.05799158488359801,9.981730599029925,0.134506874398229,-0.0380821768359042,0.11067925577872867,-0.02097431899672294,-0.24285025749705738,0.1725890512341332,0.13165357477545162
2012-10-02,18,-0.016419812243835468,0.6693998594960806,12.695891669428455,0.3651164046874885,-0.023511916761335586,1.1040757295670394,0.25067882011496634,-0.10524579683008423,0.3886283214488241,0.853396909452073
2012-10-03,10,0.1370249617500096,0.37743944558495035,28.36212737696322,-0.5641377290157661,-0.3715381337878131,-0.9744645001355703,-0.4699919142425516,0.6396330421815077,-0.192599595227953,-0.5044725858930187
2012-10-04,15,0.13892833927557982,0.6767618823009376,10.952278256423325,-1.1937830609832178,-0.6848474452597464,-0.5103826960496622,-0.8877782446022825,0.10894126862751305,-0.5089356157234715,0.37739554855262025
2012-10-05,21,0.023224913867281854,0.14319544284225327,10.55314271622328,-0.416093413713821,0.010537624740178927,-0.3887722089773825,0.4724794048561593,0.34640221066902627,-0.42663103845399997,-0.8612516138335418
2012-10-09,13,0.0037572404348154313,0.3641194991101756,13.70309094993024,0.56889960411958,-0.6731071935595913,0.4841432827659282,1.0991674745315534,-0.5767914191626718,1.242006797679171,-0.6150241917656252
2012-10-10,17,0.04504330424671048,0.5853608275041209,12.603754168547034,-0.4965335391838525,-0.3440977805916744,0.22557882375282684,0.3826855126567683,-0.2991053610222248,-0.15243575859217812,-0.15710668890394147
2012-10-11,14,0.09202100508491388,0.7672540181798918,9.140364294187842,-0.6449629724126286,0.2704468028835781,-0.5210146818155589,-0.7543838342492116,0.07332654321623326,-0.9154097752962067,0.23336915243365275
2012-10-12,14,0.0295657838589658,0.2945067654983472,11.423736321286233,0.22702328385939521,-0.49540165188603696,-0.6545320828992772,0.8609335436430786,0.23413495923179797,0.7224249357454322,-1.5154656265423558
2012-10-15,15,0.002816676071321974,0.101456056501676,11.307137444743182,0.5610087482739882,-0.1589243688489601,0.5810535897419408,-0.060747679354063874,-0.0068905719525637855,0.7199331171229483,0.6418012690960047
2012-10-16,15,0.023067578932853012,0.4939062752506167,11.294217459915165,0.05981759928022812,0.6285037876055193,0.32826295098861175,-0.45068271874238497,-0.2579289871175648,-0.5686861883252912,0.7789456697309967
2012-10-17,22,0.023632474091056576,0.19333761272320182,8.470463666859052,-0.11859690241359387,0.1928111206455043,-0.03854841304260884,-0.288314693731376,0.21282002853559112,-0.31140802305909815,0.2497662806887672
2012-10-18,22,0.008326092504963157,0.29999693251834136,9.90315189976531,0.16318813747871969,-0.3548230636919599,0.4319962104000119,0.06357121558163159,0.3297194300132189,0.5180112011706796,0.3684249948183803
2012-10-19,17,0.05455763207394168,0.09026642973314514,8.568247861087903,0.018488321279388608,-0.3246257234201462,0.0849716567110824,-0.5613455788651162,-0.07244816621922542,0.34311404469953477,0.6463172355761986
2012-10-22,18,0.06287522778367845,0.16038216221690604,9.818007601635715,-0.09232554324328378,-0.3440498374710083,-0.4148033399681694,-0.4423520327495247,0.03002255321956277,0.2517242942277245,0.0275486927813553
2012-10-23,20,0.09962513375016621,0.4332529636232433,9.029130542002138,-0.2901598207597237,-0.9618393981814216,-0.6373747233892935,-1.0677906159029467,-0.0278407917732618,0.6716795774216979,0.4304158925136532
2012-10-24,19,0.014249296900425139,0.19541365136722944,12.713241076525605,-0.39317560161189335,0.8398819224723656,-0.7334014248164991,0.7789607787080712,-0.03373895696820019,-1.233057524084259,-1.5123622035245703
2012-10-25,22,0.0453568037775725,0.255712434681323,10.180353494649626,0.4652975381763222,-0.7614806072729599,0.3333943737637457,-0.9411863835139663,-0.09172428736633297,1.226778145449282,1.274580757277712
2012-10-26,18,0.007061428144329131,0.1984467006853542,11.413265273177215,0.21778416633689665,0.1642096202591094,-0.14153582653236893,0.038743390710008756,0.4665872360305052,0.05357454607778725,-0.1802792172423777
2012-10-31,28,0.02640520130540834,0.13649263658099475,8.326474639958889,0.09406895244332857,-0.08907014396352157,0.27458786503310184,-0.45334679757791235,-0.3049311490378642,0.18313909640685014,0.7279346626110141
2012-11-02,18,0.05259408013899076,0.22275496252199067,8.143137535993489,-0.34095847046246014,0.02488529542221587,-0.5504851187066679,-0.18564464135235453,0.15881605009559832,-0.365843765884676,-0.3648404773543134
2012-11-05,17,0.02635367854506593,0.6984186905374531,11.316343318721128,0.11063334610098095,0.03285457167443426,0.40161390638547584,0.49320902958823837,-0.9343359242813697,0.0777787744265467,-0.09159512320276253
2012-11-06,18,-0.006745825182136468,0.1259424435001606,11.28400801273974,0.25717583330552657,0.3064517711929105,0.28462839899061443,0.6387515633355886,-0.244157860267729,-0.049275937887383936,-0.35412316434497415
2012-11-07,10,0.14182523857409401,0.3088215688647683,14.49360603227515,-0.2507305262983425,-0.5070937084207844,-0.48650060954485846,-0.6658343485691562,0.07365442135126025,0.25636318212244186,0.17933373902429778
2012-11-08,20,0.020734474307819075,0.18032267095723586,13.88004291100588,-0.3761194560382697,0.21678132421718543,-0.9641975265215538,1.0563925046021436,0.237764181427731,-0.5929007802554551,-2.0205900311236973
2012-11-09,13,0.040679634322347856,0.23041343371476142,11.204471673602324,0.14363941895232532,0.049273493789401,0.45826581636143515,-0.35198177856895746,-0.356867442915248,0.09436592516292433,0.8102475949303927
2012-11-12,11,0.08911669996892013,0.2671896212168935,18.85720778322648,-0.4861218344162421,-0.06566103954054377,-0.0613171177072051,0.11514830251554012,-0.46261571016779207,-0.4204607948756984,-0.17646542022274522
2012-11-13,13,0.11953789159445001,0.3160714997978544,12.467191899049515,-0.6448569232879493,-0.06335550923546765,-0.7194020345723144,-0.7697232747655114,0.0893525604055461,-0.5815014140524817,0.05032124019319695
2012-11-15,14,-0.012669261648305166,0.23456947987625676,8.810988583550285,0.1584175019153357,0.3737706685394983,0.2597001950475931,0.2502750431244006,0.3125759175257161,-0.2153531666241626,0.009425151923192543
2012-11-16,16,0.042070983818487735,0.5097119944672756,9.039885957310688,0.5966971042037927,-0.8804673158705605,0.4425871256409606,-0.37477898866870313,-0.13030940749709696,1.4771644200743532,0.8173661143096638
2012-11-19,13,0.04874321019539479,0.5047943052111172,11.212625948842472,-0.29521222751270576,-0.024659645256127686,-0.6676061560508564,1.0675868869354181,-0.34743232319599104,-0.2705525822565781,-1.7351930429862745
2012-11-20,18,0.08167257657219623,0.5628768046710904,11.072503189448637,0.33424513020220564,-0.7614242753101097,-0.07859648576467247,-1.2796749125944489,-0.1547622131320405,1.0956694055123153,1.2010784268297765
2012-11-21,12,-0.03136988489254778,0.4424782321702413,13.69478756969941,0.5496777894615616,0.28372699078903607,0.40620598151260673,-0.003944479080949628,0.5172109547388929,0.2659507986725256,0.41015046059355637
2012-11-23,17,0.025475983311972563,0.29085318822811024,13.834826646244181,0.07199465875178637,0.1022687430974017,0.7382332234872374,-0.6540138987311056,-0.12466615921238598,-0.03027408434561532,1.392247122218343
2012-11-27,21,0.020517471199300273,0.03847811501402909,11.362276176196849,-0.13417885214648367,0.12159994884162423,0.02582290771534256,0.03248734300921514,0.0925348622096909,-0.2557788009881079,-0.006664435293872579
2012-11-28,20,0.0065014934825529174,0.2212878720603293,8.946620080414986,0.06839587793517816,0.4304155737898081,0.28344993152444364,0.29244067566126636,-0.3347617982128127,-0.36201969585462995,-0.008990744136822715
2012-11-29,15,0.01581125580844289,0.7121509119300866,15.44739234996758,1.2496775348016462,-0.611109766680132,1.32347261685952,-1.0801723719514214,-0.356205687282897,1.8607873014817782,2.4036449888109415
2012-12-03,21,0.009621019815902597,0.3326981856952336,10.734042616313145,-0.5213268967955217,0.5993369139945552,-0.3779398200842546,0.8500325558397872,0.045814414777525646,-1.1206638107900768,-1.2279723759240417
2012-12-04,16,0.040572916461991945,0.42967138432860297,10.259623185133105,0.3977630369553879,0.03777016229050205,-0.29980146253432316,-0.29305416055879435,-0.14101090293651536,0.35999287466488583,-0.006747301975528808
2012-12-05,21,0.007479590627320676,0.08863280456499079,9.842351518263076,0.32527254527765215,-0.02215247753076357,0.581680007119977,-0.08820595898038767,-0.11073692223394585,0.3474250228084157,0.6698859661003647
2012-12-06,15,0.01829833615662088,0.1805749454345752,10.43969080592026,-0.18437730481478046,0.44442517615349225,-0.3824465255221969,0.750322550631379,-0.17687398114652209,-0.6288024809682727,-1.1327690761535758
2012-12-10,15,0.06297937534867222,0.38257581744488023,8.594008809596525,-0.0029100618014718514,0.03625055993464595,0.6570431869488768,-0.6268203626768316,-0.9529445828653867,-0.039160621736117805,1.2838635496257083
2012-12-12,29,0.026206544167547172,0.17398745931862214,12.018254458160628,-0.30032567331049514,0.13455022942664102,0.054872848366369825,-0.3918586587602303,-0.017218307440021913,-0.43487590273713617,0.44673150712660015
2012-12-13,17,-0.01850759519403913,0.5337729833699969,10.122213189432246,0.1985600019507086,0.8457769922522929,-0.3859234979651249,1.0526008664127702,-0.08175612605331634,-0.6472169903015843,-1.438524364377895
2012-12-14,15,-0.031224479468122904,0.3907244813659909,11.228819003051791,0.6395987234017725,0.5048012581993441,0.8115980880759499,0.19349605359699404,-0.2127597392303727,0.1347974652024284,0.6181020344789558
2012-12-17,15,0.07229469821920424,0.5667684873299478,10.325762571956556,-0.42109007267142257,0.32384008628721567,-0.33438848550505734,-0.2634852450421133,-0.473717229644749,-0.7449301589586382,-0.07090324046294405
2012-12-19,20,0.01459471701177971,0.1099901461388777,12.19066568066912,0.08799071633526108,0.10327688432616705,0.5503398549679919,-0.27032017305942274,-0.055075963041186386,-0.015286167990905972,0.8206600280274146
2012-12-20,23,0.03978654603214355,0.2617913079577374,11.581580450692178,0.07624790599485136,-0.25074195765944507,0.5355278590865802,-0.8118790043188776,-0.37933592058171134,0.32698986365429644,1.3474068634054577
2012-12-21,19,0.025990150061992654,0.09353189215417157,9.407561110602082,0.07475532843776543,0.07845879993289252,0.24007267502597834,-0.11724537039556045,-0.26366713535679687,-0.003703471495127092,0.3573180454215388
2012-12-24,19,0.005264450117275704,0.37600914792157725,10.434723432248443,0.12667773401263197,0.46408876652226927,-0.0377361720085615,0.8859409590356492,-0.639020392018466,-0.33741103250963733,-0.9236771310442107
2012-12-26,21,0.04796895429860693,0.3440526038985966,12.191807425302024,-0.5560908286680071,-0.06623770037148484,-0.7521486825225632,0.6728226773668795,-0.31304154634631887,-0.4898531282965222,-1.4249713598894427
2012-12-27,13,0.05946567706649063,0.530950335995427,15.499002508640007,0.22234398771534025,-0.223902743401486,1.5933737106459447,-1.1505902125515997,-0.9873323461369564,0.4462467311168262,2.743963923197544
2012-12-31,10,0.03647118534935509,0.31586025583974076,11.533812814490046,0.395182482189247,-0.3624834077591261,-0.3724592272834864,0.053307911040619514,0.5570285348256444,0.757665889948373,-0.4257671383241059
2013-01-04,13,0.07069232524308275,0.1503659539643124,15.632764548965616,-0.3888265923872502,0.17170329694980818,-0.78644125506151,0.3914004778717754,-0.22583638369297404,-0.5605298893370584,-1.1778417329332853
2013-01-07,15,0.019027146146760397,0.4931618255819591,12.813577277767578,0.5405251777999082,-0.46057362829808784,0.13692023080619856,0.8347226551309593,-0.622408819841789,1.001098806097996,-0.6978024243247608
2013-01-09,13,-0.034322404547125984,0.3269626269636676,9.072818340273205,0.6855741176393779,0.2132080261445687,0.4729229925836315,0.7718324331679342,-0.2511550513102389,0.47236609149480924,-0.29890944058430263
2013-01-10,21,0.028705968933993256,0.19908801129835663,10.003437141851816,-0.44037491704318693,0.19758758332158727,-0.6222464227565352,0.47750304948037836,0.18188001177003768,-0.6379625003647742,-1.0997494722369137
2013-01-11,17,0.030497602104114875,0.11945167892042119,10.281947398832976,-0.07514883894926894,-0.1899744232231507,-0.17337141421178434,0.08141094072135276,0.32016526412294466,0.11482558427388176,-0.2547823549331371
2013-01-14,16,0.031292697189955886,0.6425738845757021,9.973279320401465,-0.36490602938775085,0.33688422322211703,0.25722148203410283,0.33339814436192133,-0.5639641303089765,-0.7017902526098678,-0.0761766623278185
2013-01-15,21,0.04516818400045519,0.2966260101683913,9.6585937245609,-0.10471143402407185,0.1402404272530523,-0.23099470205489375,-0.976057976512009,0.27445995731880185,-0.24495186127712415,0.7450632744571153
2013-01-16,15,0.0027125831954705605,0.35622648652468925,8.796554784462419,0.39310940693482327,0.27016593702822056,-0.1728198216798017,0.3619417359758406,0.06622524587679977,0.12294346990660271,-0.5347615576556424
2013-01-17,10,-0.0752369736279319,0.7405594685850614,11.794902656362208,0.29936053154277514,0.8222819075073394,1.7694885541356873,-0.4830409027789989,0.09664938215183397,-0.5229213759645643,2.252529456914686
2013-01-18,13,-0.017999848220762296,0.45849606390698006,12.364781523680664,0.5556913893966378,0.3211782454474796,1.7567526049060835,-0.5796106140688346,-0.5860155719415481,0.23451314394915818,2.336363218974918
2013-01-22,18,0.07221424382834016,0.6823555648794308,9.065241328706199,-0.20027637799591758,-0.356233115347999,0.7642063620810036,-1.0396940856612498,-0.7677155608960905,0.15595673735208143,1.8039004477422533
2013-01-23,17,-0.03127476118811969,0.5225272326009465,8.8645224648342,0.267353718659606,0.8564893881419878,0.3929206374999933,0.9205790354804437,-0.3740008993859625,-0.5891356694823818,-0.5276583979804504
2013-01-24,18,0.058262698032292295,0.36252794839401126,11.36697918774578,-0.2290254550204076,0.27374202198481506,0.09946188104743299,-0.9281855469240866,-0.3134500302502755,-0.5027674770052226,1.0276474279715195
2013-01-25,15,0.028727462645047656,0.3866537920382742,8.727609177917252,0.6685710008125209,0.022387392955337745,0.08737210609247613,-0.4070891873045253,-0.23306519190723823,0.6461836078571831,0.49446129339700146
2013-01-28,21,0.024792834552122434,0.06155395881671499,8.210661138994626,0.2597235170600521,-0.21118733949884128,0.18365538279959703,-0.13868537884327947,-0.13480523270667163,0.47091085655889336,0.3223407616428765
2013-01-29,25,-0.014628384471660885,0.44504331825610677,13.993222774072452,0.048898320345467094,-0.006238679912855633,-0.9431491928788283,2.14424881039857,0.487659965630693,0.05513700025832273,-3.087398003277398
2013-01-30,21,0.03722470087698,0.14218793136828278,8.070492847696373,-0.10856857988897564,-0.08065014664796094,0.007297666830378966,-0.03537625936205431,-0.34614011776454734,-0.0279184332410147,0.04267392619243328
2013-01-31,24,0.013338489425318182,0.12228528208292289,9.16482565674986,-0.06794696162162037,0.0767654440934871,-0.2763275187765686,0.32212023667391254,0.3051413072155183,-0.14471240571510746,-0.5984477554504811
2013-02-01,21,0.024811157609160875,0.36283636148273146,11.440509044237047,-0.6130089946781115,0.6486724304714676,-0.8803857604306022,0.37244455620556616,0.4302091488469228,-1.2616814251495791,-1.2528303166361683
2013-02-04,24,0.02125710653694098,0.20212640908372737,9.255381368739648,0.04870741832186863,-0.2504706784793973,0.5227934501861211,-0.20392961382342267,-0.13744168997833608,0.29917809680126595,0.7267230640095438
2013-02-05,18,0.06787442524256394,0.19495403580230675,10.43995709406729,-0.1620986871434341,-0.38666716198667883,0.02406644221882451,-0.49368867975854785,-0.4250912220624653,0.22456847484324474,0.5177551219773724
2013-02-06,17,0.04251532568759513,0.18076682536253574,13.185369578557331,-0.5227377373603744,-0.05610901994631252,-0.7714460349836322,0.4646696359131093,0.4401020829989756,-0.4666287174140619,-1.2361156708967416
2013-02-07,22,0.026925316690985045,0.26101378173560275,8.653084752063911,0.43455999163721376,-0.21551865978012136,0.062097128350246736,-0.5465470513296153,0.08069465671893399,0.6500786514173351,0.6086441796798621
2013-02-08,16,0.05135890021950462,0.27934132582155524,11.2664527475377,-0.30956453574190296,-0.018995358440637093,-0.4151515703305997,0.31617405605954574,-0.2159473985705544,-0.29056917730126586,-0.7313256263901454
2013-02-11,22,0.05302941612577072,0.20785497592290014,11.291379406076732,0.050895829223854404,-0.37931785621741576,0.17816897808213952,-1.0585138125413995,-0.12452744808109185,0.43021368544127014,1.2366827906235391
2013-02-12,30,0.013102932670360884,0.28778924081493484,8.572785333635217,0.429242945125638,-0.46806398264187526,0.739011589728455,-0.28913137128350336,-0.19723514115036725,0.8973069277675132,1.0281429610119583
2013-02-13,32,5.642337241287984e-05,0.16218147067880584,10.447503246285384,0.3050765337044134,0.1648774475320379,0.026680727155070173,0.3162817825622864,0.1834724132117671,0.1401990861723755,-0.2896010554072162
2013-02-14,10,-0.03206106873111978,0.5473497859288124,25.257759863213906,0.2959190663100145,0.08688034662069928,-2.2125722844568054,2.7610515706454946,0.7099426755029935,0.20903871968931526,-4.9736238551023
2013-02-15,19,0.039486558343243466,0.02537939313079285,9.429947455862363,0.005307619518882106,-0.20288189077392677,0.0022362231180449296,-0.3009231676937951,-0.004228001212457888,0.20818951029280888,0.30315939081184007
2013-02-19,27,0.018109341870500065,0.3196655572130407,9.507037179182548,0.415552910239254,0.11273134527605627,0.1613708693019161,-0.3694164047840465,-0.2981431810401859,0.30282156496319773,0.5307872740859626
2013-02-20,21,0.013280370344600976,0.14245173018962975,8.790679965621322,0.04936478923239673,0.3857280985844661,-0.24101862802062304,0.14614019056379077,0.10200999516672818,-0.3363633093520694,-0.3871588185844138
2013-02-21,20,0.07807969447203562,0.3025883848032185,10.856349532278518,-0.8269519456184421,-0.11442948174501832,-0.605151758021489,-0.28423747412690853,-0.2924171193695673,-0.7125224638734238,-0.3209142838945805
2013-02-22,18,0.005460215499481607,0.18483848351484022,10.625678337499936,0.27643561504576114,0.30106700642614515,-0.17055441722240744,0.33528722126211424,0.06119681650704881,-0.024631391380384005,-0.5058416384845217
2013-02-25,29,0.013928425298604295,0.18445359342019352,9.379487428383452,-0.32185547050102603,0.372978766951856,-0.505563748330411,0.5758090508882954,0.07078273367224258,-0.694834237452882,-1.0813727992187063
2013-02-26,35,0.007237874522686313,0.13942328642961355,8.040278655209102,0.2840977314734064,0.19264025510064892,-0.07673020144035536,0.10179073253090619,-0.008449734252647034,0.09145747637275747,-0.17852093397126156
2013-02-27,23,0.04292582431726222,0.14520634388693532,11.10926034645636,-0.16160121324742127,-0.029825999099587087,-0.3238234428200361,-0.465079580770432,0.0057423173434138115,-0.1317752141478342,0.14125613795039588
2013-02-28,11,0.0943687700095265,0.651108552688356,9.525712497861857,0.6444366487545833,-0.8124760234145497,0.5450243764130043,-0.7379703425490929,-0.7151275994135262,1.456912672169133,1.2829947189620972
2013-03-01,13,0.05138614662325856,0.20024199949594357,12.390615075729633,-0.3976058653620541,0.4286719578111996,-0.6481316428996869,0.20775140436536527,0.0732743338804528,-0.8262778231732537,-0.8558830472650523
2013-03-04,20,0.039849028437194386,0.12216464004341188,10.034794024166931,-0.5120843035209534,0.09403743772792672,-0.5996514368701432,0.08675428548247832,0.3369828796929155,-0.6061217412488801,-0.6864057223526215
2013-03-05,28,-0.020521204236753247,0.48066359864724695,10.253410127926676,0.27266781264714485,0.23168501800783572,1.2663681329205076,0.17379864900200076,0.20466782468069247,0.04098279463930912,1.092569483918507
2013-03-06,24,0.015245823613452666,0.33476397693037574,12.180238196854317,-0.1856154342702519,-0.1976173584324118,0.3282776220359466,0.05564948925050469,0.26750614797048505,0.012001924162159894,0.27262813278544196
2013-03-08,16,0.03269931078312798,0.6408960479686354,11.18427930834552,-0.6287236938657518,1.045681007677021,-0.6103333791340216,0.5246366427604304,-0.3776385224977745,-1.6744047015427728,-1.134970021894452
2013-03-11,16,0.03770142213933532,0.37369315224727206,9.41613347519422,-0.04913883990577224,0.41323662923293086,-0.6978521089829144,0.5971912325552473,-0.46988242135822134,-0.4623754691387031,-1.2950433415381617
2013-03-12,34,0.0020814054886485562,0.0719244788962966,9.88017595433531,0.028083442273753364,0.20465648634631306,0.24837130243424432,0.13490206862373982,0.24245112709384894,-0.1765730440725597,0.1134692338105045
2013-03-13,26,0.030052281607925346,0.31386223994686024,10.52286743135787,-0.39671434929627325,0.026517818601133322,-1.2693881238089824,0.6408768519982085,0.43598915889379347,-0.4232321678974066,-1.9102649758071908
2013-03-14,18,0.05781540965818953,0.40952483093735104,14.416355310370804,0.3131508777658036,-0.6930945174947207,-0.38451271199095755,-0.4196438844695233,0.10274548849457492,1.0062453952605244,0.03513117247856573
2013-03-15,23,0.028448778599252614,0.5490580217742169,11.404889319841645,-0.6319115001336028,-0.09930221050874016,0.27947464678727857,0.07974517892369963,0.06335006936574568,-0.5326092896248626,0.19972946786357892
2013-03-18,19,-0.0012705392262701686,0.2218218895601035,13.666094886652962,-0.24275143716419664,0.18647541869923503,-0.3305866052775494,1.185985455693021,0.2491576586477551,-0.4292268558634317,-1.5165720609705704
2013-03-19,23,-0.016464227602221094,0.2795007050639281,8.61321005853729,0.34549856035010185,0.1535270841944826,0.11982147947267069,1.0205078839645256,0.1179994617203888,0.19197147615561924,-0.900686404491855
2013-03-20,18,0.025546914125657842,0.3017760274551493,8.681478171940979,0.2861802432108461,0.09350286274348432,-0.3013162246090175,-0.12423039956851284,0.12617460969951805,0.1926773804673618,-0.17708582504050469
2013-03-21,14,-0.030274415893281767,0.4057449774116447,10.974178015707183,-0.08612392578174814,0.11529401685110115,0.8610992359617843,1.0948167848352732,-0.1374024668545201,-0.2014179426328493,-0.23371754887348895
2013-03-22,12,0.05645853357893005,0.3961832469301618,10.616473742787646,-0.12200121993291857,-0.49813460200912807,-0.5822644930417635,0.3471782116872982,0.5002172974021918,0.3761333820762095,-0.9294427047290617
2013-03-25,18,0.010411230205746589,0.20514960492560885,14.065407922493561,-0.1436945747599161,0.15665421634384213,-0.07143625855462203,0.7693218276810928,-0.08564949811727485,-0.30034879110375823,-0.8407580862357148
2013-03-26,36,-0.002061118416357243,0.3465511927083553,9.5960307664164,-0.09139181292903917,0.7059535221969584,0.1863497305979964,0.27860301358617007,0.06888607252563701,-0.7973453351259976,-0.09225328298817367
2013-03-28,14,-0.1276816445761146,0.779485372130097,21.44085733364637,1.8562700145408049,0.18903338491706623,1.8205448825150616,1.2455352165626963,-0.5362974504044176,1.6672366296237386,0.5750096659523654
2013-04-01,27,0.03732939724154467,0.326491327492913,8.697444485755875,-0.24137264148276777,-0.31070956022572743,-0.2196733104376976,-0.6833583137959017,0.43932637489877013,0.06933691874295966,0.4636850033582041
2013-04-02,17,-0.0023564098309352276,0.3056973192968473,14.783479020194166,0.8885708888824055,-0.05021214199631716,0.796733994449187,-0.7231157441148937,0.1681409370314144,0.9387830308787227,1.5198497385640808
2013-04-03,23,0.023781846629820545,0.35313272458552913,9.28693410636833,-0.49422800041303205,-0.06187598489873585,0.2882366009987157,0.2620045753197895,-0.08810213597848475,-0.4323520155142962,0.026232025678926185
2013-04-04,15,0.03566962552229496,0.4407060795166956,13.400828900715972,-0.9947428684174737,0.427793738875193,-0.7322778038938419,0.9266436610135634,0.3024945067537094,-1.4225366072926668,-1.6589214649074053
2013-04-08,18,0.06593258633394171,0.3444249874281361,10.303112985820036,-0.9271157753303683,0.1939604327278291,-0.5803260079339769,0.009360887073009904,-0.0694526445583968,-1.1210762080581973,-0.5896868950069868
2013-04-09,16,0.09265381391138248,0.7000578701683302,10.622207817289793,-0.24949780992280773,-0.8148602282694395,-0.3060319536699398,-0.7333039877815505,0.13877193447949837,0.5653624183466317,0.4272720341116107
2013-04-10,15,0.037613308343468904,0.5356868893280904,9.590609802625707,-0.263703072979993,0.22310272252895577,0.008093529622367285,0.7427238527207078,-0.8386162821961061,-0.48680579550894876,-0.7346303230983405
2013-04-11,22,0.004190862686752025,0.21497165206373492,11.199212137691857,0.3519210048269935,-0.26507984543350877,0.4524358798621855,0.40381129430097457,-0.1274862917737336,0.6170008502605022,0.04862458556121091
2013-04-15,13,0.07722947138043205,0.426538748499697,21.191335622457014,-0.8230078460893263,-0.13103057147998648,-1.004939368451637,0.24435613470458187,0.7066553954251368,-0.6919772746093398,-1.249295503156219
2013-04-16,18,0.046538002950729275,0.1096668964167209,10.270597854830639,-0.2113314357911583,-0.07244970842141878,-0.4657947807843632,-0.1257259382742885,0.199933757044974,-0.13888172736973953,-0.34006884251007474
2013-04-17,18,0.03213448916400947,0.2734458824715189,8.44779011279473,-0.14208571974582387,0.3786276300565878,-0.008905854513669487,0.023983027689313877,-0.4084606933907501,-0.5207133498024117,-0.03288888220298336
2013-04-18,26,0.033516190074964806,0.1966896476864708,8.635836131580168,0.200929714707239,-0.09660137901719248,-0.16101067031796693,-0.5891519462004041,-0.09700760306984609,0.2975310937244315,0.4281412758824372
2013-04-19,11,0.06148252236001417,0.4025612861092287,9.96809879500023,0.3035055761599355,-0.27088608013036225,-0.6437024770714559,-0.33137323390761786,0.5898407230291879,0.5743916562902978,-0.31232924316383803
2013-04-22,21,0.008615497715848729,0.12391786413916328,10.606782952693687,0.11741242286508716,0.339140312014836,-0.1441477675164903,0.3576384111912107,-0.0318942826202917,-0.22172788914974886,-0.501786178707701
2013-04-23,18,0.07769202380889821,0.5279601393376991,7.410126901144832,-0.5052156959874494,-0.42055009847495284,-0.704133977721714,-0.3140848971573661,0.14707181222114632,-0.08466559751249658,-0.39004908056434795
2013-04-24,17,0.018836284058540636,0.15472367177280288,13.649051743067604,0.3008702738237975,-0.08953407486993184,1.1256136356409225,-0.5650380599441231,-0.41234543264104645,0.3904043486937293,1.6906516955850457
2013-04-25,20,0.020799480825341228,0.5166258021200876,8.957632453341756,-0.5493747492304715,0.7783326985749643,-1.0157606888733652,1.0488799692786,-0.09405646276337795,-1.3277074478054358,-2.064640658151965
2013-04-26,19,0.010945429041591242,0.3164263550115842,12.311837312860044,0.613029656056354,0.1551717705368244,0.4170152756833631,-0.5455757993455695,-0.055567206511439905,0.45785788551952955,0.9625910750289326
2013-04-29,27,0.024719842033469573,0.060836802696425996,8.093862415319627,0.11640956741679999,-0.16025033654950152,-0.17677631181901554,-0.10824820130024018,-0.0060061875553980544,0.2766599039663015,-0.06852811051877536
2013-04-30,20,0.06806631215089493,0.327731799588328,11.700692023307848,-0.0843136225363631,-0.16758219277573255,-0.04269731797184317,-0.9167546019587952,-0.5113047507930639,0.08326857023936945,0.874057283986952
2013-05-01,16,0.01943119435079863,0.5528611953014878,10.991885061859458,0.7921182490083657,-0.2966538900124067,0.7469437910376451,-1.1820988746843757,0.31789250542521763,1.0887721390207723,1.9290426657220208
2013-05-02,13,0.062307917295953495,0.7665039179818871,12.065225577061153,-0.45589960792642953,-0.6010118527553208,0.4859724199409541,-0.21725093752809116,0.1681841285740973,0.14511224482889123,0.7032233574690452
2013-05-03,12,-0.005944143867237915,0.3165484281060167,9.026411795308473,0.06912080183545428,0.2854497312177657,0.7339201899595127,0.4256696756339911,-0.3715009458330145,-0.2163289293823114,0.3082505143255216
2013-05-08,23,0.028911694432768427,0.13955984271466482,12.423765144727692,-0.2776918054458519,-0.008232985553390032,0.11733079333303277,-0.16219513561938612,0.0008511893782476341,-0.2694588198924619,0.2795259289524189
2013-05-09,17,0.002057277530537707,0.35540453529465255,8.92585149639144,0.45260458084404365,0.3408806689700157,0.03279715068298278,-0.03974406028137472,0.14351422374605072,0.11172391187402797,0.0725412109643575
2013-05-10,17,-0.004390616374942968,0.26941051120033765,9.913315946841653,0.1769917867715035,0.018090546043293784,1.0594247534083343,0.3951288466623856,-0.5003549761374549,0.15890124072820971,0.6642959067459486
2013-05-13,12,0.08030980227445729,0.41091951751094724,10.947068223683726,0.3838053811218152,-0.5357308186978352,-0.45139566616469884,-0.476658535891254,0.15254438504499898,0.9195361998196505,0.02526286972655517
2013-05-20,14,-0.017255034795467715,0.1704659424573629,12.735604867342682,0.23661281224377942,0.47976955755935624,0.10950653365906234,1.0100139047619685,-0.35276183395107114,-0.24315674531557682,-0.9005073711029061
2013-05-21,19,0.01196328947586942,0.18921718741689753,10.833846458885724,0.3842460983380225,0.06501141579761378,0.56683944609073,-0.04135777190727195,-0.4293441884021334,0.3192346825404087,0.608197217998002
2013-05-22,12,0.059430297153749055,0.4519837671303093,10.387844354782425,-0.4090558973005755,0.18282148803589945,0.02033812308548666,-0.5489587848703222,0.328527939359535,-0.5918773853364749,0.5692969079558089
2013-05-24,16,0.03722178036359739,0.18377636555724963,10.870542402021272,-0.11550769001209767,0.2472919868866853,0.2293369674783038,-0.03991207742656833,-0.5123061585614392,-0.36279967689878295,0.2692490449048721
2013-05-28,16,0.07206438054594383,0.20115834230502405,10.469761075862543,-0.271487668572902,-0.3371962282607685,-0.2937833470795951,-0.5788609559362052,0.1752680223792699,0.06570855968786649,0.28507760885661015
2013-05-29,30,0.024437674772957222,0.21776014287827516,12.463840532722337,0.3356639879881627,0.30969888956226255,-0.11792422542389563,-0.6907590034491606,-0.3029401350548025,0.025965098425900168,0.572834778025265
2013-05-30,22,0.004611896834359935,0.17399736426139967,9.76441614331317,-0.1986758460145612,0.30231295607162295,-0.2380965822402589,0.9583681279260043,-0.026832116454643416,-0.5009888020861841,-1.1964647101662633
2013-06-05,18,0.03735572564861843,0.18292356394490983,9.783782098261655,-0.21118754552899477,-0.09542242951103477,0.05097022876572176,0.2459848745682068,-0.33515125164416315,-0.11576511601796,-0.19501464580248504
2013-06-10,13,-0.0430751967061477,0.7167709329534986,9.000516814670487,0.8009931510499552,0.13444452074152058,0.44524216632930075,0.5740990458685586,0.16517623037050366,0.6665486303084346,-0.1288568795392579
2013-06-11,14,-0.028955336770185865,0.39143752918701424,11.451533526870785,0.24096351315246547,0.1621621339621939,0.49662448891363803,0.9352444338125634,-0.024245140275657374,0.07880137919027158,-0.43861994489892536
2013-06-13,20,0.018642861644300724,0.06347814279799324,10.743438462919029,-0.22539671924680854,0.20747048452674968,-0.2032758073279481,0.2996786593239511,0.17580891695202688,-0.43286720377355825,-0.5029544666518992
2013-06-17,15,0.018098710084042263,0.05146946731132862,9.906680248384617,0.024649201511440507,0.09232604763309414,0.24637285227149666,-0.03663501864505087,0.13032561470775092,-0.06767684612165363,0.28300787091654755
2013-06-18,16,0.04950342175420022,0.4746374690506754,8.644771615098763,-0.1672711259888277,0.3355284377223868,-0.6531899661921992,-0.4241665421311413,0.3249897004553754,-0.5027995637112145,-0.22902342406105786
2013-06-19,20,0.05710209729500713,0.26616232750335145,10.702347383936969,-0.011532613460924112,-0.49268788471107466,-0.04976271167047605,-1.098163675359069,0.3680629934012598,0.48115527125015056,1.048400963688593
2013-06-20,18,0.019496598541079043,0.09498292672797937,8.652699935751903,-0.17969547338881256,0.04820296948189796,-0.15060200766487886,0.2976151278317793,0.28260183626116775,-0.2278984428707105,-0.44821713549665815
2013-06-21,14,-0.06550768664899419,0.5833551545783593,34.683284801173066,2.212736998530231,-0.34213875436605384,1.5860627026925695,-0.7681997684752081,0.1457540477902966,2.554875752896285,2.3542624711677775
2013-06-24,13,0.04685968870285809,0.3159116694848305,10.262796222279427,0.3744278671364261,-0.20438960058967032,-0.20532612307306417,-0.22939364348045133,0.04632959373242338,0.5788174677260964,0.02406752040738716
2013-06-25,19,0.031211950953027146,0.30123655130183624,9.24530396965395,0.5863686771459325,-0.3797399129849243,0.42389074268030164,-0.6774107927241554,-0.13916285033218734,0.9661085901308568,1.101301535404457
2013-06-26,27,0.042930118408428225,0.20383586131629272,11.809848517061706,-0.0519829971067859,-0.4831862159214765,0.0022980464581336553,-0.7215021589693592,-0.06385306851563678,0.4312032188146906,0.7238002054274929
2013-06-27,19,0.000657082504625397,0.37026257218139536,10.847916163984472,-0.21022374250771228,0.2681654962724543,-0.17325417557588266,1.2136371211438755,-0.12329383450849983,-0.4783892387801666,-1.3868912967197582
2013-07-01,12,-0.08036043570199392,0.6067810822179308,14.480340348503066,0.8216893580223679,0.22747522247041346,-0.05809173658160231,1.7079368210208306,0.2296407919158441,0.5942141355519543,-1.7660285576024328
2013-07-02,13,0.10089472698440832,0.6060590444112715,14.58525371652412,-0.6616193909773797,0.2577601903037561,-0.5801535024270696,-0.4671350165408118,-0.17211518195310968,-0.9193795812811357,-0.11301848588625785
2013-07-03,17,-0.019640553745138036,0.3400049656902623,8.952530561187894,0.3406261242011585,0.2838763959007186,-0.16125337494284256,1.2874368684459543,-0.08290718627029545,0.056749728300439894,-1.448690243388797
2013-07-05,12,0.09272324664735898,0.24965753019009163,11.163409891254556,-0.19855068663598877,-0.11642083784811603,-0.47627765846847203,-0.8045481527570263,0.370439416172989,-0.08212984878787273,0.32827049428855426
2013-07-08,10,0.17123099937359593,0.5732425715083009,12.702981093904379,-0.2581682681433788,-0.5321934314030373,1.0522252115756197,-1.6072606344721128,-1.0792228650290079,0.27402516325965853,2.6594858460477324
2013-07-09,13,0.013495784188452046,0.3118363487907011,8.51753804695973,-0.04940480544245227,0.2997158265960747,0.26097327237297024,0.4849165366705482,-0.3470912190968934,-0.349120632038527,-0.22394326429757794
2013-07-11,15,0.09352711580845535,0.4898700136559978,10.211578584708095,-0.08084214205465498,-0.6210195614741849,0.33572952543393847,-1.08563015591895,-0.35405114023980766,0.5401774194195299,1.4213596813528886
2013-07-15,11,-0.06658688539769422,0.31112520072070826,14.36094018932318,0.6613800494921077,0.9008424119842663,1.18235878281439,0.5798636786619832,-0.8595334442034734,-0.23946236249215858,0.6024951041524068
2013-07-25,11,0.09399218176587916,0.35233480554353425,11.244765411873157,0.04667627569467104,-0.3123557848814429,0.39342053326731224,-0.7439701697593081,-0.451598853170574,0.3590320605761139,1.1373907030266204
2013-07-30,11,0.05274138302642122,0.6077632243464859,15.666639703328991,-0.38466513182214085,0.7876168953889228,-1.3371814829024522,0.42500220109435655,0.34891709166004775,-1.1722820272110637,-1.7621836839968088
2013-07-31,15,0.025718214435508976,0.32776586806179275,9.58656943940782,-0.020298218539049978,0.5338468783534588,-0.14500139188816027,-0.15398813012294182,0.013894429131424853,-0.5541450968925088,0.00898673823478155
2013-08-01,11,0.11194478685429327,0.53629818143672,12.369011008903914,-0.8491432318175093,0.3630385519867498,-0.7075339107389879,-0.22547530696858847,-0.04367141325611574,-1.212181783804259,-0.4820586037703994
2013-08-05,13,0.03033394216573515,0.1474112949001748,8.20149106209522,-0.22621292779192653,0.1756725529931578,0.07749067760560503,-0.013535991075295312,0.19790319195934647,-0.40188548078508435,0.09102666868090034
2013-08-07,14,0.07608338632866346,0.6123732267377162,10.263435005375296,-0.3373529254353349,-0.3635063318467291,0.26670141181515017,-1.2624588926676117,0.5662819209319488,0.026153406411394187,1.5291603044827617
2013-08-08,14,0.01633173924717507,0.41719764841484996,15.612482265851511,-0.8110849431847224,0.4726330800896808,-0.7878113872814958,1.5704857868044384,0.09848876465119756,-1.2837180232744032,-2.3582971740859344
2013-08-09,10,0.07961338828893358,0.8736172814695491,8.999138402945176,0.8385829348464242,-0.21378755087289944,0.8079306345816687,-0.8172975318224144,-1.2076962525114505,1.0523704857193237,1.625228166404083
2013-08-13,14,0.11842154939422356,0.8048374039836619,11.560166333597564,-0.008306787294120956,-1.043133872238015,-0.12672504258954412,-1.6233704894475223,0.48573280853094264,1.034827084943894,1.4966454468579782
2013-08-14,23,0.027245417552332885,0.19659673333692151,12.668439559491057,0.033138503486994174,-0.021509841246409468,-0.5423157063564756,0.6596723055518292,-0.38227446884325145,0.054648344733403645,-1.2019880119083048
2013-08-16,10,0.011088322247893596,0.48159143592199316,12.75082906850488,0.4896677471896589,0.23266734674773132,0.7248474790157179,-0.34600520247381333,-0.3229438154371671,0.25700040044192757,1.0708526814895312
2013-08-20,11,0.06678445485152751,0.14964514853669098,9.967551409087951,0.06504689472741079,-0.029476326513214933,0.38588133044661543,-0.41529729962130923,-0.47541260577310795,0.09452322124062573,0.8011786300679247
2013-08-21,12,0.12013725326821313,0.6525998292831794,16.535529945799052,0.4768906613132929,-0.05902963790728797,-1.321796181448918,-0.955464810921259,-0.02389410947294342,0.5359202992205808,-0.3663313705276591
2013-08-22,11,0.00976017190794202,0.8558192248367129,24.212901197286445,0.5076180219433222,-0.6694336330037759,1.3845241569912927,-1.080444421429395,0.6430120935238307,1.177051654947098,2.4649685784206876
2013-08-26,13,0.04706754181297744,0.43377805768390976,12.207131270475598,0.1847880117667515,-0.5310794077212926,-0.07896999207040417,0.529224356871738,-0.32771905598420603,0.7158674194880441,-0.6081943489421422
2013-08-27,10,0.08608004638006116,0.3286715688642564,7.856475910393699,-0.3943006454835126,0.18830087464577622,-0.17953627798342242,0.07563064738311799,-0.4116955261631825,-0.5826015201292889,-0.2551669253665404
2013-08-28,20,0.028763263626283106,0.4528764232324852,9.908848009717804,-0.3070026762284191,-0.3789444793519819,-0.036291182553830285,0.046618360611172756,0.525089432471734,0.0719418031235628,-0.08290954316500304
2013-08-29,14,0.06224617331959689,0.4790789556312247,14.226783451706906,0.5224472040494497,-0.5612483710181014,1.2075318184010007,-1.8564810850975568,-0.05514241928350398,1.083695575067551,3.0640129034985577
2013-08-30,11,0.050886270235388255,0.8492585746947326,14.08713828386103,0.17426971673520772,0.06982267157688941,0.08053563469591128,0.5839661893151159,-1.0280921575016668,0.1044470451583183,-0.5034305546192046
2013-09-03,10,0.1469570378561128,0.5200708284998169,20.574973778184543,-0.30593590975091833,-0.13626753154810306,-1.1191748823716614,-0.5277556207827817,0.14999318733120562,-0.16966837820281527,-0.5914192615888797
2013-09-04,11,-0.004132979032741032,0.6641612332231255,10.835392992176018,0.7400961591998545,-0.07505530909998617,-0.0859379349186194,0.44099238161863114,0.07083024192042138,0.8151514682998406,-0.5269303165372505
2013-09-06,15,-0.003383416326798092,0.21523338382150803,9.212025012512454,0.47803400154447145,0.0680343877607645,0.03213071466253547,0.7540912091149146,-0.23078782327874264,0.409999613783707,-0.7219604944523791
2013-09-09,21,0.03915785115182575,0.16761060517544102,9.29221972340257,-0.46525848204301795,0.18001613904647407,-0.5215085081850752,-0.00851099553428149,0.17063209833921852,-0.645274621089492,-0.5129975126507937
2013-09-10,18,0.018560591178180933,0.42601095039174164,8.603968035055296,0.1477841107338164,0.6754561863107642,-0.8377959665553699,0.5041367775057702,-0.15776239040949433,-0.5276720755769478,-1.3419327440611402
2013-09-11,15,0.0894106515324677,0.3400852361009087,12.772261256164049,0.11624893147357546,-0.5737899799373856,-0.38157654337140706,-0.5069971738830544,-0.3362047802557596,0.6900389114109611,0.12542063051164737
2013-09-12,24,0.0404524323624181,0.2252052533513721,11.863545683134127,-0.08052581437517141,0.09720515664791055,0.325661732777941,-1.1354478147708158,-0.148610013675933,-0.17773097102308194,1.4611095475487568
2013-09-13,16,0.03127588935401574,0.15995253569968726,17.841019496287952,0.7005627361312315,-0.7486282820590144,0.990115178585154,-0.8439772461617564,-0.09890084582411848,1.449191018190246,1.8340924247469104
2013-09-16,17,0.07731554785517666,0.18833422367237662,10.230580294044836,-0.3296911895836906,-0.31920783171218303,-0.5259020407062291,-0.39209512122987195,-0.06183244384403147,-0.01048335787150756,-0.1338069194763572
2013-09-18,11,0.05223822939519391,0.16259554534661202,9.430277524608076,-0.27832014622183754,-0.06416585030258906,0.36258535363358646,0.17174301819152538,-0.3410834219949525,-0.21415429591924848,0.19084233544206108
2013-09-19,18,0.051087679262764925,0.09099283929906565,11.583670518299009,-0.03535514367594933,-0.1103866724076244,-0.2130729958156291,-0.5417169652327547,0.06137532367241882,0.07503152873167507,0.3286439694171256
2013-09-23,18,0.11364548414405175,0.6638961523714548,12.324727678607838,-1.1973479951936725,-0.5318998785791348,-1.4871216691891254,-0.3006346662997525,0.4257667800758202,-0.6654481166145377,-1.1864870028893728
2013-09-24,16,0.036938444856864365,0.15415241323521967,12.905951891876345,0.24539141317219956,-0.0296168650991988,0.2491824531437725,-0.9809711348043223,0.3339838981678908,0.27500827827139834,1.2301535879480947
2013-09-25,17,-0.03441013593145698,0.3605771609726939,11.596894471743852,0.39562955540130834,0.3568797927983518,0.5354634906351888,0.514640033897318,0.36733174893737053,0.03874976260295654,0.020823456737870782
2013-09-26,20,0.02493338577452972,0.4291294345971778,12.857402820317507,0.23028382085116886,-0.21969332055825275,0.6664865657304092,-1.2548461988175386,0.580433701813024,0.4499771414094216,1.9213327645479477
2013-09-27,11,0.09360923396944382,0.4780966594495011,11.116858083884102,-0.3317290324067482,-0.22710049981444305,0.013453212640398142,-0.8723296957798281,0.3583028680328558,-0.10462853259230517,0.8857829084202262
2013-10-01,14,0.0042941675681700785,0.23454086628817905,14.420305884265561,0.13052695420617436,0.28796943694050925,-0.37414871795672006,0.7979132335886059,0.037502401312667216,-0.1574424827343349,-1.1720619515453259
2013-10-09,18,0.017918301577313157,0.2778499307669179,8.309339079463836,0.04223486084514251,0.3466762618309287,-0.32387831962409547,0.5705040773017465,-0.2805957371369952,-0.3044414009857862,-0.894382396925842
2013-10-11,10,-0.08756116311857566,0.8284854906675914,20.903768646267388,0.9238996514388721,0.361225401338392,1.2832466212118685,-0.7990032487792079,0.9818548371615902,0.5626742501004801,2.0822498699910765
2013-10-15,12,0.024715863961435876,0.3677583295538833,16.807607843617088,-0.23043201397881913,0.7769757085398368,-0.5419619682277169,0.45023087746478213,-0.04799333887254419,-1.007407722518656,-0.9921928456924991
2013-10-16,12,0.028559376828739786,0.47834286879205823,9.962508691065212,0.5290195949838159,-0.3951539976595873,-0.33786872126446577,0.28453152184335934,0.23404655820712258,0.9241735926434032,-0.622400243107825
2013-10-17,12,0.08258791085924137,0.7689699579465842,21.049774632172777,-1.8668220785705465,-0.2568770837766355,-1.0823926034053686,0.37986614909733757,1.844115756033418,-1.609944994793911,-1.4622587525027062
2013-10-18,16,0.05682313349401152,0.3273103196463293,10.381656411787942,-0.6390050255334023,0.03475184636832168,-1.1054005379096965,0.06623395261213068,0.82507949265428,-0.673756871901724,-1.1716344905218272
2013-10-23,16,0.020738915254428756,0.293284198812535,12.342387855866807,0.015138396157115569,0.48693227593914307,-0.5949710755713238,0.3712114970356518,0.05804361829769365,-0.47179387978202747,-0.9661825726069756
2013-10-24,12,-0.011848512198133565,0.5383790183017958,14.725109545117013,0.47504372893692537,-0.1382265776891721,0.5465567510780047,-0.3304916773620079,0.7314820677914562,0.6132703066260975,0.8770484284400126
2013-10-25,12,0.004601216205728944,0.4579409026600304,11.829471772137387,-0.19201022529624112,0.9474553401081495,-0.8020166245586879,0.3831801174950755,0.5529622033142093,-1.1394655654043906,-1.1851967420537635
2013-10-28,18,0.11733429891754318,0.5622137146143529,10.017758880372103,-0.5993451473040882,-0.8769976712106813,-0.982257604031498,-1.1543528012412136,0.38891846275592373,0.2776525239065931,0.17209519720971567
2013-10-29,16,0.03649633599155159,0.5499250101751929,10.563271665429312,-0.18987865853507283,-0.05375569264696796,-0.11177344529207973,0.7235505978317245,-0.5360255530872546,-0.13612296588810485,-0.8353240431238043
2013-10-30,11,0.15352571481075677,0.696090791308644,9.759579456833094,-0.5002257236838171,-0.43889955269118675,-0.4647288515113134,-1.4646737230685034,0.49096212511817,-0.06132617099263038,0.99994487155719
2013-10-31,11,0.07376937085826576,0.16275964312414248,10.620513296647928,-0.2751489037463983,0.06991855700768031,-0.01468985211136067,-0.5900075722254589,0.18700161219369008,-0.34506746075407857,0.5753177201140982
2013-11-01,10,-0.01984877488208383,0.6540423010591722,10.062437082234945,0.5181141378905235,-0.5037896131967742,0.9870780821996266,0.43151785902699236,-0.03594496827869226,1.0219037510872977,0.5555602231726342
2013-11-04,12,0.06589806910894265,0.6599102522112873,12.743478123060449,-1.1725694866442797,0.5582990456684627,-0.9515892151954342,0.7421906495660814,0.24211534799054607,-1.7308685323127424,-1.6937798647615154
2013-11-05,12,-0.013549307637968275,0.5093682497040519,14.473181937997749,0.4721202116506199,0.6182370487159947,0.17806022807828956,0.8012085686542997,-0.7444426737879667,-0.14611683706537482,-0.6231483405760101
2013-11-06,13,0.02761890835047675,0.503223887132078,9.810366220404516,-0.24416708461184164,0.1427652242301327,-0.06644112939248094,1.0644068726522444,-0.6146554999904507,-0.3869323088419743,-1.1308480020447254
2013-11-07,11,0.08720386259381613,0.11893468490746306,10.920722043188851,-0.23470929866418294,0.09410670099383864,-0.45926246368681384,-0.6201478114625856,0.3015278957557873,-0.32881599965802155,0.16088534777577174
2013-11-08,18,0.001863009682572085,0.14996314755556273,14.777504553816652,0.41596053944634565,-0.04842451539148725,0.16139171501782176,0.32855095256724687,0.07545295978747853,0.4643850548378329,-0.1671592375494251
2013-11-11,13,0.06418556233843771,0.31543043297296547,9.870790292276393,-0.1484095021717524,0.31647647518875915,-0.4365600195500537,-0.03532022589714416,-0.36501134836918875,-0.4648859773605115,-0.4012397936529095
2013-11-12,15,0.005225451205446802,0.6289509788672686,13.055527344748587,-0.3120744364126094,0.9361025210060876,0.08536137246879001,0.3761615402557038,-0.24231453348137472,-1.248176957418697,-0.2908001677869138
2013-11-13,12,-0.05488717279902043,0.76927833480815,11.619935098950291,1.1432298370694283,0.06857786240188567,0.4433568041143504,0.6980626601452159,-0.03593501655439073,1.0746519746675427,-0.2547058560308655
2013-11-14,10,0.10178859594825085,0.501039165280249,12.719299096860523,0.26934139245058974,-0.00015248479588989632,-0.2901275692873164,-0.924859259430967,-0.0899739979014328,0.26949387724647966,0.6347316901436506
2013-11-15,16,-0.006352383382596437,0.5569284746640324,11.33981862968111,-0.37947373281866315,0.6656200674791255,-0.18665037387895209,1.5662043744119682,-0.4624240669503906,-1.0450938002977885,-1.7528547482909203
2013-11-18,16,0.0406087226220852,0.2160359261450393,14.040573011660653,-0.07017983340510639,0.07801762968327418,0.02967425149960068,-0.6268325195379756,0.2898413478534804,-0.14819746308838055,0.6565067710375763
2013-11-20,14,0.09359314182165056,0.3486968888096993,11.269466972211495,-0.8693300423503386,0.767865230927351,-0.991949203172138,-0.24973280346799484,-0.2774611529430967,-1.6371952732776895,-0.7422163997041431
2013-11-21,14,0.030777908224110754,0.8548981414432,12.864865529080792,-0.3096458029224475,0.3872188566233349,-0.3900125341027486,1.152585454464546,-0.7019274043377854,-0.6968646595457824,-1.5425979885672945
2013-11-22,14,0.025120318751446484,0.6513222505846945,10.272406955222754,0.5254510456053917,0.10367533158469729,-0.4569396566978226,-0.02618648370075049,0.15063083816798117,0.4217757140206944,-0.4307531729970721
2013-11-25,11,0.05372766203722662,0.6146594576218792,16.14677790102499,-0.3644352733410996,-0.39694546346728027,0.1648233827945134,0.14452525102416275,0.2700235381707173,0.03251019012618067,0.02029813177035064
2013-11-26,21,0.016096399527754147,0.2690013700620596,11.713787444341673,0.007556187076667987,0.17631032313246287,-0.21802867876015056,0.7956763779052973,-0.43756298951995126,-0.16875413605579487,-1.013705056665448
2013-11-27,23,0.0016761317603768825,0.27788626488773294,10.40145255574605,0.582766279295146,-0.019615562695713424,0.9131268267679111,-0.1715510290291364,-0.38182857531554243,0.6023818419908594,1.0846778557970476
2013-12-03,13,0.038272099029037665,0.34118575956640296,11.686150930038652,0.37359920824828663,0.17740382955756853,0.4292895727492377,-0.5768028410226962,-0.398564344287375,0.1961953786907181,1.0060924137719338
2013-12-06,14,0.042513026034083044,0.29987930698756227,19.03250606188669,-0.19313848111731585,0.15969833276766987,0.8588687133454169,-0.5286379982584682,-0.4871552956916267,-0.3528368138849857,1.3875067116038853
2013-12-10,16,0.04397715016483227,0.23813380608308687,13.979400672555478,-0.6545124938697557,0.6821713862702145,-0.6422697812937785,0.2960102446350608,-0.08866816101637423,-1.33668388013997,-0.9382800259288393
2013-12-11,13,0.004202581358849277,0.33559747749015356,16.584654407301294,-0.37255798585251293,0.6027164414320815,-0.05796933684295847,0.2022069911890641,0.5163367747442432,-0.9752744272845943,-0.26017632803202256
2013-12-12,19,0.028062405305209502,0.13488876132358296,10.51681958564725,-0.4887646070995382,0.1900416474461548,-0.1480402446758536,0.2016288226474878,0.17876298008378774,-0.678806254545693,-0.3496690673233414
2013-12-17,13,0.011875569683404934,0.17658859769793267,11.033164502820464,-0.1535806682932227,0.2116913056116723,0.590968532739405,0.5354113500318681,-0.4932553318582518,-0.36527197390489496,0.055557182707536845
2013-12-23,17,0.013615977269263098,0.2981979931797937,9.507512244457901,-0.2931410371502854,0.13803913147208977,0.8098406124835937,0.09696166502701,-0.21464359898735358,-0.4311801686223752,0.7128789474565838
2013-12-24,11,-0.040104052221117834,0.7601030262105569,13.533646372217271,-0.4256798513000484,0.9618872867747229,0.5387509872369061,0.7223901751137569,0.08494055103925484,-1.3875671380747714,-0.18363918787685085
2013-12-30,15,-0.007783990069057471,0.34660493506279866,11.382848089849935,0.25344641242900634,0.68331411254388,0.28338789160834826,0.3856153369235664,-0.3722440514330764,-0.42986770011487363,-0.10222744531521816
2013-12-31,12,0.007040613472370516,0.38030848966886777,13.188611067751573,-0.11537130220311766,0.36259673347050164,-0.7222079037631156,0.8613516853440335,0.4446560638148072,-0.4779680356736193,-1.583559589107149
2014-01-02,11,0.21471479321347992,0.7359638413510425,10.989325918806125,-0.5141581576669886,-0.5713298573324053,-1.3433630109453796,-1.4691096276454267,0.17423520289364128,0.057171699665416686,0.12574661670004716
2014-01-06,10,0.072822890488482,0.651162945810597,8.43250761642146,0.5333112248966914,-0.2598042032298865,-0.29791162093784995,0.1132831011144226,-0.5453363116130165,0.7931154281265779,-0.41119472205227253
2014-01-08,10,0.15150773011038643,0.5368208230287543,11.243918307425728,-0.21566740748868596,-0.5402748545016004,-1.5636138726856195,-0.4484632495928776,0.7378647820610554,0.32460744701291444,-1.115150623092742
2014-01-10,11,0.02073090287717532,0.1623078303899117,23.55407059348476,0.5331370560106156,-0.19089944879978726,0.5059881190089169,-0.5182012894851933,0.21389569996759142,0.7240365048104028,1.0241894084941103
2014-01-21,21,0.055985085965865614,0.12830759187145346,10.978862349754774,-0.12660351438501924,-0.06150686682893195,-0.22364513815897874,-0.8305369482583292,-0.10908114293509776,-0.0650966475560873,0.6068918100993506
2014-01-24,14,-0.07565101761957461,0.3422329306462648,13.533254949829491,1.3169752452429826,0.023248621024696096,1.536826576299708,0.09230610425145826,0.14887194652924288,1.2937266242182865,1.4445204720482496
2014-01-28,11,-0.029748205052396212,0.4144722557319279,13.421116384250343,0.36388304536803817,-0.2260370871493133,0.36154417581270554,0.9175329701150878,0.23753740700619852,0.5899201325173515,-0.5559887943023822
2014-01-29,14,0.03644414159011585,0.35374611545283574,8.643998733200737,0.143574703425542,0.06837054369518737,0.4147003191730739,-0.09110841630505051,-0.555973114511996,0.07520415973035462,0.5058087354781244
2014-01-30,16,0.06481114947203502,0.3732793386041193,10.870778327827496,0.12643658404737576,0.08625031141594143,-0.32537659345233705,-1.2640361107075795,0.30276902559148133,0.04018627263143433,0.9386595172552424
2014-02-03,10,-0.009251611807749872,0.16372848032838339,11.64659990739966,0.06893378213588522,0.3164019318083182,-0.1219125872468421,0.8157632427780057,0.10584586667962954,-0.247468149672433,-0.9376758300248478
2014-02-04,11,-0.03024840024561176,0.5881624653356018,10.222490091230542,-0.5197075115733861,0.42163356695856075,0.3389111734557997,1.2155684192420677,0.20905915732041702,-0.9413410785319469,-0.876657245786268
2014-02-07,15,0.12787714144776818,0.4996675973416742,14.094661178461527,-0.611751362786569,-0.4529219374628663,-1.3813087158412332,-1.0125359922388701,0.6222037648964924,-0.15882942532370276,-0.368772723602363
2014-02-11,12,-0.0070056672927980524,0.4970208369856859,15.828939214975042,0.6483744195785753,-0.12954215789130502,0.3312438991885359,0.6590701610129105,-0.34101030686156397,0.7779165774698804,-0.3278262618243746
2014-02-13,14,0.027881395085063196,0.10857051581503308,9.169376926338428,0.14536713030608195,-0.14803957412489058,-0.23899000511874263,0.43195274622726,0.02903064032852106,0.2934067044309725,-0.6709427513460027
2014-02-14,16,0.005019174558851974,0.2433230184418127,8.637776722087846,-0.3648057933720042,0.5389771337139534,-0.3062626959289456,0.5679612585482978,0.40351651115543513,-0.9037829270859576,-0.8742239544772434
2014-02-18,17,0.03458852018389652,0.30127880460466183,8.81913989182883,-0.40153508699732454,0.32687228820145686,-0.48358584942234706,0.7419591076512674,-0.3597201456855318,-0.7284073751987814,-1.2255449570736143
2014-02-19,19,0.0466278194028878,0.17047877922517407,10.139004434092088,0.058562051840464736,-0.347193296964363,-0.5180431308616106,-0.3069495846181346,0.3417668232939072,0.4057553488048278,-0.21109354624347598
2014-02-20,15,0.004459864238118131,0.5989008090023782,11.55306852145767,0.23629824528450735,-0.2370439494011893,0.44956164277262955,-0.25675247971613496,0.6741406139166439,0.47334219468569666,0.7063141224887646
2014-02-21,17,-0.0035037850274171594,0.4921663222015118,11.394362298805687,0.024925964071795714,0.6385791184509174,0.37176827154647396,0.8171327486311748,-0.7332774117681772,-0.6136531543791217,-0.44536447708470084
2014-02-24,16,0.05258398426883234,0.3572950113438501,10.52720233860972,0.6719074649117464,-0.6133131812391179,0.6435715416835001,-0.9622802757029154,-0.4225730462558476,1.2852206461508642,1.6058518173864154
2014-02-25,27,0.03109341617309384,0.097959714571354,8.786295856984436,-0.0028513765014603143,-0.18022326676463796,-0.31126988438848724,-0.1826377011756661,-0.002062244516816028,0.17737189026317765,-0.12863218321282113
2014-02-26,26,-0.002739654342190925,0.10190504656392307,7.701678362766409,0.13554609446549662,0.37217617882714066,0.3005789183111756,0.41370658598963633,-0.0795457517995208,-0.23663008436164404,-0.11312766767846072
2014-02-27,18,-0.011566191926878968,0.6411186166646772,11.064648144060865,0.026850023932710205,-0.3826600547472554,0.6465378708773271,0.8182978164058485,0.3073572528990121,0.4095100786799656,-0.17175994552852147
2014-02-28,19,0.0446764532777399,0.13529550137701152,8.424725406080166,0.11356952164578354,-0.34506238303856407,-0.260243362507677,-0.4155255510145352,0.20955655036087584,0.4586319046843476,0.1552821885068582
2014-03-03,13,0.10096016322292459,0.7946654817369382,14.9325826342242,-1.5934664263951612,0.42037587244855534,-2.0307736473617246,0.48916622202880705,1.089733735483487,-2.0138422988437163,-2.5199398693905315
2014-03-04,16,0.09197329092064037,0.22303622415457802,16.045945817823903,-0.48595098111411866,-0.25021090994513057,-0.9418519853138645,-0.30050048291334974,0.035369049825973,-0.2357400711689881,-0.6413515024005148
2014-03-05,18,0.0597884590530841,0.5628299621148194,12.22892345024502,0.1315638762289491,-0.35329873897036557,0.7886952501158359,-2.0548583799144,0.3355134666289546,0.4848626151993147,2.8435536300302355
2014-03-06,28,0.031220889200583694,0.18820829813198603,14.286475382342598,-0.19287604859502258,0.07228056508934914,0.07017492192413788,-0.4723632200645316,-0.22558601358661987,-0.2651566136843717,0.5425381419886695
2014-03-07,19,0.058015608275508224,0.2826163354635334,10.98965571306323,0.14799445416959822,-0.04552993183073993,0.37355789110653287,-1.301652958874228,-0.3789625690404753,0.19352438600033817,1.675210849980761
2014-03-10,22,0.048722322096298086,0.3993769804159173,7.69935511087711,-0.637771065444225,-0.04408034891532281,-0.14440058870668268,-0.03631193067801881,-0.2812182384928665,-0.5936907165289023,-0.10808865802866388
2014-03-11,24,0.031191658635280874,0.10996270400483676,9.826209713035478,-0.19392920091731589,0.22036999587210643,-0.23343965439273845,-0.17977464770911214,-0.11042610734642157,-0.4142991967894223,-0.05366500668362631
2014-03-12,15,-0.011214634138203929,0.09951534913908178,12.083306795273774,0.3442359030217878,0.10639411828918988,0.4058716134786708,0.5753121022895558,-0.09537471293308565,0.23784178473259793,-0.16944048881088497
2014-03-13,18,0.02516361252576777,0.2468407729728983,8.694073958533172,0.41997065392776334,-0.029629723434250646,0.46119232891700873,-0.2755589025254905,-0.4818644078126737,0.44960037736201397,0.7367512314424992
2014-03-14,15,-0.0034675102688234935,0.21829882050348726,10.792738274349015,-0.47473981879539806,0.6691458672519959,0.10293959674349822,1.0079652502161296,-0.20128558735152063,-1.143885686047394,-0.9050256534726314
2014-03-17,14,0.021251827783022495,0.2742566047388163,14.117824058253113,-0.10322526189567176,0.11266605267510019,-0.12337132820123145,0.729919952514843,-0.21104059301767014,-0.21589131457077193,-0.8532912807160744
2014-03-18,17,0.03847211898152733,0.13735499981570143,10.47779900207239,-0.18988585766910565,-0.11345804736017798,-0.10849524729758533,-0.24465733683335167,0.3484444437882906,-0.07642781030892767,0.13616208953576633
2014-03-19,21,0.02148534467571207,0.4454446194658509,8.169259720439376,-0.3317894392649084,0.6450524342335298,-0.8110982126620384,0.4761446976070066,0.11930604370650197,-0.9768418734984381,-1.287242910269045
2014-03-20,11,0.14895392794986545,0.6395677176236301,12.66329925060983,-1.5932998687519813,-0.28645390236525925,-1.4581565416149307,0.6552291371631719,0.4056947606719583,-1.306845966386722,-2.1133856787781027
2014-03-21,17,0.10128846271737608,0.4365358562710506,14.16297428965995,-0.5632778040042083,-0.4611624376993097,-0.7278965543972599,-0.38916002921821313,-0.30231090707179686,-0.10211536630489865,-0.33873652517904673
2014-03-25,24,0.019537997244335248,0.17301704942970508,13.837254423017306,-0.12845551312148737,0.42102452781218763,-0.1701402756632137,-0.028688309729639382,-0.03156429702593888,-0.549480040933675,-0.14145196593357434
2014-03-26,20,0.024953982932987017,0.11591704283475668,16.428298287834387,-0.13200149751407278,0.2864976721122836,-0.17773970579626577,-0.1902640586957729,0.21534827257434572,-0.41849916962635636,0.012524352899507124
2014-03-27,37,0.02048823646610839,0.07271514788150568,9.163375040724736,-0.27799132298043056,-0.031999573897507065,-0.08017911662085672,-0.17074289764287948,0.044783412649655664,-0.24599174908292348,0.09056378102202275
2014-03-31,12,-0.07468397912235834,0.6057702738897554,10.028295643535994,0.30197881809046184,0.08858151874466878,1.5545668355883455,1.1611346725413494,-0.3138463460282276,0.21339729934579305,0.39343216304699613
2014-04-01,20,0.023483323442922067,0.10090180902080725,12.297256778771777,0.07028922456614957,0.030169363116666188,-0.4263591455386527,0.16268692071612703,0.223880699422827,0.04011986144948338,-0.5890460662547797
2014-04-02,11,0.10703403215506989,0.27614437683513515,9.50094056137195,-0.39004245582632757,0.024061336471499363,-0.18224560222897415,-0.36594558679214917,-0.4405763990355847,-0.41410379229782696,0.18369998456317502
2014-04-04,10,0.036905768542882286,0.5469285698993099,10.234155800033783,-0.02752894927388763,-0.4932435314887428,0.4053121782393473,0.5375589045198647,-0.16021397285422845,0.4657145822148552,-0.13224672628051737
2014-04-07,21,0.008329337040158686,0.13302294953531857,9.48662260790671,-0.20305307877702275,0.26861492316064434,0.29205927803664894,0.3975928059208569,-0.10504608402779239,-0.4716680019376671,-0.10553352788420794
2014-04-08,15,-0.04350082968332003,0.2660442786367019,22.806068812034532,1.0165138057402658,0.1411163674613012,0.678625861590872,0.448809059135423,0.019959796571736934,0.8753974382789647,0.229816802455449
2014-04-09,22,0.04226707750391014,0.0666940577408599,8.671639202743142,-0.12795423392170213,-0.2972769537205316,-0.23656379905192457,-0.27205865135231055,0.07410222787442217,0.16932271979882946,0.03549485230038599
2014-04-10,17,0.0271680768415603,0.21492440816996017,10.230379240033134,0.06161904099244541,0.12019511994015117,-0.5333795200808855,0.02293333824412542,0.4049174082911135,-0.05857607894770576,-0.556312858325011
2014-04-11,26,0.021339174057746605,0.2081490715559019,8.74202023080838,-0.46497716992937027,0.2873217391732223,-0.047023340824829785,0.09500191478051367,0.020039805797640895,-0.7522989091025926,-0.14202525560534346
2014-04-14,17,0.044107333465065936,0.316270046093745,9.596783463282527,0.21901284130854548,-0.6569582495841614,0.5023874580023461,-0.6178412162754422,0.053749828736469864,0.8759710908927069,1.1202286742777883
2014-04-16,16,-0.026264320594254233,0.8965802153908917,10.841280753907153,0.7415225000662695,0.26501563230430103,1.5608300428680542,-0.5300286581760406,-0.19688125804644782,0.4765068677619685,2.0908587010440947
2014-04-17,12,0.08643612096766366,0.37036068972409286,12.018960596037001,-0.386356837912914,0.1895813517458931,-0.20148321612539985,-1.056267373143574,0.3800591722120671,-0.575938189658807,0.8547841570181742
2014-04-21,16,0.007638207272564668,0.6776970013400421,13.541059658485516,0.02206081659618975,0.5090508448664681,1.2059426344936546,-0.32216643097457276,-0.6593104977038093,-0.4869900282702784,1.5281090654682274
2014-04-22,13,0.03713243527626311,0.658920181101211,11.751957838314013,0.3275578151909662,-0.5004726718191285,0.07197867822626164,-0.5724674491846548,0.7079603104037149,0.8280304870100947,0.6444461274109163
2014-04-23,20,-0.0036708103373216507,0.3650945618781569,8.700408865789795,-0.1734838232440707,0.2558936983323818,-0.06485552100736984,0.9351113073271786,0.1941667520847476,-0.4293775215764525,-0.9999668283345484
2014-04-24,17,0.04534619096096895,0.1937247349612502,12.238629879123783,0.019790257563964773,0.0886233908699241,-0.27486003201440895,-0.4686740977238571,0.09334998863143332,-0.06883313330595933,0.19381406570944815
2014-04-25,19,-0.0540405303491497,0.4879862541662343,11.85536514729015,0.557746504384338,0.7207371031036083,0.1966969999414473,1.1083689219995274,0.46999062383876805,-0.16299059871927024,-0.9116719220580801
2014-04-28,16,0.06943567752924035,0.2663436836497104,12.302608289463047,-0.43213437424246204,0.038422510001776294,-0.05187237978706112,-0.2030625915565574,-0.5732948453513858,-0.47055688424423836,0.15119021176949626
2014-04-29,26,0.03407848301996803,0.06746969735278308,9.391977662189136,-0.21135309349844722,-0.2796880197691443,-0.004434938335047642,-0.3642730489657135,0.08766798353001416,0.0683349262706971,0.35983811063066584
2014-04-30,19,0.028018091292263,0.268426514819763,6.994121776674672,0.12104874805066658,0.1333725094936285,-0.09815206599413989,-0.4453134911684068,0.224356830512289,-0.01232376144296192,0.3471614251742669
2014-05-01,17,0.06342953663004207,0.26415338868926475,10.080910584789898,0.32721511347000254,-0.4533625318002875,-0.07859890802862546,-0.7121639621473733,-0.23969395691514708,0.78057764527029,0.6335650541187479
2014-05-02,16,0.03259916159503821,0.29468071846174015,13.270269699573225,0.559710151714356,-0.7906811629529791,0.8626625767870922,-0.486302470407006,-0.18856226618268615,1.350391314667335,1.3489650471940982
2014-05-05,17,0.11610085798187395,0.3438618046970855,10.949820453079747,-0.7537277915786319,-0.5945748560210492,-0.7192918031341288,-1.226769015597168,0.34693429494726413,-0.1591529355575827,0.5074772124630392
2014-05-06,25,0.022975834963516573,0.2830929178662216,8.894786470092665,-0.21799940245050023,0.407972446871533,-0.5230157167953903,0.005968331260249323,0.1782825929382802,-0.6259718493220332,-0.5289840480556396
2014-05-07,22,0.06926758171515267,0.44151902416569944,12.544074176379329,-0.7499451541251985,0.09041139166315727,-1.1855413822815086,-0.292457226186145,0.08975877546297936,-0.8403565457883557,-0.8930841560953636
2014-05-08,25,0.04065160398475023,0.10300823174145235,10.984489123113843,-0.16895161541003886,-0.18915703644933962,-0.4086194179181513,-0.2563335916905319,-0.009518537769448804,0.02020542103930076,-0.15228582622761944
2014-05-09,12,-0.0028114119334073837,0.6010046533576645,15.861927324612491,-0.10780969550600662,0.03516818381386271,0.8566558279512445,0.6763275778116664,-0.3928680076689893,-0.14297787931986933,0.1803282501395781
2014-05-12,14,0.03765650737189992,0.020751951027711546,12.922108846388099,-0.003981946859050698,-0.05882911571926602,0.1951917870699815,-0.09772809186834733,-0.08903483903651391,0.054847168860215324,0.2929198789383288
2014-05-13,11,0.0899905263458682,0.22155791021579974,11.743999098392603,-0.13512138810074542,-0.48693361760887477,-0.18303376465418794,-0.4099010352982801,0.2351982260529882,0.35181222950812935,0.22686727064409215
2014-05-14,23,0.0314072869547264,0.08287977455446627,10.627148651415615,-0.07352582393534762,-0.3577945075443915,0.2610856149654782,-0.23516125351209086,-0.039339229891062616,0.2842686836090439,0.49624686847756905
2014-05-15,14,0.029404764805813728,0.19481319513086326,14.830165764132637,-0.4403143853967707,0.5153699848825417,-0.17530014561650498,0.11646562729728327,0.16044550427066678,-0.9556843702793124,-0.29176577291378825
2014-05-16,10,0.040547571455858654,0.2405407869652989,14.570639380259133,0.09074696280569743,-0.003923452483424445,0.08328963822713932,-0.38198190406536825,0.40091732639878247,0.09467041528912187,0.46527154229250756
2014-05-19,18,0.016416982907681975,0.37364890568814524,9.215699842926249,0.26547346677398737,0.3915896552730724,0.3952532126568426,-0.19203309881365638,-0.4512946205667984,-0.126116188499085,0.5872863114704989
2014-05-20,19,0.018491473281163056,0.16079348385608083,10.249040600098418,0.5992483921994868,-0.21043805300105975,0.47369781123665566,-0.4477289630194654,-0.11745517209981342,0.8096864452005466,0.9214267742561211
2014-05-21,18,-0.022412998669382317,0.47945567352254737,11.581321277214347,0.07177460728752647,0.3816594840095677,0.3122879479661746,1.5919731842796088,-0.5508272714451096,-0.30988487672204124,-1.2796852363134341
2014-05-22,17,0.005057368608345678,0.6862840837521595,8.651031622736397,0.11097788404177072,-0.2219998734090878,0.0029259503158519965,0.2026027312399786,0.7335427751277331,0.33297775745085856,-0.1996767809241266
2014-05-23,15,0.0632390216556557,0.25523072190531904,7.938010844581079,-0.4460185629188434,0.3147859180450139,-0.7140415747008966,0.05913190474038006,-0.11102833483532518,-0.7608044809638572,-0.7731734794412767
2014-05-28,22,0.022288342199975678,0.0932507182515604,10.55137774102652,0.10632732408831128,-0.1826402183516676,0.3744204243090914,-0.0894360918334975,-0.18935849501116794,0.2889675424399789,0.4638565161425889
2014-05-29,21,0.03668263584799668,0.17474244336643785,9.043340715457347,0.11828015808198566,-0.4760185713542236,0.05364223028124953,-0.37288555317735783,0.13631103055244237,0.5942987294362092,0.42652778345860737
2014-05-30,21,0.02049207468315054,0.10080229784676498,7.786538532105547,-0.18162580338423995,0.08512344886528025,0.1970983492455426,-0.051197285746466925,0.08993415432756023,-0.2667492522495202,0.24829563499200952
2014-06-02,14,-0.03160596094799749,0.7623216735782317,10.417612104214937,1.0452633456008849,-0.23981418762469164,1.1608881509130236,0.527929708788467,-0.609300111133756,1.2850775332255764,0.6329584421245565
2014-06-03,16,0.029986226325430933,0.5191128902122166,9.621762041971932,-0.5669318145983515,0.6003556046710785,-0.2295955956261946,0.4180666096212806,-0.18145404648160235,-1.16728741926943,-0.6476622052474752
2014-06-04,17,0.01449407689328329,0.03303583144991551,11.243498517132775,-0.08380245487636881,0.1643400850555154,-0.030249544017695303,0.5099225511263379,-0.05300925165942028,-0.2481425399318842,-0.5401720951440332
2014-06-05,16,0.09080368414405939,0.35873227082078996,9.712266244686289,-0.8159963711173449,0.21493455065677267,-0.8705682040813706,-0.5611674570962111,0.12707958902825522,-1.0309309217741176,-0.3094007469851595
2014-06-06,17,0.04647513972398132,0.16250656330587954,10.62827032314754,-0.4914864166561237,0.23784235530827774,-0.6249121935573844,0.28017840645160397,0.01822309783826146,-0.7293287719644015,-0.9050906000089883
2014-06-10,19,0.04010849370546959,0.1382288697599311,8.295883138270018,-0.105396613630022,-0.37434440650895456,-0.014740776221058816,-0.16027102901900905,0.13063006457119974,0.26894779287893256,0.14553025279795023
2014-06-11,18,-0.0057327065417706975,0.3346357211893898,9.764676458777698,0.5217631556963889,0.23675919810778356,0.7578202175052957,-0.029376353754057415,-0.28058878205166593,0.2850039575886053,0.7871965712593532
2014-06-12,22,0.03362184908252262,0.10620928768980675,13.073465752348548,0.4847610553778653,-0.3481111829046605,0.05737997095226029,-0.6685548913804047,-0.004836311676055315,0.8328722382825258,0.725934862332665
2014-06-13,16,-0.010721235712719162,0.3971033741933988,11.482930406571437,0.5421795999531811,0.3801698159236194,-0.15119789353224408,0.7848000240814594,-0.2128720036190007,0.16200978402956168,-0.9359979176137035
2014-06-16,12,0.07625829511935257,0.4472209654921283,11.390193044635547,-0.2523898666792014,0.16231559135146054,0.13398241917646467,-0.5732708322915877,-0.30083639442159726,-0.41470545803066194,0.7072532514680524
2014-06-18,17,0.07682447170227222,0.29397395845855834,9.897550411753658,-0.3822420074286449,0.17759385278820727,-0.19530335847562788,-1.0464400694554594,-0.16564045530573143,-0.5598358602168522,0.8511367109798316
2014-06-24,21,0.011788288495024366,0.2353995093686625,9.050050224456651,0.147800892821206,0.28332610134716535,-0.2918762617682462,0.05478594863219155,0.31085520217665896,-0.13552520852595934,-0.34666221040043776
2014-06-25,13,0.05794597218358218,0.37751479235951924,13.28902732375269,-0.06550824638455573,0.024397249999162495,-1.3456873058846817,0.06486646431557073,0.8153365611813675,-0.08990549638371823,-1.4105537702002524
2014-06-26,27,-0.011154190180427345,0.15395075534571645,12.003105895663776,0.31683741592784676,-0.010350434332026348,0.19227815424986877,1.1090587509238692,-0.00549761702648305,0.3271878502598731,-0.9167805966740004
2014-06-30,10,0.17337843083236457,0.4394567754396862,20.647056203403537,-1.3087178770379724,0.34307397741614143,-1.1344643508406806,-0.3949371425180602,0.02747677633328026,-1.651791854454114,-0.7395272083226204
2014-07-02,12,-0.10790122501617072,0.6599564060095909,12.687822020517814,0.612712596085098,0.5711776789162863,0.12222406009454813,1.629286810676906,0.6542282546152572,0.041534917168811636,-1.507062750582358
2014-07-03,17,0.03324370539742886,0.5617937747431649,10.749025445458997,0.2168348769936289,-0.16432423726146556,0.20089967070910775,-1.0562215423672958,0.672525248413444,0.38115911425509447,1.2571212130764036
2014-07-08,10,0.05422663396349543,0.10324191524158277,22.402484639154917,-0.5793312655720043,0.0022964614098149668,-0.2504689835359748,0.6677525219516401,0.07521858647661618,-0.5816277269818193,-0.9182215054876149
2014-07-10,11,0.027625314703750254,0.06430401932514418,10.665178724302738,0.25045240848182027,0.03254150758786867,0.09246529360616441,0.12681772087811036,-0.11003385403646977,0.2179109008939516,-0.03435242727194594
2014-07-15,14,0.05081992285051121,0.30334265716986997,11.254962805515428,0.14918711482742636,-0.06053289725476562,0.3828867956868398,-0.9972314690691841,0.1027326159953681,0.209720012082192,1.380118264756024
2014-07-16,15,0.001687769102785662,0.5931847680021304,12.731297587865917,-0.13448568026086352,0.8487609274373246,0.542416003101808,0.3428732023357429,-0.6501975256975803,-0.9832466076981881,0.19954280076606512
2014-07-18,13,0.05005512797649919,0.6683785973649197,11.028337803108686,0.30126067765181946,0.006761007182726921,-0.1903821640130343,-1.2415875865770083,0.8225147383665179,0.29449967046909253,1.051205422563974
2014-07-22,15,-0.0009306014664735018,0.1154638961630996,9.889872724922212,0.29440801329021365,0.2683417909619936,0.2355391458367456,0.3408118061545326,-0.11118271224928163,0.026066222328220034,-0.10527266031778701
2014-07-23,14,0.019989981094854337,0.6749279621389295,10.132133595108975,0.7110631520465819,-0.8034091543233143,0.4024048428374824,0.08709180660684199,0.04312988217648514,1.5144723063698962,0.31531303623064044
2014-07-24,19,-0.0008383383380573625,0.07834771624404302,11.193181234995814,0.23727270762586763,0.17421244689810447,0.18059370163685184,0.5415980979413446,-0.1018200972559892,0.06306026072776316,-0.36100439630449277
2014-07-25,11,0.0734516739953811,0.7708127959052848,9.808864326180887,-0.5852967680883862,0.4368409831360122,-0.18966947905197204,-0.5343745029738644,0.25656293907982636,-1.0221377512243983,0.3447050239218923
2014-07-28,14,0.01770808307613405,0.8197078022534998,15.47048629820458,-1.3938402926549898,1.2591727160135415,-1.1065041909790911,1.835595514681576,-0.09025007319278908,-2.6530130086685313,-2.942099705660667
2014-07-29,15,0.043962667008892044,0.21732567262670632,10.748810458461797,-0.4342607732641157,0.08626758161905822,-0.5863840287628883,0.2749543902300173,0.3405428199111667,-0.520528354883174,-0.8613384189929056
2014-07-30,18,0.05269820794596989,0.1633391663198399,6.649152535541698,-0.48355973879589403,0.0759984861636561,-0.406932220393915,-0.07965085040425708,-0.002991162624506437,-0.5595582249595501,-0.32728136998965796
2014-07-31,21,0.005303959783613335,0.4124793514129813,12.017849040040767,0.5342617694373436,0.3657649501223865,0.5945939854442119,-0.2466025288209512,-0.47078448709475057,0.16849681931495708,0.8411965142651632
2014-08-01,11,0.24454743244326752,0.5545563228370011,11.072989395540757,-1.1686771242771754,-0.6929443759465712,-1.1478792848073114,-0.8626746173766564,-0.5078681113441718,-0.4757327483306042,-0.285204667430655
2014-08-05,12,0.026311600740659122,0.22525724335508768,8.392477652908674,0.06967169035381356,-0.2307023037863894,0.3820394406640903,-0.06707643020574382,0.2145891851984099,0.30037399414020294,0.4491158708698341
2014-08-06,12,-0.01901281462708436,0.6200919705212097,14.003079681153668,1.2628045240895027,-0.9138456095121174,1.403747899843394,-1.0900246640107158,0.7936254006399589,2.17665013360162,2.49377256385411
2014-08-07,17,0.03994721663699451,0.23045711943312142,9.5425703640561,0.42690615611617044,-0.21090702331149158,-0.3250187618521243,-0.626784130024713,0.3775983934143447,0.637813179427662,0.3017653681725887
2014-08-11,10,-0.08723612816788648,0.4119948869308445,20.191453262471818,1.2057990630708229,0.388021605586754,0.8406044487522727,0.4995173059504667,-0.18921986000258523,0.8177774574840688,0.341087142801806
2014-08-13,10,0.21300870875921296,0.35832232679186937,35.93583120989493,-2.252952756949089,0.16692690568702692,-2.4672058695301247,0.37107065039206005,0.9219868952158672,-2.4198796626361156,-2.838276519922185
2014-08-19,18,0.009551108939280127,0.07642078060004664,10.075229384852191,0.08608247569577072,0.3048642774989132,0.15408259656148512,0.05632506103362999,0.05480566739611495,-0.2187818018031425,0.09775753552785513
2014-08-20,16,-0.06672030986388573,0.6535546808865087,11.279301952769389,0.9186376076398003,0.6646774188027854,-0.27658143241093597,0.9542414595499434,0.874074862062748,0.2539601888370149,-1.2308228919608795
2014-08-21,18,0.02231199398046975,0.10808543442433505,10.128248119756378,-0.13909039888592695,0.03772242738555082,0.1876591699280592,0.38801073147751314,-0.2775337132021073,-0.17681282627147776,-0.20035156154945394
2014-08-22,14,-0.03417945523583926,0.17182010837595618,18.115223657430754,0.4694616130975673,0.3722792490364475,0.4749330195917302,0.7927175168767097,-0.15236665199898866,0.0971823640611198,-0.3177844972849795
2014-08-25,15,0.017624734392785404,0.6627011425024756,10.145215839520118,0.09188026043148714,-0.40907668844882217,0.3480614898631269,1.0254136755547814,-0.5850207691841286,0.5009569488803093,-0.6773521856916545
2014-08-26,20,-0.019574030237367743,0.39287023244829355,7.4451891396851275,0.2850882209156894,0.3892898317950424,0.2584999843439201,1.0055225515423072,-0.15543937910224737,-0.10420161087935298,-0.7470225671983871
2014-08-27,22,0.006544854243792809,0.23525663415232867,12.2114894121981,0.501929399980173,0.012485753529366622,0.09643655019141709,0.0031081065350763494,0.0980666030370827,0.4894436464508064,0.09332844365634074
2014-08-28,14,0.039089893121354004,0.4181852823440215,14.186900299625709,0.16090680317780445,-0.8492965532803445,-0.4599785072076802,0.5409413612706543,0.5129098886416535,1.010203356458149,-1.0009198684783345
2014-08-29,14,0.015069215957391692,0.47238615381369387,16.55980810633476,0.3402555719461704,0.46141383638558875,0.5138355970745537,-0.3911926979348637,-0.3462503542784149,-0.12115826443941835,0.9050282950094175
2014-09-02,13,0.027835106280730226,0.5333371193023463,10.597996567755674,-0.8445361937703845,0.7664276806391254,-0.7524294724045167,0.9037120918441617,0.20311313039262935,-1.6109638744095098,-1.6561415642486783
2014-09-03,17,-0.020240094689125368,0.3908671199086867,10.6475946704488,0.1036349413506163,0.24071084229803918,0.6025236932298046,0.4741948689891506,0.2670988735626521,-0.1370759009474229,0.128328824240654
2014-09-04,17,0.09795773697944152,0.5795152630000349,11.437057263906272,-0.5646468208474869,-0.34903536463261814,-1.1795576153458007,-0.8774441506223544,0.6401208941472497,-0.2156114562148687,-0.30211346472344636
2014-09-05,18,0.046620667938269064,0.25678751309174797,8.855567636371774,0.3561238589005726,-0.21897187093453716,-0.21508019051010202,-0.8479479123777677,0.247532069144147,0.5750957298351097,0.6328677218676657
2014-09-09,15,0.054201942029705415,0.33109611210618184,14.129667307246145,-0.293440928544607,-0.10419836659082066,-0.669991900742868,-0.003101538171688596,0.4446744731588221,-0.18924256195378636,-0.6668903625711794
2014-09-10,18,0.008188400239211283,0.194777846922359,10.170689675342015,0.39131166208830065,0.06798115433400641,0.36109227706891706,0.27368158311315177,-0.3888490852159814,0.3233305077542942,0.08741069395576528
2014-09-11,20,0.03902302766862733,0.2443670328600428,11.81905164111402,0.2829111027169283,0.07361213120252098,0.4007495248836284,-1.1013440729678647,-0.21684979258030734,0.20929897151440735,1.502093597851493
2014-09-12,11,0.05126417290774816,0.6036704090487082,10.84347788636079,-0.6363604740290153,0.870173737745042,-1.2424970611225705,0.9402792440107574,-0.059407250574672235,-1.5065342117740572,-2.182776305133328
2014-09-16,17,0.05788289395388078,0.21433950799419432,10.392877049873304,-0.537740803011347,0.1866635083993844,-0.7127520690587408,0.04563978533934977,0.05017118389940575,-0.7244043114107314,-0.7583918543980905
2014-09-18,10,-0.022025523351065807,0.8764477285379846,16.714590862281096,0.6570928532468735,-0.4594327222385644,0.8075064239220637,0.24995147082133798,0.185392441269605,1.116525575485438,0.5575549531007258
2014-09-19,14,-0.02633418632951725,0.41791779832708975,25.32766709334758,0.20893450187700333,0.7513163089307096,0.49544484058230964,0.4375552153344116,-0.1558936494979503,-0.5423818070537062,0.057889625247898036
2014-09-22,10,0.05666006497425361,0.505990878123521,11.729882125029906,-0.6094343970502443,0.14959225568759177,-0.5674374027396542,0.8568438655186182,0.03723437909861509,-0.759026652737836,-1.4242812682582724
2014-09-24,20,-0.00836581479725629,0.3515504959058662,10.103164089538575,0.31478345509271505,0.07164961931600847,0.8657843083399622,-0.25724597493183204,0.3396611840733988,0.24313383577670658,1.1230302832717942
2014-09-25,12,-0.008609053933472601,0.2739727689881575,15.799418063178193,0.09010965571180732,0.40664875545822293,0.3487694019312031,0.8071346816001606,-0.446045200298051,-0.3165390997464156,-0.45836527966895746
2014-09-29,13,0.06464699181741396,0.35155156171086,11.269640470795071,-0.5620921059896722,-0.1599403240266888,0.3149580729598671,-0.2794573841286622,0.005709953932396439,-0.4021517819629834,0.5944154570885294
2014-09-30,13,0.06862419686506661,0.3951861363767484,13.747470669859116,-0.772838196367886,-0.20758725302308537,-0.8156995626730671,0.5578820473147812,0.4540138462575255,-0.5652509433448006,-1.3735816099878484
2014-10-02,17,0.017842648264108148,0.3910336752604504,10.854667587334093,0.4334925155642644,-0.1458597146819489,0.030303764111038536,-0.3504605858517225,0.42587397987869086,0.5793522302462133,0.38076434996276104
2014-10-03,13,0.03822812178495156,0.15415850787659668,11.091697676781367,0.06779135074384592,0.059858648522184206,0.02916616701668095,-0.546427275649321,0.3956799429578695,0.00793270222166171,0.575593442666002
2014-10-07,16,0.054244807469057514,0.4500182517414725,13.58471808356916,0.2649125161943376,-0.06001392223385758,-0.2670774843922178,-0.37466557601607037,-0.2989893725620322,0.3249264384281952,0.10758809162385258
2014-10-09,13,-0.032091184354717375,0.40167158685595494,9.587184860481923,-0.0374422813083787,0.916657394160523,-0.2975371638218827,0.7701260028457787,0.48256684134660993,-0.9540996754689017,-1.0676631666676615
2014-10-14,20,0.03931079885375729,0.2502328052905285,9.008209567424942,-0.28684370426055567,-0.2977365731859986,-0.3340152699949337,0.25349614099092493,0.09266745230027247,0.010892868925442944,-0.5875114109858586
2014-10-15,19,0.03196699022312076,0.14669640175623522,10.650022567811716,-0.004561677759033281,0.18499954120969317,-0.14579290294335961,-0.5972298692317618,0.34783928024587435,-0.18956121896872646,0.4514369662884022
2014-10-16,17,-0.027188901598877414,0.2540494587010844,12.681959276146381,0.3992479887823811,0.5298534186085424,0.06555592242637891,0.8115777901155986,0.11818753442893318,-0.1306054298261613,-0.7460218676892197
2014-10-17,17,0.1379136978092942,0.34906271335115013,16.13768100312588,-0.6262941145905745,-0.42671415592804207,-1.3085054285138646,-1.41003693543481,0.08248490895128847,-0.19957995866253242,0.10153150692094526
2014-10-20,17,0.02165165527306302,0.11074936082690168,11.858168818623433,-0.016130756676110105,0.1289835501353897,0.32967102630797435,0.11405303121420285,-0.2927331302655986,-0.1451143068114998,0.2156179950937715
2014-10-21,16,0.04755581861032782,0.1954001872334098,11.596033288190869,-0.4370764385256418,-0.11030515951580717,-0.36505160901555184,0.2969527471540966,0.09369426437241395,-0.32677127900983466,-0.6620043561696485
2014-10-22,23,0.016164440135994,0.3103426458103591,9.58882819058682,0.38669464057605013,0.23157680513459591,0.5133886230261246,-0.4698615504581323,-0.40536276453436176,0.15511783544145422,0.9832501734842569
2014-10-23,17,0.11952819080920951,0.37051042936505285,12.059529479133088,-0.009927569708008082,-1.4007008367210045,-0.19908522417844707,-1.0490218314608382,-0.4052230254448255,1.3907732670129964,0.8499366072823911
2014-10-24,11,0.0036879446782985053,0.36281182760756014,9.773540816169088,0.4306066958896048,0.3110047654690524,-0.2002818322060105,0.3551331743237985,0.022402413600988432,0.1196019304205524,-0.555415006529809
2014-10-28,16,0.05330991352276725,0.35313301187855217,8.307950452698467,0.04964566315466331,-0.15256402806155217,0.2786569637960699,-0.2585981319036606,-0.623057699714071,0.2022096912162155,0.5372550956997305
2014-10-29,24,0.027721947528450117,0.35009569329404366,10.647532996220384,-0.796483333562135,0.3140050388705653,-0.43749634492585693,0.101597169820226,0.48772398843159537,-1.1104883724327004,-0.5390935147460829
2014-10-30,29,0.02092141559635871,0.16948506577931077,7.40733212331451,-0.029757728440687362,0.2297901600233458,-0.5493640035836572,0.0725418594853431,0.0633476079268504,-0.25954788846403315,-0.6219058630690003
2014-10-31,19,0.014175553963821651,0.2511398413570002,11.680924484311639,0.4449475960166656,-0.08566573879830994,0.9333465807131113,-0.8135780934429802,-0.01772139511370793,0.5306133348149755,1.7469246741560913
2014-11-03,21,0.016342020261016284,0.15900171930466223,9.964138027804484,0.06267358780191638,-0.026509666807194073,0.4526127720878988,-0.2011177258850643,0.025976181839759655,0.08918325460911046,0.6537304979729631
2014-11-04,10,0.08987924333577166,0.4105695228097117,17.08142896249045,-1.257881544294564,1.2547568520868053,-1.4778637827055565,1.048669281933791,-0.36526567373591123,-2.5126383963813694,-2.526533064639348
2014-11-05,15,0.0818828542634872,0.32134839166171136,8.00643665897124,-0.16585235247061106,-0.12080547932970437,-0.06677077533892328,-0.6962339031192254,-0.406823117646153,-0.04504687314090669,0.6294631277803021
2014-11-06,25,0.020728390222274736,0.23774959771654014,8.407128197223644,-0.04048518622609859,0.21494873654931443,0.41381163213442274,-0.3750145176624663,-0.249680175908908,-0.255433922775413,0.788826149796889
2014-11-07,14,0.04617907301614009,0.18706268786546798,8.903110858008574,-0.2542994710721055,0.032309040252035404,0.24558955180961273,0.058110558207091885,-0.3747237236485553,-0.2866085113241409,0.18747899360252085
2014-11-10,17,0.04462934371147022,0.19502457187873046,12.57084607255529,-0.4247412943407149,0.13965867130229664,-0.4026762820213812,0.5386070550463247,-0.3682458361765002,-0.5643999656430115,-0.9412833370677058
2014-11-11,13,0.07062612488351735,0.3873840900314871,11.53663210768562,-0.6495371855380754,0.09504126063492822,-1.200078839942867,0.23357236617364402,0.6847231517009228,-0.7445784461730036,-1.433651206116511
2014-11-12,20,0.009898622431961924,0.2362936905979578,10.20305299711539,-0.11009115501797963,0.22294443422284632,0.7529563863311443,-0.18531654832923022,-0.07643801448525663,-0.33303558924082594,0.9382729346603744
2014-11-13,17,0.02625087799651913,0.17729015391103442,10.605462374463668,0.21323939221812377,-0.2948670870004492,-0.05357395291923691,0.13639894597846788,0.10627284984144426,0.508106479218573,-0.1899728988977048
2014-11-14,13,0.06256078930702874,0.454336651266803,9.88607810114865,0.847899791834656,-0.8557013887539837,0.5791247046236506,-1.0722290359497935,-0.1256745937372743,1.7036011805886397,1.6513537405734442
2014-11-17,15,0.026049242898509396,0.30361154692149184,20.593890191043158,0.19098528311012705,0.2646336503546029,0.19738307164545232,0.035833123224322826,-0.4703124152897865,-0.07364836724447585,0.1615499484211295
2014-11-18,11,-0.11640862194779798,0.8785161979969743,10.156941881255742,1.4662572068481579,0.3401696474662406,1.3266487200228838,0.7785382142968614,-0.3506241057825877,1.1260875593819173,0.5481105057260224
2014-11-19,10,0.097431598210107,0.5461921787342006,10.184812566870928,-0.46933595168918285,-0.45534982371702376,-0.23089921696916255,0.3889786258260566,-0.18202559765282852,-0.01398612797215909,-0.6198778427952192
2014-11-20,16,0.006540876466629814,0.6542195391005212,9.076825113025334,-0.8431973157296835,0.6678957610242796,-0.2530006383129544,0.6273866951590586,0.5916074509271458,-1.511093076753963,-0.880387333472013
2014-11-24,14,0.07759699941537941,0.3355576061823967,10.700095943304376,0.08610611611999223,-0.25270370394601693,0.20995984958447136,-1.3934035366616517,0.17732529127258312,0.3388098200660092,1.6033633862461232
2014-11-25,13,0.05990342482916422,0.18157631180975942,16.429890653314835,0.565323093514,-0.4933369545069921,0.4849016042696638,-0.9771914954408168,-0.13718529339412408,1.0586600480209922,1.4620930997104806
2014-12-02,23,0.0685927895224437,0.3087825558327726,9.834845852372434,-0.8882571822958611,-0.3640933889663206,-0.6511401987722583,-0.6914176764265108,0.4396401284285407,-0.5241637933295406,0.04027747765425249
2014-12-04,14,-0.087452894347513,0.3945465881825071,15.078270672242434,0.9754370936333222,0.8416588189406753,1.504940820500902,0.2731461239635892,-0.14650181530812567,0.13377827469264691,1.2317946965373128
2014-12-08,29,0.02957421283499591,0.18700376156033216,8.699614606637775,-0.3027383605050091,0.0692490152700952,-0.39653157774521736,-0.4089546037882624,0.3236711823386308,-0.37198737577510427,0.012423026043045071
2014-12-09,15,0.04208727526348854,0.37277353637549593,12.770016626774433,0.09909072769096983,-0.45385430576261443,0.5229186083835493,-0.9836723516201475,0.5528990634035874,0.5529450334535843,1.5065909600036969
2014-12-10,23,0.02673446865589342,0.2981456373097797,9.58064350077182,0.05520137141335067,-0.509496385022525,-0.06855093019633492,-0.16186627380224217,0.45492665943665395,0.5646977564358757,0.09331534360590725
2014-12-12,22,-0.0070151835407495705,0.2538046934252056,11.098058745605112,0.0081822004596598,0.027893746787246508,0.2607668606739513,0.5492686047536195,0.46255666311850435,-0.019711546327586708,-0.2885017440796682
2014-12-17,18,0.009833800296194212,0.38825273667979154,8.934493170060628,-0.024257258839627222,-0.1506574276779751,0.582093136263379,0.052319942725378946,0.18648479686585273,0.12640016883834787,0.529773193538
2014-12-18,17,0.03342127199880796,0.26521982805039057,8.400565971721171,0.02166497595444032,-0.3237679105529127,-0.08976022504958107,-0.23960420435834737,0.4951441160469285,0.34543288650735304,0.1498439793087663
2014-12-19,12,-0.026218325906829584,0.6069317413642912,14.058799186002672,-0.2503323919875569,1.3617360740208855,-0.1572861364442556,1.292918016131537,-0.6177957399566997,-1.6120684660084423,-1.4502041525757927
2014-12-23,25,0.0517291142589835,0.3927463127697357,8.14581833041408,-0.24551389491385156,-0.06275067050411257,-0.5102212146510631,-0.19712908701277804,-0.5708408458673699,-0.182763224409739,-0.31309212763828503
2014-12-26,19,-0.001001049500231124,0.21691192018613603,12.582861318141028,0.5515970600792017,-0.2105876506610217,0.7051270851553072,-0.049631551120215146,0.04153493755550944,0.7621847107402234,0.7547586362755223
2014-12-29,34,0.032341380025933945,0.14310422288146563,13.327066406019556,-0.2947561794714413,-0.01575967844653695,-0.42678506722630233,-0.5164865941824108,0.05457367756318371,-0.2789965010249043,0.0897015269561085
2014-12-30,18,0.11976279063423542,0.49257348843518056,11.270448110490799,-0.673073138386656,-0.41725720138972483,-1.3252180269766047,-0.9981256874785696,0.10221359139907875,-0.2558159369969311,-0.3270923394980352
2014-12-31,19,0.04222437657671666,0.27021052709374915,12.668922612871773,0.23536369635378668,-0.31493513490032465,-0.4419199467649628,0.06068824559472355,-0.14372317019845635,0.5502988312541113,-0.5026081923596863
2015-01-06,20,-0.006913457792862701,0.34406880036253307,8.475115481053777,0.3040743379117757,-0.1431011866363916,0.2743008198289203,0.8155965859550888,0.02566775465511334,0.4471755245481673,-0.5412957661261685
2015-01-07,27,0.01252787074799288,0.19857752198402834,9.389032378257838,0.2727364077722592,0.023641318079936868,-0.20470598074037538,-0.02314407348386169,0.2549673079804268,0.24909508969232236,-0.1815619072565137
2015-01-08,15,0.037071220217032325,0.5825061825443831,9.603952567786202,-0.5213424800279923,0.03791354370600678,-0.8890588101485342,0.6703652939342973,0.5899858460252515,-0.5592560237339991,-1.5594241040828316
2015-01-09,13,0.016798229409779635,0.5881856985946468,12.702410869889798,-0.09286914394821708,0.5325739713830588,0.4839963999368142,0.34386210558157343,-0.7043172976075006,-0.625443115331276,0.14013429435524077
2015-01-12,14,-0.008213462929427949,0.24064253769805555,14.857326432323644,0.4022069325995748,0.021172086578803654,0.39547261731159,0.6365026986190485,-0.22537737308503475,0.38103484602077115,-0.2410300813074585
2015-01-13,17,0.02465180609492906,0.6539652429570773,7.626807539561881,-0.10477548379045759,0.6783906776645252,-0.15084913847834264,-0.1436286702383861,-0.11729879238492744,-0.7831661614549827,-0.0072204682399565345
2015-01-15,15,0.023685039732692672,0.39726179802152084,11.121502709928812,-0.19731014059260618,0.5663961995410326,0.34651069335220136,-0.3993378610681509,-0.026810083213257018,-0.7637063401336388,0.7458485544203522
2015-01-16,16,0.041370036011625484,0.3250890000116271,11.92720034935357,1.1166928967848269,-0.7826015844993801,0.2773923700742334,-0.5008361081752234,-0.4344887265564697,1.899294481284207,0.7782284782494568
2015-01-20,19,0.04009711985279536,0.14776866397544663,10.210622845669262,0.3051851654801261,-0.4363555712373645,0.33509218833243093,-0.49989654326435506,-0.22771579371706052,0.7415407367174907,0.834988731596786
2015-01-21,15,0.09336905775282678,0.3393331984571908,11.912024400631008,-0.49580958477523845,-0.017749469005757756,-1.4476878417019048,-0.5613147531861392,0.7214899160842374,-0.4780601157694807,-0.8863730885157656
2015-01-22,13,0.05190476918292142,0.2965740281636542,7.908227026969297,0.37536760511076145,-0.4318269573444995,0.1331928360860357,-0.39356476602706003,-0.03269271658119286,0.807194562455261,0.5267576021130957
2015-01-23,18,0.03840160217135844,0.505267733172059,8.435393751551414,-0.3783809133492738,0.4860135673663427,-0.3145203336674457,-0.2971863728884105,0.12161637436988385,-0.8643944807156165,-0.017333960779035207
2015-01-26,18,0.03441428178999017,0.05801144082117171,8.186161340922657,0.16762298168639508,-0.06889823364563397,0.15468163068409016,-0.3033165901970295,-0.18900393296746845,0.23652121533202905,0.45799822088111963
2015-01-27,14,-0.08515892384588217,0.7103894577447474,12.698145653387247,1.7800758915835717,-0.3614820259414385,1.8122377195049433,-0.5949726097108355,0.7485908922484567,2.1415579175250103,2.4072103292157787
2015-01-28,30,0.0044422562899994,0.14903611526238847,9.18378214924227,0.0505075768708833,0.1511050098662596,-0.1385418977052193,0.5231809115358474,0.1472130220322629,-0.1005974329953763,-0.6617228092410667
2015-01-29,23,0.0568985986008429,0.23018299820702615,8.329687565564067,-0.22647589776869986,-0.4542808292163847,-0.666865651175803,-0.38021518630661466,0.1105020288287305,0.22780493144768482,-0.2866504648691883
2015-01-30,24,-0.015946797480240187,0.27522276934361767,11.636688000777493,0.3535093339432977,-0.0028729658918147287,0.757888284935316,0.9662554456407125,-0.30933381957598327,0.35638229983511244,-0.20836716070539651
2015-02-02,29,0.047753408332198044,0.2348929989752584,9.383433469310406,-0.3720755198967687,-0.3515715053040715,-0.26566971033616815,-0.8915837269000254,0.11120277916954473,-0.020504014592697184,0.6259140165638573
2015-02-03,24,0.02868677614784595,0.29950899461091973,8.137500491151261,-0.4497525193095911,0.37185981126145207,-0.2836650718225805,-0.1569783388010877,0.14157086357520143,-0.8216123305710432,-0.1266867330214928
2015-02-04,22,0.02707877010152489,0.3579515670783391,9.064934626800728,0.3046607596857155,0.00803930463500864,-0.5215553301785597,-0.016426818247938194,0.033816199638678573,0.29662145505070686,-0.5051285119306215
2015-02-05,24,0.00039122738314744434,0.39899341171571134,9.763212850627895,0.13228695488509631,0.5281677707182251,0.609409437062129,0.301202952928898,-0.5898460299854261,-0.39588081583312873,0.30820648413323104
2015-02-06,22,0.02876116005481941,0.2826938682522394,9.0129766728871,0.4702434024128664,-0.13199544220536436,0.49641426759366175,-0.9351005726165541,-0.1650526975966627,0.6022388446182307,1.4315148402102158
2015-02-09,21,0.018270255223150827,0.4719100471753681,9.145183666161586,0.5062258423369884,-0.5598726445746657,0.38962027785023173,-0.05886551319696499,-0.04445868178792508,1.066098486911654,0.4484857910471967
2015-02-10,13,0.09604610333769775,0.4246650640661822,9.382252990037315,-0.7190925583652721,-0.002389667090003046,-1.0014356568410792,-0.1756117020652209,0.40133089758143536,-0.716702891275269,-0.8258239547758582
2015-02-11,21,0.040039932659226306,0.4594479642912839,9.316189806198505,0.3946199898943131,-0.44154447286023896,0.582977200910564,-1.050830592412309,-0.16689929721983693,0.836164462754552,1.633807793322873
2015-02-12,23,0.02865526926394097,0.1912530253546909,11.626208646381638,-0.20255661872606007,-0.21768168118486475,0.18837185806387843,0.16683976744479642,-0.2531157117390354,0.015125062458804683,0.02153209061908201
2015-02-13,11,0.10702734230972318,0.5839892630211675,13.655064227552469,-0.4200269902014518,-0.611990903775216,-0.38515981124704535,-0.411552903565426,0.47412907797522774,0.19196391357376424,0.026393092318380662
2015-02-17,24,0.023196625021348904,0.3088233028519649,9.98214045265008,-0.09569866643341086,-0.265930855323735,0.4553304821080053,-0.3220165846065096,0.11487762323090304,0.17023218889032415,0.7773470667145149
2015-02-18,20,-0.003257911184502315,0.19028238242121065,12.800542076972473,-0.12573099881862215,0.29896154702429556,-0.22129743955969328,1.1831044728607119,-0.00472113412659744,-0.4246925458429177,-1.404401912420405
2015-02-19,20,0.024922095740848724,0.19078870016636118,7.60270117462798,0.4394203084346069,-0.2740783903107367,0.33196666703128025,-0.30732624990229923,-0.18686616488679947,0.7134986987453436,0.6392929169335795
2015-02-20,26,0.020314549302929946,0.043750187917464434,9.574578010022767,0.041522377775371946,-0.014585314071595667,-0.26381954957531734,0.08671957741479226,0.09380634470439218,0.056107691846967615,-0.3505391269901096
2015-02-23,19,0.053081533680728876,0.48055130436796567,11.702528175721335,-0.3844102986118052,-0.6985881644929173,0.005452359464589701,-0.643279100424664,0.7037269241970979,0.3141778658811121,0.6487314598892536
2015-02-24,23,0.007424774126915706,0.27461379072595227,10.148139097497921,0.5746597225124259,-0.3784767512244021,0.45986702545601593,0.12936803547251483,-0.12695764205467622,0.953136473736828,0.33049898998350113
2015-02-25,32,-9.318574694394902e-05,0.22861368589150777,9.915004313211984,0.09885479310911147,-0.001699285169375275,0.46394808887386607,0.3394468629613091,0.10541342802950275,0.10055407827848674,0.12450122591255697
2015-02-26,32,-0.005231452558939052,0.2665837481307074,8.64447708110138,0.2683916526710024,0.3965501881076296,0.32805654238306003,0.034833351658080526,0.3069812289523265,-0.1281585354366272,0.2932231907249795
2015-02-27,16,-0.01585530866144446,0.2777337429396147,10.859046283017996,0.04478265170043914,0.21529971263108028,0.25913803763756654,0.8677930642021882,0.12035641099494708,-0.17051706093064115,-0.6086550265646216
2015-03-02,21,0.01983888106841584,0.41713883128537343,8.560116715907435,0.3375000281762491,-0.34140122484654745,-0.2521410269007594,0.38756131692589935,0.03524790177169375,0.6789012530227965,-0.6397023438266587
2015-03-03,15,0.11489014723056092,0.4589103845219902,19.013264677249097,-0.4309918195668043,-0.35243799929727837,-0.3021485841945114,-0.8201077726538113,-0.5410182412044229,-0.07855382026952595,0.5179591884592999
2015-03-04,17,0.01605724954186695,0.21133763810310824,9.827111530401492,0.16985527938599032,0.2002212620611953,-0.1625821392154606,0.6028261912706862,-0.3562670779258864,-0.03036598267520499,-0.7654083304861468
2015-03-05,14,0.07043366467348759,0.2077864640475372,14.381008180891827,-0.7098989399936385,0.01557413093378447,-0.6557623827955074,0.1227982988928811,0.2551462821048272,-0.725473070927423,-0.7785606816883884
2015-03-06,20,0.003072049237592191,0.3816702888937512,9.566107820527652,-0.06260187160635368,0.18432182668546707,-0.3638872725192081,0.5878958721336767,0.5313894758027303,-0.24692369829182076,-0.9517831446528848
2015-03-09,18,-0.0019447022981393474,0.3363142044836802,11.842935965126637,0.3115610301468253,0.1981474676579428,-0.18237049248214723,1.0039554296901494,-0.26128415227975527,0.11341356248888249,-1.1863259221722966
2015-03-10,21,0.005368533516954298,0.17994827400610225,13.658965649399825,0.23307358973634787,-0.24666781477652966,-0.35623102865789175,1.1417160115732514,0.002630834412741977,0.4797414045128775,-1.4979470402311432
2015-03-11,26,0.04035450835733688,0.17156964490783266,10.500006841366506,-0.054841846106157444,-0.38398268618284825,-0.3995983449341363,-0.33706325360299505,0.07705169624461973,0.3291408400766908,-0.06253509133114127
2015-03-12,15,0.09644591980888739,0.5904196815107485,9.838882098744117,-0.34783712310786274,-0.27530084529673,-0.7256515955846278,-0.9804517526759029,0.4358637223985031,-0.07253627781113275,0.2548001570912751
2015-03-16,12,-0.03237024035781341,0.35822366533683125,9.09986044461853,0.4803028372114277,-0.031556018518488674,0.38143584258713914,0.6150711751664477,0.3316319321409946,0.5118588557299164,-0.23363533257930857
2015-03-17,15,0.06413367825190638,0.4562138922649063,9.45492656655949,-0.7091108364984147,-0.06969436433957196,-0.753837910233019,0.6593171732156555,-0.05068440970184131,-0.6394164721588427,-1.4131550834486746
2015-03-18,27,0.056522189289397944,0.22835316850630238,12.202365313286439,-0.3591072056530254,-0.36752935875675563,-0.15878587387316792,-1.2244760112690374,0.057700227924494626,0.008422153103730234,1.0656901373958694
2015-03-19,18,0.0389762695001038,0.13639226039200836,8.902912323446781,-0.08315879843590634,0.22334497428374805,-0.37290200648548344,-0.3294260229646493,0.15899615159855374,-0.3065037727196544,-0.04347598352083415
2015-03-20,13,0.12630004248337726,0.516513695015617,10.47019708701584,-0.34831611138700497,-0.3144109365217137,-0.9316767955544092,-0.675851397492883,-0.013545863611795207,-0.033905174865291265,-0.25582539806152615
2015-03-23,20,0.015610856791353777,0.09196482114971216,10.849829749791153,0.3939975924176918,0.17784656760298276,0.05851810337889587,-0.09300413096812521,-0.1617924040855957,0.21615102481470902,0.15152223434702108
2015-03-24,19,0.017634331253568194,0.531186364424111,10.20517548094638,-0.5231840315801861,0.6669573329467279,-0.52928875996907,1.0693454439652925,-0.3539345729983547,-1.190141364526914,-1.5986342039343624
2015-03-26,13,0.058111085969526084,0.15289353591093324,10.55787654345712,0.1378605267492002,-0.4927217478424414,0.2108650816294297,-0.6806017160679935,0.31370962032412975,0.6305822745916416,0.8914667976974232
2015-03-27,27,-0.029760144138265925,0.4398486411794481,9.383711852747918,0.4924224716429536,0.36202105236530724,0.7813576750253021,0.8448003567222517,0.12644622771054706,0.13040141927764637,-0.06344268169694967
2015-03-30,16,0.044206889647772606,0.39976124731054163,15.883953445863364,0.1126826056587786,-0.6549176209815006,0.7188840398646904,-0.6865188958844024,0.09524940261371007,0.7676002266402793,1.405402935749093
2015-03-31,13,0.0991298067203238,0.3526305826801418,7.911531528004031,-0.6114520962105623,-0.5026786606928166,-0.31938191669345756,-0.11578942764147386,-0.028072873490105718,-0.10877343551774565,-0.20359248905198368
2015-04-01,20,-0.015775151679951107,0.2661229229304859,9.371107923492396,0.18610707463628154,0.5853501915950364,-0.013223002381133726,0.6340265344678715,0.23874526887998815,-0.3992431169587549,-0.6472495368490052
2015-04-02,15,-0.009376624541239012,0.5849629706177795,11.337111780678155,0.19113948764405406,0.11401907413540152,1.0742501943133431,-0.3684947408372571,0.2703847209816276,0.07712041350865254,1.4427449351506003
2015-04-06,17,0.01316244108677759,0.4284953534315732,10.385150394527747,0.32261992965013714,-0.17355783987716675,0.04059611884594585,0.703573109256539,-0.3407543148258918,0.49617776952730386,-0.6629769904105932
2015-04-07,23,0.02881782265970492,0.18373245564184348,9.918215609015824,-0.043484400179341694,0.3719879175909316,-0.05352412202786581,-0.23208053372840393,-0.3685187040017466,-0.41547231777027327,0.17855641170053813
2015-04-09,16,0.08118922435241782,0.2982346681398107,9.047750274314097,-0.30661795976545214,-0.5977818910336872,-0.041514673854254974,-0.8133043122447361,0.16116365762076032,0.29116393126823503,0.7717896383904811
2015-04-10,17,-0.0019870052393243204,0.14139974872203454,14.58502081171314,0.21153162489188748,0.22993242937449673,0.18564888972328683,0.6884811154636389,-0.24803588131628226,-0.01840080448260925,-0.502832225740352
2015-04-13,16,0.0538773396687471,0.19454143649148847,14.616709629186943,-0.010226050429617948,-0.06167063198325937,0.2854140643917946,-1.0966951192079988,0.1591028678291747,0.05144458155364143,1.3821091835997934
2015-04-14,18,0.01147921556902371,0.45584172570614034,15.254092567158754,0.22050750520307746,-0.4064170605592192,0.444842975901418,0.31485756518506736,0.012957253784801847,0.6269245657622967,0.12998541071635067
2015-04-15,22,0.030689521787470635,0.36616213485542004,10.677347926274033,0.09410707131071636,0.0975582508015252,0.14510911337268195,-0.014916836198269418,-0.6721965579353616,-0.0034511794908088506,0.16002594957095137
2015-04-16,26,0.016715147780243023,0.06948853214665973,9.70418892824715,-0.20342860166497478,0.13038346246970892,-0.20031031095332544,0.18399082400484618,0.22017694157110856,-0.3338120641346837,-0.38430113495817164
2015-04-17,13,-0.02356877984026554,0.19276292846893917,15.409573329419574,0.9782135094987884,-0.03368152912365362,0.9894166371674022,-0.22579482459448,-0.0953655171011528,1.011895038622442,1.2152114617618823
2015-04-20,21,0.009045198151067864,0.2202318790109017,12.625529335790516,-0.0388770884761441,0.24662661997838128,0.3901206468292329,-0.012392215882659981,0.0346237152063387,-0.2855037084545254,0.4025128627118929
2015-04-21,21,-0.015448201730920035,0.268987527613914,10.269285669546147,0.6367083453479297,0.38047189105104584,0.44122128463213356,0.560897270529005,-0.3704743188614732,0.2562364542968839,-0.1196759858968714
2015-04-22,22,0.029564659066569975,0.1661855611841172,9.128126927736039,0.05354283932181349,-0.45350999989017027,0.23383832047799527,-0.20934868341306423,0.07463252457434684,0.5070528392119837,0.44318700389105947
2015-04-23,25,0.012046208758014041,0.2682250275286646,10.490780405798318,0.2809743257405701,-0.06549978147468556,0.24900483408093127,0.4130076887003544,-0.4797975049478724,0.3464741072152556,-0.16400285461942316
2015-04-24,20,-0.009395212165241038,0.1931188392402463,10.824318763472608,-0.06110317420652104,0.43310578321609505,0.030105218257235593,0.7974085195364784,0.17629213980635272,-0.4942089574226161,-0.7673033012792428
2015-04-27,33,0.03459014984702517,0.19709580069899435,8.550943938330152,-0.38364388128749244,-0.09987968428880198,-0.3506706075922969,-0.21907372649286128,-0.22968199024220723,-0.2837641969986905,-0.13159688109943563
2015-04-28,41,0.015122455368621647,0.04387004998950228,9.716813970582969,0.04742743749157927,-0.21945628313408172,0.06336832565435485,-0.06309130900785839,-0.06828951123096966,0.266883720625661,0.12645963466221324
2015-04-29,30,-0.009181251235923265,0.21657595292734433,9.273109922740261,0.7007255444569718,0.20752076257960406,0.5311318454432307,0.043446030686082084,0.06805089098950784,0.4932047818773677,0.48768581475714856
2015-04-30,31,0.024943370140970787,0.19755933279082316,9.730362683509915,-0.49677152846741,0.23730032010496632,-0.15688898831754505,0.07740597288753794,-0.20753472494773717,-0.7340718485723763,-0.23429496120508297
2015-05-01,25,0.06303477123262151,0.27813421758167567,10.373745727710341,-0.12454733848475733,-0.7637996288714918,-0.10683622664357396,-0.9026841498627403,-0.25387121776851196,0.6392522903867345,0.7958479232191663
2015-05-04,35,0.017070453532408363,0.06549545697866677,11.040720690215224,-0.421113709709685,0.27184815831912346,-0.44344849375403406,0.4102109001643129,-0.012428602288303149,-0.6929618680288084,-0.853659393918347
2015-05-05,33,0.01836116288106555,0.05339597663583573,9.382015794916347,-0.22019448340058903,0.12176215966921633,-0.1487596788361753,0.17115315813646678,-0.13579790571924602,-0.34195664306980533,-0.31991283697264206
2015-05-06,20,0.004612559446726597,0.1593096889129746,10.46408539014948,0.5985987420055048,0.01664919174523426,0.41385669555090754,-0.29170520972895064,0.07809820255824095,0.5819495502602705,0.7055619052798582
2015-05-07,33,0.019660220232642592,0.023186626473151506,10.41371920005278,-0.030264693414485688,0.04046570352988516,-0.0733225551516469,-0.2383901498646076,0.003937159546444895,-0.07073039694437085,0.1650675947129607
2015-05-08,21,0.004266890006737701,0.08756217285749779,8.93219508169667,0.12705584566906006,0.29672170448537266,-0.0805747649833924,0.4922126372634903,-0.0146248027175141,-0.1696658588163126,-0.5727874022468827
2015-05-11,23,0.02579072381618881,0.15343090480749855,8.016792705236176,0.18348964219794434,-0.2414530214812598,0.39152976040475035,-0.2723670221234077,-0.24757265454271374,0.42494266367920414,0.6638967825281581
2015-05-12,24,0.01784920653173956,0.30522454467235505,9.27001193234152,0.17558141576648414,-0.549598891967846,0.6326118677488614,-0.18648463260135353,0.07112832753035428,0.7251803077343301,0.8190965003502149
2015-05-13,29,0.006663784642700693,0.2781061833623505,8.451900323369902,-0.3632582073441406,0.352994610885287,-0.1667800023179807,0.8958275620896402,-0.10528347258944513,-0.7162528182294277,-1.062607564407621
2015-05-14,17,0.05429495025798526,0.5542441659670911,9.091356986826685,-0.8579107514172368,0.6592178468068229,-0.4015052230772959,-0.08559643696868992,-0.16023374411509994,-1.5171285982240597,-0.315908786108606
2015-05-15,16,-0.09951912135873467,0.5811609439278415,10.817132673101662,0.7736077563537648,0.9126150024015921,1.1897121322658673,1.3818229420669996,-0.07314594960871447,-0.13900724604782733,-0.19211080980113238
2015-05-18,17,0.07452714842789666,0.6493517304021112,9.983934016829428,-0.38874927409381266,0.792444163488956,-1.5471659184348472,-0.5161926184114912,0.12574060090270708,-1.1811934375827686,-1.0309733000233559
2015-05-19,36,0.021227948202538403,0.17258216428126238,10.005336469737916,0.24717789259784517,-0.3192200532403043,-0.20811879124274701,-0.3319500492998763,0.08369873060231653,0.5663979458381494,0.1238312580571293
2015-05-20,24,0.030938805965886947,0.2112338633031432,9.417151374273784,0.3622318386799159,-0.36223515675996937,0.5013483554758049,-0.554411721083396,-0.43199600267492705,0.7244669954398852,1.055760076559201
2015-05-21,24,0.02813498608310973,0.13186260753751367,9.719102822362409,-0.12437223471404368,-0.1488041252837075,-0.12447941424615029,-0.3706884127621692,0.4178648550168033,0.024431890569663828,0.2462089985160189
2015-05-22,16,-0.05495214265788603,0.5551767728014694,10.099845192472207,0.5364645593197954,0.6433506271921837,0.09314007317952866,1.3547282681948691,0.13078503716597598,-0.1068860678723883,-1.2615881950153405
2015-05-26,24,0.009648283022359263,0.1298430566469676,13.511860173657457,0.2636980725185312,-0.13360807391222732,0.14605960800300719,0.1626886873794879,0.09804412093795638,0.39730614643075857,-0.016629079376480727
2015-05-27,33,0.017745804516772018,0.25002892108960306,9.942618804013948,-0.18586528753209855,0.22354715251526983,-0.19343709000680454,-0.4041159671825375,0.38864809409921824,-0.4094124400473684,0.21067887717573297
2015-05-28,23,0.04395727505022592,0.33166200368103094,8.417414686028817,-0.07824345875203663,-0.4299909527747243,0.20848051952447486,-1.0340709602310239,0.31179019992291584,0.3517474940226877,1.2425514797554986
2015-05-29,13,0.07667618890733181,0.7652181049563398,10.940802508404957,0.6286888591688156,-0.7613573959477036,0.3031375854824186,-0.4090786663900344,-0.7549712939041221,1.3900462551165191,0.712216251872453
2015-06-01,19,0.045567196197764115,0.38842748755381906,10.6703418375947,-0.07535185441312028,-0.29031217240043544,-0.6761617905532344,0.07538638232646165,0.2348859795252926,0.21496031798731516,-0.7515481728796961
2015-06-02,14,0.05964493198917578,0.3863068868885722,14.200167981074696,-0.5401078694935948,-0.3910360311671784,-0.5160870849673657,0.22604918333204685,0.5511237065991698,-0.1490718383264164,-0.7421362682994125
2015-06-03,16,0.006907303240099166,0.435522628844915,9.35076486245567,0.18112983569156918,-0.6655579478272808,0.8794425237054159,0.10652534192042157,0.2774265428267015,0.84668778351885,0.7729171817849942
2015-06-04,22,0.030740672386004572,0.2486057311294544,9.120767788489779,0.008246853622374109,-0.015619012567578049,-0.49023688222119044,-0.07452474242971692,0.2195441986119093,0.023865866189952158,-0.41571213979147353
2015-06-05,22,0.04505816553324031,0.06903105305517954,10.42833986874173,-0.20347629503662915,-0.0650894789475674,-0.26576317931228566,-0.4237582917887484,-0.02447203837734287,-0.13838681608906173,0.15799511247646275
2015-06-08,21,0.012793467949280532,0.3148459949774628,11.197252246084108,-0.15342325379273528,0.052276057096492586,-0.3664654981646458,0.28772816475003765,0.6425588762410667,-0.20569931088922785,-0.6541936629146834
2015-06-09,27,0.014007753925230777,0.1486332749975099,9.463790754441586,0.36002943681918914,0.28733223350881903,-0.04941924895604336,-0.046496531638451306,-0.30786460169597485,0.0726972033103701,-0.002922717317592055
2015-06-10,15,0.046897735907788514,0.27589800661972563,11.124001981262515,0.1358418594081464,-0.0898861301693216,-0.024667026504159334,-0.6264490870821177,0.19822830711379646,0.22572798957746798,0.6017820605779584
2015-06-11,29,0.027563313915755165,0.36673603614435946,8.231817343952326,-0.47821043782740913,-0.3197233861444574,-0.3539732327299721,0.06220804007192867,0.4910268095161111,-0.15848705168295174,-0.41618127280190076
2015-06-16,13,0.10676774142053885,0.4443761922624484,15.27344477283773,-0.7291510203720397,-0.20167985438231648,-0.7666543428710694,-0.6293940593886269,0.5509180000800455,-0.5274711659897232,-0.13726028348244246
2015-06-17,23,0.01850074567112857,0.04378160191693348,8.718468063720172,0.03169423651884833,-0.012409985087707758,-0.09913120292595606,-0.0036340140894266515,0.2324466647123274,0.04410422160655609,-0.09549718883652941
2015-06-18,15,0.043841179911174935,0.5137293915686132,13.80841082280992,-0.1311905972966854,0.3387405392450711,-0.556701483670769,-0.3643411576945832,0.3982573020817184,-0.46993113654175644,-0.1923603259761858
2015-06-22,19,0.018020343910038462,0.5482593252263787,8.738127145373392,0.3883042684813817,0.30035387415426545,-0.8814817833030482,-0.0023406203773965466,0.5103911924633358,0.08795039432711627,-0.8791411629256516
2015-06-23,14,0.015887084304788433,0.2299474793166103,10.449619748809212,0.19886547985795996,0.14609331041779197,-0.1534064648396218,-0.0022388720205452936,0.36584818605033864,0.05277216944016799,-0.15116759281907652
2015-06-24,25,0.0057672172755597936,0.299043648604413,11.270401470893399,-0.03357609600718985,0.35624777782718825,0.35337725667593517,-0.13615254749025224,0.17174274521632887,-0.3898238738343781,0.4895298041661874
2015-06-25,10,0.07034894603835615,0.3536199604963861,16.893205887474473,-0.27823152865138706,-0.22906041099482244,-0.006710787663473707,-0.34170307407431566,0.44872688061687604,-0.04917111765656462,0.33499228641084194
2015-06-29,27,0.01722497941406818,0.3187762939653511,8.944241279347526,0.09904762358418011,0.25227593870531767,-0.3924526811506939,-0.44107193776425385,0.5520521682657678,-0.15322831512113755,0.048619256613559925
2015-06-30,25,0.0259108416216292,0.1325197004861084,10.043760398645777,-0.5468472256391192,0.3267424208517493,-0.5242217551195991,0.5048770318462005,-0.05609255302069005,-0.8735896464908686,-1.0290987869657995
2015-07-01,23,0.04233298860668375,0.097005200262261,8.77978491442315,-0.17269948706715849,-0.35445769778535985,-0.07660634840770321,-0.22408148459963917,-0.11947245804759268,0.18175821071820136,0.14747513619193597
2015-07-02,26,0.03582954059003553,0.10547014750370576,10.67418887288251,-0.05965128845766115,-0.25311659785033674,-0.20916847465415045,-0.4665332194316829,0.12533346971198267,0.1934653093926756,0.25736474477753246
2015-07-06,23,-0.005407629814843442,0.5487594820768438,11.774609991366376,0.1962124820467893,0.8103774450921365,-0.604521328684684,1.1094218454647262,-0.2627394724361699,-0.6141649630453472,-1.7139431741494102
2015-07-07,12,-0.00021561691138050008,0.7130094232570199,14.47126942709813,0.138087442958045,0.15581980615372623,-1.1453117153507795,1.1412654097886938,0.7153138623234458,-0.017732363195681222,-2.2865771251394733
2015-07-08,26,0.008589003351141567,0.26295997370528224,8.840152697944202,0.32517892954482314,0.09389135373437857,0.18864708315572842,-0.3498152977488392,0.295469757054548,0.23128757581044457,0.5384623809045677
2015-07-09,22,0.012296260599265913,0.14277752039050062,9.345012849258461,0.3147964482458944,-0.03669674093232187,-0.05704463900734923,0.19618654353820006,0.04172292178787637,0.3514931891782163,-0.25323118254554927
2015-07-13,26,0.026451786803683878,0.050266442955964274,9.455195895885595,-0.10933046021269914,-0.15756514153649814,0.06658061555083594,-0.001744683210600627,-0.1734332443826011,0.048234681323799,0.06832529876143657
2015-07-14,17,0.04208111046565784,0.15404354067229942,8.600885793609217,-0.3176082459532928,0.036287458830566555,-0.1357332363113419,0.1567472033898286,-0.17045093578812642,-0.35389570478385934,-0.2924804397011705
2015-07-15,18,0.05651803172274169,0.35717008609355005,9.080551954702416,0.04409122805891986,-0.7582253331152365,0.19165386991763708,-0.5535359912341176,0.041367084354094676,0.8023165611741564,0.7451898611517547
2015-07-17,18,0.0423407223379509,0.1967847110529778,8.913584359368178,-0.04053908558542965,-0.4708853172374113,-0.10025726563278549,-0.13135983715659777,0.21877550144599062,0.4303462316519816,0.03110257152381228
2015-07-20,16,0.006348082797249023,0.5503113045499868,8.511584788599775,-0.03710434795303455,0.7685067125990596,-0.3117199516699936,-0.047664843188401224,0.4248437807004026,-0.8056110605520941,-0.2640551084815924
2015-07-21,19,-0.042595174037779404,0.4030342503210055,11.126719080808458,0.55377039599249,0.4690092933535484,0.5039118479531067,1.1286913555607763,-0.0367662794243028,0.0847611026389416,-0.6247795076076695
2015-07-22,26,0.0004921622563371105,0.11991516743922048,9.93033523351144,0.5943602904071715,-0.062472513498554365,0.5808926949964855,-0.2789670846006423,0.14059417536600963,0.6568328039057258,0.8598597795971279
2015-07-23,19,0.033123592624505704,0.39702441460663573,9.972924475875,0.005971731415988921,0.2654501175021708,0.47753255513510096,-0.9206271119679679,-0.08702381181650884,-0.25947838608618184,1.398159667103069
2015-07-24,18,0.05760364168407338,0.21321228461245412,10.364935836872029,-0.41477617757087454,-0.2503792791203238,-0.5403690007622628,-0.298155683421389,0.4299490402482094,-0.16439689845055072,-0.2422133173408738
2015-07-27,18,0.021681541100336866,0.370148192209954,13.435965855110753,-0.11109816407896558,0.013539026809268355,-0.11273973786830578,-0.16757916267596423,0.5973425582018395,-0.12463719088823394,0.05483942480765845
2015-07-28,31,0.005833121845395891,0.16589370420331961,8.183499123705586,0.3123988932701856,-0.1729645550497262,0.61273190964209,-0.21495836237800298,0.10113856010090491,0.4853634483199118,0.8276902720200929
2015-07-29,37,0.022664948251092734,0.1080300707429167,10.208094176357704,-0.49950196510659917,0.16397774493157732,-0.43350423930297377,0.2020406587607123,-0.11021836986357801,-0.6634797100381765,-0.6355448980636861
2015-07-30,26,0.005376709602724128,0.2359835229277525,10.426649649231967,0.029013389192026996,0.30017750116250397,-0.4342441345144799,0.5267392227757599,0.2987251220425341,-0.27116411197047696,-0.9609833572902398
2015-07-31,24,0.06097507664768133,0.4132544149264177,11.775267510945064,-0.9190437558158094,0.15691102595953416,-1.0380817020258166,-0.7776431858290375,0.6510539386224271,-1.0759547817753436,-0.26043851619677916
2015-08-03,25,0.02655812768291262,0.05170202841099647,9.91634381983206,0.00892012453194583,-0.1735054393170026,0.22614274895912972,-0.3888228165885757,-0.0006410017311276789,0.18242556384894842,0.6149655655477054
2015-08-04,20,0.004685863493395547,0.27307193330061674,8.921564370296585,-0.38276051833708175,0.4210349518259761,-0.013323431546917957,0.8869288491595906,-0.09931439083738974,-0.8037954701630579,-0.9002522807065085
2015-08-05,37,-0.01115681472784757,0.2804415015330528,9.150158811416166,0.45434745428162143,0.3968639809053964,0.17642304798559102,0.49694996253967516,0.3010198441484353,0.05748347337622506,-0.3205269145540841
2015-08-06,28,0.02302587396622403,0.2759564680673068,10.324692197507957,-0.6020361465342637,0.37259822222786115,0.017434322018987786,-0.08567179244916584,0.008226452628034397,-0.9746343687621248,0.10310611446815363
2015-08-07,16,0.06545517768473211,0.2784414339345388,6.828523933543853,0.2716492676384603,-0.028199078616528647,-0.2332444647830256,-0.93426644848827,-0.17050496166206167,0.29984834625498896,0.7010219837052444
2015-08-10,24,0.01770919508968684,0.05279764291736466,10.41722676194817,0.26082002351558564,0.016412248163232203,0.14070365504662874,-0.19264606259294734,-0.07533122843746645,0.24440777535235345,0.3333497176395761
2015-08-11,16,-0.03876165834432843,0.49960872342338636,11.273140642223977,1.2065744859395442,-0.1652152032070193,1.491222177555191,0.19621037274808417,-0.48841876601729295,1.3717896891465635,1.2950118048071069
2015-08-12,31,0.02145302945118534,0.08707636371054228,8.845756585599933,-0.2767966161393667,-0.002955193629652501,-0.07150718999627291,0.23712851870383964,-0.21595734491203963,-0.27384142250971416,-0.30863570870011253
2015-08-13,28,-0.020266647869242902,0.40542250509422006,12.917112555969918,0.25764873554172524,0.46455030454159546,-0.29934545641648386,1.0692257041561328,0.6428529928546324,-0.20690156899987022,-1.3685711605726167
2015-08-14,19,0.04831093068017994,0.1271628651120209,9.30489183224812,-0.23452137076572513,-0.22738522993207225,-0.3805605464553185,-0.24633250964853481,0.2529842909548133,-0.007136140833652882,-0.1342280368067837
2015-08-17,27,0.0139902180286639,0.13501201980267874,10.047677573922936,-0.04938900321290142,0.027090900888353277,0.22058369650137452,-0.31169444345011005,0.3579370757254323,-0.0764799041012547,0.5322781399514845
2015-08-18,22,0.03130982415127918,0.2366849859129817,10.56387008615706,0.0330758957569734,0.2833226195137651,-0.2246474206998618,-0.42658776169244034,-0.042795595534720184,-0.2502467237567917,0.20194034099257854
2015-08-19,25,0.023911575811015214,0.19812901275056205,11.82672295951011,-0.23373409690575872,-0.18389410654923852,-0.5837265315114769,0.7413824781003977,0.0643934663153185,-0.0498399903565202,-1.3251090096118747
2015-08-20,21,0.056192158841958266,0.3820216381512712,8.609984564499548,-0.13360002251932002,-0.20365506811868891,-0.4509986665277641,-0.18855085272907057,-0.3832660614674054,0.0700550455993689,-0.26244781379869353
2015-08-21,28,0.009892160338429781,0.254643826052376,8.055779611081519,0.25843721121596047,-0.2576526414747335,-0.07684965904817669,0.17428652196718056,0.34781758838770105,0.516089852690694,-0.25113618101535723
2015-08-25,21,0.05194624118402078,0.1851500296452797,10.886364602714956,-0.563697203520566,0.17533742093009044,-0.48599981698127576,-0.20344139418143506,-0.10394113597568903,-0.7390346244506564,-0.28255842279984067
2015-08-26,22,0.026866284098896034,0.19328825279684425,10.27935264227284,0.2305813971062308,-0.24285167434625576,0.06067130659795452,-0.5573555291986665,0.32683799948930947,0.4734330714524866,0.618026835796621
2015-08-27,34,0.008396291238751892,0.154999588953055,14.385032205926457,-0.09484342092274123,-0.0299269900523277,0.3684796297777053,0.3857993963455901,-0.2004564193833553,-0.06491643087041353,-0.017319766567884753
2015-08-28,28,0.005709562876174843,0.2784926830828256,9.441072669406108,-0.16576801455553802,0.33454694331237483,0.3573359005043081,0.4094611696018356,-0.2553115199287709,-0.5003149578679129,-0.052125269097527516
2015-08-31,20,0.017816799651614965,0.3718178039214888,8.706692693358406,0.5462497666091752,-0.5802484343863279,0.8050380471484958,-0.24290938147178995,-0.24080198396415153,1.1264982009955031,1.0479474286202857
2015-09-01,17,0.006031317056031389,0.22851288342338227,8.563844740114009,0.2635871422202729,0.14904918624620553,-0.06635578755703672,0.6332681350757963,-0.1846134558903054,0.11453795597406738,-0.699623922632833
2015-09-03,22,0.019987385826069737,0.41232142268054617,12.402366794990442,-0.20329866495186258,0.5977733935202755,-0.1941202504784804,0.007310288162405696,-0.08710974259940625,-0.801072058472138,-0.2014305386408861
2015-09-04,16,-0.00139807665985728,0.4526328948927002,10.423977779979253,0.32687999981744126,0.11567309518434968,-0.15664242722954264,0.42113788796315366,0.3376898973800295,0.21120690463309158,-0.5777803151926963
2015-09-08,28,0.016268712427899276,0.2813688058231675,7.660884441894799,0.33511485729188684,-0.13186555531810837,0.6067144987444097,-0.21185224225153515,-0.5091594544290124,0.46698041260999523,0.818566740995945
2015-09-09,21,-0.00629021809154479,0.31989409724123297,9.727750583187678,0.17975065430091428,0.19558251448276226,0.1605496223465109,0.7441639072450064,-0.015857538530312965,-0.015831860181847984,-0.5836142848984954
2015-09-10,23,0.012098783669786591,0.09535998538613821,8.44898556786217,0.2065501826413122,-0.04959032695043454,-0.1284137160678702,0.18505544494051282,0.2298543666262969,0.2561405095917467,-0.313469161008383
2015-09-11,33,0.012454184484157443,0.12764074697603722,8.778418030406375,0.1550794711833703,-0.1301839294145865,-0.26161293293875126,0.2298417921040767,0.18489942311149787,0.2852634005979568,-0.49145472504282794
2015-09-14,19,0.008865590099209886,0.10268241679690182,10.577747012679701,0.15942579620758981,0.30684764535439335,0.28328245153283466,-0.05345789332304397,-0.03299042354174938,-0.14742184914680354,0.3367403448558786
2015-09-15,25,0.0544430509601278,0.20182964670694703,10.310556053396459,-0.6470432111011648,-0.1646383554720818,-0.6134870296283372,-0.08176483405108075,-0.21521911775372396,-0.482404855629083,-0.5317221955772565
2015-09-16,18,0.041431533295227474,0.30519279927715925,12.254650615537031,-0.6036081721125938,0.4640444522761274,-0.5040325343110983,0.4894272359545134,-0.3373661804351366,-1.0676526243887212,-0.9934597702656116
2015-09-17,17,0.049817011970913636,0.2627859570142611,9.867837040187815,-0.6425665733737906,-0.09357915367000014,-0.39818140585200207,0.12816941614108768,0.31237930974364064,-0.5489874197037905,-0.5263508219930897
2015-09-18,19,0.02828459695603916,0.15559510871584947,13.599921211540227,-0.3217857719111605,0.3670490547820781,-0.4095110486186147,0.20386967075844356,0.08556341065976703,-0.6888348266932386,-0.6133807193770583
2015-09-21,16,0.04562127355002283,0.2103357934017418,11.58562280203253,-0.20158256116357567,-0.27086501019611486,0.4167173941127892,-0.35378484571852176,-0.05036573063530718,0.06928244903253919,0.7705022398313109
2015-09-22,25,0.004152406002737483,0.36785610965047644,9.421757436826658,0.1614726273539137,0.4511757857722185,-0.061812745945387236,0.026630645910000115,0.21491338677238117,-0.2897031584183048,-0.08844339185538735
2015-09-23,12,0.13910681247939669,0.5602427104618295,10.251067834384296,0.352783244351358,-0.3057478044641148,-0.13545942563918045,-1.782228092271739,-0.46791142148184506,0.6585310488154728,1.6467686666325587
2015-09-25,18,0.011464307137968654,0.19565647896391491,12.26273710178727,0.05407220660167664,-0.09207245980084781,0.7355592349230029,0.2056277635857898,-0.31590180227649256,0.14614466640252444,0.5299314713372131
2015-09-28,27,0.0019063339627742436,0.25283933619328125,9.111714270410205,0.1411167857662889,0.1398738965769132,0.2641738272850703,-0.10089098020822893,0.4527844365901484,0.0012428891893756788,0.36506480749329917
2015-09-29,22,0.0484860375840073,0.3006412693723901,9.123803525497351,0.3140335835552079,-0.5981374577572899,0.2980430129414441,-1.1343899584998,-0.012934833935884982,0.9121710413124977,1.4324329714412443
2015-09-30,17,0.05829034505216746,0.20181890931130897,13.597406736088658,-0.5058458676173379,-0.31762866279312013,-0.2119599354547935,-0.12964895792161776,0.18321169201317827,-0.18821720482421772,-0.08231097753317573
2015-10-01,22,0.02762268158249645,0.23249574694478414,9.766621708574478,0.036696578771136884,-0.18991150944237245,-0.4445318864748758,0.16993264747937625,0.21241618003689086,0.22660808821350933,-0.614464533954252
2015-10-05,21,-0.003123265932286552,0.08141464902361539,15.161540777355771,0.17488949976533408,0.1601184272821198,0.03247271604934903,0.5429070591078176,0.22078946695141416,0.01477107248321427,-0.5104343430584686
2015-10-06,15,0.07939903279121152,0.15115572189721216,16.51032329196188,-0.1365324033372503,-0.46735548678890243,-0.17004891045947268,-0.5686264832123568,-0.039407699938362545,0.3308230834516521,0.3985775727528841
2015-10-08,20,0.024810458828947883,0.36843026074827,7.830427308841476,0.41638475250531015,-0.3936256602772614,0.5401118459098732,-0.5267270573999806,-0.02856223389585622,0.8100104127825716,1.0668389033098538
2015-10-09,33,0.01525867109641577,0.17721126265034326,8.499990199833087,-0.3097578468634558,0.26156558096213783,-0.4360076941590151,0.14203137471490337,0.33509629298198856,-0.5713234278255936,-0.5780390688739184
2015-10-12,17,-0.015436648142838879,0.4858512392020716,9.832894636681042,0.28242006572613176,0.5683147722723518,-0.4685087645753424,0.766524461713659,0.3760955017197208,-0.28589470654622007,-1.2350332262890014
2015-10-13,30,0.04171373304633878,0.31107402287024966,9.053592458159338,0.11252775691632676,-0.8354737720898597,0.3156810971029103,-0.8030392272578947,-0.29251983745180893,0.9480015290061865,1.118720324360805
2015-10-15,19,0.054052819506109615,0.06795518200464556,9.874537909314988,-0.1831282708564206,-0.3153615278546801,-0.2095035410940837,-0.3740880527012788,0.028074251274297093,0.13223325699825947,0.16458451160719512
2015-10-16,12,0.21517272746796942,0.701914173117374,18.346242477741036,-0.372970539209364,-1.5007207335556587,-0.9749401484803458,-1.691009620783591,0.37549558279769474,1.1277501943462946,0.7160694723032451
2015-10-19,23,0.022509483022544154,0.2160309574258471,14.284951720945102,-0.2249108073214222,0.06339046316624858,-0.5845470713486953,0.0008379554564661876,0.7097932410103711,-0.2883012704876708,-0.5853850268051615
2015-10-20,29,0.0027206272749235585,0.22187991812835972,10.050214959601504,-0.4399552953517379,0.635936598847,-0.2188014180024657,0.736357068507919,0.12866666405371696,-1.0758918941987379,-0.9551584865103847
2015-10-21,17,-0.014559008594596995,0.520412484983093,14.06386850676915,-0.8803816167237576,1.3651459544833662,-0.46646707391199554,1.5512299080079046,-0.07452087963921955,-2.245527571207124,-2.0176969819199
2015-10-22,27,0.024943508176873404,0.12198513787141185,8.960818494094722,0.03484999900873805,-0.1649124910802029,0.310715092873599,-0.26131581349505073,-0.266286228858248,0.19976249008894095,0.5720309063686497
2015-10-23,17,0.06572423662386492,0.20287375977693067,11.622207180557764,-0.6095589435661519,-0.1714782844132003,-0.2173121180173374,-0.36327962598922686,0.12700492677451022,-0.43808065915295163,0.14596750797188945
2015-10-26,11,0.060721998739156284,0.9861451918101427,17.65621645110984,1.1100335573167153,-0.7861444365551629,1.273109742586704,-1.9414816704599367,0.00859883485023951,1.8961779938718781,3.214591413046641
2015-10-27,22,0.003164010052886485,0.09861920107831412,10.819873865248477,0.32735713522031706,0.18010297363781083,0.4174927629860761,-0.0397898770603562,-0.024379437110853643,0.14725416158250623,0.4572826400464323
2015-10-28,25,0.007416227387495745,0.21033160919199845,14.089644024856659,-0.17266392319316418,0.5827489845417448,-0.2737980789446983,0.26159777438717946,0.23130387383415169,-0.755412907734909,-0.5353958533318778
2015-10-29,18,0.057703407963674534,0.2371918835442014,9.053057583958454,-0.17331967736423465,-0.3269450533247967,-0.28895039633259695,-0.11417394024088989,-0.1739336194297659,0.15362537596056203,-0.17477645609170706
2015-11-02,17,-0.016035629092229487,0.21720161370897884,11.545583236885365,-0.08828139529008368,0.9317361894774586,0.2183206271202296,0.7371644582523572,-0.2537284904241578,-1.0200175847675423,-0.5188438311321276
2015-11-03,20,0.009689153125891631,0.14043842581003596,9.197405588210081,0.44252971181559847,-0.18680819737443505,0.24184119308571542,0.12504897738187895,-0.010177809944423702,0.6293379091900335,0.11679221570383647
2015-11-04,13,-0.2509020130331801,0.6759478180694721,28.67737283867641,3.4965912527312986,0.9534630798893946,4.6019155691956115,-0.6085520079204649,-0.9199655550331619,2.5431281728419037,5.210467577116076
2015-11-05,17,0.02020422004793347,0.4053477295556649,10.668666703903474,0.1428609101706063,0.4268017127451284,0.10953190897333488,-0.38958804139226944,0.023450027873462103,-0.28394080257452214,0.4991199503656043
2015-11-06,15,0.05500437114354483,0.2734642484332146,10.967608422900847,0.1464875700529771,-0.47372614799183677,0.023659644483761514,-0.5709730461412075,0.22442084528995943,0.6202137180448138,0.594632690624969
2015-11-09,17,0.07286418061484504,0.3580862747761282,9.943996172870698,-0.28156417142918866,-0.7266759588375565,0.16188495159753835,-0.9141761244652435,0.283149162229717,0.4451117874083679,1.076061076062782
2015-11-10,22,-0.00433758650594589,0.6022513394735297,11.13014862777787,0.8595877753424274,0.14895286520209747,1.406997586029308,-1.0073820330603105,-0.21730238725190326,0.7106349101403299,2.4143796190896185
2015-11-11,10,0.030427193574603707,0.390360087365784,27.39692270164696,0.19311689335837554,-0.6713463864326963,0.4912957808540491,-0.5087665479618871,0.8871563886900841,0.8644632797910718,1.0000623288159363
2015-11-12,20,0.035477869781506834,0.14893542267855764,8.878867026246557,-0.35483901071313767,0.05859349416731994,-0.26416952720460524,-0.1313370597771349,0.2726373122672837,-0.41343250488045763,-0.13283246742747035
2015-11-16,13,0.113522806235846,0.45522561256680105,13.134667949133084,-1.1982616759136346,0.5716074961452536,-1.9022965381142167,-0.11662183019640557,0.6939795859470095,-1.7698691720588884,-1.7856747079178112
2015-11-17,18,0.01851794069810581,0.17264123389076647,11.416303390574255,0.188974083653954,0.3392808185767245,0.3788118147436403,-0.24867127959111257,-0.3250413025150168,-0.1503067349227705,0.6274830943347529
2015-11-18,15,0.001161905535244353,0.18666969149587498,12.446522347145004,0.3063931708329691,0.12796761113169314,0.5926244221641417,-0.2565279596531197,0.1946855894669853,0.17842555970127594,0.8491523818172614
2015-11-19,15,-0.001974737777647112,0.15940930628728955,11.136345382618547,-0.13617021502277804,0.3958625466577006,0.06414698965704772,0.575169261001414,0.16023355103602974,-0.5320327616804786,-0.5110222713443663
2015-11-20,20,0.058938186787503954,0.39686316810025557,16.371007808468256,-1.0022842139466204,-0.11865127770463056,-0.85988206211222,0.38867081895110206,0.2346192633122112,-0.8836329362419898,-1.248552881063322
2015-11-23,20,0.0212234315031101,0.21863488884618976,11.990664588910274,0.017182600775716594,-0.34089997378493286,-0.05720351339920719,-0.01909966139298354,0.5510832876770019,0.35808257456064946,-0.038103852006223654
2015-11-24,28,-0.005335648437320974,0.3339668809100853,11.136379805324252,-0.2674586831206883,0.4221691351652413,-0.004783032382546439,0.8736766231137164,0.27519226971425137,-0.6896278182859297,-0.8784596554962628
2015-11-25,30,0.02457179397909412,0.03977591953885429,9.729324459506191,-0.1447748305044653,0.06672873793723688,-0.3036938268619964,-0.007140916091601603,-0.08542680322482069,-0.21150356844170218,-0.2965529107703948
2015-11-27,31,0.03263245121689875,0.19428964262320292,9.35779162530443,-0.3413725101768713,-0.20326736332382173,-0.059413125799513765,-0.3389072467330818,-0.08025172941443205,-0.1381051468530496,0.27949412093356807
2015-11-30,16,0.05480383845490572,0.3432422242717158,10.430342916908725,-0.3375435661011312,-0.3301000316248729,0.026231340026426166,0.2856907875228359,-0.39800136038024,-0.0074435344762582845,-0.2594594474964097
2015-12-01,12,-0.3027442126663659,0.5928064550120706,26.757385507516968,1.7964575551394877,1.7010397416907925,2.5526632837564853,2.688183144563651,-0.4724826211576385,0.09541781344869515,-0.1355198608071655
2015-12-02,15,0.035359603489537886,0.5344214907342287,14.34857501913472,0.5410946296249771,0.11516702489976055,-0.030815472763689754,-0.2121678226187363,-0.4740664638284488,0.42592760472521657,0.18135234985504653
2015-12-03,17,-0.02540072070696873,0.7911435341955746,11.81781035303742,1.3277902870131602,-0.1471861844795366,1.5217161339721477,-0.8901406975401628,0.05144496507132853,1.4749764714926967,2.4118568315123103
2015-12-04,20,-0.019513500720914317,0.6138018194879096,11.23152538501849,0.5432195326636128,-0.07792893289639333,0.011777827638398861,0.8761860981494938,0.4272855032814599,0.6211484655600061,-0.8644082705110949
2015-12-07,24,0.019807814050391427,0.2795424696516542,12.441860624263992,-0.21862899422735516,-0.23180459357188055,-0.6030283845767708,0.8565228579141396,0.2461640400430792,0.01317559934452539,-1.4595512424909103
2015-12-08,22,-0.00336126244721506,0.3940966383812081,10.318879585849041,-0.023453312324540294,0.07868637375804899,0.3872567201717451,0.5550113027363567,0.15039446333585202,-0.10213968608258928,-0.16775458256461157
2015-12-09,21,-0.004131888251347581,0.23827685848437907,9.315236653271322,-0.10383317954935162,0.5496621716994625,0.29335960469658084,0.7224226612284952,-0.2880719515185889,-0.6534953512488142,-0.42906305653191434
2015-12-11,35,0.007876864013283679,0.13257246169066628,10.52158092408608,-0.22384858743379,0.1490657520242473,-0.40141495369655705,0.6206763363257988,0.3041409718504449,-0.3729143394580373,-1.0220912900223558
2015-12-14,24,0.025756689350822544,0.23734543508767458,9.977513076496802,0.29512938663052357,-0.42554120423047476,-0.04964069239545744,-0.02431909988799248,-0.03194947895608028,0.7206705908609983,-0.02532159250746496
2015-12-16,18,0.04049743143935227,0.11171800722139591,9.741868935826988,0.07313804546239286,0.18978722331688722,-0.020052497594049454,-0.42617861142886565,-0.2746016915730478,-0.11664917785449436,0.40612611383481617
2015-12-17,25,0.042419380113633165,0.3883817600832409,8.599391523610388,-0.29275806189909365,-0.013886194044653837,-0.7924478361868452,0.051715960848761906,-0.07359287439982905,-0.2788718678544398,-0.8441637970356072
2015-12-18,23,0.037354677657991504,0.3908208333299249,9.142869469182356,-0.3486616467315207,-0.4601591091523973,-0.23087646351156874,-0.09712598822469815,0.41850803535257514,0.1114974624208766,-0.1337504752868706
2015-12-21,28,-0.0005191130516096504,0.17915703614753964,9.610698706748598,0.292705210978229,-0.11884246635544415,0.38472982034896974,0.2941239306883701,0.1763538352300154,0.41154767733367315,0.09060588966059963
2015-12-22,27,0.012702449168423394,0.09806594524469248,9.882166441864817,0.10231978131222094,-0.2047704603316952,0.1520173825249706,0.3132144724294248,-0.04871343102978599,0.30709024164391613,-0.1611970899044542
2015-12-23,21,0.022542159571077715,0.06796224769657677,9.093365210529788,-0.015258453043991009,0.09389759032292969,-0.05608727108416146,0.273481731130798,-0.24280429931083997,-0.1091560433669207,-0.32956900221495944
2015-12-24,23,-0.014341953498972642,0.1262790348145083,11.142842212516882,0.36207253400855344,0.3346789483545614,0.33252674952890343,0.5961041760559834,0.034347453004738716,0.027393585653992025,-0.26357742652708
2015-12-28,25,0.04523962816519494,0.18946799887720345,9.012293064342044,-0.5623206689074027,-0.13985126316868132,-0.4747067743338452,-0.18830616414685022,0.10320346229703116,-0.4224694057387214,-0.28640061018699503
2015-12-29,24,0.02038894116553811,0.3775397125343961,8.920727495092644,0.03777364801247645,0.29051956342743834,-0.49976552253354933,0.47698166433138295,-0.2841785291835768,-0.2527459154149619,-0.9767471868649322
2015-12-30,30,0.023010672065836194,0.10087646822403284,8.486204506677263,0.00029079154446737677,0.08777103796017821,-0.3320031706800114,0.08164936341886796,-0.2183483461936737,-0.08748024641571084,-0.41365253409887937
2015-12-31,11,0.15289910720751798,0.7573034105587595,16.553054370272722,-1.7600835364713507,-0.09580938873608932,-0.97942537564024,0.41923061271537854,0.05230732956690676,-1.6642741477352614,-1.3986559883556184
2016-01-04,36,0.0026663349159086773,0.3020208785332035,8.816176824835235,0.5574931507310664,0.1213221141705365,0.13925593565323335,-0.1437668123769501,0.1337194978766906,0.4361710365605299,0.28302274803018346
2016-01-05,14,0.008726156670504312,0.2591753677602452,16.313846066735337,0.6866113226772467,-0.07046104302887095,1.216917543602281,-0.6538947624757525,-0.42350544754902475,0.7570723657061176,1.8708123060780335
2016-01-06,20,0.04189030439566445,0.2407885581803615,10.036248949460274,0.23045065318844002,-0.2672806334115738,0.456118133004573,-0.845345224005621,-0.24955510460239605,0.49773128660001387,1.3014633570101939
2016-01-07,17,-0.007176879563965237,0.39213720897556026,11.050193863481162,0.6978471179144226,-0.22901177840195053,1.2429929352549691,-0.06326835192963327,-0.40454601766299,0.9268588963163731,1.3062612871846024
2016-01-08,20,0.07333635901264746,0.8100170978326595,9.661661961564064,-0.678099006495961,-0.012155196900928188,-1.2487279296933678,-0.4548707712628199,0.4603985438471778,-0.6659438095950329,-0.7938571584305478
2016-01-11,36,0.01705625832392403,0.09992006410567944,10.43503197947855,-0.2355465060518133,0.22166214547177115,-0.1353623371217149,-0.14334741922021463,0.0645435175994406,-0.4572086515235845,0.00798508209849974
2016-01-12,18,-0.04315741737364058,0.8786034556789769,11.689279664105506,0.030575526877336726,1.031691958858114,0.37483374938990016,0.6559033462940778,0.4606624440316334,-1.0011164319807773,-0.2810695969041776
2016-01-13,15,0.07714153799089513,0.5583931705700359,10.305129444989493,-0.23829162399787665,-0.6394116500296908,-0.4591628989146481,0.3519713121311605,-0.3293512789157972,0.4011200260318142,-0.8111342110458086
2016-01-14,22,0.025818519415475572,0.3183544569263588,10.649521108918597,-0.25302603916030675,-0.23319298771898045,-0.4569452275402214,0.3808054704930923,0.42634392964549067,-0.0198330514413263,-0.8377506980333137
2016-01-15,17,-0.003740174736117762,0.24541793499786324,10.855728029629866,-0.06821152368731351,0.34856442715548336,-0.13772522989194094,0.6232617499494812,0.3612765175022931,-0.41677595084279684,-0.7609869798414222
2016-01-19,31,-0.01680331522626888,0.4843271203427605,9.974478561363592,0.5414587145995676,0.697722839265508,0.5917362827758403,0.0851510869078638,0.12573662047989184,-0.15626412466594042,0.5065851958679766
2016-01-20,21,0.02796634179964308,0.4160508456838591,8.69511458414967,-0.05830653773737265,0.48160981896842214,-0.6688783252887155,0.30563729798874134,-0.23464860951608524,-0.5399163567057947,-0.9745156232774568
2016-01-21,27,0.021926524256872675,0.15175233157504775,12.140233314591462,0.2528597405102461,-0.44598894928110483,0.1650575700020774,-0.12039261576424241,-0.03556805533810175,0.698848689791351,0.2854501857663198
2016-01-22,21,-0.014288133860680192,0.40448511901301687,9.692579343250632,0.02075880287221779,0.8396451158074169,-0.22347501244396062,1.1625817104266623,-0.1994089945137697,-0.8188863129351991,-1.3860567228706229
2016-01-25,24,0.04646685887954777,0.14718904133853639,12.69955404209805,-0.32382911963046807,-0.41883723788263566,-0.5281898271026664,-0.33386581725964576,0.3743127756571246,0.0950081182521676,-0.19432400984302062
2016-01-26,17,0.05372480063532226,0.11181662399779368,12.111179392351524,-0.14781338819566447,-0.20672315824344697,-0.46914791058018923,-0.11739041943571003,0.11443165485405447,0.0589097700477825,-0.3517574911444792
2016-01-27,29,0.019490673719910336,0.1228546494949273,7.598380668258638,0.016293977786890314,-0.25751693791353625,-0.005461485392473042,0.18953267947307376,-0.07330730970875446,0.27381091570042654,-0.1949941648655468
2016-01-28,30,0.02427344008781989,0.14402441993813886,8.564754959817412,0.15410824854268765,-0.09103684393673052,-0.18920607924916866,-0.17209125754964247,-0.15818047307633956,0.24514509247941818,-0.01711482169952619
2016-01-29,30,0.0076464860923366245,0.06959499352380494,9.305624709838987,0.33903581732121274,-0.016316025199554614,0.24723801218567748,-0.06909206279199996,0.0403450929444664,0.35535184252076735,0.31633007497767746
2016-02-01,26,0.019581232900871038,0.3712883516623823,13.620213367598154,-0.3754557042655024,-0.19070699214351827,0.02100949602936564,0.2261932590948357,0.30073583043952534,-0.18474871212198413,-0.20518376306547007
2016-02-02,28,0.014625682468204696,0.37213199722667356,10.885845488893901,-0.11484205181260057,0.22504911827781385,0.6573995654892815,-0.23825432962806145,-0.3483905205458944,-0.3398911700904144,0.895653895117343
2016-02-03,34,0.026251185559529887,0.18989043559947483,10.99719841628379,0.3017627344037792,-0.5982362867298954,0.17668581667833774,-0.687377795220882,0.022084912820628265,0.8999990211336746,0.8640636118992198
2016-02-04,38,-0.00920597530784076,0.35924128476090433,11.661920741616775,-0.15996402468709112,0.7394874580309007,-0.3365476937924546,1.2640440481659805,0.19263433567856708,-0.8994514827179918,-1.600591741958435
2016-02-05,29,-0.01832913360505585,0.20055410831344778,11.77216971208219,0.9316459206747392,0.011537688992590285,0.6617742753026443,0.2683088499831909,0.18982301414007677,0.9201082316821488,0.39346542531945344
2016-02-08,29,0.027409293556586906,0.13295243586694516,9.459009901414076,0.1927583570795022,-0.500180545015705,0.23962816808872284,-0.5311702376396794,0.009225231205117085,0.6929389020952071,0.7707984057284023
2016-02-09,27,0.01788581968563003,0.2966311093931391,8.119841797461394,-0.17517655568608048,0.37013124315058754,-0.036831159789533614,-0.2683443134067442,0.14438652270774774,-0.545307798836668,0.2315131536172106
2016-02-10,32,0.026259273195408855,0.2286484429492478,11.307352954243061,0.32770921200462866,-0.6577604563550905,0.617959062858465,-0.652875461570449,-0.3156258414437174,0.9854696683597192,1.2708345244289139
2016-02-11,28,0.003130339604418681,0.35316737854303704,9.77722415871492,0.6887147306969763,-0.20089963415112946,0.8067978861902629,-0.534722084693214,0.06481008410965629,0.8896143648481057,1.341519970883477
2016-02-12,34,0.011987143528559481,0.0622966817118249,9.903312353493625,0.016180709970744233,-0.07740872334346706,0.27319546784116,-0.13523553227339474,0.10814231786291388,0.0935894333142113,0.40843100011455474
2016-02-16,38,0.024187393574076226,0.2071574780932003,10.866744874773936,0.0016606430270710694,-0.2776722610804421,-0.3984357823903241,-0.019007201151335897,-0.14478731003476242,0.27933290410751316,-0.3794285812389882
2016-02-17,40,0.00687504550583293,0.16386072961777332,8.484116473302224,-0.3145418254917471,0.41647905354407183,-0.2518252203333605,0.5669065233809698,0.03297782843343244,-0.7310208790358189,-0.8187317437143303
2016-02-18,33,0.012467245155320961,0.07727166728833479,9.536857299821172,0.2367902656358819,-0.2083244668758518,0.1289018813511654,-0.06664160410144931,0.0864357437390709,0.4451147325117337,0.1955434854526147
2016-02-19,29,-0.007355587209157132,0.2575363647189799,10.151564136392517,-0.01846954749797677,0.49273583941069504,-0.14424857214470016,0.963186662219625,0.13341967614347175,-0.5112053869086718,-1.1074352343643252
2016-02-22,36,0.023406992841551833,0.06725592259369007,9.833937784435872,-0.23457479720414975,-0.2271966437999404,0.007042729393127396,-0.2675885142188197,0.03701374123804922,-0.007378153404209359,0.2746312436119471
2016-02-23,42,0.020270181551237644,0.10822823174581908,8.605363053628535,0.2343585036287462,-0.4327143982219825,0.05991164056617564,-0.42090469338249537,-0.14334630289440956,0.6670729018507287,0.480816333948671
2016-02-24,24,0.017864221352444434,0.24989464218955604,10.817442748654836,0.11476497534584774,-0.10320887277354039,0.593807355700591,-0.43572322251480394,-0.027122860675427282,0.21797384811938814,1.029530578215395
2016-02-25,32,0.016248490282436495,0.271112786879773,10.395020137470228,-0.031943640507655004,-0.20990413307748548,0.32686140117531326,0.12114890242015253,-0.24606590808626105,0.1779604925698305,0.20571249875516073
2016-02-26,31,0.004320660253241543,0.30239038629350157,10.240430588802186,0.09104428917936973,0.16447823576193416,0.047048103487887315,0.7380140522295147,-0.3084656163596824,-0.07343394658256443,-0.6909659487416273
2016-02-29,31,0.017696265982359342,0.10929499680075005,9.209537648531391,0.37035974004480693,-0.2508409691223656,0.16325080629083571,-0.2963904938230824,-0.08354757429647505,0.6212007091671725,0.4596413001139181
2016-03-01,37,0.03210213886339489,0.15710667180464932,11.631163264620321,-0.39485289658249606,-0.07997941552727905,-0.6817248582499914,-0.3508096092986085,0.13180850376715808,-0.314873481055217,-0.3309152489513829
2016-03-02,25,0.04310939069208323,0.12469458626126761,11.702462570986807,-0.08504824616252137,-0.35931296148904884,0.1327171444137568,-0.6256384488181139,-0.2181870225482331,0.27426471532652746,0.7583555932318707
2016-03-03,27,0.00283860091161845,0.22679710659220131,9.707791897710639,-0.2746894431233707,0.4168425365885639,-0.08335931225073613,0.7971940020857368,-0.009272232527588267,-0.6915319797119346,-0.8805533143364729
2016-03-04,24,0.03852991417787849,0.08373537584370816,9.557641477878443,0.03070874579270306,-0.3373576370189747,-0.04408293367047187,-0.5493156875233742,0.050611631881949094,0.36806638281167775,0.5052327538529023
2016-03-07,33,0.014890849068222316,0.06654848341155817,8.03993126928846,0.20898621267109666,-0.16195812248406896,0.0960016058725875,0.027682003055910318,-0.15350773761819828,0.3709443351551656,0.06831960281667719
2016-03-08,24,0.06084597756857411,0.2294330292906166,10.882394317318562,-0.5068910238036285,-0.3307668531719071,-0.6407644565285235,-0.4271103618284137,-0.015074227959082828,-0.17612417063172137,-0.21365409470010982
2016-03-09,39,0.012187532297235737,0.04944779338810101,9.017006276744983,0.07099829580170701,0.09360071277731667,-0.19551602347550937,-0.0009251040388972399,0.08121459975099583,-0.022602416975609663,-0.19459091943661214
2016-03-10,28,0.010395432851429296,0.3498935514111555,13.388170662903697,0.4028021631910353,0.281729066099975,0.010072894073382386,-0.22029525802019684,-0.056453105024235846,0.12107309709106029,0.23036815209357922
2016-03-11,34,0.007458245538246809,0.22836077609751548,9.011447925157924,-0.16285984295104816,0.5562979568170389,-0.23257960202089603,0.27663791333807713,0.05534287821604512,-0.719157799768087,-0.5092175153589732
2016-03-14,30,0.02849047760287892,0.16379663677613987,12.025960817963465,0.37347571291260057,-0.6459428811791418,0.2844732630744194,-0.5445559186074665,-0.176878832373148,1.0194185940917424,0.829029181681886
2016-03-15,27,0.029138426856451627,0.1986751627915203,11.058011501962586,-0.13072263116071103,-0.42593989932641063,-0.028176334594442992,0.02795128516646533,-0.01658747033329142,0.2952172681656996,-0.056127619760908326
2016-03-16,30,0.0053120404332627795,0.2954382483679088,10.214228189586775,0.08699996072308536,-0.2827973452496785,-0.17813263098583337,0.9006735218150828,0.15453406770157688,0.36979730597276383,-1.078806152800916
2016-03-17,23,0.03609872131349424,0.38861135867896324,11.719627562728093,0.4150109459827597,-0.39048552538049514,0.4181936928866397,-0.6977483149652026,-0.40551197894443736,0.8054964713632549,1.1159420078518423
2016-03-18,32,-0.00015957521492094225,0.34242321979528956,8.639396755345395,0.19747043554414406,0.5516297895660051,-0.23814000844014843,0.31530070729506166,0.18395188978987817,-0.354159354021861,-0.5534407157352101
2016-03-21,33,0.006641290226161641,0.09309842056530815,8.508485972863477,-0.08048541175608041,0.09136682959238579,-0.07013612246754482,0.5694479073905738,0.05148164231399809,-0.17185224134846622,-0.6395840298581187
2016-03-22,33,0.003729780659171308,0.06098592619807497,8.484516839056672,0.1295454227062651,0.04843181879823396,0.19292613255049407,0.2210468350310785,0.16188426740862236,0.08111360390803113,-0.02812070248058443
2016-03-23,15,0.07521111325602718,0.2583367933744124,13.748801099301284,0.19537547976303019,-0.7560610502198514,-0.07693740551077048,-0.5241856494922068,-0.09452477222101573,0.9514365299828815,0.4472482439814363
2016-03-24,27,0.023070294968177568,0.15993653905774408,9.358331457443702,-0.39571743221976985,-0.07859445342381423,-0.2699434592631135,0.3684969174185105,0.1299624992065975,-0.31712297879595563,-0.638440376681624
2016-03-28,25,0.0064825023452616945,0.13666481889621862,9.048079127649528,0.07760796807055392,-0.06926079641015108,0.21790828251216487,0.5068653741077837,-0.057245945543434956,0.14686876448070502,-0.2889570915956188
2016-03-29,27,0.02975542230394786,0.12051981142009605,8.57527683847885,-0.3010938233120427,-0.16243509853558116,-0.08009003605185555,-0.2226902729166118,0.15951642640290495,-0.13865872477646154,0.14260023686475626
2016-03-30,29,-0.005714645034289249,0.35072506326819264,10.367519270809323,0.6494599793166245,-0.08754916716645478,0.4585363167421427,-0.0653582953488251,0.3763605784452893,0.7370091464830792,0.5238946120909678
2016-03-31,20,0.08538138288795517,0.3511459760366268,10.376895357905463,-1.0566815485004737,-0.13085825454989583,-1.039284681831585,-0.5909589084475759,0.40252807781132394,-0.9258232939505778,-0.44832577338400914
2016-04-01,18,0.018352291418880624,0.5379231257735508,10.949909403506044,-0.919894687561526,0.7129104679770045,-1.1347949941538666,1.255913322581168,0.42518340007751587,-1.6328051555385306,-2.3907083167350347
2016-04-04,39,0.01058449333713899,0.01721474623574093,8.814597990233018,-0.01607091253039398,0.0211927396705302,-0.08390077724252788,0.19702066669067017,0.05616780311487911,-0.037263652200924174,-0.28092144393319807
2016-04-05,31,0.010932293576627158,0.1790751644085653,10.317779644149955,-0.21802163057787782,0.20601107978404443,-0.33774400426486945,0.22626096160283157,0.44569139170498845,-0.42403271036192225,-0.564004965867701
2016-04-06,27,0.021033455615968817,0.09187560036393605,9.430537600717779,0.02096318248157634,0.028715503614797553,0.19737626270968608,-0.07350059915503504,-0.3093609529133416,-0.007752321133221211,0.27087686186472115
2016-04-07,29,-0.014274376200975937,0.20010681631422955,10.092170590995083,0.5361575681443939,0.2956465238132878,0.3894705358538236,0.760190591637857,-0.15355139979275895,0.24051104433110604,-0.3707200557840334
2016-04-08,22,0.00808970310179982,0.2601881259880676,11.583884575061306,-0.11142441062497437,0.07995330110940087,-0.12673431726587084,0.24157574313598262,0.5606827471662708,-0.19137771173437523,-0.36831006040185343
2016-04-11,21,0.0076242919728096116,0.18091783336195844,9.801285734747648,0.1834620105202185,-0.03343776835761849,0.4009914884072062,-0.17444036457892786,0.3032043711511176,0.21689977887783699,0.5754318529861341
2016-04-12,31,0.02408048702364755,0.09010496340416518,10.538017261761649,-0.31615112802458367,-0.12593871191448544,-0.19198503454493007,0.026706483580360933,0.11437819543748892,-0.19021241611009823,-0.218691518125291
2016-04-13,31,0.005658529686192031,0.11387300084307173,9.546094915698406,0.046566306033748485,-0.08817753639752061,0.3927503178721177,0.3438967157933476,-0.04586464384559896,0.1347438424312691,0.04885360207877015
2016-04-14,29,0.03531908056063029,0.12887938840104773,9.110933330794404,-0.0023511088577493357,-0.262213101994025,-0.08319045676347582,-0.485291246569274,-0.2154607583320328,0.2598619931362756,0.4021007898057982
2016-04-15,24,0.019795660619181442,0.04021517534649477,7.860597786524416,0.0739555370170203,-0.04457420987847064,0.23425773306211112,0.029192360954963213,-0.243023130876333,0.11852974689549095,0.2050653721071479
2016-04-18,33,0.023425158113594066,0.06387854540022442,8.69328476190952,-0.3671483915903546,-0.02317323217083399,-0.2485455106011806,0.029670911147369493,0.06313578771778992,-0.3439751594195206,-0.2782164217485501
2016-04-19,31,0.02888701691843419,0.05891186843405383,11.576499873831066,-0.3866395828699973,-0.045272129140412065,-0.20521207765895838,-0.17291974085057324,0.01904848157701899,-0.3413674537295852,-0.03229233680838514
2016-04-20,28,-0.005887050921824223,0.2906343958525207,11.964699101669025,0.47853487531301375,-0.14154341718105562,0.9061955848173112,0.24772062715268114,-0.16123281847979326,0.6200782924940693,0.65847495766463
2016-04-21,27,0.02153316494600344,0.10943677952669528,8.460283605567689,0.025225554449528263,-0.06779985191903805,-0.33264090722038464,-0.050338284470089194,0.2627625820757968,0.09302540636856631,-0.28230262275029544
2016-04-22,24,0.04912727883768857,0.1534921973284834,12.536294359947684,-0.4581593619758799,-0.14643421105013485,-0.12254614839482639,-0.4974288994826621,-0.13354076330554698,-0.31172515092574504,0.37488275108783575
2016-04-25,21,0.04375428764813774,0.27899054807095736,10.159667259685964,-0.21128828287804338,-0.010790348564730002,0.26104382782340263,-0.23496591882485768,-0.6416793587775588,-0.2004979343133134,0.4960097466482603
2016-04-26,31,0.015418368661092583,0.11425351945255313,10.251755086076773,-0.2830040386962256,0.07192201815069194,-0.11738445447898199,0.2964494866689113,0.07607813136786491,-0.3549260568469175,-0.4138339411478933
2016-04-27,39,0.014013967073934578,0.13436674179962027,9.050445508708929,0.07683945938748551,-0.04316855013757187,-0.2653152881263123,0.35643759539287284,-0.2178826482833709,0.12000800952505739,-0.6217528835191851
2016-04-28,38,0.014340365901263323,0.026095110345625505,8.227434550186517,-0.1900841852215613,0.07754709677836681,-0.14665588478362454,0.07046769144881225,0.0988574732819937,-0.26763128199992814,-0.21712357623243678
2016-04-29,28,0.023674240907249997,0.4334492968551571,10.07205201267973,-0.3457853116348192,0.412381425012514,0.1828667817786485,0.08763581878287774,-0.6628562047452203,-0.7581667366473333,0.09523096299577077
2016-05-02,32,0.001152167679056473,0.11225641624050575,10.012688585274859,0.48892172652550786,0.11315106905305423,0.1778256695777622,0.3278701150387355,-0.1815073116546723,0.37577065747245364,-0.15004444546097329
2016-05-03,28,0.010052172871479985,0.3363697293199368,9.715576619610765,0.011114660450587725,-0.06298461846670116,0.6793170393587047,-0.08679488677110432,-0.10357387537436628,0.07409927891728887,0.766111926129809
2016-05-04,30,0.03758980546484945,0.15634090636549025,11.358426233663621,-0.5045265716506452,-0.23370449778764157,-0.6819058171250449,0.2725513853103488,-0.10780282663798345,-0.2708220738630036,-0.9544572024353937
2016-05-05,26,0.020736977272616322,0.051661452756161075,16.117061650410474,-0.03027333039602488,0.023936386022899103,-0.09868297652158337,-0.1667979506563179,0.1934950533749793,-0.054209716418923984,0.06811497413473452
2016-05-06,19,0.05964510478634862,0.3008581363432178,15.387733444302327,-0.38083763362457485,0.22491463781734175,-0.6428633881762883,-0.19538724542814265,-0.27234035246958377,-0.6057522714419166,-0.4474761427481456
2016-05-09,23,0.00990212143036242,0.17047653411571306,9.03446589837854,-0.2435752533378307,0.388554031726754,-0.3072871642314202,0.5301451498629046,0.17666565018292238,-0.6321292850645848,-0.8374323140943248
2016-05-10,23,0.0007115826698201497,0.21083828880220679,8.517954340283497,0.5844541730008838,0.2921989611307675,0.4733072224730822,-0.0720955993050315,-0.3105975601114268,0.29225521187011627,0.5454028217781137
2016-05-11,19,0.010745050697521493,0.22600090516877225,9.386997974896465,0.1571217688606969,0.37989266198194893,0.11110011588556143,0.4034405414165761,-0.4598670146506,-0.22277089312125203,-0.2923404255310147
2016-05-12,17,0.08368859524552581,0.4633057023829291,7.656737843775802,-0.5624456908168864,-0.15068161177752867,-0.7011260575730532,-0.7057196752675096,0.27456079708709996,-0.41176407903935774,0.00459361769445632
2016-05-13,21,0.022951416319393597,0.10104212161153292,12.97441914768563,0.08743843928879744,-0.06690306960396601,0.3670610545598744,-0.1647664632528492,-0.18678944640638925,0.15434150889276343,0.5318275178127236
2016-05-16,13,-0.017463430478595724,0.4061265847044856,10.499861965601678,0.08966489170036704,0.49209774396627654,0.4699248639630238,0.1203391418321511,0.28202255098166984,-0.4024328522659095,0.3495857221308727
2016-05-17,31,-0.009658765560633609,0.10928787112460159,11.260856593749558,0.0646419542284421,0.6025511102073154,0.25270991204155774,0.6865879383060736,-0.007647450024103979,-0.5379091559788733,-0.4338780262645158
2016-05-19,25,0.025541824246395117,0.2024454180266727,8.150145060552118,-0.5474241065479359,0.22199405419681323,-0.26635941365248583,0.17993332752740776,0.13476492615644642,-0.7694181607447492,-0.4462927411798936
2016-05-20,26,0.03506235859513116,0.27600093777841417,10.073879835908574,0.2885831258172236,-0.6191501137442132,0.0777657448991915,-0.7618960653736517,0.19145466145462756,0.9077332395614368,0.8396618102728433
2016-05-23,23,0.039490839366408605,0.3215097071943336,9.722763295286152,-0.5595795105481491,0.061500877377786936,-0.185111907866966,-0.19911946157518584,0.06573139175771789,-0.6210803879259361,0.01400755370821985
2016-05-24,21,0.037084791021646704,0.26055802453675814,9.916036098893201,0.27627488592210936,-0.22203845001090697,0.37354770175733243,-0.7462920427125356,-0.23905331786516162,0.4983133359330163,1.119839744469868
2016-05-25,23,0.014901984563706202,0.1754054885900116,9.845132689392635,-0.2891826215365784,0.1302423045223736,0.164397179726094,0.3282963293328191,-0.01924448197519294,-0.419424926058952,-0.1638991496067251
2016-05-26,30,0.03525935911801201,0.1713830623212549,8.80848509224403,-0.34122135705616896,-0.025481957143287725,-0.6521889374863546,-0.2953652311281479,0.1986959357332366,-0.31573939991288125,-0.35682370635820676
2016-05-27,31,0.03528401077875033,0.12569506857186208,9.495547562282656,-0.3118817986863613,0.039621809422323476,-0.541786772002115,-0.3073250620862854,-0.0662368449300832,-0.35150360810868475,-0.2344617099158296
2016-05-31,21,0.039302877367923816,0.13020211490351574,10.454449625927392,-0.3677966305714218,0.057361704182333884,-0.14472903768255838,-0.38649542564749634,0.19093854026634163,-0.4251583347537557,0.24176638796493796
2016-06-01,26,0.03986916746243294,0.1399356169649949,8.35503789429573,-0.41887417601147703,-0.16300737924677086,-0.6788702709983159,-0.11506936267266094,0.3026244808827099,-0.25586679676470614,-0.563800908325655
2016-06-02,22,0.0025848878022524655,0.11627696295264833,9.196448106561771,0.021337071222170156,0.29260807659987575,0.26818177636490775,0.5156373733989482,-0.21149936088501003,-0.2712710053777056,-0.24745559703404046
2016-06-03,22,0.0650492077308897,0.2575955604615494,13.824514698958694,-0.864102868080142,0.00586514468008262,-0.732319685440229,-0.4546534384558609,0.18304570713700002,-0.8699680127602246,-0.27766624698436804
2016-06-06,25,0.009338312655000966,0.32742266135296016,8.903714916545578,-0.36154474976112666,0.6022314516590066,-0.019869978223991086,0.2164493138982939,0.09581832967777049,-0.9637762014201332,-0.23631929212228497
2016-06-08,31,0.04113347143316136,0.267276952491025,9.154508419747883,0.060571567960709644,-0.4267916396791104,0.26983117589095,-1.1514237454880072,-0.302462587540547,0.48736320763982,1.4212549213789571
2016-06-09,23,0.0014598160893973474,0.39298514385967154,8.088616304681013,0.266140530982233,0.4328067813432899,-0.12739898988164758,0.25117074070829076,0.11012939673555634,-0.16666625036105692,-0.37856973058993837
2016-06-10,32,0.04995264515202649,0.2228901332533164,10.706974824169432,-0.6922194685734806,-0.3789401707298504,-0.5004315906024706,-0.36627053252672265,-0.2591075272971676,-0.3132792978436302,-0.1341610580757479
2016-06-13,33,0.01641351622939777,0.21068520769869892,9.596379349120538,-0.24117533251491405,-0.024249769374594176,0.23651838482812917,-0.26000755785793317,0.2056222037790603,-0.21692556314031988,0.4965259426860623
2016-06-14,22,0.05080953784041481,0.2880209403583559,8.818904983105025,-0.01474300504801325,-0.11894854208999601,-0.137867672949922,-0.8988629749479942,-0.06519746994232525,0.10420553704198277,0.7609953019980722
2016-06-15,27,0.01721992120600257,0.0876938381871637,9.876336550928345,-0.21448395119768537,0.20085009485376415,-0.4581370358014961,0.37930680905908365,0.16258833796219163,-0.4153340460514495,-0.8374438448605798
2016-06-16,14,-0.011755673853278893,0.18497330881615504,20.412918373419465,0.13088493465647236,0.46223023077175523,0.3454509531682933,-0.09495651737537436,0.48554926667066317,-0.33134529611528285,0.44040747054366763
2016-06-17,19,-0.0216116119508883,0.4821679361909992,11.373692926060313,-0.217682818368942,0.8786199348104267,-0.05164777784340989,1.4752725393730275,-0.2633206238373494,-1.0963027531793688,-1.5269203172164374
2016-06-20,22,0.025535438881466626,0.1459379637925412,10.221769252225878,-0.11237497232842888,0.2750024282943193,-0.1975808724171782,-0.06975104743374437,-0.018854846899499535,-0.38737740062274817,-0.12782982498343382
2016-06-21,18,0.03540183747146847,0.22950107561061883,10.15397146076769,0.1504978121148616,0.13168967554593322,0.07552436019342108,-0.42763897198183376,-0.2045390248452461,0.01880813656892838,0.5031633321752549
2016-06-22,27,0.014396710046289285,0.1990593923924966,8.854993363270122,0.22787991466858276,0.05341023637743567,0.6527110025309136,-0.412840057741379,-0.2985834383351744,0.1744696782911471,1.0655510602722926
2016-06-23,25,0.05797867861249311,0.2781601917701968,9.51270925598026,-0.32441382974148913,-0.5750577434411892,-0.3633453288259991,-0.19520042436335372,-0.44091660425262275,0.25064391369970007,-0.1681449044626454
2016-06-24,20,-0.013719290747142725,0.4548460156328077,9.42437494752742,0.3164439754285061,0.6170580949375342,0.1795029354897222,0.9663652999233888,-0.5305986758934421,-0.30061411950902805,-0.7868623644336666
2016-06-27,31,0.030742753061565674,0.1294073768252303,9.52630801851971,-0.18609138465426486,-0.08070132577472884,0.05436440180713173,-0.4702098710128436,-0.2234125101823675,-0.10539005887953602,0.5245742728199754
2016-06-28,40,0.022320008421128988,0.10358124809781644,8.100834894695753,-0.25533299324163566,-0.02730473799595042,-0.14509950653190662,-0.12600523510574568,-0.23185820081508055,-0.22802825524568524,-0.019094271426160936
2016-06-29,32,0.017437402410034525,0.3240808731774001,9.32731397165209,-0.2209191563070165,0.5632159597750862,-0.702104424798638,0.17013571874248376,0.07367814834587647,-0.7841351160821027,-0.8722401435411218
2016-06-30,22,0.019758000878155844,0.19477642088124558,9.2772115373456,-0.16730084865327075,-0.14323625919498215,-0.4921839251683528,0.35468331892681965,0.5786856754509295,-0.0240645894582886,-0.8468672440951724
2016-07-01,25,0.014432773714966131,0.13883111419196625,8.97110394206066,-0.03755916829823299,0.3377413200573387,-0.3482264602239021,0.252999292763859,0.07340632995263062,-0.37530048835557167,-0.6012257529877612
2016-07-05,26,0.02356135092222163,0.237154411253511,7.904927884305392,0.23714732441504388,0.00911121393486666,-0.04256342104324445,-0.4679853990676853,0.039100033805494455,0.22803611048017722,0.42542197802444087
2016-07-06,26,0.004451192949117971,0.170633935320198,9.726544554337908,0.35233788008863076,0.2183523001163245,0.3145487454546533,0.15151563437103321,-0.26821659338477505,0.13398557997230626,0.16303311108362006
2016-07-07,24,0.007239621940321759,0.2946962652997951,9.561339951113252,0.07522435594097869,0.4340457986854833,-0.5123456131254946,0.5543656995243696,0.10120790583921893,-0.3588214427445046,-1.0667113126498644
2016-07-08,23,0.023828855328890803,0.1973530559404746,8.297961823673754,-0.07301781499327473,0.4176510748686873,-0.4677216799049427,0.14101263789534418,-0.11405156299479224,-0.490668889861962,-0.6087343178002869
2016-07-11,25,0.04266628352920372,0.07746680944425044,11.93838524445875,-0.04550830385638495,-0.3664262931644126,-0.18840654951781685,-0.430475181509163,-0.10249784841240737,0.3209179893080277,0.24206863199134612
2016-07-12,22,0.007620392681227073,0.3281468455687103,9.730907964273289,0.28801809568052583,-0.17691629571930528,0.6160409255683464,0.3927219856851537,-0.45516198918871126,0.4649343913998311,0.22331893988319274
2016-07-13,36,-0.0002785595102129529,0.12642281925856902,10.606148548401835,0.23133196494968447,0.2875852551182013,0.021317616176655174,0.34303218493498594,0.1367892635558054,-0.05625329016851685,-0.32171456875833077
2016-07-14,17,0.09587354980580327,0.5836318400216772,9.313507933322017,-0.5346960553804518,-0.6668792905240328,-0.45093510889081273,-0.6386922830314904,0.031502044429474726,0.132183235143581,0.18775717414067766
2016-07-15,22,0.03740092320161479,0.07581547941702937,9.1394378179622,0.05356040954212468,-0.1363829090052989,-0.2815026371782228,-0.14484780321452723,-0.13646768101512677,0.18994331854742358,-0.1366548339636956
2016-07-18,24,0.03073612135384833,0.08268293673366234,14.01386709072538,-0.3545937048730791,0.10079888080604828,-0.6475916482516346,0.4310518294528123,-0.004999182118865399,-0.4553925856791274,-1.078643477704447
2016-07-19,23,0.005327917337020539,0.06823279389518966,9.171554917876788,0.04530768132241278,0.19302735213244276,0.028595034773803416,0.4917755373225249,-0.0037898030541285,-0.14771967081002998,-0.46318050254872145
2016-07-20,21,0.0684771731981572,0.525260216451572,9.485297539227107,-0.5992801453595704,0.010818022336281506,-0.10021886710305575,-0.7498474716952558,-0.43751281250100393,-0.6100981676958519,0.6496286045922001
2016-07-21,23,0.021026978188881024,0.19562621437913552,9.204386895216286,-0.22667749422322675,-0.10808599666010349,0.18185037986869013,0.07004700305969867,0.11562511126641382,-0.11859149756312326,0.11180337680899145
2016-07-22,19,0.04556880209991424,0.34986126583810573,9.679556028099867,0.10055913066036586,-0.4141272764988928,-0.3959085167732686,-0.21945842524750542,0.19732060806255936,0.5146864071592586,-0.1764500915257632
2016-07-25,21,0.0026468554656515534,0.3602486742894143,9.719796159826748,-0.3298306855570803,0.8369560722059015,-0.5295377773787623,0.9682010966779079,-0.05695663550533338,-1.1667867577629818,-1.4977388740566702
2016-07-26,21,0.03844111428276799,0.11933426747573728,11.952559325433828,-0.408342391680823,0.20236509084684184,-0.6678069567207463,0.21265591039936885,0.04660154727910192,-0.6107074825276648,-0.8804628671201151
2016-07-27,29,0.015290907328678242,0.3270877895786478,9.022974897415105,-0.22219081902113386,0.20788770771389659,0.3823131331074541,-0.3712286729667814,0.1163460261032278,-0.43007852673503044,0.7535418060742355
2016-07-28,38,0.00311379444665778,0.09097964031807737,9.646103311818619,0.19047823698149363,0.07159328490595195,0.4416818701177777,0.15881414735578328,-0.09921591730699762,0.11888495207554169,0.28286772276199446
2016-07-29,42,0.006404083407381123,0.08972526049747054,8.303090635248122,-0.12451360481731966,0.1716447387566478,0.15623358835770124,0.29525145741224407,-0.036559185929288376,-0.2961583435739674,-0.13901786905454283
2016-08-01,51,0.014379874783570995,0.09555740184818418,9.748330756369308,0.24784846207885508,-0.2594540182196965,0.1664778581544187,-0.3757365696872068,-0.24588296025061315,0.5073024802985515,0.5422144278416255
2016-08-02,29,0.0371969812486897,0.29680818255006824,9.50326960407744,-0.761009912297122,0.0739978390133319,-1.0513574800377554,0.4957074697677094,0.085237171129831,-0.8350077513104539,-1.5470649498054647
2016-08-03,41,-0.0005139048311965296,0.2648935277813337,9.36449533435489,-0.15782220897053564,0.40193666594253946,0.34434315059581017,0.5222958967692262,-0.0686133081789252,-0.5597588749130751,-0.177952746173416
2016-08-04,35,0.01603001235163199,0.12441605229548158,8.860631781358645,-0.016249479417111988,-0.10775378186624862,-0.06994519894856953,0.3125447415469345,-0.24069714592924432,0.09150430244913663,-0.38248994049550405
2016-08-05,33,0.006631828975505529,0.36829493864327445,10.101866618877764,0.651405838475077,-0.26506226984914477,0.7259547779199876,-0.06735642239483094,-0.48264263653445727,0.9164681083242219,0.7933112003148186
2016-08-08,31,0.017684096263230333,0.13856665083682485,8.9991370324667,0.26612095151633847,-0.12672965793971577,0.1597346822636944,-0.0975293104989366,-0.2980106336616616,0.3928506094560542,0.257263992762631
2016-08-09,31,0.02052908341100533,0.19783993694284097,10.353410097579966,0.3246544623648727,-0.32159129858241914,0.3629028671179989,-0.42183236287568826,-0.21693683950709372,0.6462457609472918,0.7847352299936872
2016-08-10,27,0.009790406415724517,0.05909700249922489,8.457031587334118,0.06028259697589051,0.12800821856692268,-0.09437602519271536,0.43649627781188977,-0.059093014611112,-0.06772562159103218,-0.5308723030046051
2016-08-11,32,-0.003952503833687857,0.2177664679270137,8.916347802121575,0.3178448699459162,0.333169748829362,0.43725581957137316,0.5867121848872557,-0.42202237787788327,-0.015324878883445803,-0.14945636531588258
2016-08-12,25,-0.023968197922383486,0.5175531515064982,8.735102276381298,0.5116820754744249,0.3235384536314489,0.5962197488638634,0.8284548043058794,-0.06148518615644197,0.188143621842976,-0.23223505544201595
2016-08-15,26,-0.006700203227163755,0.22579709128658765,12.104624816768416,0.25035753144858547,0.13250470638750725,-0.13049866743961322,1.2903826558302023,-0.19433565841416617,0.11785282506107822,-1.4208813232698154
2016-08-16,29,0.022112703212034637,0.19938300691323108,9.23914661899474,-0.0979710485969239,-0.02001087317194591,0.4344698470125316,-0.28482586694184747,-0.3141988445998239,-0.07796017542497799,0.7192957139543791
2016-08-18,24,0.01684088286655156,0.2053908751136284,8.660936791039346,-0.38731320464022456,0.5413175699364925,-0.37661709623798273,0.11142912296842337,0.3028212303788178,-0.928630774576717,-0.4880462192064061
2016-08-19,16,0.045300045181962255,0.21834018056973814,8.061576721947555,-0.4430573435290488,0.015825443596522534,-0.11301659918652382,-0.14782623881351967,0.238473292109777,-0.45888278712557135,0.03480963962699585
2016-08-22,34,0.03162363870514665,0.13210529907604462,9.680690551154594,-0.0904300169078173,-0.35421688823846265,-0.2754403692669535,-0.29685275399337047,-0.13346740354336675,0.2637868713306454,0.02141238472641699
2016-08-23,31,0.029911424919778506,0.3218915584926598,7.373059537589013,-0.11807024542751503,-0.10938253908007554,-0.4081178277385774,0.2959039367653744,-0.5148416695454736,-0.008687706347439483,-0.7040217645039518
2016-08-24,23,0.035060738060787744,0.243009805032377,7.664208741882244,0.23561709436690756,-0.016220750389497555,-0.23084140017743962,-0.44547262468626037,-0.1558762699099476,0.25183784475640514,0.21463122450882074
2016-08-25,21,0.015076447136565115,0.547983375311859,11.06056753574887,-0.34494108283327185,-0.07293877270050653,0.27772073880014414,0.7042098643792488,-0.19726152738134992,-0.2720023101327653,-0.4264891255791047
2016-08-26,15,0.01607546954392843,0.11667463559956348,9.8678435026774,0.21814099639108397,-0.236306752392241,0.3284512506122506,0.2032001558102245,0.00425026326082905,0.45444774878332495,0.12525109480202612
2016-08-29,36,0.00021368773838806424,0.1751188600528032,8.43594555891731,0.4051258016985313,0.08340137167231598,0.12398801742248045,0.3929256576903561,-0.020826365647624495,0.3217244300262153,-0.26893764026787564
2016-08-30,35,0.01675173230966994,0.10832631764373557,8.615680298857798,-0.2866039896760953,0.314121386079015,-0.4139001918153383,0.3291719113608697,-0.11541037762535004,-0.6007253757551103,-0.743072103176208
2016-08-31,30,0.014318887581166083,0.030004159567177946,9.314317010703213,0.1809041112731761,-0.0888357660198672,0.12295253684496964,-0.1545342933889219,0.08038015642067703,0.2697398772930433,0.27748683023389153
2016-09-01,26,0.020938530788429693,0.23012617866699214,10.357651553306642,-0.23249396195799943,0.09698947968914472,-0.29224356898854215,-0.12813370273832653,0.4670781529973772,-0.32948344164714416,-0.16410986625021562
2016-09-02,21,0.030134770824554947,0.29589112188401334,8.332726357980297,-0.026269377008563768,-0.16099304273100074,-0.24170851227229942,0.400028395427134,-0.23671783804657737,0.13472366572243696,-0.6417369076994334
2016-09-06,21,0.05712038564944143,0.46844832510867007,10.969139647904292,-0.7499218476956612,0.2439629189051768,-1.110417947427207,-0.17547269843461843,0.39279337737576897,-0.9938847666008379,-0.9349452489925885
2016-09-07,17,0.0036553578367524656,0.5006782259773759,10.141601273736722,0.18073035543754043,0.6025184062928224,0.40501840467346223,-0.024655018215186338,-0.2878943146382214,-0.4217880508552819,0.42967342288864857
2016-09-08,17,0.06968201972569282,0.30253120416499557,10.444109434071105,-0.09986735243023535,-0.5026799520157151,0.08866225030010495,-0.9267992764880437,0.0714956599603344,0.40281259958547977,1.0154615267881486
2016-09-09,24,0.04189924182339958,0.6128758701391537,8.770671715921376,0.2609025314547983,-0.6780680985271825,-0.40003936311281557,-0.36783790217986156,0.1738792248418831,0.9389706299819809,-0.03220146093295401
2016-09-12,37,0.00667422467087343,0.06824706693397031,9.657515498758155,-0.010898839566148953,0.3017684330450635,0.227364763917869,0.07337468280102465,-0.08550166584244218,-0.31266727261121247,0.15399008111684437
2016-09-13,25,0.023550809381974815,0.12722190690840995,12.393650017393858,0.16131296151464639,-0.42935508231231106,0.3252226687658881,-0.1656411817899725,-0.06907983527698999,0.5906680438269575,0.4908638505558606
2016-09-14,33,0.013408695651617564,0.047975930770244424,12.650559485428372,0.11649277396876463,0.10674237143757133,-0.06232879533154864,-0.14766866084970692,0.10178839776815919,0.009750402531193303,0.08533986551815828
2016-09-15,20,0.022459366241143506,0.29170128870600276,9.206304486324282,-0.3716723738106068,0.012083985544954878,0.2979139599285785,-0.10801274885038951,0.2713125275417203,-0.3837563593555617,0.405926708778968
2016-09-16,21,0.055857344464901336,0.2802484713869854,9.854670281560765,-0.1529632914851855,-0.11083291506751544,-0.08348278291575198,-0.7155509730576276,-0.28317850499977787,-0.04213037641767006,0.6320681901418757
2016-09-19,13,0.05552020333033567,0.8232899429862496,13.146422866005752,0.5701090066131536,5.322382009593817e-06,0.3142489690377183,-0.48393075833210397,-0.8439578262895022,0.570103684231144,0.7981797273698223
2016-09-20,17,0.03596592349984797,0.05974727415147674,11.985100580203946,0.10620882668530182,-0.048882344142611375,0.26546743487751423,-0.3249228796116537,-0.22071243680338168,0.15509117082791318,0.590390314489168
2016-09-21,26,0.012058991676853814,0.17863502888650074,9.422051835026432,0.057601482011385846,0.1697807919925117,0.6073128493686717,-0.07307966916210529,-0.38868302140686334,-0.11217930998112585,0.680392518530777
2016-09-22,25,0.030428003234137132,0.061098607506239744,10.799399861108915,-0.011211793826385133,-0.25619805555955005,-0.3042795400055908,-0.1297881136344097,0.18007734131907613,0.24498626173316493,-0.17449142637118112
2016-09-23,19,0.05009962353111293,0.36036488452807103,8.602813735866713,-0.49035829324226776,0.43599432031510743,-0.5804210625323927,0.11292041587926502,-0.38192107460200203,-0.9263526135573752,-0.6933414784116577
2016-09-26,17,0.09972319909454704,0.5563790322831169,8.959350415708817,-0.38024133028873275,-0.6662263854632153,-0.7365295282456525,-1.061739337668613,0.45414781245161406,0.2859850551744826,0.3252098094229605
2016-09-27,15,0.018394259711120724,0.04458307972002207,11.697205440723838,-0.06372550554104657,0.22647021467659303,-0.025311195960862908,0.3491128139617914,-0.03837411847009669,-0.2901957202176396,-0.3744240099226543
2016-09-28,37,0.012803132695343344,0.10758407486502619,13.586313265878276,-0.14948741951879843,0.02102178590979523,0.2611221560835089,-0.19132422659767387,0.1112358846677626,-0.17050920542859366,0.45244638268118276
2016-09-29,27,0.015575520025798617,0.10231673147497178,7.921627464581016,-0.04322347032198898,0.15477718374764185,0.20085975476518517,0.026408585667116277,-0.1799001352510795,-0.19800065406963083,0.1744511690980689
2016-09-30,25,0.03075011864011258,0.047483814944648595,10.278437380588803,-0.3274479771657699,-0.11904373086693748,-0.2924317237119054,0.05172380619618539,0.14969369354279852,-0.20840424629883242,-0.3441555299080908
2016-10-03,32,0.009459477331951772,0.04346018500581916,9.407226722507515,-0.08857946432340748,0.15599236043980644,-0.15661037467119227,0.3783663641111133,0.10542456519876728,-0.24457182476321393,-0.5349767387823056
2016-10-04,27,0.036438242041020134,0.22185068353170134,10.004707533865945,-0.7591607281558603,0.003943209421708809,-0.6453707081042698,0.24256258664996794,0.19036056997336767,-0.7631039375775691,-0.8879332947542378
2016-10-05,27,-0.005081848776328081,0.15039973892855973,8.973523880100934,0.0660164152758973,0.3237162866022191,0.027388872612366198,0.7887431548070631,0.06855510462416929,-0.2576998713263218,-0.7613542821946969
2016-10-06,31,0.018781503546042057,0.10149710489507724,9.501340639626573,-0.18784164280060558,-0.1294825039141809,-0.26414440404399503,0.08906403860765373,0.3279512922965201,-0.05835913888642469,-0.35320844265164875
2016-10-07,17,0.033383169341276844,0.7011766037586251,9.834672841951905,-0.25815473824992063,-0.487175269039542,-0.23390045964324774,0.13916608254055862,0.7050366267887388,0.22902053078962137,-0.37306654218380636
2016-10-10,29,0.048805506328165923,0.24735673963004257,8.649622133586105,-0.34005843571552263,-0.37327850390103556,-0.47924860332899527,-0.9167441866605315,0.2786103625724586,0.03322006818551293,0.4374955833315362
2016-10-11,28,0.053053871147281544,0.16215696440888894,10.984052354931144,-0.808618283623533,-0.011161240658129006,-0.8251159687126849,-0.34203903667766683,0.015917745424245545,-0.7974570429654041,-0.48307693203501806
2016-10-12,24,0.010476566196676721,0.14518329480286707,8.909619910622773,0.5175064894716973,-0.06943679058312402,0.3555933933376899,-0.4784441439465128,0.17190587427976645,0.5869432800548213,0.8340375372842027
2016-10-13,20,-0.01012263499657775,0.15468902344657853,10.96519883357866,0.29949990493224743,0.43214893575185986,0.014127517687659998,0.5362334915656781,0.1228955499256632,-0.13264903081961243,-0.5221059738780182
2016-10-14,24,0.03901136976854396,0.2043636639034454,8.7619358920593,-0.14926791954367594,-0.4336488585830298,0.0693172079905854,-0.1704595287120144,-0.1884866500419742,0.2843809390393539,0.2397767367025998
2016-10-17,25,0.008478256378090987,0.36872577631143244,12.439764700555939,0.9051186041047679,0.1537118170615203,0.6516293444915117,-0.872606452890006,-0.26176613167234264,0.7514067870432476,1.5242357973815177
2016-10-18,27,0.022139965548062097,0.07227150781775493,11.971275867057223,0.24256554356562537,-0.16948560743364444,0.15695308134853328,-0.4646160103847197,0.03902485330885166,0.4120511509992698,0.621569091733253
2016-10-19,36,0.0064319665813276534,0.19373726907648636,8.94746883948897,0.02157780350044654,-0.05720994605493398,-0.0730093157747692,0.1972538093472525,0.4482860551264123,0.07878774955538052,-0.2702631251220217
2016-10-20,17,0.026384289652582927,0.35338558314402124,8.134065591490304,0.6635510733986992,-0.17532657612928476,0.5109797831949326,-0.530627086661215,-0.36564304199095,0.8388776495279839,1.0416068698561478
2016-10-21,25,0.03724241565674492,0.21360596710895252,9.8256463500703,-0.026029589223285937,-0.13482834481760536,-0.2164119423910795,-0.6507508915020542,0.16589998509678053,0.10879875559431942,0.4343389491109747
2016-10-24,18,0.07910396319774132,0.3698297737659466,9.545046556328831,-0.39144654200088197,-0.5536372013311426,-0.42353302343564153,-0.5718128440852713,0.09268693573424856,0.1621906593302606,0.1482798206496298
2016-10-25,26,0.016765439595328283,0.08651019512160008,7.588422499429097,0.08360503943211406,0.19552714482882785,-0.09221417796697001,-0.06693264626798165,0.008211781016938964,-0.1119221053967138,-0.025281531698988363
2016-10-26,28,-0.011737063929461092,0.16689757992342336,11.634519847468258,0.38784424909785137,0.24858294026778763,0.509169602097236,0.32892593400805753,0.1827528545788883,0.13926130883006374,0.18024366808917852
2016-10-27,19,0.0685684963996468,0.3362358377687239,9.008561004487998,0.09444285275904245,-0.5156120984183487,-0.15745991561807166,-1.0548823850183777,0.027908683109175048,0.6100549511773911,0.8974224694003061
2016-10-28,40,0.015446600118634168,0.15161001961372111,10.72268854666177,-0.5946680360551261,0.21088723891416936,-0.466254287187348,0.4332233512289731,0.181083723608598,-0.8055552749692955,-0.8994776384163211
2016-10-31,38,0.011448765482827705,0.15063242353150497,9.857113327665695,-0.33630897180454844,0.46323071730660104,-0.4346604125789756,0.7010066512489179,-0.26337416086690335,-0.7995396891111495,-1.1356670638278934
2016-11-01,30,0.01863915196866717,0.15005299702519692,7.902608767095354,0.09902886145874731,-0.1893544579400315,-0.45005281461808183,0.29611317850546615,0.12591611447386605,0.2883833193987788,-0.746165993123548
2016-11-02,24,0.014257659804285578,0.39787442949922613,11.737927254643282,0.35327250956484973,-0.2820103160968157,1.4311582845213886,-1.0266877654593254,-0.16010038313580213,0.6352828256616654,2.4578460499807138
2016-11-03,18,0.11023792853789877,0.5827476595960119,14.495856210618575,-0.17582599612637514,-0.9347793375872532,-0.46277322686949424,-1.0385644167860204,-0.35662244999521364,0.758953341460878,0.5757911899165262
2016-11-04,41,0.02368369053165648,0.09107057538228835,8.007758845034164,-0.18287859146629826,-0.20330122370219916,-0.2922250807400805,-0.08878305721270782,-0.17487467047454303,0.020422632235900906,-0.2034420235273727
2016-11-07,17,0.04251706013911387,0.1731539525296788,8.793472602097886,-0.15705072725679053,0.014315384733828792,-0.6120487549942363,0.22735311147691067,0.08185094131041741,-0.17136611199061932,-0.8394018664711469
2016-11-08,33,0.020104033337363693,0.12059432232907952,7.883252034441163,0.11874027054505323,-0.19948814862592398,-0.3326266644827412,0.03221499289079139,0.054293349406814476,0.3182284191709772,-0.3648416573735326
2016-11-09,27,-0.004051763942958264,0.17739890501452726,9.514438561468056,0.13088600763659283,0.4035865066791652,0.007952688273400328,0.8124875158200825,-0.13611746548949333,-0.2727004990425723,-0.8045348275466822
2016-11-10,41,0.011432702209431836,0.15406373577136723,6.98255291171845,-0.11598736071818792,-0.10221739062448162,-0.18301723327267044,0.4698679751306002,-0.006127571688669442,-0.013769970093706299,-0.6528852084032706
2016-11-11,25,0.010384933543304607,0.1451691453719609,10.876713720832953,-0.28109684867583795,0.32305308225026735,-0.30541140471861805,0.27172769496783056,0.4724807990111283,-0.6041499309261054,-0.5771390996864486
2016-11-14,33,0.008298041001127953,0.05383366115996213,8.117418882491794,0.11757577274250001,-0.05279890784852205,0.3706173524720577,0.07761793595930144,-0.06068285939978301,0.17037468059102207,0.29299941651275624
2016-11-15,46,0.01046932453547041,0.07648792869392218,8.315305709519098,-0.0807852681504091,0.1354420949201685,-0.24738254435431098,0.323640281562418,-0.09409242124114514,-0.2162273630705776,-0.5710228259167289
2016-11-16,38,0.008808134607264215,0.10458463261417417,9.36903619350251,0.07128637360768607,-0.048480590219887765,0.03294633596623731,-0.03180513338637076,0.3066347838802598,0.11976696382757383,0.06475146935260807
2016-11-17,30,0.03421403737801296,0.28175256303871954,13.002037791257262,0.08970019141350156,-0.5171494279882157,0.24148593201154034,-0.30365521374600435,-0.5632237243715981,0.6068496194017173,0.5451411457575447
2016-11-18,28,0.02636544145819011,0.2586230663376786,11.376476248948627,0.3060892999767975,-0.12575832227062972,-0.39717978318464947,-0.2507440705183804,-0.008871845661785685,0.43184762224742723,-0.1464357126662691
2016-11-21,34,0.01661588758262168,0.0959072134683222,10.27398937394833,-0.15583807202755434,0.19461603046465042,-0.27196861235109693,-0.03825490535290576,0.14156520364863232,-0.35045410249220477,-0.23371370699819116
2016-11-22,39,0.006604814093462732,0.25207226102184344,7.8584797892231,0.2056249606269703,-0.23546566160333132,0.48086860558527544,-0.28783118091741916,0.32162777701841183,0.4410906222303016,0.7686997865026945
2016-11-23,31,-0.011884785001534202,0.2174381484077238,8.539950661479157,0.21924362998255129,0.6246342238571001,0.43697035475541424,0.6616795834602696,-0.20567112196021523,-0.4053905938745488,-0.22470922870485532
2016-11-25,26,-0.009991436730020307,0.26657592496917804,10.395967678534358,0.15324733828208378,0.642279368965611,0.6027635029396077,0.6307445214641328,-0.5094800216903806,-0.4890320306835272,-0.02798101852452517
2016-11-28,28,0.019407770336409672,0.12049535155653912,9.020825608788698,-0.0601561017961784,0.043094455665462314,-0.08959550228630346,0.2729944883373025,-0.25317247875922433,-0.10325055746164072,-0.362589990623606
2016-11-29,33,0.0047105423839035095,0.3443866918813644,8.58444079710996,0.16693525991493974,0.516291078551061,-0.14310167324039125,0.3551641231135304,-0.2061845856767698,-0.3493558186361213,-0.49826579635392165
2016-11-30,34,0.01645906367179876,0.0918319379414474,9.134152783073155,-0.0989940857165327,0.0822099200370573,0.21737506706392296,-0.06569567729086966,-0.25411155377589245,-0.18120400575359,0.2830707443547926
2016-12-01,24,0.026744257201361192,0.18575098509670274,9.112072772794589,-0.09339337352981572,0.052814022422601026,0.2562282246738558,-0.32480467826943654,-0.17456854096254057,-0.14620739595241675,0.5810329029432924
2016-12-02,27,0.023696749366939003,0.21788013052439625,9.892277338856058,0.11121104474120391,-0.315032755420973,-0.22948403883030338,-0.29594265152418703,0.4496239352195525,0.4262438001621769,0.06645861269388365
2016-12-05,13,0.005971305259529477,0.11683891838154226,12.760840854932018,-0.08294638096704002,0.173714854058774,-0.06739611012212413,0.8797021186034115,-0.058328418320785946,-0.256661235025814,-0.9470982287255356
2016-12-06,14,0.049753374993609475,0.5177987612628705,16.58257651818158,-0.9084112495853739,0.42665655773982114,-0.44629792980231137,0.6274010943595554,-0.09244297253275666,-1.3350678073251951,-1.0736990241618667
2016-12-07,16,0.06508269780317343,0.27348588817404784,9.393321156299509,0.2688708747986004,-0.3115758276002718,0.04309342450026535,-0.6775096305537254,-0.40552517084641715,0.5804467023988722,0.7206030550539907
2016-12-08,31,0.011870853908803883,0.16281524295515115,9.637945846421815,0.27913663827264956,-0.228827698832084,0.7498975019767274,-0.40540918100498397,-0.130790202758148,0.5079643371047335,1.1553066829817114
2016-12-09,24,0.027832142575869502,0.19308128441022998,10.844876789431485,-0.3172646807299853,0.20567212156182899,-0.7349555876294974,0.3625049917928471,0.1481003113630712,-0.5229368022918143,-1.0974605794223447
2016-12-12,21,0.05681541961429337,0.2478685316525956,10.271094412521633,-0.344353748937914,-0.18655632189665813,0.004573547126660329,-1.0741624717914613,0.21425137169904923,-0.15779742704125585,1.0787360189181217
2016-12-13,27,0.023913672965668476,0.35367824104803625,9.335490361790237,-0.07121352444711915,0.14198699705767617,-0.7246393204271381,0.4890487383845632,-0.1265212307140811,-0.21320052150479532,-1.2136880588117012
2016-12-14,32,0.02382600322804822,0.12315201180028756,7.581988741909725,-0.12238814583745992,-0.25426644146899074,-0.11075257122520406,-0.3167408614366677,0.2792838133732375,0.1318782956315308,0.20598829021146364
2016-12-15,30,0.04118850797087583,0.3309902498750732,9.391638545217065,-0.28768205995225554,-0.5642004308309952,-0.45328078315196074,-0.1929130995738681,0.026765895256529365,0.2765183708787397,-0.26036768357809265
2016-12-16,27,-0.003951073542464366,0.268702164091132,8.799480451328558,0.0008219942573453891,0.43698420626323614,0.26676088170462153,0.8611895709599564,-0.3523986818920822,-0.4361622120058907,-0.5944286892553349
2016-12-19,31,0.021414371182803316,0.2987615783437766,10.469415225947792,-0.3232758591050596,0.08671625696901558,-0.78616408890827,0.8967586797994744,-0.20172600208896677,-0.4099921160740752,-1.6829227687077446
2016-12-20,19,0.013885431494236065,0.11455051183384335,8.634254999851008,0.0896977438170548,0.031432049134867086,0.37049210857365045,0.10912560300965844,-0.1283939013162023,0.05826569468218771,0.261366505563992
2016-12-21,22,0.002016650600462764,0.3733775795299126,8.927268715050277,0.5371931399399876,0.41662078977244693,0.13702475251851073,-0.05156268440825066,-0.1280086242430566,0.1205723501675407,0.1885874369267614
2016-12-22,18,-0.019805652744920865,0.36119345986118134,11.742461249618188,0.2984427691982168,0.42719611816947545,0.8922979227029193,0.35360182157963066,-0.258535132833091,-0.12875334897125867,0.5386961011232887
2016-12-23,33,0.00777320101385087,0.09383486945442465,8.7954349946788,0.24869749333162292,-0.12132771772778624,0.06099101228799027,0.19011324752922804,0.10849469766478809,0.37002521105940916,-0.12912223524123778
2016-12-27,17,-0.0003796178355630034,0.34870109728571785,13.12325001861234,0.3782835836787465,0.5551451366870832,0.16679847598819797,-0.08862628315121593,0.0013060932063297423,-0.17686155300833672,0.25542475913941387
2016-12-28,38,0.028426638774233133,0.19229574404753313,8.401182986348182,-0.3205889530057081,-0.1269061504217036,-0.4652536791979789,-0.44704372282262617,0.1993679586062976,-0.1936828025840045,-0.01820995637535272
2016-12-29,25,0.017164829548731216,0.13930183917427674,8.779894434596734,-0.28537881962588224,-0.07485493751982694,-0.08031296005476411,0.5700626167255747,0.012242623038339099,-0.2105238821060553,-0.6503755767803387
2016-12-30,22,0.04763368708998046,0.20918294310004293,10.168260545636096,-0.09055764313008824,-0.2063294828900795,0.03030704688308571,-0.774551204783213,-0.054750948038846885,0.11577183975999125,0.8048582516662988
2017-01-03,25,0.012654726254929284,0.06565072989800957,13.37040694422538,-0.04199804103868495,-0.12074140133994077,-0.1835847920860518,0.4933527587095902,0.22023516300862447,0.07874336030125581,-0.676937550795642
2017-01-04,11,0.04498868415066787,0.2628082149030023,12.211520288561594,0.6657184474411182,-0.7701479766463849,0.3605491587187011,-0.6498105427324293,0.4039398619043014,1.4358664240875032,1.0103597014511303
2017-01-05,31,0.021860111537454444,0.21200670091817342,9.697991758156196,-0.23920965725132898,0.17361108438640702,-0.27963057618149534,0.3759952787793377,-0.3860930450550969,-0.41282074163773597,-0.655625854960833
2017-01-06,20,0.04950701573813666,0.1371709105306168,8.560519049531532,-0.3682620450963093,-0.15491837842127246,-0.4661388643165804,-0.29938580434351664,0.3084244626522127,-0.21334366667503682,-0.16675305997306378
2017-01-09,25,-0.010493916649232571,0.23891651148968418,11.202313234171987,0.4656843449747847,0.0028788889188816305,0.302741564355379,0.5719401245118995,0.18145090970068445,0.4628054560559031,-0.26919856015652044
2017-01-10,19,0.02802655616680223,0.4865200330646203,7.8282129801098534,-0.06699960722064456,0.402664433596696,-0.7156242671769132,0.49885644187445305,-0.18390613541207576,-0.4696640408173406,-1.2144807090513663
2017-01-11,25,0.011001084493145697,0.09363741450171137,13.677599345302792,-0.10349903211983168,0.2213074233327455,-0.7336392954739517,0.6176945409888208,0.4480821386149316,-0.3248064554525772,-1.3513338364627725
2017-01-12,37,0.02235451444647923,0.08969108789803926,10.642017044416887,-0.3058310812072391,-0.059398524478437,-0.2902971581291291,-0.14023233846934147,0.1415250332446854,-0.24643255672880213,-0.15006481965978763
2017-01-13,28,0.020325605701870274,0.07770775752558723,9.861564659896764,0.07115389303305904,0.057925629236513024,-0.25155284695726876,-0.1761058923116766,0.16034529769463765,0.013228263796546014,-0.07544695464559217
2017-01-17,27,0.004107406836263922,0.16763326764268616,7.673415841267572,-0.07727771123306934,0.4759276452670339,0.13974961568714442,0.500605069864479,-0.26080458874384044,-0.5532053565001033,-0.36085545417733456
2017-01-18,31,-0.003541738044568739,0.22668304920225402,10.00411572906639,-0.025418352245554318,0.574339949001655,0.16671256345235017,0.3570793465131257,0.1468742520416857,-0.5997583012472093,-0.1903667830607755
2017-01-19,24,0.015798072154065094,0.29459966946059524,8.024716081145245,-0.16054326922400858,0.4126139006502346,-0.11959471433303574,-0.08402503588367839,0.19324165539536578,-0.5731571698742433,-0.03556967844935735
2017-01-20,24,0.05335197413295051,0.26656796713341824,11.750979066571603,-0.7025454654979036,-0.3584090370567885,-0.6689282688351854,0.092230898827934,0.07675711418032054,-0.34413642844111514,-0.7611591676631194
2017-01-23,27,0.04314680525623184,0.2298382096971857,9.890091907306525,0.09387755303066268,-0.4411644342566034,0.02986857863694347,-0.890155091314487,-0.12235408993303769,0.535041987287266,0.9200236699514305
2017-01-24,27,0.031889543958822354,0.397074042363764,8.619786246163166,-0.10319881562185469,0.019428728400206624,-1.0141502840744752,-0.21706121766081615,0.5929462151805319,-0.12262754402206132,-0.797089066413659
2017-01-25,27,0.01199725383801716,0.027893294892070486,8.487901098980727,0.07015356799208473,0.05394831165325649,0.006779256782789834,0.11367248633426283,0.10759466998467863,0.016205256338828244,-0.106893229551473
2017-01-26,38,0.015135031067632079,0.08554550407978079,10.039470381006241,-0.10979848513456315,0.14116639658602448,-0.25538844673777694,-0.12374079247965959,0.1974989666259383,-0.2509648817205876,-0.13164765425811736
2017-01-27,39,-0.004149951299845812,0.12087619990982634,8.972721900672694,0.26854275737065036,0.06051779175160062,0.3017720292493481,0.5855874081958269,0.10727621482054772,0.20802496561904973,-0.2838153789464788
2017-01-30,31,0.029144547829092603,0.2765449019167673,9.23814301316856,-0.3017911091869817,-0.21655439480908986,0.17227987640879971,-0.14716606926614398,-0.31373026855032626,-0.08523671437789185,0.31944594567494367
2017-01-31,34,0.009429241588443882,0.2046378149170066,9.923362869666011,0.6197134245729496,-0.2143982837195489,0.4782661057278915,-0.38854645714317587,-0.13622321745230173,0.8341117082924985,0.8668125628710674
2017-02-01,31,0.018802567961148157,0.1852719951879782,9.283424120838774,-0.16051457054185533,-0.004205446078547973,-0.4541451963722855,0.2513047867663899,0.2018012126351116,-0.15630912446330736,-0.7054499831386754
2017-02-02,30,0.029970308886267852,0.2176533535381472,10.8499079912653,0.1397271521732088,-0.1738054278788619,0.1252348551242112,-0.7125870555974666,-0.1767880569971609,0.31353258005207074,0.8378219107216778
2017-02-03,33,0.020873196644254043,0.07702601118627772,8.349582429400035,-0.26387590676447326,-0.0016434185629595262,0.02101082402150166,0.02698869809136273,-0.1601111753061992,-0.26223248820151374,-0.005977874069861069
2017-02-06,35,0.006073107221299316,0.1577340193058785,10.26276244368057,-0.000871315570604456,0.4300961613417105,-0.32189718556077196,0.5075996428601623,-0.040044808561449784,-0.43096747691231496,-0.8294968284209343
2017-02-07,41,0.01193522030194063,0.03492681692790822,8.410090213562743,0.05364985239100054,-0.07390961774582602,-0.06207870731450166,-0.06622617045664249,0.16987657836683745,0.12755947013682656,0.004147463142140831
2017-02-08,32,0.02166358081946386,0.03998262999882085,8.771225533220004,-0.225736930965024,0.005766120538596042,-0.07250523509308897,-0.08179048362285599,-0.012202643303313738,-0.23150305150362005,0.009285248529767018
2017-02-09,48,0.006732646562444349,0.05475884984299195,9.254862012757187,0.17556483215140986,-0.08987817133414867,0.2838221042482647,-0.06268233716216175,0.046839502101979937,0.26544300348555855,0.34650444141042647
2017-02-10,34,0.00927544073694941,0.12225088893310265,8.773128557605364,-0.19446254947799396,0.21512055123101384,-0.4755996942627063,0.5528530719283609,0.2713586504687661,-0.40958310070900783,-1.0284527661910672
2017-02-13,44,0.020467996451615657,0.11344266433362538,8.127758184438944,-0.2800304186608574,-0.24484762611264835,0.032992059455045526,-0.3691008715631796,0.05980316913944689,-0.03518279254820908,0.40209293101822513
2017-02-14,38,0.01919256470965823,0.07041320863507061,8.442608276103167,-0.2282030138284372,0.042392482979226175,-0.3189709739036511,-0.09387420121466959,0.14002078803350554,-0.27059549680766337,-0.22509677268898148
2017-02-15,38,0.008392288344630601,0.07977477392865306,8.448603773565713,-0.011849643235064704,0.07057713509644821,0.183159586162277,0.30503651014152294,-0.1847375023571082,-0.0824267783315129,-0.12187692397924593
2017-02-16,38,-0.000762051684108101,0.11969098663763245,8.986473067482086,0.08525146627605969,0.07756707916648582,0.36235417742914294,0.531396978107786,0.0013462270127413399,0.007684387109573865,-0.16904280067864302
2017-02-17,28,0.024543238870903608,0.11465789565216167,11.108272607730365,0.25244313189388934,-0.18664856039741617,0.25917589049222656,-0.6361621545445842,-0.06322968421471761,0.4390916922913055,0.8953380450368108
2017-02-21,41,0.012127604027452686,0.10499718883085207,7.817229524309452,-0.19449976541191438,0.19776339855807373,0.045040356764310084,-0.0027397644697958416,-0.04002775569179439,-0.3922631639699881,0.047780121234105924
2017-02-22,45,0.012276278972869304,0.16038633121610402,9.193567591683854,0.26191228528047195,-0.10497638267363517,-0.00553907813102382,-0.4953373269782742,0.23907539494403024,0.36688866795410713,0.4897982488472504
2017-02-23,31,0.02140805145953679,0.08009177950225599,9.362254843646861,0.07075733396500192,-0.3110495311547419,-0.08471362340767136,-0.18785418006095284,0.18556081016708476,0.3818068651197438,0.10314055665328148
2017-02-24,35,-0.009304662017066753,0.20109554842787403,8.633460619497281,0.23555702273649026,0.4310196665538759,0.4221016115440618,0.5021643359343612,0.06048370442588327,-0.19546264381738565,-0.08006272439029938
2017-02-27,52,0.006861667690457982,0.054169370442103904,7.559030079252631,-0.10114723111146247,0.0962944624860046,-0.2089429581939251,0.3737708984332502,0.12641138857850265,-0.19744169359746705,-0.5827138566271752
2017-02-28,28,0.02318367260708635,0.14204358503930103,10.521261094202174,0.2442823177559448,-0.10388224337411106,-0.00962133096534221,-0.3446919553673643,-0.08437245404596282,0.3481645611300559,0.33507062440202207
2017-03-01,34,0.018222615983015517,0.09326034753606693,8.740461441193263,-0.0759339240035631,0.045944093144852066,-0.3736942965477844,0.2707478607568315,-0.10620162019539058,-0.12187801714841516,-0.644442157304616
2017-03-02,30,0.026706521966945597,0.20681689517568203,9.278109842981815,-0.2679950312137155,-0.24212405391298486,0.03137610019978304,-0.2830500225052254,0.15940168941540772,-0.025870977300730624,0.3144261227050084
2017-03-03,30,0.0168401536365002,0.10494589715889635,8.040935239266563,0.08045389249930876,0.053923405592392636,-0.16305251605525942,-0.171747119513157,0.19001311928670414,0.026530486906916124,0.008694603457897576
2017-03-06,30,0.019681044588416977,0.3929007877776335,8.524117135354292,0.614865858728312,-0.4152774150711377,0.40701630666232014,-0.6761024284147161,-0.11136499720979631,1.0301432737994496,1.0831187350770364
2017-03-07,40,0.004108703285754146,0.0847395006081203,8.279616446178172,0.28854426552698353,-0.11898000074150288,0.36734609424980835,0.09159646220685096,0.04279691589752898,0.4075242662684864,0.2757496320429574
2017-03-08,34,0.009401858488650081,0.11926646178041533,13.139279281059865,0.30794665414090994,0.11019813604990582,0.16345538765317483,-0.3294721054023592,0.10854555033016473,0.19774851809100413,0.49292749305553407
2017-03-09,20,0.014944361994492209,0.23640308858971215,9.492790094562805,-0.25769766717482867,0.5061517937721115,-0.1816345884785915,0.06022680304427746,0.2751791790573432,-0.7638494609469402,-0.24186139152286898
2017-03-10,37,0.01503379193988639,0.15398673947237485,8.65497457416743,0.23351084548480527,0.023036845756338097,0.2808913181229622,-0.2594749016360676,-0.39046471127962995,0.21047399972846717,0.5403662197590298
2017-03-13,25,0.006436791743038484,0.0736325871942779,14.061196983609616,-0.1217560579096334,0.13216295736730937,-0.025743626091255457,0.8028394638975997,-0.10934232441594396,-0.25391901527694277,-0.8285830899888552
2017-03-14,26,0.000615946096141394,0.2383846581296606,12.747699189137604,0.4736689203487836,-0.12831151748689387,0.2656480659210976,0.07941031212480995,0.277555022092851,0.6019804378356775,0.18623775379628763
2017-03-15,31,0.002828606170762582,0.23606058527456464,11.8349148408478,0.2116210422944693,-0.14617833815263515,0.6428234272338033,0.271982753517853,-0.1556224674807682,0.35779938044710446,0.37084067371595025
2017-03-16,24,0.04035082787949049,0.2270821314104582,8.263980048340857,-0.46427492935219233,-0.014849280753232908,-0.11929059673484088,0.016895782001103723,-0.3553207133763813,-0.44942564859895945,-0.1361863787359446
2017-03-17,22,-0.00996857690811117,0.20382825268508176,8.504081249060643,0.2590661783106297,0.17286997979850593,0.4182609166167925,0.4031554341493296,0.18526487508163322,0.08619619851212379,0.015105482467462905
2017-03-20,33,0.023870240454556668,0.09675377502780014,7.9238179588755235,0.03755884225949344,-0.36176877689608344,0.12382302811125406,-0.47352671903397037,0.09847775555856676,0.3993276191555769,0.5973497471452245
2017-03-21,31,-0.000718911079367426,0.3111085127020905,6.957352577592602,0.1395981174479513,0.3501469993838642,-0.1446914179000395,0.8869298942945613,-0.18741110630555768,-0.21054888193591287,-1.0316213121946007
2017-03-22,34,-0.002358915318740432,0.31006534691638044,10.65521966457858,0.30137052670007114,0.5670254394383536,0.37826824793126207,0.06822671688539864,-0.15448468928073752,-0.26565491273828246,0.3100415310458634
2017-03-23,29,0.000702890198137633,0.2262853279670275,9.088350033833112,0.20732724257312224,-0.04803026427845551,-0.01851739476725658,0.6748336675767769,0.14361911740383249,0.25535750685157776,-0.6933510623440334
2017-03-24,23,0.011164111627629219,0.15989975140164658,10.101309587605183,0.135800716439275,-0.26244584058080067,0.23158631463321372,0.22485709570535806,0.15665257893201054,0.39824655702007566,0.0067292189278556624
2017-03-27,30,-0.0022078732705073777,0.17848110297272501,7.03703183241585,0.2625959646434436,0.4990392014009707,0.25494283254275246,0.2483598879367792,-0.1324654902935027,-0.2364432367575271,0.006582944605973251
2017-03-28,24,0.020198675519707977,0.2799424951502656,9.627185379258668,0.4126679985148851,-0.2352027367601388,0.08458416256834307,-0.6684274727998208,0.4368416235307476,0.6478707352750239,0.753011635368164
2017-03-29,32,0.0003890134836539816,0.24735148466031143,8.951992040548486,0.1693800944044394,0.04914190200034673,0.12022866579082093,0.8056171416121594,-0.1692646667616218,0.12023819240409267,-0.6853884758213384
2017-03-30,24,0.026589076080805712,0.06512815351470325,7.634263273585897,0.11192446882016631,-0.12830162651242494,-0.0949401982938198,-0.3501759685415214,0.18521767264892447,0.24022609533259126,0.2552357702477016
2017-03-31,20,0.03532155378544677,0.4528764945869006,10.386549894830134,0.31732532686050546,0.3233700674114453,0.008820483854272225,-0.709739488189611,-0.3526385413544833,-0.006044740550939842,0.7185599720438832
2017-04-03,21,0.05082316597945173,0.11643300610163143,11.216773964642714,-0.5387757381687678,-0.2077585041890896,-0.4645441791425019,0.13039001436407024,-0.053884564000684816,-0.3310172339796782,-0.5949341935065722
2017-04-04,27,0.031054738940062238,0.12868929043121213,9.367988039912841,-0.38106714394891733,0.10586350572791271,-0.5956629930327257,0.24478199960030955,-0.0508712711099404,-0.48693064967683003,-0.8404449926330353
2017-04-05,21,0.035090822973923845,0.3303809370528522,11.666310212970073,-0.16902844334089667,0.35884848132770486,-0.48212002188135566,0.15119170704934323,-0.33270628805959757,-0.5278769246686015,-0.6333117289306989
2017-04-06,20,0.015454672278380223,0.21454358650458327,9.368925534913028,-0.13208481313113812,0.14625101688484896,-0.16624646454348024,0.023527948101759785,0.5103654215528003,-0.27833583001598705,-0.18977441264524003
2017-04-07,20,0.02442559561323686,0.16934708792337883,12.084984361085324,0.14010433248155485,0.06353342629600013,0.19003507421533716,-0.6327122098301363,0.2620155523077696,0.07657090618555472,0.8227472840454735
2017-04-10,17,0.023165325467962527,0.27034336656026114,10.009884147017845,0.4132793910076192,0.2377676065079614,0.0922063521460343,-0.055352920289700416,-0.4755214952826404,0.1755117844996578,0.14755927243573472
2017-04-11,23,0.04391231326671571,0.4314287949675244,10.425152286696422,0.10377256047381025,-0.26021979005022694,-0.5549849798564243,0.07061125007631808,-0.3791454509124124,0.3639923505240372,-0.6255962299327423
2017-04-12,24,0.01436743939494365,0.19420688520243978,9.522234232336764,0.11700212344032176,-0.19575325585029127,-0.3122389326358542,0.20265136143527873,0.4987016126532484,0.31275537929061303,-0.514890294071133
2017-04-13,28,-0.015827845917357388,0.3604729929638619,9.65105926438417,0.5486561518299815,0.45082832521632166,0.39559214552882416,0.6485950826997767,-0.15731233390289118,0.09782782661365985,-0.25300293717095257
2017-04-17,14,0.1141994215730153,0.39413587088350266,10.79340335652487,-0.16767119551885476,-0.5715660221039969,-0.5730821403818314,-1.030966453147305,0.1457020071075613,0.4038948265851421,0.4578843127654737
2017-04-18,17,0.11146144295537597,0.5896140620963828,12.256718264777405,-1.684000671997371,-0.12608837812727053,-1.5634686005209668,-0.13460736678487054,0.7184759569476988,-1.5579122938701004,-1.4288612337360962
2017-04-19,19,0.04820366248014851,0.2466218956886047,9.017959454319874,-0.17319392999301206,-0.49963919173634014,-0.01184417519858551,-0.0865514400397332,-0.06051043727797272,0.3264452617433281,0.07470726484114769
2017-04-20,21,0.06668779811490515,0.34328980820353117,10.262750598290179,-0.16319061508059726,-0.5129909075923124,-0.1025989635913544,-0.5461200459381135,-0.47598698862363953,0.34980029251171507,0.4435210823467591
2017-04-21,25,0.02267152975775602,0.12365741274795539,10.363472008443136,0.1532440462481764,0.12015156473079125,0.02592960486129566,-0.14398094463531716,-0.28892075909274634,0.03309248151738514,0.16991054949661283
2017-04-24,21,0.032941526011928374,0.11317959410265299,8.798711970320856,-0.010231511175476058,0.03407105785532724,0.067105430622842,-0.202643193648584,-0.2718458761551015,-0.0443025690308033,0.269748624271426
2017-04-25,24,0.03818718690340746,0.3835247630969668,9.00641193600832,0.22436043949232612,0.03984724205740961,-0.4248013097594802,-0.4138513164696904,-0.25854002668412285,0.1845131974349165,-0.010949993289789794
2017-04-26,27,0.020919526839134756,0.14020905645471848,8.776711346447307,0.15740439380594173,-0.14018566856181347,-0.2661222528241494,0.16125685206755586,-0.042007773800812644,0.2975900623677552,-0.4273791048917053
2017-04-27,36,0.015614005457329449,0.04205990735509224,8.19359049857636,-0.09601937796723375,0.12254328251468263,-0.2707549277144316,0.1300041738755461,-0.009981543636285308,-0.2185626604819164,-0.40075910158997774
2017-04-28,29,0.028833188689521717,0.23052171759577,7.946451009351815,0.2593829183210594,-0.3709664050668972,0.1655515802668587,-0.37571991989740433,-0.350573117615877,0.6303493233879567,0.5412715001642631
2017-05-01,42,0.002937520800940865,0.057838285720491656,8.506153070955316,0.09530500631499547,0.2367091338598999,0.03735420574774668,0.3886406807232006,-0.004760773924874756,-0.14140412754490442,-0.35128647497545396
2017-05-02,29,0.03378504948841317,0.11256940072570232,8.175162369380777,-0.28236714382381456,-0.29317800701254776,0.027953241895249746,-0.2914164496729329,-0.1205245117139194,0.0108108631887332,0.3193696915681826
2017-05-03,19,0.05801902312821693,0.4978659921771261,9.171914726502056,0.014565067934733132,-0.2464978334966574,0.45256719288990616,-1.1899442742268993,-0.23541303197332855,0.26106290143139055,1.6425114671168055
2017-05-04,29,0.008989112312988228,0.11536046133394462,9.200108104650308,-0.1648213421567801,0.40450893483767514,-0.10705579712126242,0.4163947394846868,-0.07039504919763573,-0.5693302769944553,-0.5234505366059492
2017-05-05,28,0.02746629597372222,0.1462894531604021,8.689166665581777,-0.2849378148668668,0.18623248728970898,-0.3653720179477106,-0.04759721979760291,-0.026438009205973608,-0.4711703021565758,-0.31777479815010773
2017-05-08,30,0.02505897288010715,0.15082522581184232,8.796626722929615,-0.3544273910041218,0.03163743649906863,-0.552164814386846,0.15256525165000565,0.21885114443546205,-0.38606482750319043,-0.7047300660368516
2017-05-09,32,0.014890660923089286,0.2072289821802079,11.132666233710466,-0.3814172085473387,0.07288686921459847,0.08680053222900884,0.2194432968732062,0.04928421115281047,-0.45430407776193715,-0.1326427646441974
2017-05-10,24,0.061085186957481837,0.29773476547667566,12.16586447453116,0.017847798468213456,-0.9270916705437378,0.03578926652009924,-0.9162161256568221,-0.14241824274688203,0.9449394690119512,0.9520053921769214
2017-05-11,23,0.01980800102468633,0.28260689029440655,11.820000587481562,0.007194969491012989,0.17511915158609564,-0.052359751670500866,-0.4482796706564196,0.4071572541142413,-0.16792418209508267,0.3959199189859187
2017-05-12,18,0.061792889954429706,0.15277237586699566,9.942972740124155,-0.26725683994883614,-0.29090654539935257,-0.11516942009642649,-0.33848339264995025,-0.21272784026490482,0.023649705450516423,0.22331397255352375
2017-05-15,28,-0.007239462848914471,0.33506090304914793,8.565730481079601,0.5217682719676889,0.1493582119221694,0.20373035647785298,0.0871686062720277,0.4433844728994725,0.3724100600455196,0.11656175020582528
2017-05-17,21,0.049092763092948716,0.21523384549592417,8.729428699138243,0.20302546380418246,-0.429584691743392,-0.35850913733614387,-0.5131860647258839,0.03635838009737468,0.6326101555475745,0.15467692738974004
2017-05-18,20,0.04134000896262633,0.20631182909772872,9.544068559818182,-0.3375547717222922,0.16289810217933343,-0.8098758719496314,-0.13665695123477214,0.4675891342223086,-0.5004528739016256,-0.6732189207148592
2017-05-19,28,0.01654131732948772,0.30618262472355207,8.256355591818956,-0.5219406059478752,0.6342576951082335,-0.3370280041108164,0.5333573497111778,-0.2349602052120323,-1.1561983010561088,-0.8703853538219941
2017-05-22,29,0.007930436041749025,0.33801066755845344,8.906145607393828,0.15670152435069337,-0.2336593168782446,-0.0063389369110756835,0.21724253256840007,0.4060889064487833,0.390360841228938,-0.22358146947947574
2017-05-23,18,0.017794498874325562,0.21792452653069083,9.673092537227538,0.2514229250052969,-0.19886675844413937,0.773977486160571,-0.4301875468392025,-0.03694806535824605,0.45028968344943626,1.2041650329997735
2017-05-24,37,-0.0040478690432956144,0.16023068734171153,9.02078397526833,0.3653459102118128,0.30647568612320464,0.20595903434903276,0.699631606729832,-0.2778699282100086,0.05887022408860815,-0.4936725723807993
2017-05-25,32,0.0008487451263599243,0.17477687558462618,9.609619872986267,0.19556661927096947,0.4737970295699223,-0.4239626743279368,0.7108859328673008,-0.01060659546729055,-0.27823041029895285,-1.1348486071952375
2017-05-26,38,0.024426747242302982,0.3356722527503653,9.462144459968933,-0.45699496782505367,0.3267707912853674,-0.6952873192650953,0.030244005853816168,-0.061165300464060046,-0.783765759110421,-0.7255313251189115
2017-05-30,38,0.011045341065447509,0.10366637753992802,7.819283534667568,0.021024878084400078,0.15630657797101008,-0.3493433604932763,0.0393131046009412,0.29325287886291374,-0.13528169988661,-0.3886564650942175
2017-05-31,39,0.019168118337742027,0.10184491169516485,8.339943221457242,0.10522206269418732,0.011837554854286872,-0.0633549572310814,-0.44859423589015424,-0.10022365477111556,0.09338450783990045,0.3852392786590728
2017-06-01,25,0.041677086168285755,0.25884737990890416,10.434652922128171,0.42842336003364095,-0.6923123895030415,0.4124580230471557,-1.0061243853586015,-0.22629891663344356,1.1207357495366825,1.4185824084057572
2017-06-02,21,0.08548938488350509,0.37745574649349767,10.782970200898509,-0.7440377186317667,-0.4752323822815634,-0.5988265711062197,-0.8527262992876595,0.08026880619999333,-0.2688053363502033,0.2538997281814398
2017-06-05,34,-0.009366594611794756,0.1539987531953697,10.50948381208913,0.5407862936816897,0.053008086361688564,0.7118724180327415,0.42536548610090547,-0.09410385057498416,0.48777820732000116,0.286506931931836
2017-06-06,22,0.05422176065985425,0.36387545871670135,10.111379133596392,-0.30643297673354825,-0.28594945840459385,-0.028188012166354356,-0.3997154255247339,-0.3654715962043574,-0.020483518328954398,0.3715274133583795
2017-06-07,21,0.027970875297272307,0.5128463644805581,11.557751566435948,-0.340703399055656,-0.12752973788295063,-0.99056882231999,1.0465915307754488,0.2374336659977088,-0.21317366117270536,-2.0371603530954387
2017-06-08,24,0.013876354607798697,0.16093032952853248,11.322697459328362,0.5429177327140322,-0.04473580783968802,0.36993991725423303,-0.49728015579819984,-0.03690670750471286,0.5876535405537202,0.8672200730524329
2017-06-09,25,0.05622750904316035,0.42344112108435716,8.60705614993523,-0.4195751102514606,-0.6726730824650862,-0.32467787051710517,-0.6307856292048281,0.2363362402804618,0.25309797221362557,0.3061077586877229
2017-06-12,34,0.006929510742511618,0.21864011254802818,7.446070342804489,-0.27897483034995135,0.16944086666537791,0.05887035887124494,0.2563006653697018,0.32315620895283664,-0.44841569701532924,-0.19743030649845686
2017-06-13,30,0.03382055378710363,0.12911477623890677,8.4090482490179,-0.08542263788968091,-0.41085109300060046,-0.14979052570456533,-0.4631616322347759,0.07999266160340694,0.32542845511091956,0.3133711065302106
2017-06-14,35,0.012822156780161829,0.071666123318059,8.970896113920675,0.03523711520803299,-0.19879940385070533,0.12554453199142354,0.20634675932387925,-0.06587997728396032,0.23403651905873832,-0.0808022273324557
2017-06-15,20,0.04772866487165016,0.10971671073455136,8.396208203322404,-0.33964284235943426,-0.0880149203829658,-0.12382668900523809,-0.2532130039949889,-0.10444913912337846,-0.25162792197646844,0.12938631498975084
2017-06-16,23,0.015662263404994284,0.04700868015089543,10.481689293740706,0.04475766706651233,0.07962748467711313,-0.043617717051516694,0.3000993154648162,-0.1013308667866616,-0.034869817610600796,-0.3437170325163329
2017-06-19,14,-0.11912250748843414,0.5394182849975769,13.35519660174458,1.3741776462587445,0.560384592412187,1.266879355848199,1.1039425710773139,0.030046044079713438,0.8137930538465575,0.16293678477088513
2017-06-20,30,0.03215658475601249,0.10491732192355352,7.160251514614466,-0.26223107288858877,-0.04364043183595519,-0.14049362311016503,-0.32562424094258,-0.15740571658345928,-0.2185906410526336,0.185130617832415
2017-06-21,31,0.023157301158046432,0.16710323511020453,8.649898757125047,0.33105216491737327,-0.22079336853845877,-0.07679614921237254,-0.444003104038365,-0.025212214927018292,0.5518455334558321,0.36720695482599247
2017-06-22,36,0.020416675043855057,0.1748443321768881,7.8630342211012,-0.06166501782986186,0.08135506083780711,-0.17587756016846243,-0.48881223567180426,0.1749991496747559,-0.14302007866766897,0.31293467550334186
2017-06-23,22,0.06343381306378834,0.30647495113030976,11.749148636356416,0.016100873960411335,-0.514222793730511,-0.023479787692746744,-1.292235435964186,0.0227493686203433,0.5303236676909224,1.2687556482714393
2017-06-26,39,0.01876120247348719,0.1212845118425454,10.00926076774079,0.028227680838775093,0.02984662776293075,0.06501516556600156,-0.29720281887521016,-0.28926044822449676,-0.0016189469241556578,0.3622179844412117
2017-06-27,22,0.031940537621391325,0.25866287485930406,7.720916245573733,0.31487564211379254,-0.10654139310667565,-0.30080144011924864,-0.5589112505491136,0.24599478632004712,0.4214170352204682,0.25810981042986497
2017-06-28,39,0.005745213368580647,0.07819616300738064,8.330552288978142,0.2711594701868002,0.1898864108722227,0.1281609617155887,0.0319315024991463,-0.06926498802304931,0.08127305931457751,0.09622945921644238
2017-06-29,27,0.023610710078731393,0.26918973574144933,12.585757807949237,0.17495595262589722,-0.1113983125345189,0.5113765647414891,-0.39235266268119384,-0.4575598864031693,0.2863542651604161,0.9037292274226829
2017-06-30,25,0.007760746341462878,0.24540825633773455,9.984181461129253,0.030805988610059735,0.4668079702846189,0.42031362489633695,0.16169923673568312,-0.46766413759984254,-0.43600198167455917,0.25861438816065385
2017-07-03,24,0.04676390300900163,0.2277590399034265,9.042035897949374,0.08304648973596639,-0.26260830383825945,-0.35915080911434116,-0.622272182214483,-0.08368253900096037,0.34565479357422585,0.26312137310014183
2017-07-06,23,0.02357214912529197,0.16569736281210012,9.531689426365443,-0.34240222002702175,0.30086104194771435,-0.5994431345807444,0.401765818674899,0.15489963422172162,-0.643263261974736,-1.0012089532556434
2017-07-07,18,0.007584718194908732,0.5151764150506019,9.788103135189305,0.6928532383802093,-0.2879073312553103,1.3711609064859442,-0.3346645519043624,-0.7144921167231943,0.9807605696355196,1.7058254583903065
2017-07-10,18,0.04402981286698693,0.2160575187146675,9.706475424492696,0.09357799886370373,-0.0813807859304992,0.16373534034680287,-0.6362776714668487,-0.12472814502468978,0.17495878479420293,0.8000130118136515
2017-07-11,20,0.06956985669469694,0.45403148697007834,12.573970939705202,-0.06943312454546553,-0.17081349342352561,-0.44828143290588873,-0.7292706474122739,-0.3649955695007239,0.10138036887806008,0.28098921450638514
2017-07-12,27,0.041226796699071595,0.10922194805754526,9.509459939365843,-0.32055372804482174,-0.1521291077417945,-0.2036281920152132,-0.37867974456917064,-0.1712562493788667,-0.16842462030302724,0.17505155255395743
2017-07-13,20,0.02766294630595941,0.4247730559385794,13.582879597328105,0.6889373862415978,-0.42575969860039087,1.3700042520915627,-0.9517797035226583,-0.787920088448487,1.1146970848419886,2.321783955614221
2017-07-14,23,-0.001636175876735722,0.28531560992529703,11.576462404546024,0.32563026723203736,0.4187498974463473,-0.10044353608136705,0.26435808309860465,0.16696937863421996,-0.09311963021430991,-0.36480161917997167
2017-07-17,20,0.09902014372111495,0.5891679182386446,9.665465851667067,-1.0251454598426715,-0.3956496772199905,-0.8797979865449627,-0.5692812006703352,-0.09093142456664019,-0.629495782622681,-0.3105167858746275
2017-07-18,24,0.03360516513238528,0.18548658129329987,9.134561737839002,0.014289830917872745,-0.00024799071970223516,-0.5926212768251731,-0.21960653878388772,0.18513804905639678,0.01453782163757498,-0.3730147380412854
2017-07-19,26,0.032499485024404806,0.2026413617167223,9.8207683421214,0.45315674734663947,-0.30155865557736394,0.04179399818541744,-0.5801849555826812,-0.30318035564106166,0.7547154029240034,0.6219789537680986
2017-07-20,29,0.01843440108046203,0.4032560767889284,8.475056035378703,0.2686531270531239,0.13917020612260117,-0.7078223815866499,0.10587284214312428,0.12493094360100378,0.12948292093052272,-0.8136952237297742
2017-07-21,21,0.058783645628461646,0.4133824829900642,11.408301917747904,-0.42573916107327336,-0.24024045107863076,-0.7653411630946654,0.20927450713632756,-0.2468668482851461,-0.1854987099946426,-0.9746156702309929
2017-07-24,40,0.010061711733820226,0.17969012551073604,9.974398675959616,-0.13735616068968506,0.28945157189746146,-0.4534893395628545,0.5334715621430733,-0.03701457249361293,-0.42680773258714655,-0.9869609017059278
2017-07-25,28,0.020003906413091112,0.33700930788191774,9.919422774648007,0.18559552017694436,-0.5813309656537436,0.4731945195078612,-0.08369884217671028,-0.11397899098745556,0.766926485830688,0.5568933616845715
2017-07-26,32,0.013528884668498295,0.010290323657946021,9.632591131064363,-0.00020044895090894988,0.09512722532431038,-0.05554189613359407,0.06361136074043762,0.03115514023586811,-0.09532767427521933,-0.1191532568740317
2017-07-27,38,0.012634470000151629,0.1184451950272225,6.730770593024544,0.09712024331893833,-0.04175916230178187,0.14851450716829878,0.22314302562662305,-0.38723833382360257,0.1388794056207202,-0.07462851845832427
2017-07-28,28,-0.005531103556477554,0.2083360040056813,8.110569654456848,0.3278815044667168,0.15403261801306298,0.3013881331190568,0.3418693618847042,0.1845701816792041,0.17384888645365384,-0.04048122876564736
2017-07-31,29,-0.007441462759459068,0.40731357550877034,7.945254008116907,-0.0549121366016573,0.305909463155978,0.059806329965695994,0.6353269095099445,0.4854742740186648,-0.3608215997576353,-0.5755205795442485
2017-08-01,26,0.040562402558485124,0.30772192598061243,9.928858883405674,-0.8748144426362567,-0.03640788444916837,-0.797454838456606,0.2732669560263218,0.3261652764744829,-0.8384065581870883,-1.0707217944829277
2017-08-03,25,0.013398108191564805,0.36484274304554876,7.700511520675866,0.022019357229034562,0.5617404975900946,0.14270729290938372,-0.3288430320384486,-0.06752952526830529,-0.53972114036106,0.47155032494783233
2017-08-04,25,0.0024047529497932653,0.40508027417403614,10.028075806153424,0.34231229574016847,0.2051311254155326,-0.38071864473538974,0.6574921972243799,0.05554537886564588,0.13718117032463586,-1.0382108419597698
2017-08-07,24,0.004776740647417077,0.4282938201171528,9.50835199816059,0.642018679603942,0.23987899346704933,0.39618308351281095,-0.20864883621364017,-0.2987154714461831,0.40213968613689266,0.6048319197264511
2017-08-08,20,0.07304516481154132,0.49233654389145187,9.83490859445527,-0.46532402295216085,0.02659049906967202,-0.2839339191852693,-1.5261096252331425,0.3269704758392459,-0.4919145220218329,1.2421757060478733
2017-08-09,17,0.037048300109524535,0.13151828912848773,8.740441242675503,0.09279460525667592,0.08314944766289475,-0.10569832489015338,-0.02461678823964216,-0.3052711435136096,0.009645157593781165,-0.08108153665051121
2017-08-10,26,0.0004654082561056589,0.21763709606148218,13.007232451976401,0.3156496871060006,0.274648365326161,-0.2838746928886207,0.637359225906027,0.03201618523293815,0.04100132177983962,-0.9212339187946477
2017-08-11,25,0.0304549681732785,0.10954018514811459,10.802107665384375,-0.38643541276381926,0.25492372876028285,-0.2788515636118919,0.010479845489779352,-0.12286500653827527,-0.6413591415241021,-0.28933140910167127
2017-08-14,34,0.00946516610468899,0.16216168265980757,9.320473451660824,-0.3414215820397069,0.33415056759560074,-0.30138766428791736,0.45437319527052883,0.2106541883426438,-0.6755721496353077,-0.7557608595584462
2017-08-16,29,0.04139902318431535,0.26111575386928076,8.913668023421664,-0.2252913417128967,-0.25251807925542913,-0.6088211374463712,-0.4942039259965342,0.1796911397209377,0.027226737542532436,-0.11461721144983705
2017-08-17,31,0.02952280698709966,0.13090321864702692,9.502752169346973,-0.13783342040124077,-0.11063379258161772,0.04545739665743244,-0.5238474252931798,-0.10355679158157269,-0.027199627819623054,0.5693048219506123
2017-08-18,22,0.039823416120819945,0.2216010959024889,10.600338161637648,-0.22204989940923983,0.15118508158510002,-0.3194210453694269,0.02794306963229904,-0.38988751575480995,-0.3732349809943398,-0.3473641150017259
2017-08-21,27,0.04939611416650255,0.4177330638661969,9.961780263256765,-0.05727900503138579,-0.6627722532704996,0.16204467441660322,-0.7965084652732624,-0.3128751158325944,0.6054932482391138,0.9585531396898656
2017-08-22,28,0.012333704494025146,0.16621737777877532,9.607203822560495,-0.10109351575672296,0.14565169763209143,0.25938350300571383,0.3495207582744093,-0.34414989482089736,-0.2467452133888144,-0.09013725526869548
2017-08-23,31,0.029828879105739302,0.22274832222165286,9.684160874163421,0.1922846567673225,-0.23947136776682335,-0.3878067540339621,-0.29310013844290406,-0.12129690107947194,0.43175602453414585,-0.09470661559105803
2017-08-24,24,0.02412455980188409,0.2147581942619775,10.327522101770716,0.30257759470713697,0.017866075273645313,-0.10466134371892463,-0.420731604087473,0.0469704073351775,0.28471151943349166,0.31607026036854835
2017-08-25,20,0.03594221192320349,0.2733488168652345,10.851231844173817,0.01819560428399203,-0.4036411841637258,0.516368494428529,-0.4402200956477432,-0.12839129582919148,0.4218367884477178,0.9565885900762722
2017-08-28,25,0.005688703325120429,0.26064782354744,9.460162992244298,-0.008894615112680361,0.2547023814302442,0.2313001306514488,0.6690525659972439,-0.43059562922227834,-0.26359699654292457,-0.4377524353457951
2017-08-29,32,0.01649729214222667,0.11885737357281856,8.889932095126229,0.2796924992664231,-0.26618698758840503,0.1371096053455781,-0.2628421104510993,0.05640029632499457,0.5458794868548281,0.3999517157966774
2017-08-30,39,0.018176733691567554,0.1285154488252629,8.13689121548246,0.2638711555083745,-0.20530530260679347,0.016397439143375027,-0.5309855586415851,0.0382370386543484,0.46917645811516795,0.5473829977849601
2017-08-31,23,0.030488731554150453,0.20228002232695275,9.090011244028403,-0.013048376491501878,0.22175590960077854,0.30183908632486434,-0.5807589715064628,-0.33226929941859756,-0.2348042860922804,0.8825980578313272
2017-09-01,21,0.039470190993427655,0.3886641301314848,10.020302534948248,-0.05083069873837405,-0.36002459889205835,0.48665552697850817,-0.08152796081890985,-0.652020290253127,0.3091939001536843,0.568183487797418
2017-09-05,23,0.020587157749117985,0.1054550600799179,8.104485244504152,0.42733860141867025,-0.15187479579244417,0.3098940087416336,-0.18936233764813962,-0.3430047331791485,0.5792133972111144,0.49925634638977323
2017-09-06,18,0.0022574697049581025,0.15268431043058006,9.951027764150528,-0.1010806613945689,0.14974980755286776,-0.11688825473364821,1.0216926315231174,-0.03474243232626008,-0.25083046894743666,-1.1385808862567657
2017-09-07,33,0.020014622339245166,0.04917152120571022,9.192562443484482,-0.2477675816635723,0.053374393704755406,-0.24966014037418796,0.07366856089237021,0.049419693050455314,-0.3011419753683277,-0.32332870126655816
2017-09-08,24,0.01768740419649556,0.046607557133862776,8.794999142940943,-0.01526437758634028,-0.08798031558642991,0.23156070724765823,0.21205333354935432,-0.1893647490560299,0.07271593800008963,0.01950737369830391
2017-09-11,21,0.049160861364483235,0.18871627013966752,10.525938166771114,-0.11914311109720337,-0.2831515048421051,-0.08400161677357543,-0.2035768774729885,-0.3748830671224255,0.16400839374490173,0.11957526069941307
2017-09-12,27,0.026276531258802173,0.21974379909181907,10.440606637260961,-0.27609213304360725,-0.15174789532643715,0.09935809898302858,-0.3473798474576186,0.2569290888693163,-0.1243442377171701,0.4467379464406471
2017-09-13,28,-0.0014254371187402677,0.2593276951898805,9.453839743535907,0.08009890537517197,0.061202625723476255,-0.2255748852215551,1.1794360597720108,-0.015338226999648288,0.01889627965169572,-1.405010944993566
2017-09-14,38,0.004121270224989051,0.1958917715264873,16.88333654373009,-0.2644679997094678,0.2943825434868478,-0.11770772530362034,0.8927991915815471,-0.11822254715447475,-0.5588505431963156,-1.0105069168851675
2017-09-15,35,0.014838604971356348,0.055794187356542735,9.756649832184122,0.037633836165427266,0.11909075924772543,-0.17740954214354526,0.02282383016093097,-0.04084123142548329,-0.08145692308229815,-0.20023337230447624
2017-09-18,29,0.024685301829227176,0.2099242496107313,11.857651034543467,0.3147341406602759,-0.2855261554394314,0.4525420579555725,-0.4240753977349384,-0.48942215153665664,0.6002602960997072,0.8766174556905109
2017-09-19,27,0.014469591181861977,0.1607727945626959,9.056512326268152,0.4427812401943144,-0.043731443894558665,0.4754477064120436,-0.7529850019672671,0.09712957543492003,0.4865126840888731,1.2284327083793107
2017-09-20,31,-0.006699871561402848,0.1498860266534856,8.559445889971267,0.3483220667791674,0.28753617359043937,0.35959334880648336,0.48946737002071955,-0.06952692238983284,0.06078589318872801,-0.1298740212142362
2017-09-21,33,0.03136132447651654,0.21554721721724868,11.758671729342572,-0.5561335874915306,0.2488669996322842,-0.3987581732239015,-0.24679505230066015,-0.11702760206628408,-0.8050005871238148,-0.15196312092324135
2017-09-22,23,0.012813517062136298,0.2390577146167452,8.975560006501409,0.2737817865648873,0.4418804007645235,0.2284125433984925,-0.16648332756718712,-0.3670131880189856,-0.16809861419963623,0.39489587096567963
2017-09-25,26,-0.009716791705903484,0.20871874017362735,10.061739406922111,0.0941023443232951,0.4637031955146155,-0.03131230157708573,0.8202081102673657,0.15857182017879304,-0.36960085119132036,-0.8515204118444515
2017-09-28,38,0.013196738248571916,0.07060677826608686,9.729419644952612,-0.09533402912430373,0.07018099202790394,-0.31570968294566565,0.028178808382895788,0.30973180476770396,-0.16551502115220768,-0.3438884913285614
2017-09-29,27,0.015363640417209555,0.10855834143066512,9.061615107882387,-0.05067144559175604,-0.010437991166857034,-0.1441744429584946,0.0518915756694857,0.323755721518305,-0.04023345442489901,-0.1960660186279803
2017-10-02,23,0.03316686414414171,0.24217243215287698,9.524421766070786,-0.050618655333568074,-0.4541162275212441,-0.09463159297640891,-0.16722898716302528,0.24091971236372767,0.403497572187676,0.07259739418661637
2017-10-03,23,0.0574915121810819,0.5628749661095898,9.217847205448612,-0.5732618609430441,0.00959854437231685,-1.0506283034417987,-0.1618179471333981,0.13150000681615637,-0.582860405315361,-0.8888103563084007
2017-10-04,18,0.0234713907442395,0.044111365908906186,8.319149015685174,-0.06972613535131648,-0.05202857995478863,-0.10354783246112334,0.14276692871516716,0.23756555225943995,-0.017697555396527856,-0.2463147611762905
2017-10-05,22,0.01959678478338066,0.1834597450166534,9.610286821874222,-0.46307577819936574,0.377217019234357,-0.12871781830695575,0.1761043001464912,0.17621374665672326,-0.8402927974337228,-0.304822118453447
2017-10-06,29,0.013814873183997111,0.09658929073956612,9.378414769629295,0.292740035362412,-0.25801916368108085,0.11715343227263042,0.11586023688645011,-0.06899718551224367,0.5507591990434928,0.001293195386180307
2017-10-09,25,0.026782708427952686,0.060221946482270194,10.554581500060142,0.10470641695861596,-0.27464148565578134,-0.046269967077286284,-0.15730495853074486,0.034374572907562934,0.3793479026143973,0.11103499145345858
2017-10-10,17,0.09200542908754301,0.6019646604225415,7.488672962646698,-0.7307718117320168,-0.03548156385677723,-1.107206284126198,-0.16724686738865957,-0.08747806187281197,-0.6952902478752395,-0.9399594167375385
2017-10-11,24,0.04250400103827976,0.2954085993832243,7.361023271375261,-0.46179719397008917,0.24663351825995175,-0.7122085418200146,-0.21134849821269394,0.0985286659054178,-0.708430712230041,-0.5008600436073206
2017-10-12,24,0.018170063277968204,0.05046540596887139,10.149237044190572,0.21895179477191484,-0.17101802879298478,0.10668152715218117,-0.08623979932822798,0.059461468854642915,0.3899698235648996,0.19292132648040916
2017-10-13,32,0.016421417318332313,0.12002288064535316,7.768639775186571,-0.277267262134749,0.2589492132354401,-0.12392780365456235,0.0803995920486049,0.010875552132001096,-0.5362164753701891,-0.20432739570316727
2017-10-16,27,0.013815032373773361,0.34770157087740405,9.174206864586333,0.06460454278549307,0.02877506208366667,-0.7243768373566952,0.20665499537171927,0.6783304889320533,0.0358294807018264,-0.9310318327284145
2017-10-17,17,0.01817857733448526,0.5039309216576315,11.393593404708675,-0.25850886895786934,-0.08916576244124408,0.0092050451364975,0.6060391516720758,0.11435880521804169,-0.16934310651662526,-0.5968341065355783
2017-10-18,14,0.07979346546022786,0.5806914426095688,9.647937109797436,0.6523652195954261,-0.9461131629433062,0.9511755439561778,-1.147304970194788,-0.7443396632998885,1.5984783825387323,2.0984805141509657
2017-10-19,23,-0.004728744638006511,0.352254884169129,9.352475819790563,0.28115631006787706,-0.08454923618491526,0.8078673757323812,0.47648396793456893,-0.26343616420161164,0.36570554625279234,0.3313834077978123
2017-10-20,21,0.024841283384793498,0.09089396919698212,10.261991389195831,-0.09972460622975704,-0.21325147930183236,0.12797686481086754,0.044383517855496823,0.09728180070389936,0.11352687307207532,0.08359334695537071
2017-10-23,21,0.02845755698760609,0.16258281646625228,9.74444818599328,0.21189934692138523,-0.3504017412802655,0.37022210758834334,-0.19027764955715804,-0.23665945715176215,0.5623010882016508,0.5604997571455014
2017-10-24,31,-0.0020730462007817886,0.2840789827716167,8.061046145691467,0.36053400398924973,0.4223269243903737,-0.12718139714058455,0.49613052498887306,-0.023281191779441806,-0.061792920401123996,-0.6233119221294576
2017-10-25,26,0.007480461679431506,0.16226566207528692,8.284199702552216,-0.13235070021421919,0.169771730756267,0.30868581710251375,0.5763123890072944,-0.3114032439822953,-0.3021224309704862,-0.2676265719047807
2017-10-26,30,0.0015389850162281177,0.2829917518880227,8.646889370099228,-0.5081922751786865,0.6593636328021394,-0.30074233773613146,0.828154456828908,0.22907742231008205,-1.1675559079808258,-1.1288967945650394
2017-10-27,30,0.00516671065003257,0.0875366935258356,11.304553294884245,0.15619161136297402,-0.011350033201547705,0.08428865454608477,0.356578041396693,0.10428908689384092,0.16754164456452172,-0.2722893868506083
2017-10-30,37,0.015403371078831135,0.11666130670083052,13.76039009517453,0.09845293553684441,0.04808776478151944,0.2854585684441259,-0.6714436366841481,0.0995949080881553,0.05036517075532497,0.9569022051282741
2017-10-31,29,0.01593117643637171,0.21614336345290874,9.844865403488708,-0.01943237004732344,0.18702608219886527,-0.58181805968815,0.3676491153092919,0.12256699891775613,-0.2064584522461887,-0.9494671749974419
2017-11-01,22,0.02531863897918803,0.643984132450377,9.20486216766421,0.1482761208331951,-0.10975069411890287,-0.4022338196667133,0.7738270432847554,-0.524138765416609,0.258026814952098,-1.1760608629514686
2017-11-02,27,0.022324178517918267,0.22573576121858718,9.414010757419478,-0.2887799399673013,-0.05863879798186525,-0.43956150827042734,0.48551253539327954,0.09596207085872692,-0.23014114198543603,-0.9250740436637068
2017-11-03,30,0.03135096711391088,0.1324894111674959,8.221726397837024,-0.02329890700717846,-0.13082244049580652,-0.26525082032279146,-0.5390815196460668,0.07739566063719122,0.10752353348862806,0.2738306993232753
2017-11-06,26,-0.0046912765230018956,0.41942790556176235,12.099066207123265,1.0556693793775553,-0.3095103868836913,1.3721763524539208,-0.3239331465635155,-0.550455819188171,1.3651797662612466,1.6961094990174364
2017-11-07,25,0.006438226768758728,0.04636255650205423,8.512740094121826,0.1270179077286873,0.17964784290065547,-0.05539045825686593,0.34966570387667917,0.0771476653129087,-0.05262993517196818,-0.4050561621335451
2017-11-08,22,0.03988698856010541,0.11297574354110818,7.76382091821087,-0.18097711338954867,0.024557583420210374,-0.06590207344598963,-0.5451518184776589,0.012445925248349667,-0.20553469680975905,0.4792497450316693
2017-11-09,23,0.038226011099018915,0.43507696867970513,9.917103210022017,0.21886241136916146,-0.6816310409667464,0.011812876955461989,-0.07503320171683127,-0.2324075561959182,0.9004934523359078,0.08684607867229326
2017-11-10,28,0.032258898967936295,0.1126255586950472,9.585058157557395,-0.5790856032973478,0.14588256170484443,-0.6068294928393406,0.13638566606421026,0.09714852616320149,-0.7249681650021922,-0.7432151589035509
2017-11-13,21,0.01998144225344839,0.07373770563209026,9.626050987561891,-0.03335767803825516,0.10902285495693881,-0.25848975040616295,0.09866479388006001,0.24493920496258642,-0.14238053299519396,-0.35715454428622295
2017-11-14,37,0.00850317426074651,0.08153792296660012,7.771150851628793,0.24839365771541821,-0.1322137198646184,0.11741567717860873,0.13862088195519348,-0.0014513922798428842,0.3806073775800366,-0.021205204776584746
2017-11-15,26,0.042403670175181776,0.2496694350725125,9.096696582504752,-0.6489461766128827,0.08226680176465292,-0.4105519079603976,-0.166692860206523,-0.06106670609429992,-0.7312129783775356,-0.2438590477538746
2017-11-16,40,0.0018963466621749862,0.12416318715569574,9.547392830876095,0.05881285665481434,0.4105681250746566,0.07703325671562275,0.1913689843367982,0.11050904424411052,-0.3517552684198423,-0.11433572762117544
2017-11-17,28,0.012862005199529089,0.13133101161414285,9.981943508789676,-0.11412417865342597,0.3053771271674022,0.1147602059213985,-0.11526546742355759,0.08898002181455472,-0.4195013058208281,0.2300256733449561
2017-11-20,17,0.03686708864802676,0.08337044181449127,9.4599284859146,-0.006533506642398298,-0.2135277617184215,0.049958223487808484,-0.35844702034104503,0.27506905118114605,0.2069942550760232,0.4084052438288535
2017-11-21,32,0.027300868901297532,0.14858333640971388,9.33989303973879,-0.24062817157234312,-0.1338233245362765,-0.1106207137781273,-0.07230903717684624,-0.18987436261944504,-0.10680484703606663,-0.038311676601281056
2017-11-22,30,-0.004537871317912385,0.22349787348717953,10.35802206052256,0.23040940867422596,0.06468331683839113,0.7723341793693862,0.5451509049766362,-0.3403055307838984,0.16572609183583484,0.22718327439275
2017-11-27,21,0.06537702267231797,0.13840205080847612,11.883442508409795,-0.5587278896550321,-0.13839260237714873,-0.8392227596551796,-0.45030722506921617,0.24081552451921925,-0.42033528727788333,-0.3889155345859634
2017-11-28,27,0.03478383411238101,0.10958194415661815,11.72200716557765,-0.3508383481296118,0.045554338437738234,-0.5739230269118141,-0.18496034935636596,0.1858403438914769,-0.39639268656735005,-0.3889626775554481
2017-11-29,30,0.025660532089234304,0.16692753077476452,12.91509415715749,0.2076245391827129,0.06884476715991888,-0.3518943706331106,-0.34446654762666257,-0.11974031343691621,0.138779772022794,-0.007427823006448009
2017-11-30,48,0.020442915018055334,0.168487038491256,8.128367008697548,0.032000049006973647,-0.3135455208827709,-0.20369735673368386,-0.3561027827849885,-0.12117423033884257,0.3455455698897445,0.15240542605130467
2017-12-01,30,0.010328973593971969,0.28390442819547024,8.59376395881374,0.3162433604866453,-0.4192994255452324,0.03183183846596693,0.12720584489239845,0.324279966061904,0.7355427860318777,-0.09537400642643151
2017-12-04,26,0.008683082345084914,0.11840805325104975,9.391436101453628,-0.168113957750607,0.36663071771055034,-0.32743398441106225,0.5920288944613145,0.08536804804538728,-0.5347446754611573,-0.9194628788723767
2017-12-05,31,0.01556822992158895,0.33473535785612163,8.475996690233377,-0.5196078657461828,0.03516280569712578,0.09678974843554165,0.27638256528874716,0.14604249118625315,-0.5547706714433086,-0.1795928168532055
2017-12-06,24,-0.002317461482628745,0.23986851959606448,11.979162643278018,-0.02441618327740443,0.10504836592319469,-0.059882459432479725,0.695069311609003,0.39541911634386684,-0.12946454920059913,-0.7549517710414827
2017-12-07,38,0.009641067701353576,0.09704188796687252,9.166234659875462,0.3365456814091784,-0.11386343035759201,0.5187272245308928,-0.2279264153388655,-0.24620420554648484,0.4504091117667704,0.7466536398697583
2017-12-08,28,0.023257326993405218,0.10892839041712643,10.392885841944638,0.12508931428295514,-0.20169077726670437,-0.15822935466110385,0.08369831479364569,-0.15127780877948502,0.3267800915496595,-0.24192766945474953
2017-12-11,23,0.025903263807707178,0.1146495297165061,7.000705302732183,-0.12475907694636726,-0.2369157714269137,0.1104594733998434,-0.0600220881595517,0.11968732797845857,0.11215669448054644,0.1704815615593951
2017-12-12,23,0.0063357319668053335,0.3841507787710394,10.02542183824093,0.08568213849109932,0.44681223202634024,-0.6900770886548699,0.7915889767516248,0.07455007091275782,-0.36113009353524095,-1.4816660654064946
2017-12-13,26,0.0137172383391307,0.12528989790252587,10.327680124122999,-0.20559935563830561,0.357899035373503,-0.5135861207836692,0.4581296742109706,0.18986037320270713,-0.5634983910118085,-0.9717157949946398
2017-12-14,32,0.029994502006973497,0.1673058133927784,9.329704627540062,0.10397646368127415,-0.38643658786556273,0.16154244222925615,-0.8820737803877381,0.08334333389646618,0.4904130515468369,1.0436162226169943
2017-12-15,16,0.028088639649163298,0.28326992467054746,12.324463408198957,-0.7514466567886642,0.8558180343962022,-0.6377552520965509,0.6661311743823298,-0.03158376866654149,-1.6072646911848665,-1.3038864264788808
2017-12-18,42,0.013168390263280818,0.0820746648631927,9.426711778469432,-0.2543007141276792,-0.05279359618795991,-0.029448649469243457,0.11955608181222746,0.11084209585706656,-0.20150711793971926,-0.1490047312814709
2017-12-19,22,-0.0030702680847502,0.25559088093707105,8.555764601482077,0.5094588116507942,0.10783909673305685,0.43686541527524186,0.031671722136464006,0.0492567499334525,0.40161971491773735,0.40519369313877784
2017-12-20,34,0.013830508958892549,0.13331182595151259,9.769504094058702,0.4805361844736403,-0.04862023969531741,0.16951044981299132,-0.41452564439201234,-0.12737535940399575,0.5291564241689577,0.5840360942050037
2017-12-21,25,0.02278734308390573,0.27503175523771295,9.314774627602818,0.3675090081525109,-0.38092463586111913,0.6851197551103397,-0.41624281874366414,-0.3948284628533537,0.7484336440136301,1.1013625738540038
2017-12-22,34,0.008565167954871092,0.12244007585392702,12.992987575963513,-0.117744295970339,0.02398977307219299,0.2962191724085651,0.27568660373055265,-0.060582674172206835,-0.141734069042532,0.020532568678012453
2017-12-26,35,0.011602042459978822,0.1687922884341858,9.244332726984483,0.32657854156371924,0.03591562740250012,-0.019493053103451435,-0.2600194846772068,0.10487539661592005,0.29066291416121914,0.2405264315737554
2017-12-27,26,0.015519509094991571,0.22367475395314607,12.21438878057495,-0.1842375555392365,-0.12158866045674542,-0.37392586392048277,0.39305696450701527,0.4796806424698876,-0.0626488950824911,-0.766982828427498
2017-12-28,33,0.03236430999686798,0.1802723234422302,15.603659889868615,0.16194683248351446,-0.4212438793173628,0.2673053916770556,-1.0436818182220677,-0.10037098641442449,0.5831907118008772,1.3109872098991233
2018-01-02,28,0.0072123053238960745,0.13249798003706204,12.22603068838042,-0.18796827837382604,0.23866306161129427,-0.02610973067663342,0.7064166401785587,-0.1348907908775722,-0.4266313399851203,-0.7325263708551921
2018-01-03,23,0.05056121867950245,0.3193784805101767,9.251317565596922,-0.5459143400640255,0.08001073385148794,-0.5695158444518905,-0.23179543771986819,-0.05860117087281849,-0.6259250739155134,-0.3377204067320223
2018-01-04,33,0.014488954640542707,0.01636964264070384,7.362799161430642,-0.0371499477716467,0.07835768026722854,-0.05505065696303456,0.14214497629927755,-0.08457305810764316,-0.11550762803887524,-0.1971956332623121
2018-01-05,24,-0.005260235612536133,0.18550353653898588,7.630999876441517,0.25149725847445176,0.438232774742837,0.262056736385039,0.5081526288436969,-0.20744808904429127,-0.18673551626838525,-0.24609589245865793
2018-01-08,32,0.023246778219632912,0.08791746759272634,8.417535498227627,-0.034175078381628636,-0.14568992452251464,-0.1478512398016647,0.09203574747270278,-0.25211331082340177,0.111514846140886,-0.23988698727436747
2018-01-09,26,0.026986184976948276,0.5627028940795682,7.801958476673928,-0.7966335647239765,0.13225024513127193,-0.20118407434278446,0.8837830402974859,-0.421497265163306,-0.9288838098552484,-1.0849671146402704
2018-01-10,36,0.01469654582418146,0.276656776762494,8.347096658419188,-0.08854843377978885,-0.20702814106534528,-0.46569441650485915,0.3727965447176549,0.330323147291274,0.11847970728555643,-0.838490961222514
2018-01-11,23,0.03361651940440495,0.257106762364694,8.808613184814849,-0.4996476276920521,-0.16571097713657293,-0.2437853081386382,0.0903904337858309,0.2723935865788026,-0.33393665055547916,-0.3341757419244691
2018-01-12,42,0.003270313318546378,0.06042440872667665,8.904907009816437,0.15565248649450686,0.17193027161235003,0.28126810319251483,0.04943643711470542,0.06700638282802457,-0.01627778511784317,0.23183166607780942
2018-01-16,37,0.01164814199238835,0.10337821893208998,8.58352268789517,0.2923777897384111,-0.15129343249934013,0.47132521269984884,-0.2274458053689173,-0.2469262720067416,0.44367122223775124,0.6987710180687661
2018-01-17,40,0.005512226367392046,0.057540042178117146,8.510145773353724,0.0267771340380982,0.16844563293053244,-0.11213714086452145,0.23648937578528695,0.23944688871924147,-0.14166849889243424,-0.34862651664980837
2018-01-18,31,0.010997240590219767,0.11768079866914471,9.600596962993107,0.011073886059847741,-0.11240453562723131,0.1305512360875832,0.014778369927871737,0.2741721269583024,0.12347842168707905,0.11577286615971147
2018-01-19,29,0.026096470762715963,0.31455754141401604,8.755162489002082,0.43619956586500286,-0.16139325718257058,0.06508927677465055,-0.751375865993802,-0.10211502370080688,0.5975928230475734,0.8164651427684526
2018-01-23,19,0.052743378502101416,0.36331060702061246,11.797961551850687,-0.10437012447903816,-0.13227097344422556,0.2649410237640677,-0.5661678776925095,-0.46638043122814704,0.027900848965187394,0.8311089014565772
2018-01-24,31,0.01624275327511208,0.09590610722185555,12.144342620010875,0.0682013686343688,0.1413145242439911,-0.0172035398231664,-0.41069523139433234,0.21133217528219006,-0.0731131556096223,0.3934916915711659
2018-01-25,28,0.01803450333114922,0.15553817607380382,9.386162305922209,-0.03570881966657404,0.06544138420626215,0.3612057526627597,0.04922714074027651,-0.45009764448708095,-0.10115020387283619,0.3119786119224832
2018-01-26,32,0.0008797938747628595,0.1743727900708094,7.790291849066452,0.05985875549836054,0.48573698672561394,-0.1533521048061524,0.4417844710010749,0.10966508359627994,-0.4258782312272534,-0.5951365758072273
2018-01-29,23,0.012056787768062476,0.06206015796657938,9.109931484711788,-4.151109910827907e-05,0.051956766054227325,-0.22094668531610454,0.5141521428657939,0.10026705016431912,-0.051998277153335604,-0.7350988281818984
2018-01-30,35,0.015876654167324783,0.0703626181914998,7.975573747930021,0.035233118563683476,-0.14867852351843555,0.2902001787364886,-0.34475642599628525,0.056635860501813934,0.18391164208211902,0.6349566047327739
2018-01-31,27,0.055321247746175584,0.4533911584621245,10.800057272581187,-0.10073575451263571,-0.5177509267926206,-0.03026172391433284,-1.116932750128978,-0.22166622294491597,0.41701517227998486,1.0866710262146453
2018-02-01,33,0.006053368879266716,0.07775303001711242,8.456165072454764,-0.004452444657364324,0.13461288364326293,0.12570995415697273,0.5159843055413387,-0.17137704471581366,-0.13906532830062726,-0.39027435138436595
2018-02-02,37,0.014565862599167423,0.07958284453762987,8.55676033268209,-0.20433261150806484,0.14293089418835273,-0.32991939562851685,0.32603617897996506,-0.012588898370124476,-0.34726350569641756,-0.655955574608482
2018-02-05,32,0.008262066186389716,0.1428640493537161,8.736933595218071,0.21247383507544,0.13209146214214848,-0.06410912081004162,0.4594478305819673,-0.2686762429184565,0.08038237293329151,-0.523556951392009
2018-02-06,24,0.007350905485082191,0.2540679493498156,9.231323629990753,0.28970538658828604,-0.22468634903837556,0.23776976384639356,0.3706810181756312,-0.026313282855879062,0.5143917356266616,-0.13291125432923764
2018-02-07,32,0.02456835696220523,0.18889764103354834,8.809941502798331,0.17910328290629082,-0.42882140265499996,-0.05399379739408828,-0.09611017728431451,-0.1725527511540226,0.6079246855612908,0.04211637989022623
2018-02-08,24,-0.008057778468643164,0.37273110605806814,9.622864427790487,0.5069749026430092,-0.16979546324814243,0.7248560479193731,0.6412277012555159,-0.31648982207488363,0.6767703658911516,0.08362834666385721
2018-02-09,33,0.02762221100966352,0.2523539977136383,8.142409613763844,0.15807034850733562,-0.6999822276650038,0.03632181576924452,-0.5517983805598202,0.23432251731045123,0.8580525761723394,0.5881201963290648
2018-02-12,49,0.01642926492926782,0.14512570783407974,7.992073760207983,0.050856603395087116,-0.23227047092426334,0.31658368303611756,-0.4636584135311877,-0.28157936504400416,0.28312707431935047,0.7802420965673053
2018-02-13,32,0.011145025941546061,0.28253615568417045,8.330236368921094,-0.04203682105242634,0.5480640889965099,-0.1476817943646963,0.08345416802928994,-0.15508130186762326,-0.5901009100489363,-0.23113596239398626
2018-02-14,33,0.01201734063790227,0.16151782840305096,8.500797402056277,0.24066274050231798,0.1886381654996648,0.1620511120224079,-0.3833496632504098,-0.001146836875531078,0.05202457500265317,0.5454007752728177
2018-02-15,41,0.016279749709737012,0.0918547406696838,7.0989891294596985,-0.14304134754895628,0.07254383447367194,0.0030697737198941235,-0.37377760441789143,0.10626586757484738,-0.21558518202262822,0.37684737813778557
2018-02-16,42,0.021175712639106715,0.24801677482186035,8.48106221890324,-0.13594439941950587,0.1080916213394079,-0.5916811063162288,-0.46556556477771166,0.30633958748907414,-0.24403602075891379,-0.12611554153851717
2018-02-20,46,0.009404470176884037,0.026168369893744492,7.844420566440543,-0.0688344088786529,0.1575118244264497,-0.03167174124672649,0.13101070664195177,-0.05322763721635382,-0.22634623330510262,-0.16268244788867825
2018-02-21,39,0.007968496442119754,0.18644574409638148,8.595900352298454,-0.09639314880064416,0.40054979035828187,-0.3412867228723863,0.286132714250929,0.12945464457847927,-0.496942939158926,-0.6274194371233153
2018-02-22,41,0.014148507147463268,0.056330990467686415,8.223981855968319,-0.19751617551725026,0.1161193275866096,-0.29458667158846824,0.25173195114313485,-0.035926017716016036,-0.31363550310385985,-0.546318622731603
2018-02-23,45,0.009120990709075929,0.24356916431386688,11.319397134029582,0.003140877676716195,0.4666845765988602,-0.11081249390855177,-0.2564616023503135,0.07655947816645596,-0.46354369892214403,0.14564910844176174
2018-02-26,25,0.032909217558638966,0.18951191734291706,9.319184867323315,0.42010442464159603,-0.3661236743515299,0.21628799952988878,-0.49754678793212476,-0.4181828398197784,0.786228098993126,0.7138347874620136
2018-02-27,46,0.0043975919536606844,0.048159935294715406,10.994233255795455,0.27620710964319634,-0.018385705301395196,0.2603502554445976,0.2096782604629991,-0.13242837998618023,0.29459281494459155,0.05067199498159852
2018-02-28,39,0.006418086152370259,0.05982581976117074,9.047596402232159,0.18084216486034724,0.1905912312493969,0.03359266443713842,0.030483597022126392,0.06387962254610977,-0.009749066389049654,0.003109067415012025
2018-03-01,34,0.006463982350497427,0.2844543860548081,9.826135135071922,0.19886449953207003,0.15791365381021671,0.7865534624088408,0.06448919144509702,-0.6473716070300513,0.04095084572185331,0.7220642709637438
2018-03-02,40,0.015781835882881033,0.11596847748439376,7.556202282868156,-0.21658313154880227,-0.12409948725861648,-0.2737498418020639,-0.026897442770654017,0.37878303274965325,-0.09248364429018578,-0.2468523990314099
2018-03-05,34,0.03135199037225029,0.18935746457893343,8.833968133886682,-0.02065342598048265,-0.4209750424138004,-0.21904506041472863,-0.29860614365348304,-0.17265567285052397,0.40032161643331776,0.07956108323875441
2018-03-06,29,0.013914703712859485,0.3287769716633039,12.744344796004569,-0.7300878981035308,0.38711103547272413,-0.47366348736748887,0.7200562445674329,0.28953129008501294,-1.1171989335762549,-1.1937197319349218
2018-03-07,33,0.020009325022778746,0.035042210102024685,7.819480529234314,-0.02224380330574759,0.03130354854211993,-0.15983074549406237,-0.1596695069256861,-0.010174944320022538,-0.05354735184786752,-0.0001612385683762707
2018-03-08,27,0.026427910305443943,0.07311256153563639,9.895293408804113,-0.007227801857541455,0.14053462845672474,-0.23135456342536076,-0.3204861610180682,-0.008573258649726868,-0.1477624303142662,0.08913159759270745
2018-03-09,31,0.011449255777844874,0.10927852035614993,7.16482376565342,-0.03227546336632227,0.32364929627836414,-0.2626460326784818,0.4037560430851706,-0.14233770154511177,-0.3559247596446864,-0.6664020757636524
2018-03-12,32,0.02078451237143665,0.03857092550626107,8.310737551931487,0.010950106760149398,-0.10143650726321614,-0.0860011405010003,-0.009798238983203263,-0.14392301178467432,0.11238661402336554,-0.07620290151779704
2018-03-13,22,0.032043733409122845,0.10829092265046147,9.204896403830773,-0.06893857807561447,-0.19422839253646138,0.09098546143785032,0.039567379122487034,-0.2773101399496687,0.12528981446084692,0.05141808231536328
2018-03-14,39,0.010227166700924245,0.133334860294951,8.904850605648946,0.05156186748864435,0.17917217663972565,0.34101201025772593,-0.44124053997795937,0.07177548291977388,-0.1276103091510813,0.7822525502356853
2018-03-15,28,-0.0057318805424169395,0.18872108165317147,9.163911215826138,0.4505956798791303,0.344962839794454,0.07355929172782413,0.3354055644914343,0.1164619344825049,0.10563284008467627,-0.26184627276361017
2018-03-16,29,0.016554806607415443,0.22712183487810733,10.880350263778322,-0.07691672563626861,0.12223533164992997,-0.04850111653793093,0.5212277685399249,-0.4782240412457524,-0.19915205728619859,-0.5697288850778559
2018-03-19,36,0.005880314572585661,0.19466768203454254,8.95339802126781,0.1717287466543173,0.20389584875923822,0.3773932172601126,0.3047726673812679,-0.4811731292811036,-0.03216710210492091,0.0726205498788447
2018-03-20,24,0.057505153205991526,0.4295570301145092,11.71323688769271,-0.8658281816960306,-0.17106214103660528,-1.3076793565316143,0.3517537771682195,0.23256854820843945,-0.6947660406594254,-1.6594331336998338
2018-03-21,28,0.01785469889875576,0.26636431560895835,9.56811929772558,0.23736596987429545,-0.3859782186504051,0.4522380351490147,0.041004255782147656,-0.34449318048537403,0.6233441885247005,0.41123377936686706
2018-03-22,31,0.018552462434754963,0.13583250422665782,9.742500383698946,0.2496697367104928,-0.011168316202602646,-0.012621175319065179,-0.297972754059621,-0.0781601620840118,0.2608380529130955,0.2853515787405558
2018-03-23,27,0.04383441757145776,0.10467148817718919,9.47794363879009,-0.5603611887305211,-0.06548962207441167,-0.4994961631294917,-0.10692229156915675,-0.13478928335513773,-0.49487156665610943,-0.39257387156033496
2018-03-26,34,0.00861314710924573,0.1064959636532975,7.828648902418363,-0.18078832813628365,0.29238852123096165,-0.21903229653006062,0.3549483969130009,0.16678970309367308,-0.4731768493672453,-0.5739806934430616
2018-03-27,28,0.018925767261596328,0.16908589619991732,9.026879894678077,0.3247727813140836,-0.13076308188188304,0.5129606772607882,-0.393347416709499,-0.37346592663288136,0.4555358631959666,0.9063080939702872
2018-03-28,35,0.00883829426350352,0.15465252724162926,7.339189780601123,-0.06827430173388377,-0.09907312919772324,0.19041633515607614,0.13041585533204456,0.2278346419982415,0.030798827463839468,0.06000047982403159
2018-03-29,29,0.020906454332815884,0.32414333716913224,8.753421145511096,0.5481650908778092,-0.43684423978145626,0.24357350167595987,-0.33925487664929127,-0.22821382742634283,0.9850093306592654,0.5828283783252511
2018-04-02,35,0.014358550509786912,0.008244156178687345,8.009636465224856,-0.01944398819144822,0.011381568611339479,0.07068839664354794,-0.07761477330262465,0.009890260554115467,-0.0308255568027877,0.1483031699461726
2018-04-03,18,0.10347576202239446,0.24663044066721862,11.160735350077154,-0.34894208600203913,-0.829073419567933,-0.533763919729243,-1.0315145612022538,0.018166553695264247,0.4801313335658939,0.49775064147301085
2018-04-04,22,-0.00933929058804612,0.4681543296819224,8.793798336692506,-0.06663165960272302,0.72068336629091,-0.49813938978408595,1.168081531228034,0.08693493774189355,-0.787315025893633,-1.66622092101212
2018-04-05,26,0.006358694723744765,0.14133045450368942,9.029611596038338,0.45650831866191377,-0.24139118735302723,0.7317511444811139,-0.14341785788387093,-0.1341025435408595,0.697899506014941,0.8751690023649848
2018-04-06,30,-0.011340878354358114,0.5006856284356356,8.716957705753892,-0.1341187553843491,0.27386848634989625,0.4504480174611429,1.1648392247637356,-0.07458427192894075,-0.40798724173424533,-0.7143912073025926
2018-04-09,31,0.01126260640500078,0.21741483382210702,9.306819275542411,-0.1388623685718021,0.2361039417181225,-0.16136121767242817,0.5933868928703248,-0.22754884545426513,-0.37496631028992455,-0.7547481105427529
2018-04-10,28,0.02463545068593173,0.45584290171095654,10.483373051229009,-0.5515032404843824,-0.11422762862703861,-1.1903759013463227,0.8443701896425826,0.6321513424029829,-0.43727561185734376,-2.0347460909889055
2018-04-11,28,0.01215035937793483,0.07276826008592763,8.603786353202743,-0.0830043478196867,-0.04039299145553353,0.1241335032732084,0.23281585086275736,0.08602785997490466,-0.04261135636415317,-0.10868234758954895
2018-04-12,25,0.005238951870008854,0.37020339959303794,9.415816137749239,0.1400380603903919,-0.08664985550386187,-0.38686798128305033,0.7601417161163696,0.3113904667797077,0.22668791589425377,-1.14700969739942
2018-04-13,32,0.021720874495519547,0.09438193714967802,12.64895002639461,0.04986865450945273,0.06600288998289128,-0.2561455719330543,-0.060551404949767,-0.1893105353227725,-0.01613423547343855,-0.19559416698328733
2018-04-16,27,0.05081783452510895,0.3936022964397925,8.209906155352993,-0.38644576582225876,-0.3275533637980811,-0.9217830869176491,-0.12632536949796816,0.01794452168007339,-0.05889240202417767,-0.795457717419681
2018-04-17,25,-0.013327859549766737,0.20354832747088303,11.308959882005748,0.11834978558171355,0.49379696699064696,0.20325368288036003,0.7923515534823912,0.05864098855322548,-0.3754471814089334,-0.5890978706020311
2018-04-18,30,0.012348931169385369,0.07709340219194138,8.097586804531359,0.01769864662243366,0.2386938263756053,0.08459815069581635,0.1372720632236295,-0.21919855708060973,-0.22099517975317162,-0.05267391252781316
2018-04-19,32,0.020713788907793566,0.08964348913103659,8.301799377803244,0.11778948386585565,-0.31574613797064954,-0.05314754258209355,-0.07236691329961839,-0.002211380112281507,0.4335356218365052,0.019219370717524838
2018-04-20,28,-0.0161265042685253,0.33823959432351736,9.64368869787705,0.8692603754612014,0.4546792923360337,0.5883103337289198,0.28508868612018046,-0.2942544486089173,0.41458108312516767,0.3032216476087394
2018-04-23,45,0.012286574405122501,0.24112633697526864,9.308787560922468,-0.03161208300833462,0.2483174293555307,-0.1341409010069851,0.24547137530688054,-0.4338275171081155,-0.2799295123638653,-0.3796122763138656
2018-04-24,29,0.02335414346100216,0.1315831766632598,9.631132896720555,-0.27695592311443085,0.22750971789486188,-0.5106667785378389,0.2585728957066528,-0.05300023268736971,-0.5044656410092927,-0.7692396742444918
2018-04-25,45,0.006800149203464108,0.12046687421373126,7.525987663710146,0.2140549982677572,-0.2214693212798332,0.34367558925099456,-0.15101261656385023,0.20273792201316176,0.4355243195475904,0.4946882058148448
2018-04-26,36,-0.002444290856505763,0.19135193404829032,8.48242741040945,0.5064114697642089,0.022510025629607782,0.371193459351546,0.45758529336656745,-0.1817113064435163,0.4839014441346011,-0.08639183401502143
2018-04-27,43,0.006881355823745336,0.020638298529012333,8.782474044918878,0.06312325092718368,0.018084239441043485,0.13479915227287886,0.15846104608764608,0.033735710429147484,0.0450390114861402,-0.023661893814767215
2018-04-30,52,0.012113470439361411,0.133720012129398,6.953108753668492,-0.04599394741511861,-0.3271745977928664,0.05389605217054328,-0.007155999733666433,0.06662756707752203,0.28118065037774775,0.06105205190420972
2018-05-01,39,0.008648027977115674,0.042954216521832844,7.439057735313484,0.061128631764924196,0.09066229547476605,-0.12156276385574102,0.3101908218316084,-0.014965167430578163,-0.029533663709841854,-0.43175358568734945
2018-05-02,35,0.04220964905132046,0.3159711433467589,10.178960335275885,-0.2560305915676267,-0.30316569154206047,-0.23813227973853734,-0.8466956310766331,-0.3106512396675748,0.04713509997443377,0.6085633513380958
2018-05-03,44,-0.004188633387924317,0.15687910213352763,8.033603902589968,0.2940010903158594,0.4493894472738901,0.5527184354819634,0.257944008617385,-0.18545324355175527,-0.15538835695803066,0.29477442686457844
2018-05-04,43,-0.00432859935592645,0.18598240983802328,8.725407153465495,0.06038535623211861,0.43097547723337887,0.13420595798210663,0.4430325687080867,0.30366018445398574,-0.37059012100126026,-0.30882661072598006
2018-05-07,39,0.015429133621909674,0.164430947579414,6.679658992505033,-0.3498205561614436,0.09686102547992519,0.031193326870241237,0.21936638819016083,-0.20107260688783676,-0.4466815816413688,-0.1881730613199196
2018-05-08,26,0.01307978788063927,0.15204082976293476,7.094092621109479,0.4861489706372934,-0.07175381541162426,0.21429973523871343,-0.28545391497001704,-0.023389945287606732,0.5579027860489176,0.49975365020873047
2018-05-09,43,-0.0030705994732083083,0.14822354725479148,10.531559012063354,0.16418781168188104,0.1756282891496579,0.40558133229618265,0.3093889983504155,0.209285123217778,-0.01144047746777685,0.09619233394576715
2018-05-10,38,0.019181614743045014,0.11672050281152124,7.514012466615661,-0.09770793999359133,0.06994202988373457,-0.3371397686940418,-0.29024640891760783,0.19734936725008692,-0.1676499698773259,-0.04689335977643394
2018-05-11,29,0.01393270175909051,0.29244140995353307,9.789578446908175,0.055429151028327975,0.04952907673132743,0.007987890511171785,-0.4170281556877207,0.4959853353896458,0.005900074297000547,0.4250160461988925
2018-05-14,48,0.01681937070326269,0.07134393676430129,8.525594735072476,-0.14904432268344397,0.05439492001594204,-0.12389563532183873,-0.334761529810009,-0.061353019713868355,-0.203439242699386,0.21086589448817028
2018-05-15,29,0.016458355062819324,0.052458486880325506,8.091891958019598,0.06815882085781277,-0.11191390055399733,0.3180225787219492,-0.12520664482740856,-0.1036454478418774,0.1800727214118101,0.4432292235493578
2018-05-16,36,0.004630359613057631,0.15012105052199287,7.758998454123294,-0.051053596412891776,0.45243112188138773,-0.1343193970500177,0.48303042312830013,-0.08347444368692755,-0.5034847182942795,-0.6173498201783179
2018-05-17,32,0.006048360764718846,0.10321262040984425,6.390484818405854,0.29907441756760433,-0.04149481110861411,0.26907984069129065,0.23799425642595662,-0.15174879251824377,0.3405692286762184,0.031085584265334032
2018-05-18,39,0.026625571502415405,0.15862448590169909,8.484591526076704,-0.4759373642184173,-0.13784165310717025,-0.24171809673193542,-0.3877505101569853,0.16645304702610747,-0.33809571111124703,0.14603241342504988
2018-05-21,47,0.008777617708219639,0.13510309849702606,10.670911250329556,0.40618995770559485,-0.15679564449332645,0.5052940411158209,-0.23531288102868284,-0.3444715378720528,0.5629856021989212,0.7406069221445037
2018-05-22,40,0.022079478553398865,0.1707491425023585,12.16407134823341,-0.14069994946419676,-0.28639179065424397,0.014752548653047547,-0.13722567445177075,-0.2167934183547479,0.14569184119004722,0.1519782231048183
2018-05-23,33,-0.00846576329722409,0.29562257117222657,8.845741753209516,-0.07418916644538515,0.5685013734896303,0.05192238140146135,0.9922989968327657,0.020206792338318007,-0.6426905399350153,-0.9403766154313044
2018-05-24,27,0.04903798755962991,0.3946399919695528,7.9124159226678685,-0.019846640939553947,-0.7620553286418716,-0.17823606779708984,-0.9333880211423417,0.24547473030083677,0.7422086877023177,0.7551519533452518
2018-05-25,31,-0.003105345232010179,0.14925322291217868,9.421042755283313,0.3512016863297869,0.30488740267900627,0.1539882117537624,0.2581340143738438,0.12432008924823156,0.04631428365078061,-0.10414580262008141
2018-05-29,50,0.0056833089376439865,0.06941955389171628,8.88283135166969,-0.0032644368046982467,0.01349098550533396,0.14093177364579276,0.2749680645650481,0.005542719324125464,-0.016755422310032207,-0.1340362909192553
2018-05-30,37,0.021260132185181285,0.10939807252441403,9.248048418461384,0.09926657522426088,-0.15987754721747063,0.17499136966707837,-0.4753054904348703,-0.21232468894241074,0.2591441224417315,0.6502968601019486
2018-05-31,42,0.01197518935834242,0.1596459987926141,10.27378371756422,-0.3762316600316692,-0.10180435675280446,-0.5782427410607155,0.5339602395977862,0.5164026121466423,-0.2744273032788647,-1.1122029806585016
2018-06-01,33,0.002609533647983032,0.19660753041875545,9.606262929256681,0.4979420851124394,-0.06255761709064855,0.41448046089917384,0.41565898474590457,-0.4377531344337481,0.560499702203088,-0.001178523846730728
2018-06-04,27,0.020351341286554293,0.10550589579008685,7.749870541337516,-0.22529672307888599,0.22763952842024954,-0.2786311551939086,0.0741503479313989,0.103165572447214,-0.4529362514991355,-0.3527815031253075
2018-06-05,24,0.021586210309294047,0.07861047381620478,10.194915588125147,-0.02622463377108223,-0.012365662436227047,0.1669758329009131,0.13423381717911373,-0.2987574487188312,-0.013858971334855183,0.03274201572179938
2018-06-06,23,0.03105264138388965,0.16174324453669253,8.352917555272544,0.23142188055318003,-0.46728905183171443,0.18566381622332026,-0.6634018119297724,0.2851836633260623,0.6987109323848945,0.8490656281530927
2018-06-07,30,0.025920629457152882,0.24935058489827133,7.827336726670833,-0.11343767581842057,-0.41429413495510414,-0.03938785148054112,0.10800416937798932,-0.09612227455309712,0.3008564591366836,-0.14739202085853043
2018-06-08,32,0.018798753390190784,0.013749583301752799,8.837946906966568,-0.1590606844915032,0.09375014939422317,-0.09604354491231488,-0.021902040622810013,-0.01986409633980599,-0.2528108338857264,-0.07414150428950488
2018-06-11,33,0.01762399929277592,0.018576281818130425,10.879206768901037,2.3071529419103165e-05,-0.1551856281275003,0.09460476247017807,-0.15691864918757173,0.05429248999226518,0.1552086996569194,0.25152341165774983
2018-06-12,21,0.05120022950036988,0.39062203978570187,8.90988677241883,-0.1530864663888941,-0.09249016862942523,0.12483350058778668,-0.6369170775206356,-0.392749427064368,-0.060596297759468856,0.7617505781084223
2018-06-13,28,0.033820969255072685,0.12423257006567634,7.726599925994059,-0.19673676417546226,-0.267513337156527,-0.36580113840440787,-0.15744966569553015,0.09352662714785565,0.07077657298106471,-0.20835147270887772
2018-06-14,39,0.02913591239449405,0.22624268222966304,9.386153071213299,-0.15098883355090498,-0.4411613844727442,-0.04687113074200913,-0.8429887624590799,0.209408944454204,0.29017255092183925,0.7961176317170708
2018-06-15,25,0.0495083910157679,0.18049241061070231,9.72650717528191,-0.18003830141891886,-0.5516352429436988,0.0769137374936924,-0.9316779095687604,0.11101816564929155,0.37159694152477996,1.0085916470624527
2018-06-18,49,0.012958043457758743,0.13554743317980744,8.414710932155545,-0.4495256985032298,0.37761315078061375,-0.42365005523690596,0.34357900705125244,-0.11790466295208762,-0.8271388492838436,-0.7672290622881583
2018-06-19,28,-0.011838667194813893,0.17699353926701789,10.991628433994906,0.19766854495244524,0.5068145615041425,0.46522009586325,0.3472424860988268,0.1460196744909122,-0.30914601655169727,0.11797760976442323
2018-06-20,36,0.020309035556048557,0.13061210544634738,10.275900962596944,0.0678572730793397,-0.09112843887397215,0.050462251688853155,-0.5243678527629754,0.034926206833259775,0.15898571195331185,0.5748301044518285
2018-06-21,34,0.019025426047996122,0.29751074966536195,7.329396482465129,-0.30689749249318343,0.26967290462545856,-0.35452393806419025,0.3831710154188462,-0.28515146075066655,-0.576570397118642,-0.7376949534830364
2018-06-22,37,0.01944980354200548,0.12660819599088424,9.376901159237486,0.010466050851730038,-0.09740183520764233,0.27976073573130145,-0.3226260270143523,-0.30948438646943993,0.10786788605937236,0.6023867627456537
2018-06-25,35,0.025609631611439053,0.08691795878884401,9.016566419774485,-0.24853845971755822,-0.10052766180576866,-0.1944785194596342,-0.27350035072159545,0.024370778903820636,-0.14801079791178956,0.07902183126196125
2018-06-26,31,0.0027781961865701917,0.19563840285925582,10.072159706952556,0.4601176944817037,0.17415302893647625,0.620792244919756,-0.3740453111864565,-0.05326582071883097,0.2859646655452275,0.9948375561062126
2018-06-27,28,0.04045096322944807,0.12910581874660132,11.392700799194749,-0.5073755425483434,-0.052634552671790014,-0.41810924226643464,-0.1759433640768811,-0.11119123928564302,-0.45474098987655337,-0.24216587818955354
2018-06-28,43,0.017334524652255674,0.16885843748562634,9.573025793972773,0.23853280141732963,-0.4075193855785423,0.4383310368817374,-0.46380538962568657,-0.2963081831888268,0.646052186995872,0.902136426507424
2018-06-29,35,0.02840171715597834,0.2553938627957647,13.182115334513531,0.2946816907174157,0.01661814142298125,-0.18584507267142572,-0.658358955020343,-0.45521600536711243,0.27806354929443444,0.47251388234891734
2018-07-02,27,0.00870341474591517,0.1858508991322153,7.989782189640507,0.004010766405831691,0.3742772782744382,0.06472262577662659,-0.07056028417143827,0.15756521743512053,-0.3702665118686065,0.13528290994806486
2018-07-03,32,0.005031478096318111,0.42520788740667925,11.204072897118472,-0.5944698101848638,1.0717345034701602,-0.7741726773047503,1.1942929121235273,-0.219399526268433,-1.666204313655024,-1.9684655894282774
2018-07-05,25,0.02054777490892116,0.2221511021861554,8.326332261818065,0.20778391298498594,-0.203389157213216,-0.13021117277868338,-0.45518660499333774,0.5536142765541945,0.41117307019820193,0.32497543221465436
2018-07-06,21,0.03654161702868795,0.5231034283518092,11.559005027853916,0.07543582249502384,-0.29274418076204684,-0.6137936064224737,-0.7023339638069082,0.9986880132915098,0.3681800032570707,0.08854035738443444
2018-07-09,36,0.0029677524193595186,0.15377903203324383,8.309427333293916,-0.05941635896630763,0.17973921266621212,0.10436538948450297,0.6707851857159193,-0.10915160309421323,-0.23915557163251974,-0.5664197962314164
2018-07-10,26,0.03176360927548447,0.13648007665358253,7.4034520314724706,0.1233651803258083,-0.28942902849760943,-0.023027685379555757,-0.3064807447434763,-0.15613540403036003,0.4127942088234177,0.28345305936392057
2018-07-11,28,0.009684899376646417,0.14218170188706858,7.562585443152569,-0.0771870609597922,0.17279056543090246,0.4439516843814302,0.02862014102752751,-0.11052969497226664,-0.24997762639069465,0.41533154335390265
2018-07-12,31,0.0036923594942264064,0.18489007128510027,8.795525293842449,0.3619902016991397,0.10116555645163064,-0.12737163369228233,0.267046563116985,0.16824302378248934,0.26082464524750903,-0.3944181968092673
2018-07-13,27,0.027754721562418604,0.1539311211904414,9.324766541905394,-0.03538679109114203,-0.3511921196608712,0.2682399688539851,-0.40491100806511154,0.024494985592535042,0.3158053285697292,0.6731509769190966
2018-07-16,34,0.021178255496365952,0.11784338863699628,7.848109847133211,-0.23631629115274153,-0.2119867982528263,0.10531491175419139,-0.16782530382952385,0.07069210772801639,-0.024329492899915234,0.27314021558371526
2018-07-17,33,0.0038331828907736,0.11061056848974249,8.758674765098778,0.08855540090972926,0.25495080343874377,-0.1266871826832784,0.34542822369608217,0.18476268384766556,-0.16639540252901452,-0.47211540637936056
2018-07-18,26,0.01910896843457784,0.23200712372411636,8.889915653278209,0.08227787783238344,-0.034183132909692084,-0.3032084825986351,-0.06099569416488249,0.32244307324277866,0.11646101074207552,-0.2422127884337526
2018-07-19,29,0.023973726405697133,0.16621053411153586,8.697720922352282,-0.19098778387349033,0.10643728180031427,-0.04124021456394593,-0.3191865295324283,0.05450111463911403,-0.2974250656738046,0.2779463149684824
2018-07-20,40,0.00030960775599550696,0.055613876278870156,8.606850231245938,0.14387605531956277,0.2216160458671603,0.19166170919593664,0.380321096454683,0.037756472683017746,-0.07773999054759753,-0.18865938725874634
2018-07-23,49,0.002726347933257245,0.1482365042739815,8.750121851140563,0.019806973307498442,0.3198565773312625,-0.20520845460813467,0.7110412882052738,-0.11267848169510564,-0.30004960402376407,-0.9162497428134084
2018-07-24,46,0.014278624116662681,0.06184384981830093,7.410924460953508,-0.07538874736078076,-0.021661576346146367,-0.2279041339753181,0.14766947828429755,-0.13634843933501903,-0.053727171014634395,-0.37557361225961566
2018-07-25,38,0.022351464438388254,0.34683362504363524,8.469772780077825,-0.42362861103066674,0.49144410341324074,-0.7991687620603003,0.1375672546502798,-0.10492528229005516,-0.9150727144439075,-0.93673601671058
2018-07-26,49,0.0184136723159936,0.13192245347659315,6.988599799994339,-0.08196506024709832,-0.3929476092431511,0.1350856739511803,-0.4477695572099552,-0.016943334218347633,0.31098254899605277,0.5828552311611355
2018-07-27,51,0.011846695100760014,0.11377998282156421,7.819018980895201,0.03539879480930768,-0.07953964190969812,0.2891250506415129,-0.14331557023425978,-0.3100315335843858,0.1149384367190058,0.4324406208757727
2018-07-30,69,0.007566022903948606,0.07977274899217557,8.594931193430519,0.08897929571980955,-0.16370143531068082,-0.02602447917921214,0.17895806285536467,-0.12232260483018745,0.2526807310304904,-0.2049825420345768
2018-07-31,51,0.01059936194644174,0.1953810678383926,8.15286797397258,0.024932379065301047,-0.13032681068456473,0.5985369925752956,-0.5672235731524211,-0.00705390634066863,0.15525918974986577,1.1657605657277168
2018-08-01,48,0.003978437429341512,0.27701196098404557,7.573063267043575,-0.0553996747247035,0.24445797059352053,-0.20932675159393874,0.05113458839188414,0.5872038741164523,-0.299857645318224,-0.2604613399858229
2018-08-02,51,0.008986046187558131,0.09801242095565299,8.349458348891911,0.11869091865897638,-0.0805116666379577,0.0005670530260443852,-0.24591062668121463,0.29058761050333104,0.19920258529693408,0.246477679707259
2018-08-03,55,0.00955844457978848,0.053454700549512735,8.666681234119105,-0.0661546388908952,-0.1427963300415492,0.09276623016303745,-0.10299981286067687,0.16775564785334884,0.076641691150654,0.1957660430237143
2018-08-06,58,0.008361374682373645,0.06376582540054754,7.720745730338948,-0.051062108031571594,-0.010117430914669115,0.07069085961524006,-0.19721388514924187,0.21778310132489995,-0.04094467711690248,0.26790474476448195
2018-08-07,46,0.007389956007898834,0.06195750023787039,7.188594131902872,0.04303067412884439,0.13063865245071388,-0.13430966815701836,0.09054330366455449,0.19022108518621297,-0.08760797832186948,-0.22485297182157285
2018-08-08,52,0.00973807323954939,0.04861700723988849,8.338880119541601,-0.07910345605531345,0.001000155136012436,-0.17798969813919066,0.27657039140409395,-0.03323700925874128,-0.08010361119132589,-0.45456008954328464
2018-08-09,63,0.008344544918270799,0.14463868098937582,7.919538610458165,0.009828387629524102,-0.15433410146800594,0.2846981292637196,-0.3876354003944772,0.19603032526711592,0.16416248909753003,0.6723335296581968
2018-08-10,53,-0.0008018387933342627,0.19655902340045706,9.915609078817331,0.11385781455346186,0.4910844480796942,-0.05929555063559095,0.29906556788113714,0.24028263221466986,-0.3772266335262323,-0.3583611185167281
2018-08-13,61,0.005301594330076644,0.13903824133199816,8.84376080123559,0.10374808537846358,0.10943265850219037,0.1950149821113418,-0.3228447066431992,0.2678544723818522,-0.005684573123726791,0.517859688754541
2018-08-14,30,0.020001088150409074,0.04766193446306566,10.169874839706122,0.1981570903962116,-0.2724539139755419,0.052890876965339034,-0.14659448283285303,-0.03206485957770096,0.4706110043717535,0.19948535979819207
2018-08-15,36,0.0171405566878337,0.12929965921921782,11.378592692148457,0.1745621714121224,-0.031182888859822105,-0.11704908053244936,-0.41596058828891913,0.1555103047450405,0.2057450602719445,0.2989115077564698
2018-08-16,43,0.0049034678543148765,0.12704696953340044,11.20060497712516,0.366509366062928,-0.1120773521872936,0.5668500324392653,0.05517001288089736,-0.29815029466687487,0.4785867182502216,0.511680019558368
2018-08-17,54,0.008743882308070997,0.07160943174989254,8.772418962916527,-0.1157192248681481,0.024731553470370878,0.19399379283704327,0.11108239153116935,-0.15842780224210384,-0.140450778338519,0.08291140130587392
2018-08-20,58,0.007047019385092828,0.01598998783404393,8.75948158254214,0.1471637294432887,-0.018881438665044596,0.11558731381256922,-0.07303047526297483,0.011706622001394985,0.1660451681083333,0.18861778907554405
2018-08-21,39,0.016231539423861362,0.09716512558021106,7.136483310613947,-0.07654212090456597,-0.16662487984993027,0.17954123716003914,0.015677448783552622,-0.21811176025034806,0.0900827589453643,0.16386378837648652
2018-08-22,58,0.004564356359498937,0.047401194113628864,10.040271384390712,0.03857322807927661,0.07727835698241123,0.31421461852651833,0.14285649352594854,-0.10238803481594332,-0.03870512890313462,0.1713581250005698
2018-08-23,55,-0.00104814189825557,0.14076228344349073,10.38833459540878,0.4763347589595057,-0.11782011359543715,0.3292624461944444,0.3134616076832665,0.1140569095663328,0.5941548725549428,0.015800838511177917
2018-08-24,30,0.02121931748003639,0.17075153469490711,9.052277037465993,-0.08249453129706744,-0.17580085672644388,0.38123924283759814,-0.23135003221037154,-0.1647528714058973,0.09330632542937645,0.6125892750479697
2018-08-27,49,0.014464061144910072,0.02942958827905795,11.042749381936758,-0.16104084985463374,-0.03865566572543923,-0.17508204134869657,-0.013970338321586827,-0.02872909695083137,-0.12238518412919451,-0.16111170302710973
2018-08-28,32,-0.0009705412584888736,0.23757679304466328,12.941979430103174,0.14338836193478616,0.25567059502829126,0.05153664555455155,1.005023027411699,-0.39350398938603975,-0.1122822330935051,-0.9534863818571474
2018-08-29,27,0.029835332452789347,0.15739621255652536,8.119633730976531,0.03247936004634625,-0.35895751522572067,-0.20824312104500067,-0.28804979412161097,0.21166311789536124,0.39143687527206694,0.0798066730766103
2018-08-30,54,0.006963878091487661,0.03238789479679327,8.712462187979318,-0.06384538670495785,0.2065961541012786,0.10255278579824172,0.05577512311344071,-0.05317751018866751,-0.27044154080623645,0.046777662684801005
2018-08-31,64,0.007556742381601835,0.12001938629483655,8.420880489779229,0.134764748275101,0.06385853119669732,0.3170121923844078,-0.432891988206193,-0.05000650849504655,0.07090621707840367,0.7499041805906008
2018-09-04,56,-0.002783445055745431,0.15300753003648548,9.034415755948357,0.33254805292221046,0.2722632061849306,0.4304318728485614,0.32857522766541836,-0.052072513377628846,0.06028484673727985,0.10185664518314302
2018-09-05,37,0.019818723953991545,0.041710876252898155,9.750615556937115,-0.12384364758326319,-0.09944451396103643,-0.21044294692681947,0.04862624068194329,-0.08148070480619787,-0.02439913362222676,-0.25906918760876274
2018-09-06,67,0.01035938248746246,0.038515355439870946,9.672144229144454,-0.16131814747540013,0.0819702873487997,-0.1900595771654472,-0.1384668597433155,0.01971704371539354,-0.24328843482419982,-0.0515927174221317
2018-09-07,61,0.0017559610616656209,0.08417914972494189,9.034121114402366,-0.04661831905978864,0.3550944468093163,-0.03203639122288176,0.4227757999818343,0.08655721396831342,-0.4017127658691049,-0.45481219120471605
2018-09-10,51,0.014254453617330442,0.14664658750194337,10.104333668431858,-0.1275418152711866,0.07779202452068608,0.021175571823833693,-0.35206426874996666,-0.07331578129107208,-0.2053338397918727,0.37323984057380033
2018-09-11,55,0.009274717112867682,0.013184760980729293,9.04119336377769,-0.012580801622946483,0.07904287434792602,-0.1087546828211246,-0.025249973117070185,0.04732370079777009,-0.09162367597087251,-0.08350470970405442
2018-09-12,30,0.009308715006358118,0.14833344987489094,8.069001988463654,-0.3018800569416216,0.43004138511685513,-0.3577211412493768,0.2735236263402409,0.39751328635241306,-0.7319214420584768,-0.6312447675896178
2018-09-13,61,0.011500225283533923,0.20805353999598197,10.77891518996505,0.22156171482151613,-0.5981618909392635,0.4468395299605484,-0.5252731821757194,0.05200634374187685,0.8197236057607796,0.9721127121362678
2018-09-14,48,0.005925361472025563,0.17790796949332222,8.664963608242331,-0.10117773697875543,0.41591892226194493,-0.3202801985118742,0.5981985301172326,-0.1614942182030044,-0.5170966592407004,-0.9184787286291067
2018-09-17,72,0.015270024020313779,0.12203931759192366,7.755301603147813,-0.22345499970979457,-0.3099470478855192,-0.16241423881642772,-0.3844471239682367,-0.1186200485452088,0.08649204817572462,0.222032885151809
2018-09-18,41,0.004356825215032056,0.1899840237293634,8.64445111996166,0.00734231437826021,0.14337153993941787,-0.27740707931270014,0.3429093065955483,0.42652425076684586,-0.13602922556115765,-0.6203163859082484
2018-09-19,48,0.0020706408934400016,0.10220231340728514,9.946840079140166,0.10475010224366103,-0.024850660361975006,0.3144626830338714,0.2511909149781546,0.15566543433605518,0.12960076260563605,0.06327176805571683
2018-09-20,30,0.02549089406975054,0.03483604060032808,8.239629475226673,-0.2500226328891267,-0.026848940914899967,-0.22627293450735753,-0.14213531571170623,0.1158261798380567,-0.2231736919742267,-0.08413761879565129
2018-09-21,33,0.020153149802633993,0.23673384846252,7.675702504110075,-0.35260707604709046,-0.23922626962999874,-0.1884907924849524,0.26049470930897506,0.18972154187922313,-0.11338080641709172,-0.4489855017939275
2018-09-24,52,-0.0006173748230112457,0.06858351839052013,8.517718329773848,0.09288991786006692,0.34831531200301175,0.2842041410317467,0.3637865958324611,-0.02498898513411746,-0.25542539414294485,-0.07958245480071441
2018-09-25,32,0.016171086152182743,0.11879788549504888,9.70655641722488,0.1540305490789615,0.004434790820684027,0.23545425588005675,-0.11138988320734576,-0.31747922631204956,0.14959575825827748,0.3468441390874025
2018-09-26,38,0.00511972707609746,0.1707317944173018,9.24280081377739,0.06161801738377079,0.3261951442646002,-0.15510249130007442,0.11777231645192167,0.26041775541637524,-0.26457712688082946,-0.2728748077519961
2018-09-27,63,0.010766650910636635,0.09114136113478288,9.731306527506428,-0.10837082350876905,0.14578516700857388,-0.3272521142860202,-0.0883121444887787,0.021551900534777717,-0.25415599051734294,-0.2389399697972415
2018-09-28,51,0.012286512991623168,0.08282716659340372,8.576996592960231,-0.21251895560390668,0.16689071891613094,-0.19854800355691124,-0.1655434396745735,0.15649535477370038,-0.3794096745200376,-0.033004563882337745
2018-10-01,26,-0.008541553645144598,0.12479536107209399,9.391446009670911,0.20989935516438088,0.29834525482280466,0.46111656955226826,0.4587141284400975,0.016085481567968223,-0.08844589965842378,0.00240244111217075
2018-10-02,31,0.013113678129272171,0.10999091979405407,9.196540048731663,0.32211179901919745,-0.10718609891968515,0.020605740813768276,0.0024462033444128703,-0.05102568827256844,0.4292978979388826,0.018159537469355405
2018-10-03,48,0.013610042475153187,0.13201256451223076,8.676616980306573,-0.2876518130797673,0.22745116599929893,-0.27539458245151716,0.34557625577861517,-0.31654510386133583,-0.5151029790790662,-0.6209708382301323
2018-10-04,43,0.0019188931061382762,0.10523203406850568,9.453964999658599,-0.2275144321053911,0.38882319742916777,-0.11364782186507791,0.6225020647594155,0.16481218465399183,-0.6163376295345588,-0.7361498866244934
2018-10-05,47,0.014768055659793838,0.06903021586870839,10.11485597245905,0.0653087027481609,-0.05607324189525018,-0.08723266680211189,-0.09743479978703863,-0.21276522628438144,0.1213819446434111,0.01020213298492674
2018-10-08,42,0.02271286959784582,0.11524472869334401,8.93727373701884,-0.323623458484972,-0.005309095269663485,-0.22813862051746078,-0.12687452692517928,-0.22393534502177356,-0.3183143632153085,-0.1012640935922815
2018-10-09,52,0.00530651796170055,0.25290078837333074,11.428490940805837,0.509787825602581,-0.049042795985942834,0.4134607982831386,-0.40776205772040247,-0.018321638196232684,0.5588306215885238,0.8212228560035411
2018-10-10,49,0.01907124129459412,0.1555704370972445,8.486166344959928,0.005461689668443656,-0.4653597903004067,-0.083720955103595,-0.46476338890929736,0.13940079777463255,0.4708214799688504,0.38104243380570235
2018-10-11,56,0.009154542849714209,0.12457559431854281,10.601369638068068,-0.11144658132205841,-0.16500033088033558,-0.025548098674606164,0.22446871446017608,0.05221749724883281,0.05355374955827717,-0.25001681313478225
2018-10-12,51,-0.0068025844248731275,0.32494242405993057,13.019527779963429,0.23224456781422312,0.7169296407616872,0.19567375372468346,0.36365593632521515,0.18535971271124863,-0.4846850729474641,-0.1679821826005317
2018-10-15,52,0.01074439963104195,0.1384503985670783,11.332194029882912,-0.0025180636439306255,-0.2440183797451077,-0.05589591294274702,0.16225066985699985,0.02276412484642213,0.2415003161011771,-0.21814658279974686
2018-10-16,28,0.011834084391948059,0.09909965785722907,10.266207822011392,0.3464522921854395,-0.10941467379205697,0.05522143858267187,-0.02382327570240285,0.06885549277725675,0.45586696597749643,0.07904471428507472
2018-10-17,25,0.0036035099795626788,0.5456475061521022,7.749500290030531,0.42749594554298775,0.490207321410105,0.7886740745884716,-0.4649874179807561,-0.4215654225389421,-0.06271137586711723,1.2536614925692278
2018-10-18,37,0.000626655698677722,0.19556458376795904,9.393605042708723,0.07312991271043033,0.4241759955742923,0.28070660776731876,0.5475902956456058,-0.37197533339979616,-0.35104608286386196,-0.26688368787828703
2018-10-19,41,0.015865071991352203,0.03793114601670533,8.93031477367773,0.022253257498958616,-0.07274195106865637,-0.19588471993859877,-0.08503865960891707,0.030476169826333246,0.09499520856761498,-0.1108460603296817
2018-10-22,37,0.02153758802092368,0.07294727413735347,8.308202385879111,-0.03898579043212307,-0.2651467698862989,0.08138432829882937,-0.14250796600517449,-0.22852531552357871,0.22616097945417585,0.22389229430400387
2018-10-23,35,0.0015572916345199576,0.36066975426413217,9.857086214587655,0.6169797849872583,-0.06922209029794167,0.5368145873797994,0.19141020007826987,-0.3849928965637836,0.6862018752851999,0.3454043873015295
2018-10-24,73,0.011693783426505996,0.03487748472771535,9.85223367707321,-0.14606805793039593,-0.1869326140129468,-0.27136919324420317,-0.22170165887067947,0.11877914378834939,0.04086455608255088,-0.0496675343735237
2018-10-25,66,0.014065901501175895,0.0773232491492245,12.881229651083803,0.04833203336869837,-0.47289063415330096,0.20724462107370434,-0.5064385243409386,-0.13294649410338374,0.5212226675219993,0.713683145414643
2018-10-26,53,-0.001221185951221832,0.1391725426647561,7.945661168629358,0.3176139679702078,0.24699206977862143,0.1272183076374686,0.37514802715034296,0.062473338292871994,0.07062189819158637,-0.24792971951287435
2018-10-29,76,0.00740774497471185,0.04235704070350366,8.596487897383867,0.129939357783162,-0.06433151190935554,0.13746129780796618,-0.1717254689636435,-0.15732091087432917,0.19427086969251756,0.30918676677160967
2018-10-30,76,0.014338234029391057,0.18111375764623894,10.149499766916314,-0.019072607999175508,-0.6282086008699549,0.23235413073329392,-0.5498548940825898,-0.21462960024901326,0.6091359928707794,0.7822090248158837
2018-10-31,67,0.012972064840037762,0.08343382493094431,9.709804800741518,-0.19445559448422914,-0.3611245114816428,-0.0333908906327897,-0.17605238126669653,0.026766689300293318,0.16666891699741368,0.14266149063390682
2018-11-01,46,0.008337374912552558,0.2288482136263903,6.527309294484267,-0.20273765459264464,-0.0028941282960876385,0.2365416528772855,0.3744934172055047,-0.17244177914876546,-0.199843526296557,-0.1379517643282192
2018-11-02,58,0.006032632871539847,0.04797297582781401,7.9301570465776985,0.07248377930717606,0.1238762995832251,0.061208311912256654,0.23409442029064667,-0.19144822419192908,-0.05139252027604904,-0.17288610837839002
2018-11-05,57,0.007740895860235953,0.12388232396560239,8.418562835307215,-0.1853178254904,0.11770609877222031,-0.15827737819247065,-0.015745066660273435,0.35917204350402665,-0.3030239242626203,-0.1425323115321972
2018-11-06,60,0.008414020755995736,0.04812372922411179,7.49832978016676,-0.058323789564121944,-0.11025049857972397,-0.03111086553619149,-0.02194251643345705,0.21194517939400623,0.05192670901560202,-0.009168349102734438
2018-11-07,42,0.008626748014551593,0.10738389561059902,8.715252144114064,0.2472545632158203,0.07720645739753125,-0.10078324930755488,0.018440214920895055,0.03323518055097423,0.17004810581828905,-0.11922346422844993
2018-11-08,30,0.028002258478647426,0.17148087628011421,6.981186218665732,0.042883754797903406,-0.16675111438974594,-0.5692201736191493,-0.002831833105862957,0.015783857598009255,0.20963486918764934,-0.5663883405132863
2018-11-09,69,0.008145085752595862,0.07171194998879682,8.070877161756613,0.0613902664838312,-0.09031769198085504,0.18621477966512037,-0.010018321802217539,-0.2712908662241078,0.15170795846468624,0.1962331014673379
2018-11-12,50,0.006138460395126839,0.2667362428918121,9.369883199479851,-0.33820014102646945,0.6411095267241874,-0.20097945715305496,0.19574901936505565,0.08847501257759575,-0.9793096677506569,-0.3967284765181106
2018-11-13,36,0.015138449745909603,0.08531418884791708,8.750879126928284,0.1170050594842968,-0.2115380819276607,0.13080145915623367,0.06109718907998921,-0.18733400749835105,0.3285431414119575,0.06970427007624447
2018-11-14,47,0.019342749831757065,0.32843605251084007,8.983616574898615,-0.4414219834142033,0.3280507830383109,-0.47474004911094586,-0.12497131212162155,-0.10513592257670636,-0.7694727664525143,-0.3497687369893243
2018-11-15,37,0.017248046911092167,0.050020094718515984,10.990149910123117,-0.09034501256155042,-0.16598196767552506,0.1375297038553425,-0.08926294589345286,-0.06829524914563212,0.07563695511397464,0.22679264974879537
2018-11-16,42,0.006052565059421807,0.05286790632079652,9.158345743077938,0.2620299471058586,0.11676857447091396,0.056031591127273184,0.12384760317442768,-0.06709318086990458,0.14526137263494462,-0.0678160120471545
2018-11-19,58,0.004400893641089661,0.139744417669191,8.984979378934774,0.45014927237340396,-0.09669997828049384,0.4408265121197326,0.026686394366042403,-0.33146586294508634,0.5468492506538978,0.4141401177536902
2018-11-20,63,0.010461140916560264,0.09271792532570122,8.15671217474288,-0.3276879679704568,0.04890233012119149,-0.06443808455113173,0.08460310696337778,-0.05948314004957753,-0.3765902980916483,-0.1490411915145095
2018-11-21,61,0.013571460319513073,0.12445063158811154,9.245421400197648,-0.29717937950013984,-0.05112967001256167,-0.47581096488480973,0.23928443394396015,-0.07088257852704172,-0.24604970948757818,-0.7150953988287698
2018-11-23,73,0.012747225246635345,0.08939758249097896,8.10001867105134,-0.09593485850131775,-0.09247525403283885,-0.2853756293381189,-0.39834786643325976,0.011038722296771067,-0.0034596044684788996,0.11297223709514087
2018-11-26,31,0.03154597549436261,0.08119635852697393,9.267419662078872,0.018500532654185636,-0.44634932867057137,-0.16929456608553467,-0.3915746512679419,0.03286753271937995,0.46484986132475703,0.22228008518240722
2018-11-27,36,0.0062242304990362575,0.19812626887025275,10.23929016584327,-0.004466179199046586,0.27139250419764055,-0.3686268785453726,0.464206773346875,0.18934918426929406,-0.2758586833966871,-0.8328336518922477
2018-11-28,37,0.014379355263588089,0.08185218833327279,11.054560709179457,-0.18265215494866252,0.10808261914015067,-0.15798741664596705,-0.05187297220940707,0.2203576351583696,-0.2907347740888132,-0.10611444443655998
2018-11-29,74,0.011923429853772545,0.12054057335187618,7.946346497280086,-0.08035349117337855,-0.14611821973697492,-0.11609692727688274,-0.5893937382241777,0.16729475805308167,0.06576472856359637,0.473296810947295
2018-11-30,66,0.0012048332930472583,0.20679682748678374,9.490276258132742,0.17349609092789614,0.018464041434428705,0.3035593740879533,0.5136137451484821,-0.16817124628099556,0.15503204949346744,-0.21005437106052882
2018-12-03,52,0.008796667018642908,0.0053993651680818155,8.038373788980573,0.00895529214813884,0.06451309765738036,-0.023043227300269167,-0.001029876822868776,0.035751344378748225,-0.055557805509241526,-0.02201335047740039
2018-12-04,27,0.034340897310975185,0.4950054211857726,8.317093689825938,-0.02616936681524482,-0.0675669270710369,-0.7978632681445083,0.22737868347973658,-0.1901875762416055,0.04139756025579208,-1.0252419516242448
2018-12-06,73,0.003740232867589783,0.21629258318860878,7.926863589390304,-0.13848785482584133,-0.011781050399959817,0.21751626774357502,0.3384694137268026,0.04820922508731068,-0.1267068044258815,-0.1209531459832276
2018-12-07,45,0.002998400210342233,0.03693757105729001,7.537980215851943,0.16142464981703217,0.16758266861984566,0.2286542447989569,0.1401897394935333,0.03229267833982941,-0.0061580188028134974,0.0884645053054236
2018-12-10,39,0.010268414500779631,0.05183299091979332,9.27127848761057,0.32041801263197267,-0.10508488242306166,0.233630034493897,-0.22167727703351733,-0.028222218730100102,0.42550289505503436,0.4553073115274143
2018-12-11,43,0.021178814663768072,0.10662905250473576,11.323266695714606,-0.10438235648187141,-0.3503724870473989,-0.1304570048089663,-0.46297365871327334,0.22680744596745567,0.24599013056552746,0.33251665390430707
2018-12-12,41,0.011191176085715454,0.040099786043277685,7.716043962986112,0.1283075423005548,-0.053554905455075505,-0.005880263760100883,0.10552159662570106,-0.09207040873974924,0.18186244775563032,-0.11140186038580194
2018-12-13,52,0.017247260067493785,0.0517395726428761,8.01409266142524,-0.04043029020895795,-0.10285040218484127,-0.16993669282781548,-0.35822777808896844,-0.12226988370877062,0.062420111975883326,0.18829108526115296
2018-12-14,40,0.011467815896702954,0.05560128731569891,6.6290694809519,0.17767696928953183,0.03792892021921038,-0.06061601049732699,-0.06261631869454358,-0.009798832053108454,0.13974804907032146,0.0020003081972165895
2018-12-17,66,0.013361745420080055,0.08210416237510587,11.360928390065325,-0.02310260724215756,-0.40761570185508333,-0.1296308270596009,-0.16898947897996583,-0.034411780313755504,0.38451309461292577,0.03935865192036492
2018-12-18,55,0.004419958001580545,0.13455373380981872,11.428146217215483,0.17822483148616966,0.28231949921795807,-0.1375004662352524,0.3396771887420217,-0.14891643338475744,-0.10409466773178841,-0.47717765497727405
2018-12-19,39,0.018270696119696013,0.15702279339911862,9.454364793608738,0.11391412728072026,-0.009077883290241362,-0.27266327739951873,-0.3957000015007173,0.13841273757347003,0.12299201057096162,0.12303672410119859
2018-12-20,35,0.00816766739209011,0.07559964219220672,7.912879360871885,0.18563217513636227,-0.036717857602162694,0.4075355899764641,0.02952243230776634,-0.15770905726473677,0.22235003273852497,0.37801315766869775
2018-12-21,43,0.024251495716569822,0.0841990612361625,12.611240378417849,-0.3920669014752695,-0.007400462619595506,-0.5174447246859887,-0.06513914221931065,-0.10357740062484218,-0.38466643885567403,-0.452305582466678
2018-12-24,41,-0.01090877743472207,0.30197883290590277,9.4304657132421,0.3841929549787656,0.6072144063978261,0.16598796844334662,0.9623296166557037,-0.22520519682843276,-0.2230214514190605,-0.7963416482123571
2018-12-26,24,0.017075853195901804,0.49912874190701695,8.901644159870152,-0.0497806285526795,-0.21166083050775067,0.4823906816292147,0.24594590668363675,-0.28653608265570735,0.16188020195507116,0.23644477494557797
2018-12-27,42,0.011439756287496694,0.0701785621835539,8.74240367838566,-0.1223323411577534,0.2000765791646318,-0.02261202511326419,-0.14371673252898068,0.12764499148564656,-0.3224089203223852,0.1211047074157165
2018-12-28,37,0.01483581952956464,0.1680017488170985,12.800253451901487,-0.26264759592698195,0.07499513021260673,-0.06843592794278257,-0.22744972513303185,0.38568747360240824,-0.3376427261395887,0.15901379719024927
2018-12-31,39,0.024058566005790264,0.1904951114194744,7.2412449663729355,-0.2640394350832089,0.16207400755237375,-0.43046257960644857,-0.24060915367505925,-0.1035309876392959,-0.4261134426355826,-0.18985342593138932
2019-01-02,38,0.013594528393727245,0.16477465071471153,8.755438968790072,-0.14526715594070616,0.048765287213498446,0.46590745108306747,-0.10067386553244864,-0.301915874746681,-0.1940324431542046,0.5665813166155161
2019-01-03,25,0.024517254371701214,0.18552031095592325,9.844773537999801,-0.10767027495868367,0.16496769239403072,0.1079582557023595,-0.052798066921078024,-0.33832032480168955,-0.2726379673527144,0.16075632262343753
2019-01-04,29,0.045759177874560616,0.1870290695369684,9.553996236169633,-0.07289244702180482,-0.6459747969787721,-0.14589219376230012,-0.8214794858612515,0.032206606899612564,0.5730823499569673,0.6755872920989514
2019-01-07,46,0.006224831614338864,0.15010983848569048,9.237328836888445,0.23585784091121179,-0.2430629848049887,0.5307654581610204,-0.1282547430327066,0.03200992024628488,0.4789208257162005,0.659020201193727
2019-01-08,49,0.003778278673677006,0.10857530619848677,7.596807682165116,0.2600566553367965,-0.09508200937654546,0.2405033573678524,0.27322773882388873,-0.04897705217234027,0.355138664713342,-0.032724381456036344
2019-01-09,41,0.02009222148462474,0.059851763993316265,8.152751618583267,-0.10691532686702512,-0.06593624439983099,-0.04620163205517553,-0.43919910561735015,0.010690147200155287,-0.04097908246719413,0.3929974735621746
2019-01-10,51,0.013373585401399577,0.08625032728824733,8.986305616340779,0.10362186388029027,-0.1287377464479792,-0.20448610321422125,0.0024372815396884262,-0.13694100670053558,0.23235961032826946,-0.20692338475390967
2019-01-11,36,0.020890927353515627,0.13104156343596662,9.9477677720357,-0.12328425584969847,-0.1564989725164025,-0.24012695687958274,0.20841858988409556,-0.19265517409153946,0.03321471666670402,-0.4485455467636783
2019-01-14,36,0.025650733539895058,0.133480215996161,9.426929527871648,-0.0662791412316582,-0.17374485971183884,0.11247001626618998,-0.5689174796662966,-0.15038135052884424,0.10746571848018063,0.6813874959324866
2019-01-15,27,0.015058326840724933,0.12360570148973926,8.929769882879317,-0.07793540776301203,0.33031639930692464,-0.17634401991099355,0.2787719493157436,-0.16795857034781014,-0.4082518070699367,-0.45511596922673714
2019-01-16,37,0.007597014628125104,0.08236506502590946,7.859670162843561,-0.004808877925008011,0.15431054083169463,0.2685266234881159,0.012059279564550923,0.007733351559389155,-0.15911941875670263,0.25646734392356496
2019-01-17,37,0.010654659406769936,0.06134543065523779,8.991341487290535,0.0032669484657426597,0.036445650768767865,-0.1763923555757236,0.07189101617123185,0.2763439440690077,-0.033178702303025207,-0.24828337174695547
2019-01-18,46,0.010288724438884195,0.11355768731630977,9.168555545844633,-0.039015771977661526,0.025674717371275305,-0.15081261501265508,-0.1427638101156777,0.3603548313573731,-0.06469048934893683,-0.008048804896977374
2019-01-22,57,0.008901014535008871,0.14307808810709133,9.12706776355351,0.09657775147736117,-0.07025169074161998,0.19895130106296777,-0.48477834166758454,0.24478532287786042,0.16682944221898116,0.6837296427305524
2019-01-23,41,0.023274492896855906,0.11878794345228427,13.124666991503869,-0.10113162352824749,-0.21030617236165255,-0.4385631756514313,-0.19203755381937715,0.03353010781852259,0.10917454883340506,-0.24652562183205418
2019-01-24,44,0.00771052856956726,0.090500650755585,7.335262997352648,0.0442507897843243,0.11217479734492877,-0.23128930108060958,0.0813909566670568,0.3149462431623793,-0.06792400756060447,-0.3126802577476664
2019-01-25,42,0.021987673592416254,0.2223738461302721,7.338538428441759,0.23361419233869843,-0.3730309864690193,0.06967251817391121,-0.4039178868463393,-0.3733024189602195,0.6066451788077177,0.4735904050202505
2019-01-28,60,0.00719899455391671,0.07769257609750435,7.99231290315594,0.10899625997084303,-0.018639290754028325,0.4268899710152204,-0.19510911675706408,-0.1860171699449743,0.12763555072487134,0.6219990877722845
2019-01-29,39,0.028154459709552705,0.1103975519305227,10.902507294027583,-0.3330784068481124,-0.35178423234635336,-0.40957537134624605,-0.3367194908595461,0.2351096440551455,0.018705825498240958,-0.07285588048669994
2019-01-30,54,0.009055118665804817,0.0896850087359371,9.455459507795974,-0.1108072065899863,0.028847426737908164,0.2166997901790556,0.1600738631865567,-0.2727666894204562,-0.13965463332789446,0.05662592699249891
2019-01-31,40,0.01812416746790045,0.16600788360813323,8.95307943620715,-0.3225341410050785,-0.09744753395021545,-0.017630641673188115,0.10761606079810473,-0.11993714160165696,-0.22508660705486305,-0.12524670247129285
2019-02-01,48,0.015928477349279335,0.08642373537456105,7.9841789960247445,0.19023145587590812,-0.20914590446268114,-0.024234210652981748,-0.48198984558089236,-0.00399532071017091,0.3993773603385893,0.4577556349279106
2019-02-04,69,0.007705259830492051,0.01609858147065779,7.913191112636682,-0.03557778568855785,-0.010426202834027447,0.11032213254764031,-0.11290150545698158,-0.014742495175975217,-0.025151582854530403,0.2232236380046219
2019-02-05,41,0.004918221902357163,0.18077783559706262,7.912876668417746,-0.0028286115522762846,0.32696910342434315,-0.3679051585896139,0.3312013064329338,0.30926916429132434,-0.3297977149766194,-0.6991064650225477
2019-02-06,57,0.002947740097150919,0.13638121247789814,8.282663156292957,-0.034319512719180066,0.24616648051275275,0.40696936456627725,0.029805721674369283,0.015335574890577169,-0.2804859932319328,0.37716364289190796
2019-02-07,41,0.008828660624782266,0.07368498499640308,8.667057916885069,-0.1671724953630208,0.31685249327230025,-0.20442995443712544,0.3812660850254538,-0.050466299729754506,-0.48402498863532106,-0.5856960394625792
2019-02-08,44,0.017796857614280064,0.02739658856319993,9.89513180336318,-0.099143755989261,-0.1398348747772566,-0.14656400203350942,-0.028260047654793723,-0.15232078960182396,0.040691118787995584,-0.11830395437871569
2019-02-11,49,0.0110483078958834,0.055033856486163324,8.176097648522637,-0.09623230657988835,0.05402922107161348,-0.026088760678035592,0.1989274776213364,-0.2133698052315983,-0.15026152765150183,-0.22501623829937198
2019-02-12,46,-0.004290871014399683,0.16225672041124473,8.930161255233868,0.5597184027533474,0.1008406418913151,0.6939765469916762,0.09923228296870563,-0.05900774128027182,0.4588777608620323,0.5947442640229705
2019-02-13,57,0.012703700414848442,0.15531014314572744,8.264004662916621,-0.3988136791785641,0.04553308993930193,-0.355641441196178,0.37927954257834695,-0.1185793594356316,-0.444346769117866,-0.734920983774525
2019-02-14,49,-0.0022666088033292792,0.14287476613626804,9.50361399809571,-0.05289622953078723,0.16386452098038695,0.23329023254876635,0.693489280636231,0.1843798580916747,-0.2167607505111742,-0.4601990480874647
2019-02-15,51,0.016138930642521407,0.04540389930858968,10.53082645231348,-0.11028952644358912,-0.28761256712962713,-0.06974304666702259,-0.12605267400343648,-0.05247311129350737,0.177323040686038,0.056309627336413884
2019-02-19,85,0.006773447458764173,0.025555654383913495,7.590981687131504,-0.09435712868389001,-0.12766598274596913,0.0029850141152367245,-0.025671410535015652,0.0932234398597296,0.03330885406207912,0.028656424650252376
2019-02-20,52,0.008065380042029105,0.12489625556402162,7.138655847627332,-0.1157622470645895,0.09329019005187712,-6.869061986626324e-05,0.4223497790603192,-0.23860855579876872,-0.20905243711646662,-0.4224184696801854
2019-02-21,44,0.0075133369754135995,0.03346167454845639,9.080506582440362,0.04280083529839214,0.1741270118349932,0.05909892292501073,0.17803949008132622,-0.1152399139761196,-0.13132617653660106,-0.11894056715631549
2019-02-22,53,0.007322540410534342,0.060543010939282715,9.810315364961134,0.24284736522757946,0.05009248764519776,0.205865280471685,-0.06810947038607344,-0.20688494647502945,0.1927548775823817,0.27397475085775846
2019-02-25,67,0.012741481938703562,0.14047261512384857,7.917748150280343,0.054416644445022214,-0.28389906520692104,0.006086086560274126,-0.16665986942657215,-0.3173023761580773,0.33831570965194324,0.17274595598684628
2019-02-26,40,0.03546445875906839,0.23432510683608232,13.692087154653501,0.04239651361341619,-0.1717646007459888,-0.5437315699026836,-1.1342963723391033,-0.029760671351111604,0.214161114359405,0.5905648024364197
2019-02-27,47,0.007498630597754789,0.08549254560122355,8.577540346006138,-0.0070962916502846935,0.26023760042961663,-0.002732309977901032,-0.09087388169032166,0.13559360669994114,-0.2673338920799013,0.08814157171242064
2019-02-28,48,0.006301748581559972,0.06838829526356738,7.21667436777793,0.12536630736802792,-0.16898481387883027,0.13532648506449077,0.18802554835945895,0.11529860925709448,0.2943511212468582,-0.05269906329496818
2019-03-01,29,-0.0035018329233742354,0.24606170375625036,7.2928716443179935,0.3967427684047273,0.1496538530991303,0.5488850922596185,-0.20145961059530507,0.309284206387534,0.24708891530559698,0.7503447028549235
2019-03-04,46,0.020903409112083042,0.44078427325020486,9.939863221442133,-0.3364964601207068,-0.3942848549275437,0.43827756136486845,-0.5379504752894867,-0.09265940933877188,0.05778839480683695,0.9762280366543552
2019-03-05,43,0.023500638707744815,0.10302929081667211,9.014776324447256,-0.30396128336373895,-0.1177919616921231,-0.026152704109897704,-0.49176760749534065,-0.08138137220495228,-0.18616932167161587,0.4656149033854429
2019-03-06,38,0.016309920487116946,0.012639945738825542,8.797834473630116,0.07764785851571274,-0.14180501598381257,0.035669197640420626,-0.15033416293910498,-0.06073183425410276,0.2194528744995253,0.1860033605795256
2019-03-07,46,0.025109897622047257,0.1464674178417178,9.269616880247945,-0.2510602297297797,-0.25442622059149816,-0.3151298871100862,-0.3846252033167739,-0.10486904048021013,0.0033659908617184597,0.0694953162066877
2019-03-08,43,0.03322440657814778,0.26935906462944426,10.862390711955811,-0.4751148675762876,-0.5153781270599984,-0.43364768348268795,-0.37289341617106625,-0.06026487143066599,0.04026325948371079,-0.0607542673116217
2019-03-11,48,0.019478013780583826,0.10739208770588216,8.856828524580578,-0.5033180536852715,-0.01574871873506444,-0.5208605492524625,0.002124647954674714,0.16791335078207917,-0.48756933495020705,-0.5229851972071372
2019-03-12,20,0.021226484379467253,0.1553475246125252,7.783714092064281,-0.18202420081379778,0.18937202366098127,-0.0979313257609207,0.5595085843776626,-0.3179844566426064,-0.37139622447477905,-0.6574399101385833
2019-03-13,44,0.012349070313570394,0.09570663032993576,7.801269178119572,-0.12543624631769215,-0.048681570971812145,-0.09553335271655924,-0.13737759686716292,0.32031057927904794,-0.07675467534588001,0.04184424415060367
2019-03-14,56,0.009486499220272771,0.06727870629367139,9.181046665465534,-0.10435266364470235,-0.06029091902300977,-0.1720136076400615,0.021280482737720686,0.25288879489950167,-0.04406174462169257,-0.19329409037778217
2019-03-15,30,0.008869307864431977,0.0235147169803398,8.629337486689945,0.24443320492801737,-0.011874147697072755,0.15809115600972318,0.07572913040674205,0.001462184486669841,0.25630735262509013,0.08236202560298113
2019-03-18,44,0.010517516944239242,0.05061389873962241,9.067603081004835,-0.1299292360317673,-0.05577634793453989,-0.16849429753922365,0.33821235960979984,0.09044603080267942,-0.07415288809722739,-0.5067066571490235
2019-03-19,36,0.018200233831619825,0.06724962881712826,9.971129764859429,-0.3025270582686225,0.025588502380648328,-0.22912939142520525,0.2907079908054507,-0.0950568793688985,-0.3281155606492708,-0.5198373822306559
2019-03-20,33,0.028063827170162505,0.08765711295706535,7.756167790560735,-0.35181783596390453,-0.09134564910233627,-0.16576698649276922,-0.2417084112186301,-0.0015737104530854232,-0.26047218686156826,0.07594142472586088
2019-03-21,38,0.01325670883704659,0.12859577114379594,8.531603443914625,-0.1901998649026582,0.04529364596139761,-0.2285219084127958,-0.08124368020578562,0.44716193594430087,-0.2354935108640558,-0.14727822820701017
2019-03-22,28,0.044198450152480834,0.2397766291961846,8.903274923740273,-0.22797677347515027,-0.5180791403241282,-0.3033942004435804,-0.412487513975665,-0.013175580320402929,0.2901023668489779,0.10909331353208462
2019-03-25,34,0.012751638248377583,0.05401179648901244,10.208269417354392,-0.09619159800539402,0.07288158831265257,-0.19829069089635537,0.41723048361970155,-0.06274118392027798,-0.16907318631804658,-0.6155211745160569
2019-03-26,37,0.004177968073129837,0.1912684801820992,8.700986972376928,0.10694632946366191,0.46772151976022147,-0.13757473280419513,0.16587164130432056,0.08786560486429998,-0.3607751902965596,-0.3034463741085157
2019-03-27,45,0.015227097732082672,0.04738331258074535,9.122037944259109,-0.10952025684893642,-0.04041294640272526,-0.20927811983256378,-0.23617607560211126,0.22494860279889542,-0.06910731044621116,0.026897955769547482
2019-03-28,42,-0.003098814092581161,0.19655509342124156,8.489877767447963,0.08596772705281366,0.3747915323359567,0.0840434831262499,0.9051697216079893,-0.18967208034619015,-0.288823805283143,-0.8211262384817394
2019-03-29,33,0.01600152123157732,0.17670276058101253,9.421557058648439,0.18463483349748694,0.031011486965896992,-0.35487387362291206,0.19923476830356499,-0.11610761642814083,0.15362334653158993,-0.554108641926477
2019-04-01,46,0.012702915593449994,0.11538189429756374,7.620140584750804,-0.3335711332836082,0.14793951255226678,-0.16690098215568674,0.36430090972429224,-0.18043654143470417,-0.481510645835875,-0.531201891879979
2019-04-02,42,0.006166808502385586,0.2227331367824612,7.969941698345781,-0.25968066840073434,0.5262144713361969,-0.26814530122031727,0.541468343099761,-0.057868759015298005,-0.7858951397369313,-0.8096136443200783
2019-04-03,39,0.004623075420346067,0.061542063959212245,10.201622872124553,-0.027632491575288687,0.18109399330210124,0.30086244999314776,0.2176849678593322,-0.03260880236628668,-0.20872648487738993,0.08317748213381557
2019-04-04,39,0.004454680072697793,0.15687050636513222,10.757403752170108,0.10971302760856644,-0.02260021021726841,0.015369171310228935,0.31310872188676964,0.23694424374127532,0.13231323782583485,-0.2977395505765407
2019-04-05,30,0.03295545421195438,0.19459620053257276,10.695905889918079,-0.4116074453919536,0.17413727425772474,-0.606434439471083,-0.3152539416807194,0.18183129956876698,-0.5857447196496783,-0.2911804977903636
2019-04-08,42,-0.00048271199797357474,0.19918745994323817,6.940228784570965,0.1364524784300432,0.24802003159338504,-0.09680228045671514,0.7897391891033476,-0.036861610840279516,-0.11156755316334183,-0.8865414695600627
2019-04-09,37,0.020211043711191687,0.13154192127238262,9.88213860332675,-0.2713770109234159,0.05849875992648895,-0.6194876483528157,0.3000396206382013,0.036709044083357865,-0.3298757708499048,-0.919527268991017
2019-04-10,30,0.03682665011508587,0.14057109469586138,9.756180379494326,-0.4083235860302696,-0.07420768642735344,-0.36918435461274046,-0.2664877734533137,-0.09139560638147552,-0.33411589960291616,-0.10269658115942676
2019-04-11,35,0.02401382876866994,0.2936819467352525,9.235758181775127,0.006167046637852203,0.18911051174790874,-0.11672116894007216,-0.5546833218046475,-0.20484108144793767,-0.18294346511005655,0.43796215286457535
2019-04-12,41,0.023172584425941677,0.05559240473398375,9.756407208459283,-0.16217664383993688,-0.21284724373870356,-0.242142243671622,-0.24343993292696467,-0.039545858749988894,0.05067059989876668,0.0012976892553426822
2019-04-15,46,0.022549345395918054,0.10059169141662805,14.432711690420529,-0.09043570152030402,-0.007892867450352102,-0.36575519909245596,-0.8402529868367586,0.2297969784754586,-0.08254283406995191,0.4744977877443027
2019-04-16,27,0.0014178761856855947,0.08937971004757395,10.379233311706093,0.06049868630388565,0.2621086306265466,0.24558844546601116,0.1347051332208011,0.22053379035573417,-0.20160994432266094,0.11088331224521006
2019-04-17,48,0.010623286638245669,0.1353561173075999,8.70573991402546,0.15465004881191435,0.07023577214971169,-0.14346031676483642,-0.2114988924863832,0.11023787101800875,0.08441427666220266,0.06803857572154678
2019-04-18,31,0.017811850502091334,0.026485991034678524,10.006510793245061,0.08239431810293693,-0.09685208176284293,0.13749680743230175,-0.22044277559541206,-0.00693099930664799,0.17924639986577987,0.3579395830277138
2019-04-22,56,0.004516467837799626,0.11867304344045249,7.723443289778287,0.0537957062267018,0.16928845979039064,-0.21426523523297772,0.24608007561384054,0.23925659576867708,-0.11549275356368885,-0.4603453108468183
2019-04-23,35,0.021039298280296645,0.15077845776452015,8.50636311825286,-0.030777762271187694,0.0720682796628179,0.09371603305428114,-0.5190040240805012,-0.08875340598617498,-0.1028460419340056,0.6127200571347823
2019-04-24,37,0.004057342966155834,0.2075285869886433,8.708017172668026,0.04783390118200303,-0.06771212893664963,0.5611470344028703,0.29792514748717075,-0.13943733363092511,0.11554603011865267,0.26322188691569953
2019-04-25,41,0.00746111807564925,0.221588306233799,8.41628254168427,0.1693989915603546,0.3577617028250563,-0.26857173178088095,0.09234521918140375,0.03725413601082773,-0.18836271126470172,-0.3609169509622847
2019-04-26,41,0.014411621500865225,0.14235847250251177,8.17238465583413,0.200162411695308,-0.02982867152012469,0.016513471479687753,-0.040126364542158975,-0.32847381018365973,0.22999108321543268,0.05663983602184673
2019-04-29,64,0.004327898067376129,0.06004987429100783,7.990139787062138,0.23279480285653212,-0.08681625895044782,0.08790917831023329,0.1771240354268484,0.03501728973268898,0.31961106180697996,-0.08921485711661511
2019-04-30,36,0.01655541453860461,0.12749707987720116,8.049271228312906,-0.023280193277724293,-0.1407019106182163,-0.21431509218124714,-0.1989049611735381,0.38521231047119414,0.117421717340492,-0.01541013100770905
2019-05-01,36,0.014441012297631142,0.1809551485631603,9.515563264398258,-0.10702403472611324,0.14846019320802928,0.40263426271039,-0.23963132372177598,-0.24419198289997388,-0.2554842279341425,0.642265586432166
2019-05-02,39,-0.0052387441062081595,0.18330840934270742,8.270519176413778,0.4083108908667276,0.33207769381549024,0.07038512356317712,0.4547655201486931,0.14308281189014715,0.07623319705123738,-0.384380396585516
2019-05-03,57,0.0059836325603128074,0.07068462739003967,7.192765250403234,0.07887225521774095,0.11032715281670998,0.256148435429611,-0.12184513173798872,-0.005636823601735397,-0.03145489759896902,0.37799356716759974
2019-05-06,73,0.00747776432734287,0.029856931644746787,8.600463454931514,0.09661027484739182,-0.01906294997889499,-0.0740054447445207,-0.032992033666043044,-0.06230343824999301,0.11567322482628681,-0.041013411078477655
2019-05-07,31,-0.0016467890504950342,0.13920993793276193,10.853702263356519,0.23836328894679207,0.40842877631366187,-0.03390793450404497,0.41407455533415133,0.07514223504013134,-0.1700654873668698,-0.44798248983819633
2019-05-08,29,-0.003886653174327361,0.3570872746291224,7.766782569654432,0.2830601194658151,0.5250899982935465,-0.09435643953758852,0.21710405229730584,0.2945281535919075,-0.24202987882773142,-0.3114604918348943
2019-05-09,41,0.005657663161398812,0.2000343495838396,8.837739118044066,-0.09654597803084951,0.042450576163840514,-0.29728131486520215,0.5815556357049262,0.30589270179258066,-0.13899655419469004,-0.8788369505701283
2019-05-10,31,0.013347608211935955,0.2554986045656287,11.86039199745522,0.5104724625051827,-0.07942548565184894,0.5217181801154541,-0.6461997208562374,-0.134117145252583,0.5898979481570317,1.1679179009716916
2019-05-13,33,0.020492231784702466,0.11841161455791682,12.934883663977713,-0.3777083241176576,0.12714822852408786,-0.5541845882289954,0.3359672025376456,0.11629018349455678,-0.5048565526417454,-0.890151790766641
2019-05-14,32,0.012024663594175759,0.0758002856554375,9.310342394556292,0.06274929618566723,0.2386972995990126,0.09043031877272589,-0.0162005857791881,-0.14525479880546424,-0.17594800341334538,0.10663090455191399
2019-05-15,29,0.023494422582195074,0.10875749863045203,12.53035770224984,0.07088846637152063,-0.010613328715212365,0.4362057368914231,-0.755713557748358,-0.10344382656668803,0.081501795086733,1.1919192946397812
2019-05-16,20,0.00930261856423481,0.16313950433373792,9.003794452283035,0.1826955698200667,0.2756572817912846,-0.16742891682094105,0.36806358799543887,-0.03109226535524172,-0.09296171197121791,-0.5354925048163799
2019-05-17,27,-0.007157975614459449,0.21410863760179455,9.722786321169329,0.13563432416238846,0.5379353179294006,0.408945167978882,0.7075728850087041,-0.40355701189856336,-0.40230099376701217,-0.2986277170298221
2019-05-20,31,0.016214455740415853,0.0768887911489089,8.263081536130334,-0.10913117473984019,0.04756245983596938,0.20343332234782846,0.15427401373840186,-0.30143487708814254,-0.15669363457580957,0.049159308609426605
2019-05-21,30,0.03238284181990117,0.18636627147118134,11.230908968660472,-0.35000464100893797,-0.2630901495752675,-0.40933792051382023,-0.2810278081717769,0.3604900100757326,-0.08691449143367047,-0.12831011234204331
2019-05-22,32,-0.023642267082329454,0.38497251488294804,10.43738233006818,0.6744859523237327,0.33611363444577536,0.47900552751725267,1.1027850657546516,-0.0792850867723267,0.3383723178779573,-0.623779538237399
2019-05-23,17,0.05835056654021838,0.12811934799895863,8.224888207839943,-0.2522208224652921,-0.15837236213882,0.208627973257972,-0.5247332973875447,-0.2572207536337397,-0.0938484603264721,0.7333612706455167
2019-05-24,32,0.02640241385457486,0.09230721818848497,13.259036852183948,-0.1842988944027237,-0.00312749297979268,-0.42630807182644487,-0.16463305815860763,0.08861303067477957,-0.18117140142293103,-0.26167501366783724
2019-05-28,46,0.016683777353125106,0.09547544753669845,7.73704437284477,-0.12495327431040244,0.008383768497464424,0.049554944880166325,-0.3363914822522443,-0.13150147330249437,-0.13333704280786687,0.3859464271324106
2019-05-29,33,0.010499046749167984,0.05594266773854939,9.130954789719029,0.081455021787213,0.17439205984776107,0.17674428214638177,0.04663574153124003,-0.17216419075768363,-0.09293703806054807,0.13010854061514174
2019-05-30,28,0.047586638701824446,0.24430411857613865,7.825418940363277,-0.26896074270454573,-0.2912835601101825,-0.6098359266862917,-0.6699711419094206,0.17519960410827026,0.022322817405636797,0.060135215223128924
2019-05-31,31,0.004434170072453336,0.16320785029009244,8.726876588575381,-0.26177812581048654,0.2899684516259766,-0.10039466248634084,0.4262334355712942,0.37105235660744884,-0.5517465774364632,-0.526628098057635
2019-06-03,45,0.017279958889097856,0.09418309596480978,9.854214568164972,-0.41336553928286385,-0.01398606521113576,-0.1548213136288224,-0.10140088942699826,0.1283775075310117,-0.3993794740717281,-0.053420424201824135
2019-06-04,33,-0.011545102010147683,0.37848523014213764,9.390474518030269,0.1043924327161966,0.2518269414967627,-0.20356687097508924,0.9468408465475001,0.6624833828843791,-0.14743450878056613,-1.1504077175225893
2019-06-05,17,-0.03161006382170346,0.33772930177334226,10.69940083028139,0.3782995918050462,0.5127171989167073,-0.045850205794277316,0.5648868233106921,0.6646887616997484,-0.13441760711166112,-0.6107370291049694
2019-06-06,18,-0.0170025817389442,0.2832962574190727,11.672177090645388,0.6482931490194034,-0.089475761549631,0.4950384641488192,0.7729823004501094,-0.21474520946670764,0.7377689105690344,-0.2779438363012902
2019-06-07,29,0.03805963713421753,0.16563599879864543,8.991959718884203,0.14843271936469585,-0.48995863710835064,0.20547207708586251,-0.8147396719058022,-0.25666544122102136,0.6383913564730465,1.0202117489916647
2019-06-10,29,-0.014259515604043066,0.168030908611411,9.741485851412444,0.29102506804773054,0.2514975814589692,0.625129157161965,0.6914486619799929,-0.032048563614156596,0.03952748658876132,-0.06631950481802784
2019-06-11,20,0.05462044482643857,0.47900819444305576,10.270942221028237,0.1653160742390773,-0.32649688140554284,0.35392890436774116,-1.3829373748042306,0.005371484545409109,0.49181295564462013,1.7368662791719718
2019-06-12,32,0.01655045426398678,0.4414360360616282,8.286794308605188,-0.07874642266684652,-0.2179419859344554,-0.34823230173160935,-0.18890870625539619,0.774600343693154,0.1391955632676089,-0.15932359547621316
2019-06-13,20,0.048877319403321795,0.42493234446488404,9.664445075107478,0.2384543620754933,-0.19648256351966117,-0.2950505409179641,-0.9253438636361767,0.22332982986543568,0.4349369255951545,0.6302933227182126
2019-06-14,24,0.03279719765003801,0.1705745273689644,9.639888946882456,-0.28399188815298376,0.04997325086093628,-0.32326823239992974,0.4406711123689331,-0.4576497298787801,-0.33396513901392005,-0.7639393447688628
2019-06-17,39,0.004328194388599358,0.08688627686774986,9.39497364888645,0.2523859646158726,-0.13689925364829528,0.3906747161212104,0.05326249899760858,0.10297691160285352,0.38928521826416784,0.3374122171236018
2019-06-20,29,0.002407828155286536,0.09218576604985262,8.348357015629038,0.2758215451525476,0.0734603027128438,0.2519739879650813,0.23141865909403941,0.02767147206887544,0.20236124243970377,0.02055532887104189
2019-06-21,22,0.03052695305626973,0.00783137790229993,9.538484949955672,-0.08548984656581222,-0.06870536431226458,-0.04921479625653295,-0.1067664895815456,-0.0330094377597127,-0.016784482253547645,0.05755169332501264
2019-06-25,23,0.02769174732550588,0.06101846715457593,12.192671408532506,-0.30710494139396166,-0.0308536842732442,-0.09017387204912328,0.4045314534608122,-0.25021933271775504,-0.27625125712071746,-0.4947053255099355
2019-06-26,36,0.04158278526787883,0.21673787016291235,8.340872536622772,-0.3529831307430871,-0.5062623133919094,-0.23557275408599926,-0.7278152978754735,-0.17132704319080488,0.1532791826488223,0.49224254378947424
2019-06-27,27,0.0030705237406338597,0.19037781731396453,8.27220451314354,0.35402602622679064,0.25183353472127984,0.08538356262172599,-0.05582008439065607,0.1987686788266327,0.1021924915055108,0.14120364701238206
2019-06-28,41,0.02384360439474058,0.09523748451598846,7.90002957938598,-0.07682769509032533,-0.14190337142613338,-0.3230399203213521,-0.29884696876481176,-0.11455760476610334,0.06507567633580805,-0.024192951556540332
2019-07-01,42,0.03588880137461535,0.2505993001287583,10.441113685913951,-0.17770650962544388,-0.3941180005505576,-0.5996264197139728,-0.8407182573096428,-0.002490128268074014,0.21641149092511375,0.24109183759567
2019-07-03,31,0.008021788493530564,0.20234927452259377,10.867671155940828,-0.47271040569482253,0.2789674253704519,-0.006292672051685772,0.6975319483697916,0.005152817407371413,-0.7516778310652744,-0.7038246204214774
2019-07-05,32,0.0026952706597238637,0.2540645169264363,8.062272278683283,0.5409430850283494,-0.1909486665390403,0.2214561738450389,0.26745089068211475,-0.011398805238790093,0.7318917515673897,-0.045994716837075844
2019-07-08,23,0.028370091426343017,0.16022636917981314,11.882956478029293,0.22034748454879213,-0.2660781565111037,0.46672546782419183,-0.600799655186139,-0.12521934628751907,0.48642564105989583,1.0675251230103309
2019-07-09,29,0.005084491116534321,0.27933276911650706,9.572432232267731,0.33604714470933966,0.03348626723354987,0.5916360330304516,-0.6638524551465693,0.4077825254142403,0.3025608774757898,1.255488488177021
2019-07-10,30,0.023603516152611893,0.12844984006682847,8.269271523864688,-0.2571435772789701,-0.1351134498013279,-0.3698730461072949,0.004660651320586452,0.34125845271029204,-0.12203012747764219,-0.37453369742788134
2019-07-11,31,0.031497022387872706,0.21902914853400768,8.055917087269542,-0.41401076819439947,-0.2208238135258365,0.04457667550588786,-0.3937511977661944,0.031193715932432798,-0.19318695466856298,0.4383278732720822
2019-07-12,33,0.00061421095553491,0.13425647630990578,7.9757644555488385,0.3347732868057217,-0.029048405313618318,0.18052400508076036,0.43225095270918634,0.04096223765264441,0.36382169211934,-0.25172694762842596
2019-07-15,33,0.003835023862576793,0.08339649275193028,8.908380046180989,0.22328054667033378,0.06409437588477278,0.07196173174605865,0.3634961343702376,0.024055636398529322,0.15918617078556102,-0.29153440262417896
2019-07-16,25,0.012074980910153233,0.41296812712431663,7.265689674526232,0.6152403568414455,-0.15138625249978838,0.6165410965302967,-0.011711612149175644,-0.67243263423044,0.7666266093412339,0.6282527086794722
2019-07-17,26,0.014035216650990737,0.42845440870432805,8.408285033794982,-0.326982208632002,0.38357959100831646,0.14378771708914034,-0.35053235174248065,0.42031598642550694,-0.7105617996403184,0.494320068831621
2019-07-18,25,0.04312149143231484,0.38298080140189694,10.552217316990578,-0.02993621710524674,-0.8800535686593721,0.1669531458090051,-0.6575665399654385,0.2445286083053092,0.8501173515541254,0.8245196857744436
2019-07-19,33,0.013641581245170996,0.11049052469516552,8.692256283745774,-0.13603844737613793,0.27238029444913514,0.12576629697904357,-0.1895963493451964,0.02714384311186875,-0.40841874182527305,0.31536264632423994
2019-07-22,37,0.008839695498563557,0.33952389375329095,9.125263110330723,0.1803333904210171,0.1059662929887789,0.37021028656192767,-0.46560768727231416,0.15496025040688668,0.0743670974322382,0.8358179738342418
2019-07-23,45,0.010320603292385945,0.0984690830258711,7.458875632755203,-0.16193314283262164,-0.03428797289589193,-0.2224328506036104,0.32132343766616384,0.16847623235122514,-0.1276451699367297,-0.5437562882697742
2019-07-24,51,0.014709772369025495,0.1929100482594227,8.026649409250028,0.11617231908434664,-0.09270272734580237,0.27502034393319674,-0.7838632316002874,-0.015023485712055244,0.208875046430149,1.0588835755334842
2019-07-25,55,0.004148442348563407,0.1743470953773173,9.138118432470577,0.07344200642279806,0.09926270299717418,-0.14865648370340748,0.13567622590026912,0.38394689004119137,-0.02582069657437612,-0.2843327096036766
2019-07-26,62,0.0014333166719887277,0.06115869533734586,8.343707548849045,0.09659345967893597,0.2843009424184943,0.15917069139917928,0.34188249798445347,-0.05967885880766453,-0.18770748273955834,-0.1827118065852742
2019-07-29,69,0.006908904401837664,0.026319520792046802,8.280827259475332,-0.04582391453239984,-0.059785201712983495,0.016813920780765913,-0.0038263567921098147,0.13919274480312865,0.013961287180583655,0.020640277572875728
2019-07-30,53,0.017844800016549554,0.2276711160539483,8.557081771626061,-0.010498252223836428,-0.3757193490404896,0.1852125003827014,-0.40193606476247706,-0.2886076361101486,0.36522109681665316,0.5871485651451784
2019-07-31,48,0.008463124998306733,0.14607026310682603,8.209523995231732,-0.35517905069815453,0.4274904631967877,0.056081153832531844,0.18753462534393497,-0.12838719151254538,-0.7826695138949422,-0.13145347151140313
2019-08-01,65,0.006678525820324832,0.13902302615862472,7.22299681404176,-0.29859326806586817,-0.025167450478173734,0.007979177339888599,0.3862886023568611,0.06128458220506603,-0.2734258175876944,-0.37830942501697246
2019-08-02,61,0.0013545600658014941,0.11537494125119407,8.079964594087004,0.01655819904646272,0.32157527562496313,-0.09815242014654268,0.6331944819667662,-0.03843186451943067,-0.3050170765785004,-0.7313469021133089
2019-08-05,81,0.0019451050958727235,0.061749435795087626,8.495149083522382,0.2848731169235544,-0.051515428386224624,0.3036170416551156,0.0537458021068691,0.09417244216930144,0.336388545309779,0.2498712395482465
2019-08-06,40,-0.014193329010935413,0.20771726287750825,11.056857196803394,0.828351955957036,0.29084087497914285,0.5682556584993185,0.5735522248375983,-0.12553439339826178,0.5375110809778931,-0.005296566338279796
2019-08-07,43,0.007244812100601478,0.14801710371339794,9.083539168828972,0.42091479467043325,-0.3225880669620703,0.11024447769836404,0.05098907845759259,0.11738587548395289,0.7435028616325036,0.05925539924077145
2019-08-08,60,-0.0008315570515792975,0.0871012947288009,8.919741975082472,0.21080652208865472,0.36678092306634513,0.18037121259523758,0.2767703125235319,0.06505787591574451,-0.15597440097769041,-0.09639909992829432
2019-08-09,44,0.009448401185967206,0.23430002857224907,9.663208750277095,0.23421940228523183,-0.008597734381245994,0.3696646976575297,-0.44339693405963715,0.01665126413300602,0.24281713666647783,0.8130616317171668
2019-08-12,46,0.009018942916588326,0.014710663018148495,9.268510582373711,0.09596470819566816,0.06792330472252026,0.12622500139942783,-0.09049426350088956,-0.029361499142853634,0.028041403473147902,0.2167192649003174
2019-08-13,40,0.02015118752738578,0.10241082472516227,11.642916537450233,0.08786634018300486,-0.5023946800704442,0.07548501680622885,-0.3480267140700977,0.07497503496044543,0.5902610202534491,0.42351173087632654
2019-08-14,52,0.012091162677846514,0.1255235234344122,8.954546486356094,0.313957100433522,-0.2727469611188359,0.4334522456599874,-0.3938212884182711,-0.33832201505243686,0.5867040615523579,0.8272735340782584
2019-08-15,63,-0.003937105228047172,0.3249802723745958,9.561167742660095,0.32319617415138047,0.6342278937921155,0.33327155365717875,0.19551920566266012,0.009860431470604222,-0.31103171964073506,0.13775234799451863
2019-08-16,48,0.02386204125989823,0.19648165481224045,9.106631160658257,-0.04162803785369462,-0.530791606190042,0.12552555466019058,-0.48620790364711625,-0.35765396791956483,0.48916356833634733,0.6117334583073069
2019-08-19,49,0.024357053981111588,0.13842589373023095,8.358731981462757,-0.14211525288309745,-0.47420230086980936,-0.41079266709975665,-0.40668259718771343,0.04680152789144177,0.3320870479867119,-0.004110069912043213
2019-08-20,46,0.013863535985639436,0.017941314622282212,9.451200638388228,-0.10698914997305001,-0.06193318950850745,-0.18395083462186304,0.017429954628053933,0.05999790879653827,-0.045055960464542556,-0.20138078924991698
2019-08-21,34,0.027668320040756866,0.28004447421589107,9.525204537711174,-0.37106965801478065,-0.20402387654953086,-0.34295249994461724,-0.5070017421142649,0.5436020138517272,-0.1670457814652498,0.1640492421696476
2019-08-22,37,0.002616686567025548,0.26569997657869304,9.141188215748018,-0.17411722037428234,0.26517624020817465,-0.06970445173160665,0.8930488753125955,-0.10803824937476934,-0.439293460582457,-0.9627533270442021
2019-08-23,36,0.012199833821947415,0.011646527633332848,8.51897167797962,-0.049904775875616696,0.0754219693007369,-0.10477201314411183,0.1927176200824045,0.00814916445637474,-0.1253267451763536,-0.29748963322651634
2019-08-26,57,0.0012194205316589204,0.2389502481962834,9.935759751538539,0.2611058838454959,0.300563876211938,-0.08808854623472777,0.21983501074980152,0.16756983481837606,-0.039457992366442096,-0.3079235569845293
2019-08-27,41,0.00034620107855056273,0.19642995035110222,9.062966058193261,0.5021181828381323,0.1561547951729576,0.3853472611662344,-0.11166249605911764,0.039653768440647885,0.34596338766517465,0.49700975722535207
2019-08-28,42,0.02427523784563558,0.2417708788180828,8.80328373641851,-0.2783147401749401,-0.5179322842629153,-0.2409839330334152,-0.15636770229694796,0.1544786807348264,0.23961754408797514,-0.08461623073646724
2019-08-29,43,0.010143514242985317,0.07156598879637233,8.085709623322538,0.005152792312773177,-0.06154129169274562,0.16041208584692004,0.2311248705861923,-0.20749068194987605,0.0666940840055188,-0.07071278473927226
2019-08-30,43,0.021308633479995988,0.14829531945391816,8.137358252268077,-0.4071974913207146,-0.15096806546405836,-0.21037852969713247,-0.26310602973815117,0.19910763694040073,-0.2562294258566562,0.0527275000410187
2019-09-03,48,0.013812713752768557,0.07652864197618325,9.038859219552592,0.08661186456949478,-0.15906400342114635,-0.07139606009854207,-0.36036166833810146,0.17818934702251993,0.24567586799064112,0.2889656082395594
2019-09-04,49,0.015084596042548037,0.15712461915925868,10.0519483055317,-0.023791851675297935,-0.36577837252287687,-0.17283502974279824,-0.1346172468726849,0.2187320886439497,0.3419865208475789,-0.03821778287011335
2019-09-05,56,0.00709637606304917,0.15810899223549746,8.042467477064614,0.06201340462505924,-0.19780813800774738,0.26499407913288414,-0.10269606433968273,0.17870259952798,0.2598215426328066,0.3676901434725669
2019-09-06,53,0.010065331179955804,0.17442760884163333,8.175661149549097,0.28806659015030817,-0.05355155649514098,-0.014766671265898855,-0.355025102997454,0.06835163553286626,0.34161814664544915,0.3402584317315551
2019-09-09,59,0.006267080875329578,0.059365430442342326,10.189174111814543,-0.13938057608132826,-0.05021142953088818,0.14712882526032967,0.28703970613200364,0.015907930930993353,-0.08916914655044007,-0.13991088087167397
2019-09-10,30,0.033560789153400425,0.35558934605008363,9.064815075271454,-0.39337069404882435,-0.16387886390194192,-0.341937148006897,0.3393108201584193,-0.45377146340478286,-0.22949183014688243,-0.6812479681653163
2019-09-11,47,0.010969091132730101,0.10127488729288225,8.060122109109706,-0.21071170975132522,0.25967416130970283,-0.15388182120248303,0.13870979562254912,-0.06488499245507427,-0.470385871061028,-0.29259161682503215
2019-09-12,29,0.02084178578672304,0.25476097144754917,8.800935328596033,0.13628121515921263,-0.10828631640368931,0.6552713122045504,-0.3365934055600162,-0.5554963810299933,0.24456753156290195,0.9918647177645665
2019-09-13,46,0.017800758282626308,0.264824179775214,8.869116941765455,-0.41863136445046667,-0.11767650011462487,-0.4278762009509674,0.36354673408487953,-0.03703243057044199,-0.3009548643358418,-0.7914229350358469
2019-09-16,53,0.010743867346833134,0.12192009153092431,7.60512445660342,0.30360657731447577,-0.12598369061252038,0.2876199649598906,-0.4805525204391546,-0.12354026998700124,0.42959026792699617,0.7681724853990453
2019-09-17,45,0.017330469514422114,0.23711040445318,8.822977459666436,-0.042890936645598426,0.11991077142211587,-0.46278139046083855,-0.028633599342797474,-0.14534710127087253,-0.1628017080677143,-0.4341477911180411
2019-09-18,33,0.0070719050426161015,0.0834988727923579,7.995225406550816,0.16883617172049029,-0.11060097822861448,0.2162251671058535,0.4360608183140548,-0.17726691172444584,0.27943714994910474,-0.2198356512082013
2019-09-19,29,0.011525386343263104,0.2211971611613055,10.493324812204069,0.2573711884585459,-0.22683628343280393,0.2780914182634804,-0.3192964790566519,0.34219774785816925,0.4842074718913498,0.5973878973201323
2019-09-20,35,0.006695236702381527,0.25859643783672615,8.751746254744516,0.573113689654859,-0.3223239245690326,0.2796605682250094,-0.001863689179960838,0.002746786702418352,0.8954376142238916,0.2815242574049702
2019-09-23,42,0.009213053189012365,0.2008580421228261,9.251322000803926,0.034883899702307195,0.1650233201267969,-0.40303749763804836,0.5522264465298267,-0.12299263659791997,-0.13013942042448973,-0.955263944167875
2019-09-24,40,-0.006821102031023048,0.3684958951376187,8.988362144688534,0.7651681753766816,0.1921871946442185,0.5387231116177613,0.11663836058670145,-0.06702867974352064,0.5729809807324631,0.42208475103105986
2019-09-25,31,0.005180173514960226,0.15686005422199423,10.894232825990226,0.41368536867811073,-0.12647464054367613,0.1960820758110284,0.07605745925905116,0.11947897886795246,0.5401600092217869,0.12002461655197724
2019-09-26,32,0.03247100661235509,0.39683688014877816,7.892267361605012,0.08500625675871673,-0.15666039324324568,-0.7377136852953668,-0.4670655127584033,0.19828891134757215,0.2416666500019624,-0.27064817253696355
2019-09-27,39,0.030486211496863775,0.07740410672701947,8.990290548424635,-0.2539201428868434,-0.2640423765518232,-0.26714346537965594,-0.4722467160734391,-0.12057179586360996,0.01012223366497983,0.20510325069378316
2019-09-30,42,0.011817773370805825,0.22273093476657857,8.830197747449416,0.07004837562140827,0.18384527426057942,0.4751560702962089,-0.2775681710984986,-0.44417451222738796,-0.11379689863917115,0.7527242413947075
2019-10-01,40,-0.00401444134963124,0.3120262130386622,9.06984164112676,-0.069230093544774,0.1033732412749355,0.10501942956179185,0.9118564852502378,0.27013624542830533,-0.1726033348197095,-0.8068370556884459
2019-10-02,42,0.006323515496753746,0.07928675884236369,9.865541904241182,0.17725828058223153,0.0033396694551287025,0.449494944553989,-0.21513688447018492,0.053868688151523576,0.17391861112710283,0.664631829024174
2019-10-03,41,0.03190986460543351,0.10688425733312701,11.420765226442358,-0.291744699631661,-0.4081009666270547,-0.2985715799336386,-0.5507391867263475,-0.06745246472684713,0.1163562669953937,0.2521676067927089
2019-10-04,45,0.009341972178434185,0.2081729806046939,8.54363207232468,0.025691309366614828,0.26553437660097373,-0.448465319875539,0.33978310512913257,-0.023320967280256982,-0.23984306723435891,-0.7882484250046715
2019-10-07,44,0.003150696651037025,0.3374341324265957,8.316902665811826,0.4497354308066169,-0.11287479944629374,-0.04724890393679786,0.3964794274521316,0.036647539833080264,0.5626102302529106,-0.4437283313889295
2019-10-08,30,0.0010226735765185373,0.326704113481184,8.700573140584964,0.4942469855947122,0.17033093113116302,-0.04550704986690708,0.12481247638193242,0.194756242167987,0.3239160544635492,-0.1703195262488395
2019-10-09,40,0.02888144096960495,0.16147866019481505,10.139646885936894,-0.5907339160600689,0.009154119866527565,-0.32770292020590513,-0.4705572929529575,0.06932473178400915,-0.5998880359265965,0.14285437274705237
2019-10-10,47,0.007328580828243217,0.15590480153442454,7.258704157264456,0.32279979906156275,-0.08740591675190944,0.1338060546774809,-0.23091143173936804,0.17282489689737324,0.4102057158134722,0.364717486416849
2019-10-11,42,0.00038291272282032894,0.16346523546927705,10.506874962673516,0.6132658712868176,-0.07934803210176768,0.43491382655816657,0.10538296464214651,-0.10637929910227065,0.6926139033885853,0.32953086191602005
2019-10-14,67,0.003823097582352951,0.02951947400962307,7.867281738519437,0.06322629711688296,0.16601699727513805,0.16655245385120288,0.13984275368238286,-0.04793357796090146,-0.10279070015825509,0.026709700168820016
2019-10-15,37,0.010681163050829829,0.16342405674873683,10.599574532572476,0.11550430263097966,-0.23031930868739225,0.25306110184644387,0.14898261389225917,-0.07763477544369556,0.3458236113183719,0.1040784879541847
2019-10-16,36,0.012702655556923684,0.0700999210655252,8.077534490521774,0.20043028597439877,-0.13440381753426825,0.43489771990990117,-0.23967835999653356,-0.17583702845200316,0.33483410350866705,0.6745760799064348
2019-10-17,50,0.014009220566486708,0.10327597241113473,8.145905594949099,-0.3726179013667183,0.08222098800207178,-0.34845879115305395,0.08434903338579357,0.153584614483232,-0.4548388893687901,-0.43280782453884753
2019-10-18,55,0.01034340570557185,0.04572093831669399,7.49135824992054,-0.1290146255027801,-0.1088259496504513,0.0532599183976214,0.08783704041664206,-0.04103101127393821,-0.020188675852328794,-0.03457712201902066
2019-10-21,57,0.011641973885977201,0.059207049598405614,6.835004207128139,-0.2634705361175293,0.11602085642432831,-0.18722954519443916,0.08798471828734092,-0.08049051640110068,-0.3794913925418576,-0.2752142634817801
2019-10-22,60,0.00993561988376316,0.15283508199038354,8.658839536312591,-0.0691826709001597,-0.2007219646108662,-0.08380015299257158,0.33681233309460834,-0.1753819306425861,0.1315392937107065,-0.42061248608717994
2019-10-23,37,-0.0012612318339569294,0.12542421299259,10.448645786095726,0.1847170404918408,0.1105222832176977,0.19552363669994882,0.6662142112162671,-0.06364601591294153,0.07419475727414308,-0.4706905745163183
2019-10-24,63,0.002891692958958147,0.17830169537129448,8.342512011274401,0.21079506014567506,0.18688750596451592,-0.20506316290081694,0.23355336260505571,0.20947392135684345,0.02390755418115914,-0.43861652550587266
2019-10-25,61,0.010768938546741576,0.04098801188435153,8.138766159310247,0.1020965568286254,-0.11506161649619215,-0.07846905397876769,-0.206675861845039,-0.01570052721109978,0.21715817332481754,0.1282068078662713
2019-10-28,77,0.004168229318744518,0.027976052065328383,8.21275936306926,0.15586236570910708,-0.06337460908973158,0.16447136036763813,0.0466830365902655,0.054450531336065554,0.21923697479883866,0.11778832377737262
2019-10-29,55,0.008844797910100979,0.09152189888545537,8.253138417791606,-0.28307347521404475,0.08683114022221716,-0.09809210541628839,0.058514359404593395,0.2628923108924131,-0.3699046154362619,-0.15660646482088178
2019-10-30,47,0.01475000669016809,0.07977629240911532,8.126786935959903,0.06303973260361719,0.0019480427980317913,-0.16287509862552507,-0.23159165791633446,-0.05702164773559139,0.061091689805585395,0.06871655929080939
2019-10-31,48,0.01254991612339571,0.03510047472503852,8.496178155950274,-0.04798016257554358,0.08652990045034434,-0.09233033883238193,-0.18482461760051697,0.03381327071211148,-0.13451006302588792,0.09249427876813504
2019-11-01,51,0.002217493921475683,0.379734843295617,9.063175234725616,-0.18120703184837153,0.11527482678664414,0.4227595954092862,0.7393263740869422,-0.32233814442502173,-0.29648185863501564,-0.31656677867765604
2019-11-04,68,0.010878638836650505,0.04345987941787621,8.89721701553664,-0.02751064735946747,-0.11595594949909878,-0.1843882868922507,-0.07896460789880018,-0.07267539013485,0.08844530213963131,-0.10542367899345052
2019-11-05,59,0.014592951744416771,0.03951464174988373,7.482444340820416,-0.18780510072992734,-0.12314954288044797,-0.19990800994620836,-0.2708572961226469,0.05975164383805128,-0.06465555784947938,0.07094928617643856
2019-11-06,71,0.005581061094099827,0.05872265442512803,8.262621540941316,0.24128109868910946,0.02424585798061293,0.24614561884247274,-0.17638301415498228,-0.12780023671938545,0.21703524070849653,0.422528632997455
2019-11-07,55,0.007573885470854505,0.04860005350494667,8.948988846774775,-0.048079950913043144,0.22284958895065124,-0.13668499070633397,0.26772098421341406,-0.13893303333868423,-0.2709295398636944,-0.40440597491974806
2019-11-08,56,0.006705640095037617,0.16974827802882086,8.207899602527318,-0.26851203984479455,-0.011022655884993366,-0.02994027168225213,0.5843057621410159,-0.02586248537318817,-0.2574893839598012,-0.614246033823268
2019-11-11,75,0.012021745823948122,0.07708815301771477,7.129199175134005,-0.24727155028604572,-0.0021233576571449597,-0.37155890654169726,-0.18393668064728763,0.0016286215399573633,-0.24514819262890075,-0.18762222589440963
2019-11-12,40,0.0025899854591517,0.12203283106534546,9.238528986260716,0.08714252426635825,0.323444627431058,0.34571515496321653,-0.0221469054355287,0.0586457620427603,-0.23630210316469974,0.36786206039874525
2019-11-13,45,0.015627224558279827,0.1600143398297562,7.83285223719199,0.030653550706824496,-0.08937995869635301,-0.10871728978032472,-0.465707848744975,0.22670133626964464,0.1200335094031775,0.35699055896465026
2019-11-14,52,0.0031505755541641972,0.13902426188459305,9.12876874749291,0.0021044589161247408,0.13019094800254477,-0.15751907847662325,0.5831029496452246,0.11446086427965538,-0.12808648908642004,-0.7406220281218479
2019-11-15,51,0.016595824424626548,0.3324357636648446,9.501297926799253,0.34517748217214383,-0.38303880438481425,0.652554499523879,-1.1873051879601064,-0.12016208066301237,0.7282162865569581,1.8398596874839854
2019-11-18,63,0.007036519736585633,0.04691627901277884,6.893657281994125,0.23405023669599878,-0.059016638701698355,0.08856229218765499,-0.07636466183948185,-0.0738327151522658,0.29306687539769716,0.16492695402713684
2019-11-19,54,0.0074701747076032785,0.11171358449586,7.886220276114129,-0.0013585253990862215,0.1564172528827536,-0.41148324657607166,0.3280734051602848,0.1215722455109632,-0.1577757782818398,-0.7395566517363565
2019-11-20,53,0.010792835952188724,0.0665228242546354,8.237468932053485,0.09421024918534232,-0.055381885196139985,0.2278375602956976,-0.16756497802736844,-0.24314155718953742,0.1495921343814823,0.39540253832306604
2019-11-21,43,0.011305229386531964,0.08134803243717736,8.631722003071891,-0.001273501762309074,-0.11544559515848561,0.18601349165332157,-0.23080314937630994,0.18925902740203537,0.11417209339617654,0.4168166410296315
2019-11-22,58,0.007369854138100955,0.03421195331714644,8.345005250881687,0.20162811745413697,-0.09804804393508156,0.1620451482187154,-0.14504161894167666,0.024513317184193483,0.29967616138921854,0.30708676716039207
2019-11-25,47,0.016396298053578482,0.02410100800619941,7.534322356882281,-0.14731025052506808,-0.06603338356183892,-0.12201023239452431,-0.15462361096722196,-0.0512745395877257,-0.08127686696322915,0.03261337857269765
2019-11-26,49,0.015665993511913855,0.08212386671264804,8.336089757917968,0.10683544906017135,-0.2361858870961462,-0.17076772281197888,-0.026211428843787247,-0.2089377744758189,0.3430213361563176,-0.14455629396819164
2019-11-27,54,0.006009953032130582,0.08506091399193683,7.798678465752996,-0.0682286154196104,0.06723538710298393,-0.1527443195880145,0.43564906358837036,0.06901355684616617,-0.13546400252259433,-0.5883933831763848
2019-11-29,51,0.0065895952468391205,0.06207042067539004,7.948303783018599,0.21770869751692612,-0.08385847215539541,0.3146540608663248,-0.17881251622191247,0.05816951481646766,0.30156716967232156,0.49346657708823727
2019-12-02,48,0.0014553290966711695,0.13366057476731186,9.58966304847071,0.2729496087709683,-0.03164745159488344,0.6695870518337452,0.0940331037636723,-0.1446339060539334,0.30459706036585177,0.5755539480700729
2019-12-03,48,0.01847695035859109,0.05867318889441031,9.20384586680818,-0.07646245883679785,-0.1993759059350056,-0.2457483554718483,-0.3490838172377229,0.09688330305662664,0.12291344709820774,0.1033354617658746
2019-12-04,42,0.007916356867658151,0.11962176217085074,8.942974800823114,0.09495628100687054,0.03371118293488115,0.4249458099238047,-0.27465986980105955,0.05607261905221972,0.061245098071989384,0.6996056797248642
2019-12-05,50,0.004451903710764754,0.107888915083032,8.52848815721895,0.03130925015581313,0.04627905083553319,0.39504273475687934,0.19668390613349687,-0.11450531295819692,-0.014969800679720063,0.19835882862338247
2019-12-06,39,0.013610875373809303,0.17739991950046885,10.258414723097513,-0.041145136992022574,-0.05112229217015579,0.4863359304509228,-0.1383492224546378,-0.3173675579912954,0.009977155178133218,0.6246851529055606
2019-12-09,87,0.007366581479285122,0.030131536512044588,8.068488024694776,0.08464127723028379,-0.15681951300709063,0.0930257384436117,-0.20128748337943203,-0.101345196682996,0.24146079023737443,0.29431322182304376
2019-12-10,43,0.017443270031344892,0.03957930529538478,8.471853172317017,-0.09164757403163352,-0.1522974100980385,-0.01557359306960621,-0.10650987690030793,-0.13409276859607494,0.060649836066404963,0.09093628383070172
2019-12-11,58,0.006710949526735849,0.1550848216996914,8.291431613526003,0.20878818611449285,-0.2829410970563193,0.4828102146346016,-0.13310850784873948,-0.05401894094539338,0.49172928317081216,0.6159187224833411
2019-12-12,46,0.005393582682794925,0.12640126403067498,8.08723382818539,0.05288177313790143,0.15271498313260068,-0.2962533890512799,0.4752649921490207,0.11918203381462435,-0.09983320999469925,-0.7715183812003006
2019-12-13,63,0.007557292556164369,0.2983448952764337,7.631643559867789,-0.228086742371118,0.5408693788723897,-0.18082607986296195,0.05467098335816561,-0.13884640207318447,-0.7689561212435078,-0.23549706322112757
2019-12-16,65,0.006395048729786019,0.08347051199955413,7.227850166511609,-0.21866760610365626,0.005177199386924904,0.001899389742627686,0.1743563268279553,0.2058783552739662,-0.22384480549058117,-0.1724569370853276
2019-12-17,33,0.02066908899964004,0.19688597326495172,7.476589993787298,-0.27336205318711193,-0.12633591569733624,-0.4579630178126718,0.3777629014665181,0.11573821125435896,-0.1470261374897757,-0.8357259192791899
2019-12-18,32,0.0241464225812177,0.10561314463618088,8.28647297448501,-0.24434325796276438,0.033236630045916433,-0.5238791719974764,0.191878467480975,-0.002263712764583801,-0.27757988800868083,-0.7157576394784514
2019-12-19,38,0.023531963080525152,0.20615695143239476,8.610084215639537,-0.19880046359369621,-0.3001082297678302,-0.6516375768125592,0.09760081798598222,0.264516258068191,0.10130776617413398,-0.7492383947985414
2019-12-20,32,0.004249503881614575,0.15728748729401487,8.73624004389279,0.3349478197350303,0.27173845870471885,0.07885025196819824,-0.024287256150182162,0.06678247731890168,0.06320936103031144,0.1031375081183804
2019-12-23,67,0.014038339480597599,0.09584469033876797,9.342607543785155,-0.3212943533211013,-0.035350339682407875,-0.4694650257980633,0.007301031255980487,-0.06232880285448652,-0.28594401363869343,-0.4767660570540438
2019-12-24,27,0.035224442822573296,0.1648223982418795,7.8975332802183535,-0.06088934504590407,-0.2899687850897736,0.14023159994367393,-0.26860704627572307,-0.42288633595123276,0.22907944004386951,0.40883864621939703
2019-12-26,16,0.0443739346126775,0.48172513956419105,10.462635413951146,-0.08594525115902499,-0.33292533780048117,0.590127009720915,0.3000731171168185,-0.8912954454839076,0.24698008664145618,0.29005389260409653
2019-12-30,38,0.009203141346917363,0.14659417572764788,9.116078690719766,0.01171556667673063,-0.09273497640777535,0.5321506812931249,-0.4077939886850956,0.25722397475729486,0.10445054308450598,0.9399446699782206
2019-12-31,18,0.027472373081369048,0.23471746368587088,9.978731171077538,0.23091192472227418,-0.2226230919985514,-0.33002799127453997,0.35975563353164436,-0.027021905910112963,0.4535350167208256,-0.6897836248061844
