timestamp,request_date,request_start,request_end,company_symbol,ric,query,storyId,story_type,sourceCode,headline,story_error,clean_text,clean_text_sha256,cleaning_quality,cleaning_detail,original_chars,cleaned_chars,removed_trailing_lines,cleaner_version,article_story_type,usable_article
2026-06-11 23:45:39.545,2026-06-11,2026-06-11T00:00:00,2026-06-11T23:59:59,JPM,JPM.N,R:JPM.N and Language:LEN,urn:newsml:newsroom:20260611:nNRA0usrtz:0,newsroom,NS:JOUMAW,Patent Issued for System and method for fairness aware optimization with features quantization (USPTO 12639338),,"2026 JUN 11-- By a News Reporter-Staff News Editor at Math Daily News-- JPMorgan Chase Bank N.A. has been issued patent number 12639338, according to news reporting originating out of Alexandria, Virginia, by NewsRx editors. The patent' s inventors are Bollum, Dan, Brugere, Ivan, Hosking, Michael, Kapadia, Deven R, Lecue, Freddy, Liang, Lei Carol, Stettler, John, Tan, Yue, Zhao,... 2026 JUN 11 (NewsRx) -- By a News Reporter-Staff News Editor at Math Daily News -- JPMorgan Chase Bank N.A. (New York, New York, United States) has been issued patent number 12639338, according to news reporting originating out of Alexandria, Virginia, by NewsRx editors.

The patent's inventors are Bollum, Dan (Westerville, DE, US), Brugere, Ivan (Des Plaines, IL, US), Hosking, Michael (Columbus, OH, US), Kapadia, Deven R (Yorba Linda, CA, US), Lecue, Freddy (Mamaroneck, NY, US), Liang, Lei Carol (Hamburg, NJ, US), Stettler, John (Columbus, OH, US), Tan, Yue (Lewis Center, DE, US), Zhao, Huiyan (Plano, TX, US), Zweier, Joseph (Columbus, OH, US).

This patent was filed on March 5, 2025 and was published online on May 26, 2026.

From the background information supplied by the inventors, news correspondents obtained the following quote: ""The developments described in this section are known to the inventors. However, unless otherwise indicated, it should not be assumed that any of the developments described in this section qualify as prior art merely by virtue of their inclusion in this section, or that these developments are known to a person of ordinary skill in the art.

""Presently, various algorithms and machine learning models may be applied to numerous variables in decision making for obtaining optimal results in various applications. For example, a conventional algorithm or machine learning model may be focused on finding a balance between value and volume to maximize output for an organization as illustrated in FIG. 9. However, such conventional approach to optimization by the algorithms and machine learning models may lead to disparate results for certain protected attributes (e.g., sex, race, age) without intention and may potentially violate one or more government regulations and/or organizational operating policies.

""Although an embedded bias in an algorithm or machine learning model may result in disparate outcome for certain protected attributes, even algorithms or machine learning model without such embedded bias may still provide disparate outcomes, which may run afoul of the one or more government regulations and/or organization policies.

""As illustrated in FIG. 10, a conventional optimization model may apply plus or minus basis points (bps) adjustments to base pricing based on various features of a loan application to maximize profit and losses (P&L) Features of the loan application may include a particular credit score associated with the application, which may have corresponding ranges of bps adjustments possible for maximizing profit. Although the bps adjustments may be applied to maximize P&L in the example of FIG. 10, such optimization may unwittingly result in providing disparate results for certain protected groups of people having certain race, ethnicity, gender or the like, and run afoul of one or more government regulations and/or organizational operating policies.

""Accordingly, for real-world applications, there is a need for computer or machine learning models that are capable of performing optimizations while avoiding disparate outcomes for one or more protected attributes, which are conventionally unavailable.""

Supplementing the background information on this patent, NewsRx reporters also obtained the inventors' summary information for this patent: ""The present disclosure, through one or more of its various aspects, embodiments, and/or specific features or sub-components, provides, among other features, a method for performing a fairness aware optimization on a plurality of attributes is provided. The method includes acquiring, by a processor and from a plurality of databases, an input dataset including a plurality of applications with corresponding set of input features, wherein each of the plurality of applications has a plurality of input features; quantizing, by the processor, each of the plurality of input features for the plurality of applications; performing binning, by the processor, of each of the plurality of input features quantized so that each of the plurality of input features for each of the plurality of applications is assigned to a bin among a plurality of bins to provide a matrix of bin membership for each of the plurality of applications; querying, by the processor, a machine learning (ML) model for generating a vector for each of the plurality of applications based on a corresponding matrix of bin membership; evaluating, via the ML model and for an application of the plurality of applications, the generated vector against a corresponding target value and presence of disparity in outcome for one or more of the plurality of input features, wherein the evaluating includes: generating one or more function parameters for the corresponding matrix of bin membership; generating a coefficient vector based on the one or more function parameters; generating the corresponding target value based on the matrix of bin membership and the generated coefficient vector; calculating a predicted output for the input dataset in view of the corresponding target value; and calculating for the presence of disparity in outcome for at least one of the plurality of input features; performing iterations of the evaluating, on the ML model and for remaining applications of the plurality of applications until completion; identifying, by the ML model, a target coefficient vector among a plurality of coefficient vectors generated for the plurality of applications that provides an optimized output while negating the presence of disparity in outcome; updating the ML model with the target coefficient vector; and applying the updated ML model on a subsequent application, wherein the updated ML model provides an output without disparate outcome for any input feature of the subsequent application.

""In some embodiments, each of the plurality of bins are defined by a pair of boundary values.

""In some embodiments, the plurality of bins are of equal size.

""In some embodiments, the plurality of bins include bins of uneven sizes.

""In some embodiments, the ML model is a Bayesian optimization model.""

The claims supplied by the inventors are:

""1. A method for performing a fairness aware optimization on a plurality of attributes, the method comprising: acquiring, by a processor and from a plurality of databases, an input dataset including a plurality of applications with corresponding set of input features, wherein each of the plurality of applications has a plurality of input features; quantizing, by the processor, each of the plurality of input features for the plurality of applications; performing binning, by the processor, of each of the plurality of input features quantized so that each of the plurality of input features for each of the plurality of applications is assigned to a bin among a plurality of bins to provide a matrix of bin membership for each of the plurality of applications; querying, by the processor, a machine learning (ML) model for generating a vector for each of the plurality of applications based on a corresponding matrix of bin membership, wherein each of the plurality of bins is associated with a corresponding vector, such that each of the plurality of applications is characterized by a plurality of vectors based on the matrix of bin membership; evaluating, via the ML model and for an application of the plurality of applications, the generated vector against a corresponding target value and presence of disparity in outcome for one or more of the plurality of input features, wherein the evaluating includes: generating one or more function parameters for the corresponding matrix of bin membership; generating a coefficient vector based on the one or more function parameters; generating the corresponding target value based on the matrix of bin membership and the generated coefficient vector; calculating a predicted output for the input dataset in view of the corresponding target value; and calculating for the presence of disparity in outcome for at least one of the plurality of input features; performing one or more training iterations of the evaluating, on the ML model and for remaining applications of the plurality of applications until an offset value for each bin that adjusts a regression target for input features grouped into a particular bin is determined; identifying, by the ML model and based on performance of the one or more training iterations on the ML model, a target coefficient vector among a plurality of coefficient vectors generated for the plurality of applications that provides an optimized output while negating the presence of disparity in outcome; storing one or more function parameters including the identified target coefficient vector, and updating the ML model with the target coefficient vector, wherein the stored one or more function parameters approximate an objective function of the ML model to limit search space for more efficient exploration with respect to unobserved points; and applying the updated ML model on a subsequent application, wherein the updated ML model applies the offset at a bin level to provide an output without disparate outcome for any input feature of the subsequent application.

""2. The method according to claim 1, wherein each of the plurality of bins are defined by a pair of boundary values.

""3. The method according to claim 1, wherein the plurality of bins are of equal size.

""4. The method according to claim 1, wherein the plurality of bins include bins of uneven sizes.

""5. The method according to claim 1, wherein the ML model is a Bayesian optimization model.

""6. The method according to claim 1, wherein each of the plurality of applications has its input features assigned to less than all of the plurality of bins.

""7. The method according to claim 1, wherein the optimized output refers to a highest output value that negates the presence of disparity in outcome for a protected feature among the plurality of input features.

""8. The method according to claim 7, wherein the protected feature is a feature regulated by a government entity.

""9. The method according to claim 7, wherein the protected feature is a race of an applicant of at least one of the plurality of applications.

""10. The method according to claim 7, wherein the protected feature is a gender of an applicant of at least one of the plurality of applications.

""11. A system for performing a fairness aware optimization on a plurality of attributes, the system comprising: a processor; and a memory operatively connected to the processor via a communication interface, the memory storing computer readable instructions, when executed, causes the processor to perform: acquiring, from a plurality of databases, an input dataset including a plurality of applications with corresponding set of input features, wherein each of the plurality of applications has a plurality of input features; quantizing each of the plurality of input features for the plurality of applications; performing binning of each of the plurality of input features quantized so that each of the plurality of input features for each of the plurality of applications is assigned to a bin among a plurality of bins to provide a matrix of bin membership for each of the plurality of applications; querying a machine learning (ML) model for generating a vector for each of the plurality of applications based on a corresponding matrix of bin membership, wherein each of the plurality of bins is associated with a corresponding vector, such that each of the plurality of applications is characterized by a plurality of vectors based on the matrix of bin membership; evaluating, via the ML model and for an application of the plurality of applications, the generated vector against a corresponding target value and presence of disparity in outcome for one or more of the plurality of input features, wherein the evaluating includes: generating one or more function parameters for the corresponding matrix of bin membership; generating a coefficient vector based on the one or more function parameters; generating the corresponding target value based on the matrix of bin membership and the generated coefficient vector; calculating a predicted output for the input dataset in view of the corresponding target value; and calculating for the presence of disparity in outcome for at least one of the plurality of input features; performing one or more training iterations of the evaluating, on the ML model and for remaining applications of the plurality of applications until an offset value for each bin that adjusts a regression target for input features grouped into a particular bin is determined; identifying, by the ML model and based on performance of the one or more training iterations on the ML model, a target coefficient vector among a plurality of coefficient vectors generated for the plurality of applications that provides an optimized output while negating the presence of disparity in outcome; storing one or more function parameters including the identified target coefficient vector, and updating the ML model with the target coefficient vector, wherein the stored one or more function parameters approximate an objective function of the ML model to limit search space for more efficient exploration with respect to unobserved points; and applying the updated ML model on a subsequent application, wherein the updated ML model applies the offset at a bin level to provide an output without disparate outcome for any input feature of the subsequent application.

""12. The system according to claim 11, wherein each of the plurality of bins are defined by a pair of boundary values.

""13. The system according to claim 11, wherein the plurality of bins are of equal size.

""14. The system according to claim 11, wherein the plurality of bins include bins of uneven sizes.

""15. The system according to claim 11, wherein the ML model is a Bayesian optimization model.

""16. The system according to claim 11, wherein the optimized output refers to a highest output value that negates the presence of disparity in outcome for a protected feature among the plurality of input features.

""17. The system according to claim 16, wherein the protected feature is a feature regulated by a government entity.

""18. The system according to claim 16, wherein the protected feature is a race of an applicant of at least one of the plurality of applications.

""19. The system according to claim 16, wherein the protected feature is a gender of an applicant of at least one of the plurality of applications.""

There are additional claims. Please visit full patent to read further.

For the URL and additional information on this patent, see: Bollum, Dan. System and method for fairness aware optimization with features quantization. U.S. Patent Number 12639338, filed March 5, 2025, and published online on May 26, 2026. Patent URL (for desktop use only): https://ppubs.uspto.gov/pubwebapp/external.html?q=(12639338)&db=USPAT&type=ids",c55c98744d4adbc4d03825ac452f2d9574025c6aed5b2b6ea8fde267dccd649f,ok,,15948,15428,1,week4_lseg_html_v1,True,True
2026-06-11 23:32:03.577,2026-06-11,2026-06-11T00:00:00,2026-06-11T23:59:59,JPM,JPM.N,R:JPM.N and Language:LEN,urn:newsml:newsroom:20260611:nNRA0usonn:0,newsroom,NS:CNBSTR,"JPMorgan Chase & Co. (ETR:CMC) in positive territory today, climbing 0.3%; +90c [+0.3%]",,"GERMAN END-OF-DAY STOCK REPORT

NEW YORK, Wednesday, June 10 2026 - JPMorgan Chase & Co.'s (ETR: CMC EUR269.70) stock price climbed 90.0c (0.3%) from its previous trading session to close at EUR269.70.

Compared with the DAX Index which fell 199.8 points (0.8%) in the day, the relative price increase was 1.2%.

There were 1,085 shares worth EUR292,879 ($338,470) traded today; the volume was 0.6 times the average daily trading volume of 1,794 shares.

INDEX

SECTION 1 TODAY'S BULLISH SIGNALS

SECTION 2 ONGOING BULLISH PARAMETERS

SECTION 3 TODAY'S BEARISH SIGNALS

SECTION 4

Read more...

ANNEXURE

APPENDIX I DATA & ARCHIVE DOWNLOAD CENTER

GLOSSARY

SECTION 1 TODAY'S BULLISH SIGNALS

1.1 Uptrend

Price/Moving Average Price of 1.1 and positive MACD:

- The Price/MAP 200 for JPMorgan Chase & Co. is 1.1. Being higher than 1 is a bullish indicator. It is higher than the Price/MAP 200 for the DAX Index of 1.0, a second bullish indicator. The stock is trading above both its MAPs and the 50-day MAP of EUR255.28 is higher than the 200-day MAP of EUR246.0, a third bullish indicator. The 200-day MAP has increased to EUR246.0, a fourth bullish indicator.

- The Moving Average Convergence Divergence (MACD) indicator of 12-day Exponential Moving Average (EMA) of 264.48 minus the 26-day EMA of 262.4 is positive, suggesting a bullish signal. Both the 12-day EMA as well as the 26-day EMA are rising, another bullish signal.

Past Month:

- Rises to Falls: In the past month the number of rises outnumbered falls 14:9 or 1.6:1.

Past Quarter:

- The shares had their best quarter in three quarters since the quarter ended September 10, 2025.

The Best 3 weeks in the past quarter

The past month witnessed the best 2 weeks in the past quarter. In the past quarter the week beginning Monday June 01 saw the highest weekly rise of 6.2% for a relative price increase of 7.6%. The rise was propped up by volume of 1.3 times average.

Mon-FriChange %DAX Index Change %Vol Ind [1 is avg]

Jun 01-056.2-1.31.3

Apr 06-103.53.20.8

May 18-222.74.11.2

SECTION 2 ONGOING BULLISH PARAMETERS

2.1 Present Value of EUR1000 Invested in the Past [3 Mo, 1 Yr, 3 Yrs]; The Best Periods with PVEUR1000 > 1,080

PVEUR1,0003 mo ago1 yr ago3 yrs ago

CMC.ETREUR1,081EUR1,150EUR2,056

Bank sectorEUR1,085EUR1,233EUR1,951

DAX IndexEUR1,012EUR1,008EUR1,519

2.2 The Best Periods [3 Mo, 1 Yr, 3 Yrs] with Price Change % > 8

3-Year price change of 105.6% for JPMorgan Chase & Co. outperformed the change of 51.9% in the DAX Index for a relative price change of 53.7%.

Price Change %QuarterYear3 Years

JPMorgan Chase & Co.8.115105.6

Bank sector8.522.895.1

DAX Index2.70.251.9

SECTION 3 TODAY'S BEARISH SIGNALS

3.1 Downtrend

Trailing Relative Strength (6 months) at 37 percentile:

- The stock has a 6-month relative strength of 37 in the German market of 4,667 stocks, 71 ADRs and 25 preference stocks which means it has underperformed 63% of the market.

3.2 Overbought/Bearish Signals:

- The stock is overbought according to the Williams % R indicator of -17.3, suggesting the price is close to its 14-day high of EUR273.0.

- The Stochastic indicator of 88.8 has broken through the overbought line of 80; this indicates the price is close to its 14-day high and is likely to revert to a downtrend.

SECTION 4

APPENDIX I DATA & ARCHIVE DOWNLOAD CENTER

CMC: OTHER INFORMATION:

+ PRICE VOLUME CHARTS

+ USD vs EUR EXCHANGE RATE CHARTS IN HTML

GLOSSARY

Disclaimer:",7e143a1f8862f6e9ec4db985dbe04e9f3459a30a4cbb39c2f91901902869441b,ok,,5423,3458,0,week4_lseg_html_v1,True,True
2026-06-12 23:51:55.846,2026-06-12,2026-06-12T00:00:00,2026-06-12T23:59:59,JPM,JPM.N,R:JPM.N and Language:LEN,urn:newsml:newsroom:20260612:nNRA0vaooq:0,newsroom,NS:CNBSTR,JPMorgan Chase & Co. (ETR:CMC) stock nudges 0.1% lower; -20c [-0.1%],,"GERMAN END-OF-DAY STOCK REPORT

NEW YORK, Thursday, June 11 2026 - JPMorgan Chase & Co.'s (ETR: CMC EUR269.50) stock price decreased 20.0c (0.1%) from its previous trading session to close at EUR269.50.

Compared with the DAX Index which fell 8.4 points (0.03%) in the day, the relative price change was -0.04%.

There were 650 shares worth EUR175,277 ($202,419) traded today; the volume was 0.4 times the average daily trading volume of 1,794 shares.

INDEX

SECTION 1 TODAY'S BULLISH SIGNALS

SECTION 2 ONGOING BULLISH PARAMETERS

SECTION 3 TODAY'S BEARISH SIGNALS

SECTION 4

Read more...

ANNEXURE

APPENDIX I DATA & ARCHIVE DOWNLOAD CENTER

GLOSSARY

SECTION 1 TODAY'S BULLISH SIGNALS

1.1 Uptrend

Price/Moving Average Price of 1.1 and positive MACD:

- The Price/MAP 200 for JPMorgan Chase & Co. is 1.1. Being higher than 1 is a bullish indicator. It is higher than the Price/MAP 200 for the DAX Index of 1.0, a second bullish indicator. The stock is trading above both its MAPs and the 50-day MAP of EUR255.66 is higher than the 200-day MAP of EUR246.11, a third bullish indicator. The 200-day MAP has increased to EUR246.11, a fourth bullish indicator.

- The Moving Average Convergence Divergence (MACD) indicator of 12-day Exponential Moving Average (EMA) of 265.25 minus the 26-day EMA of 262.92 is positive, suggesting a bullish signal. Both the 12-day EMA as well as the 26-day EMA are rising, another bullish signal.

Past Quarter:

The Best 3 weeks in the past quarter

The past month witnessed the best 2 weeks in the past quarter. In the past quarter the week beginning Monday June 01 saw the highest weekly rise of 6.2% for a relative price increase of 7.6%. The rise was propped up by volume of 1.3 times average.

Mon-FriChange %DAX Index Change %Vol Ind [1 is avg]

Jun 01-056.2-1.31.3

Apr 06-103.53.20.8

May 18-222.74.11.2

SECTION 2 ONGOING BULLISH PARAMETERS

2.1 Present Value of EUR1000 Invested in the Past [3 Mo, 1 Yr, 3 Yrs]; The Best Periods with PVEUR1000 > 1,087

PVEUR1,0003 mo ago1 yr ago3 yrs ago

CMC.ETREUR1,088EUR1,153EUR2,054

Bank sectorEUR1,093EUR1,230EUR1,950

DAX IndexEUR1,026EUR1,010EUR1,518

2.2 The Best Periods [3 Mo, 1 Yr, 3 Yrs] with Price Change % > 8.7

3-Year price change of 105.4% for JPMorgan Chase & Co. outperformed the change of 51.8% in the DAX Index for a relative price change of 53.6%.

Price Change %QuarterYear3 Years

JPMorgan Chase & Co.8.815.3105.4

Bank sector9.323.295

DAX Index3.30.751.8

SECTION 3 TODAY'S BEARISH SIGNALS

3.1 Downtrend

Trailing Relative Strength (6 months) at 37 percentile:

- The stock has a 6-month relative strength of 37 in the German market of 4,627 stocks, 74 ADRs and 24 preference stocks which means it has underperformed 63% of the market.

3.2 Overbought/Bearish Signals:

- The stock is overbought according to the Williams % R indicator of -18.3, suggesting the price is close to its 14-day high of EUR273.0.

- The Stochastic indicator of 84.0 has broken through the overbought line of 80; this indicates the price is close to its 14-day high and is likely to revert to a downtrend.

SECTION 4

APPENDIX I DATA & ARCHIVE DOWNLOAD CENTER

CMC: OTHER INFORMATION:

+ PRICE VOLUME CHARTS

+ USD vs EUR EXCHANGE RATE CHARTS IN HTML

GLOSSARY

Disclaimer:",7d46ce8745e29ad7f592deb95a032daaf50c66a8c0bbbfd2d2ad2a9b94459f69,ok,,5209,3259,0,week4_lseg_html_v1,True,True
2026-06-12 21:41:57.849,2026-06-12,2026-06-12T00:00:00,2026-06-12T23:59:59,JPM,JPM.N,R:JPM.N and Language:LEN,urn:newsml:newsroom:20260612:nNRA0v9pyp:0,newsroom,NS:NEWMAR,"JP Morgan China Growth & Income Compendium - A Snapshot as of June 12, 2026 Friday June 12, 2026",,"BRITISH END-OF-DAY STOCK REPORT

JP Morgan China Growth & Income PLC (L:JCGI), has fallen GBX15.50 (or 5.4%) in the past 3 months to close at GBX272.0 today. Compared with the FTSE 100 Index which rose 210.6 points (or 2.0%) in the past 3 months, this represented a relative price change of -7.4%.

Stock vs Index (Annual Percentage Change)

December 31Last price in GBXAnnual ReturnReturn of FTSE 100 Index

2025232.019.313.7

2024194.5-49.0-1.8

2023381.2-4.43.9

2022398.8348.92.7

2020267.92--

In 2025, JP Morgan China Growth & Income was up a total 19.3%, outperforming the Index which was up 13.7%.

Reported buyback transactions [TTM]

PeriodNo. of sharesWeighted Average price, GBXValue, GBX

Mar 26250,000279.5169,877,500

Feb 26126,141292.1436,850,809

Total376,141

Net reported buyback transactions: since February 2026: Bought 376,141 shares at an average price of GBX284 worth GBP1,067,283.09.

JP MORGAN CHINA GROWTH & INCOME PLC (JCGI) Stock Dashboard [traded in Pence Sterling, GBX] End-of-Day Fri, Jun 12

http://www.jpmorganassetmanagement.co.uk/Investor/OurInvestmentRange/Chinese-JPM-IT.aspx

LastGBX272.0

52-Week Price RangeGBX229.0 - GBX313.0

Ave Daily Volume223,930 shares

Currency1.000 GBP = 1.333 US Dollars

Today's Volume [VI]246,180 [1.1]

Market CapGBP218.6 million [$291.5 million]

ExchangeUNITED KINGDOM [London]

Shares Outstanding80,380,000

SectorEquity Investment Instruments [Rank by MCap 117 of 167 stocks]

PV$1000 (1 yr) and TRSGBP11.53; 15.2%$1,134; 13.4%

VI* Volume Index = Number of shares traded today/Average number of shares traded per day.

INDEX

SECTION 1 THE PAST YEAR: PRESS RELEASES

SECTION 2 TODAY'S BEARISH SIGNALS

SECTION 3 ONGOING BEARISH PARAMETERS

SECTION 4 TODAY'S BULLISH SIGNALS

SECTION 5 ONGOING BULLISH PARAMETERS

SECTION 6 CORPORATE PROFILE

SECTION 7 INSIDER BUYING

SECTION 8 PEER COMPARISON & RANKING OF JCGI

SECTION 9 STOCK IDENTIFIERS

GLOSSARY

DATA & ARCHIVE DOWNLOAD CENTER

JCGI: EXPORT DATA TO EXCEL:

+ PRICE VOLUME - 5-YEAR HISTORY

JCGI: OTHER INFORMATION:

+ PRICE VOLUME CHARTS

+ INSIDER BUYING IN THE PAST 10 YEARS

+ BOARD OF DIRECTORS

SECTION 1 THE PAST YEAR: PRESS RELEASES

1.1 The Past Year: Press Releases

http://www.buysellsignals.com/bst/015991831011206263337

SECTION 2 TODAY'S BEARISH SIGNALS

2.1 Downtrend

Beta < 1 combined with price fall. The Beta of the stock is 0.7.

Price/Moving Average Price of 0.91 and negative MACD:

- The Price/MAP 200 for JP Morgan China Growth & Income PLC is 0.91. Being less than 1 is a bearish indicator. It is lower than the Price/MAP 200 for the FTSE 100 Index of 1.05, a second bearish indicator. The stock is trading below both its MAPs and the 50-day MAP of GBX288.59 is lower than the 200-day MAP of GBX299.69, a third bearish indicator.

- The Moving Average Convergence Divergence (MACD) indicator of 12-day Exponential Moving Average (EMA) of 276.45 minus the 26-day EMA of 279.75 is negative, suggesting a bearish signal. Both the 12-day EMA as well as the 26-day EMA are falling, another bearish signal.

Past Month:

- Falls to Rises: In the past month the number of falls outnumbered rises 14:8 or 1.8:1.

Falling Relative Strength:

- The stock has a 6-month relative strength of 33 in the United Kingdom market of 980 stocks and 14 preference stocks which means it has underperformed 67% of the market.

- Also, the relative strength percentile is falling at 33 for 6 months, 30 for 3 months and 27 for 1 month.

SECTION 3 ONGOING BEARISH PARAMETERS

3.1 Past quarter momentum down: JP Morgan China Growth & Income PLC falls 5.4% on below average volume 0.8 times average.

Past month toHighLowVWAPVolume Index *

12 Jun 2026294.50268.00282.560.8

12 May 2026296.00270.50282.660.9

10 Apr 2026294.50266.00281.010.8

[*Volume Index of 0.8 means volume for the month was 0.8 times its 12-month average]

[VWAP is defined as the Volume Weighted Average Price; High Low prices and VWAP are shown in GBX]

3.2 Present Value of GBP1000 Invested in the Past 3 Months; The Worst Period with PVGBP1000 < 947

PVGBP1,0003 mo ago

JCGI.LGBP946

Equity Investment Instruments sectorGBP1,039

FTSE 100 IndexGBP1,016

3.3 Past quarter: price fall of 5.4%

3-Month price change of -5.4% for JP Morgan China Growth & Income PLC underperformed the change of 2% in the FTSE 100 Index for a relative price change of -7.4%.

Price Change %Quarter

JP Morgan China Growth & Income PLC-5.4

Equity Investment Instruments sector3.9

FTSE 100 Index2

3.4 MCap: 5-Year Decrease of GBP334 M [$4M] (60%)

In the past 5 years Market Capitalization has decreased by GBP334.3 million (60%) from GBP552.9 million to GBP218.6 million. Based on a dynamic start date of 5 years ago, there have been declines in MCap in 3 out of 5 years.

PriceMCap (GBP M)MCap ($ M)

LastGBX272.0218.6291.5

1 Year agoGBX236.0-21,448.5-29,142.1

2 Years agoGBX222.0184.7235.1

3 Years agoGBX257.41222.6279.2

4 Years agoGBX371.56336.1420.7

5 Years agoGBX587.78552.9783.2

3.5 Annualised Period-based Total Shareholder Returns [TSR %]: The Worst Periods with TSR < 3.3%

TSR %3 yrs5 yrs

JCGI.L3.2-11.8

3.6 Declining Volume, down 12% in 5 years

In the past five years, Average Daily Volume of Trading (ADVT) has decreased 12.4% to 223,930 shares.

Avg. Daily Volume Traded 12 months ended Jun 12, thousand shares

YearADVT

2026223.9

2025228.0

2024199.8

2023202.1

2022255.7

3.7 Declining VWAP, down 37% in 5 years

In the past five years Volume Weighted Average Price (VWAP) has decreased by 36.8% to GBX281.74. Based on a dynamic start date of five years ago, there have been declines in VWAP in 3 out of 5 years.

Past five years, 12 months ended Jun 12 (GBX)

YearHigh PriceVWAPLow Price

2026313.0281.74229.0

2025286.5231.14182.6

2024283.74228.39189.0

2023415.28326.47226.02

2022640.34445.56269.05

3.8 Declining share turnover, down 47% in 5 years

In the past five years, average daily share turnover has decreased 46.9% to GBP607,701. This suggests decreased liquidity.

Past five years, 12 months ended Jun 12 (GBP thousand)

YearAverage Daily Turnover

2026607.7

2025533.3

2024447.2

2023638.8

20221143.7

SECTION 4 TODAY'S BULLISH SIGNALS

4.1 3-DAY: WEAK MOMENTUM UP

JCGI strengthens 0.7% on thin volume 0.8 times average. Compared with the FTSE 100 Index which rose 244.4 points (or 2.4%) in the 3-days, the relative price change was -1.6%.

Week 24 of 2026: Down 2.2%; the price ranged between a low of GBX268.0 on Thursday Jun 11 and a high of GBX273.50 on Wednesday Jun 10.

JunJP Morgan China Growth & Income PLCClose [GBX]Change %Comment

Fri 12Lifts 1.5% after finding support2721.5Top Rise

Thu 11Falls in 4 out of last 5 days, 5-day fall of 4.6%268-2.0Steepest Fall

Wed 10Lifts 1.3% after finding support273.51.3; RPC=1.0%

* RPC - Relative Price Change is % price change of stock less % change of the FTSE 100 Index.

4.2 Oversold/Bullish Signals:

- The stock is oversold according to the Williams % R indicator of -81.4, suggesting the price is close to its 14-day low of GBX268.0.

- The Stochastic indicator of 17.9 has pierced the oversold line of 20; this indicates the price is close to its 14-day low and is likely to revert to an uptrend.

SECTION 5 ONGOING BULLISH PARAMETERS

5.1 Past two-years

- The shares rose GBX13.0 (5.8%) a year ago which accelerated to GBX36.0 (15.3%) in the past year.

5.2 Present Value of GBP1000 Invested in the Past [1 Yr, 3 Yrs]; The Best Periods with PVGBP1000 > 1,098

PVGBP1,0001 yr ago3 yrs ago

JCGI.LGBP1,153GBP1,099

Equity Investment Instruments sectorGBP1,082GBP1,166

FTSE 100 IndexGBP1,179GBP1,383

5.3 Annualised Period-based Total Shareholder Returns [TSR %]: The Best Periods with TSR > 9.7%

TSR %1 yr10 yrs

JCGI.L15.29.8

SECTION 6 CORPORATE PROFILE

6.1 Activities

JP Morgan China Growth & Income PLC is a United Kingdom-listed investment trust managed by JP Morgan Asset Management, specializing in providing investors with exposure to China's dynamic equity markets. Its core business activities center on constructing a diversified portfolio of Chinese stocks and other securities, aiming to deliver long-term capital growth and consistent income through dividend-paying assets. The fund targets companies across various sectors, with a strategic emphasis on high-growth areas such as technology, consumer discretionary, and healthcare, which have been among the fastest-expanding segments driven by China's rapid digital transformation, rising consumer demand, and innovation in areas like e-commerce and electric vehicles. By actively managing risks and capitalizing on emerging opportunities, the trust seeks to navigate market volatility while maintaining a balanced approach to growth and income generation. It is 117th largest Equity investment instruments company by market capitalisation in the United Kingdom.

6.2 Contact Details

Website: http://www.jpmorganassetmanagement.co.uk/Investor/OurInvestmentRange/Chinese-JPM-IT.aspx

Physical Address: Finsbury Dials, 20 Finsbury Street, London, EC2Y 9AQ, United Kingdom

6.3 Industry & Sector

Classification Level: Name of Sector

Economic Sector: Financials

Business Sector: Banking & Investment Services

Industry Group: Diversified Financial Services

Industry: Diversified Financial Services

SECTION 7 INSIDER BUYING

7.1 Insider buying Summary in the past 12 months

NameNo. of SharesPrice, GBPValue, GBP

Alexandra Jane Mackesy [Non-Executive Independent Chairman]41,7002.6107,586

Nick A. C. Bannerman [Independent Non-Executive Director]12,1422.631,112

Total53,8422.6138,698

SECTION 8 PEER COMPARISON & RANKING OF JCGI

8.1 BUYSELLSIGNALS FUNDAMENTALS VALUATION RANKING:

JP Morgan China Growth & Income PLC vs United Kingdom Market

Out of 980 stocks in the United Kingdom Market, JP Morgan China Growth & Income PLC is ranked 128th(128) by EBITDA Margin%, 389th(389) by Premium to 52-Wk Low, 501st(501) by Market Cap in $ and 631st(631) by Discount to 52-Wk High.

United Kingdom AvgJCGIJCGI Rank

EBITDA Margin%15.865.5128

Premium to 52-Wk Low (%)40.218.8389

Market Cap $8 B291.5 M501

Discount to 52-Wk High (%)4.313.1631

Net Profit $326.7 M8.4 M725

ROA (%)1.12.6770

Negative values are shown in brackets.

8.2 LONG-TERM FUNDAMENTAL RANKING: 4 OUT OF 5 [5 is best]

JP Morgan China Growth & Income PLC is ranked number 117 out of 167 listed equity investment instruments companies in the United Kingdom with a market capitalization of GBP218.6 million ($291.5 million).

Stocks are scored on a set of parameters reflecting fundamental analytical tools involving valuation, size and financial performance. They are ranked according to the average values of those parameters. The highest ranking is 5 and the lowest ranking is 1.

SECTION 9 STOCK IDENTIFIERS

ISIN: GB0003435012

RIC: JCGI.L

LEI: 549300S8M91P5FYONY25

GLOSSARY

Disclaimer:",ce7b88732afdd1a7dcdea4c6b7c9405555ccffdac195576e8b0208fe6eadd94e,ok,,17204,10824,0,week4_lseg_html_v1,True,True
2026-06-12 21:21:56.912,2026-06-12,2026-06-12T00:00:00,2026-06-12T23:59:59,JPM,JPM.N,R:JPM.N and Language:LEN,urn:newsml:newsroom:20260612:nNRA0v9i33:0,newsroom,NS:NEWBIH,"WEEKLY OVERVIEW: KOREA INVESTMENT CORPORATION NEWS THIS PAST WEEK JUN 12, 2026",,"NEWS BITES - PRIVATE COMPANIES (US)

+ KOREA INVESTMENT CORPORATION [2 News That Matters]

+ KOREA INVESTMENT AND JPMORGAN EXPLORE AI OPPORTUNITIES AT SEMINAR

Korea Investment Corporation and J.P. Morgan Asset Management held a 'Global Market Outlook' seminar aimed at connecting with domestic retail investors and presenting market forecasts and investment opportunities. The event took place on 9th June 2026 at the InterContinental Parnas in Seoul, featuring insights from Kerry Craig, global market strategist at J.P. Morgan Asset Management, and Christian Mariani, an investment specialist in the U.S. equity group.

During the seminar, speakers highlighted that as the artificial intelligence (AI) industry transitions from the training phase to the inference phase, a variety of investment opportunities will emerge across the entire AI value chain. This includes sectors such as networking, computing, memory, and power infrastructure. Craig noted that expanding AI infrastructure investments are pivotal in driving corporate earnings growth not just in the U.S. but also in Japan and other Asian markets.

A key feature of the seminar was the introduction of the 'Korea Investment JPMorgan U.S. Tech Fund,' which Korea Investment Corporation has been exclusively promoting since this year. The fund leverages J.P. Morgan's global research capabilities to identify and invest in leading companies within the AI ecosystem, such as those specializing in AI computing and custom processors. In a notable development, approximately 300 billion won has been invested in this product recently, pushing the total assets under management beyond 560 billion won alongside the 'Korea Investment JPMorgan Global High Yield Fund.'

Kim Sung-hwan, president of Korea Investment Corporation, emphasized their commitment to not merely selling financial products but rather becoming a strategic partner that introduces premier investment opportunities aimed at fostering long-term growth of clients' investment assets. This aligns with the broader trend of increased interest in AI-related investments among Korean retail investors.

As the AI sector continues to gain traction, the collaboration between Korea Investment Corporation and J.P. Morgan may serve as a model for future investment strategies in Korea, particularly in how financial institutions can effectively connect with retail investors and navigate emerging market dynamics.

+ KOREA INVESTMENT TRUST MANAGEMENT EYES SPACEX IPO FOR STRATEGIC ETF BOOST

Korea Investment Trust Management will participate in SpaceX's initial public offering, marking a significant move into the burgeoning space technology sector. The firm's decision comes ahead of SpaceX's planned listing on 12th June 2026, with the company poised to allocate shares acquired through the IPO to its ACE U.S. Space Tech Active ETF and the Korea Investment Global Space Technology & Defense Fund.

The anticipated IPO is expected to raise between $75 billion to $80 billion, positioning SpaceX for what could be the largest listing in global stock market history. With a projected valuation nearing $1.75 trillion to $2 trillion, the stakes are high for investors, including Korea Investment Trust Management, which aims to increase SpaceX's representation in its ETF to as much as 25 percent.

Korea Investment Trust Management plans to secure allocations during the IPO process, which is set to commence with filings in the first week of June. The offering price will be determined on 11th June, just a day before the shares officially hit the market. As the market opens on 12th June, the firm is also considering additional purchases to bolster its holdings in SpaceX.

Kim Hyun-tae, head of global quant management at Korea Investment Trust Management, expressed confidence in the firm's active fund management strategy, stating, ""Because both funds are active, they can respond immediately on the day SpaceX lists."" He also highlighted the challenges faced by passive investment products in incorporating new listings like SpaceX swiftly into their portfolios.

In addition to SpaceX, the two funds managed by Korea Investment Trust Management also include Echostar, which is viewed as a potential stabilizing asset amidst the volatility expected from SpaceX's share price. The impact of these adjustments will be monitored closely, with updates on SpaceX's weight in both funds available after 13th June through the ACE ETF website and subsequent asset management reports.

++++++++++++++++++++++++++++++++++++++++++++++++++++++++++++++++++++++++++++++++++++",cea50902cdafe5ed317b07678f6dd6710fc5ea959597a8b53738443bae02b140,ok,,4795,4591,0,week4_lseg_html_v1,True,True
2026-06-13 23:11:50.937,2026-06-13,2026-06-13T00:00:00,2026-06-13T23:59:59,JPM,JPM.N,R:JPM.N and Language:LEN,urn:newsml:newsroom:20260613:nNRA0vlq37:0,newsroom,NS:NOTENG,U.S. banks are allowing employees to work from home to avoid traffic chaos during the World Cup,,"Goldman Sachs and JPMorgan Chase are temporarily relaxing their in-office work requirements for employees during the World Cup, as workers brace for transportation disruptions and increased traffic congestion in host cities during the world's largest sporting event.

According to people familiar with the matter, the Wall Street banks have informed employees that they may request permission to work from home on match days, after warning of potential travel difficulties in host cities, including New York.

Hundreds of thousands of soccer fans are expected in New York and New Jersey in the coming weeks, as the region will host eight World Cup matches, including a final at MetLife Stadium in New Jersey.

Goldman Sachs and JPMorgan have been two of the most vocal opponents of remote work on Wall Street in recent years.

David Solomon, CEO of Goldman Sachs, had previously called working from home an ""aberration,"" while JPMorgan CEO Jamie Dimon harshly criticized remote work policies in a profanity-laced speech during an internal meeting last year.

Citigroup, which has maintained a flexible work policy since the start of the pandemic, has also encouraged employees in hybrid roles to work remotely in World Cup host cities during the tournament, people familiar with the matter said.

According to a memo reviewed by the Financial Times, JPMorgan's temporary policy applies to all employees in the U.S., Canada, and Mexico.

The temporary concessions underscore the logistical challenges posed by the month-long soccer tournament, which is expected to place significant strain on transportation networks in the host countries.

The measures also suggest that, although banks are ordering employees to return to the office full-time, remote work remains a useful contingency tool for indirect management, even for the most office-focused firms on Wall Street.

Goldman Sachs was one of the first major banks to end remote work during the pandemic in 2021, while JPMorgan planned last year for most employees to return to the office five days a week.

Residents in host cities were advised to prepare for heavier traffic and longer commute times, as millions of fans traveled between games, fan zones, and city centers.

In New York, the train connecting Penn Station to Secaucus Junction in New Jersey—near MetLife Stadium, which will be renamed New York New Jersey Stadium during the tournament—will be restricted to World Cup ticket holders for four hours before the start of matches.

Major sporting events often prompt warnings that transportation networks will struggle to handle the influx of visitors.

Before the 2012 London Olympics, there were fears of ""Olympic chaos"" due to concerns that the capital's transportation infrastructure would not withstand the pressure. Although the Summer Games caused some disruptions, those fears proved unfounded.

Economists at Goldman Sachs predicted that Spain is the favorite to win the World Cup, giving the country a 26% chance of lifting the trophy on July 19, ahead of France and Argentina.

Goldman Sachs, JPMorgan, and Citi declined to comment.",696ec1fb529f3fed27a594b9a0dd137ffa8ea911859dc4844451aff3b533e49f,ok,,3275,3110,0,week4_lseg_html_v1,True,True
2026-06-13 14:47:21.973,2026-06-13,2026-06-13T00:00:00,2026-06-13T23:59:59,JPM,JPM.N,R:JPM.N and Language:LEN,urn:newsml:newsroom:20260613:nNRA0vj77s:0,newsroom,NS:GLOWEE,"Weekly Summary: JPMorgan Chase & Co. (NYSE:JPM) rises for a second consecutive week, a two-week rise of 7%; +$8.28 [2.7%]",,"NYSE END-OF-WEEK STOCK REPORT

JPMorgan Chase & Co. (NYSE:JPM $320.72), the NYSE's largest Bank by market cap, has risen $8.28 (or 2.7%) to close at $320.72. The stock rose for a second consecutive week on Friday bringing its two-week rise to $21.30 or 7.1%. Compared with the S&P 500 Index which fell 148.6 points (or 2.0%) in the two weeks, this represented a relative price increase of 9.1%.

The price ranged between a high of $320.72 on Friday Jun 12 and a low of $309.14 on Wednesday Jun 10. In the past two weeks the market cap has risen by $58 billion to $873 billion.

The volume was 0.7 times average trading per week of 35.8 million shares.

JPMorgan Chase & Co. (NYSE:JPM) stands as a global leader in financial services, offering an expansive ecosystem encompassing investment banking, asset management, and consumer services. Pioneering blockchain technology development, JPMorgan is advancing AI initiatives under Jamie Dimon's leadership to enhance security and cyber resilience. Initiatives like the community lending program support local economies, as highlighted in Jamie Dimon's annual letter for 2025. Strategic strengths lie in their scale and innovation pipeline, reinforced by JPMorgan's athlete financial education partnerships. Their commitment to sustainability is evident in the 85,000-ton forest-based carbon removal project, positioning them competitively amid evolving market demands.

Source: New York Stock Exchange: https://www.nasdaq.com/market-activity/stocks/JPM, company (JPMorgan Chase & Co.), Ticker(JPM)

Financial News

Quarterly Report (Q1/2026):

Release Date: April 14, 2026

Quarterly Report Analysis Quarter ending 31 March 2026: JPMorgan Chase reports 27% sequential rise in Quarterly Net Profit

JPMorgan Chase (NYSE:JPM), announced net profit of $16.5b for the quarter-ended 31 March 2026 [Q1/2026], up 27% from the previous quarter [Q4/2025] and up 13% from the year-earlier period [Q1/2025]. Earnings per share (EPS) were up 28.2% sequentially from $4.64 in Q4/2025 to $5.95 in Q1/2026.

Quarterly Report (Quarter ending 31 Mar 2026)

Quarter-ended31 Mar 202631 Dec 202530 Sep 2025

EPS, $6.04.65.1

Sequential growth in EPS %28-8.7-3.2

Revenue, $ billion49.845.846.4

Sequential growth in Revenue %8.8-1.43.4

Net Profit, $ billion16.513.014.4

Sequential growth in Net Profit %26.6-9.5-4.0

Compared with the Previous Corresponding Period [PCP; Q1/2025], year-over-year [y.o.y.] EPS was up 17.1%, Revenue was up 10% and Net Profit was up 12.6%.

Quarter-ended31 Mar 202631 Mar 2025

EPS, $6.05.1

PCP growth in EPS %1714

Revenue, $ billion49.845.3

PCP growth in Revenue %10.08.1

Net Profit, $ billion16.514.6

PCP growth in Net Profit %12.613.1

Source: JPMorgan Chase & Co.'s, 10-Q filing dated May 01, 2026, available at the U.S. Securities and Exchange Commission website: https://www.sec.gov/Archives/edgar/data/19617/000162828026029344/jpm-20260331.htm and JPMorgan Chase & Co.'s website: https://www.jpmorganchase.com/ir. company (JPMorgan Chase & Co.), Ticker(JPM)

Letter to Shareholders:

January 12 2024: Chairman & CEO Letter to Shareholders

""The strength of our company has allowed us to always be there for clients, governments and communities - in good times and in bad times - and this strength has enabled us to continually invest in building our business for the future.""

Jamie Dimon, Chairman & CEO of JPMorgan Chase & Co.

Dear Fellow Shareholders,

Across the globe, 2023 was yet another year of significant challenges, from the terrible ongoing war and violence in the Middle East and Ukraine to mounting terrorist activity and growing geopolitical tensions, importantly with China. Almost all nations felt the effects last year of global economic uncertainty, including higher energy and food prices, inflation rates and volatile markets. While all these events and associated instability have serious ramifications on our company, colleagues, clients and countries where we do business, their consequences on the world at large - with the extreme suffering of the Ukrainian people, escalating tragedy in the Middle East and the potential restructuring of the global order - are far more important.

As these events unfold, America's global leadership role is being challenged outside by other nations and inside by our polarized electorate. We need to find ways to put aside our differences and work in partnership with other Western nations in the name of democracy. During this time of great crises, uniting to protect our essential freedoms, including free enterprise, is paramount. We should remember that America, ""conceived in liberty and dedicated to the proposition that all men are created equal,"" still remains a shining beacon of hope to citizens around the world. JPMorgan Chase, a company that historically has worked across borders and boundaries, will do its part to ensure that the global economy is safe and secure.

In spite of the unsettling landscape, including last year's regional bank turmoil, the U.S.

JPMORGAN CHASE & CO. (JPM) Stock Dashboard [traded in US Dollars, USD] End-of-Day Fri, Jun 12

http://www.jpmorganchase.com

Last$320.70

52-Week Price Range$257.70 - $334.16

Ave Daily Volume7,155,860 shares

Today's Volume [VI]5,312,833 [0.7]

Market Cap$873 billion

ExchangeNYSE [New York, BATS]

P/E15.3

EPS (FY2025)$20.05

EPS Growth (Q1 2026 vs Q4 2025)28.2%

Shares Outstanding2,722,000,000

Institutional Ownership% of shares outstanding 61.9%

JPM in IndicesS&P 500 [of 500 stocks]

Dividend Yield % (TTM)1.84%

DPS (past 12 months)$5.55 or 555c

SectorBank [Rank by MCap 1 of 42 stocks]

PV$1000 (1 yr) and TRS$1,243; 21.9%

VI* Volume Index = Number of shares traded today/Average number of shares traded per day.

A year ago the JPMorgan Chase & Co. share price was $263.13. $1,000 would have bought 3.8 JPMorgan Chase & Co. shares on that day. Those 3.8 Shares would be worth $1,219 at today's share price of $320.70. PV$1000= $1,219.

Source: New York Stock Exchange: https://www.nasdaq.com/market-activity/stocks/JPM, company (JPMorgan Chase & Co.), Ticker(JPM)

Primary Exchange and Other Listings: Trading Currency and Volume

ExchangeTickerCurrencyLastADVTVol % of TotalToday's VI

New YorkJPMUSD320.77,660,56899.60.7

Buenos AiresJPMARS31,34013,6650.31.3

Total100.00

1 USD= 1,428.5714 ARS [Argentine Peso]

Friday's price up

JPMorgan Chase & Co. (NYSE:JPM) hits four-month high

NEW YORK, Friday, June 12 2026 - JPMorgan Chase & Co.'s (NYSE: JPM $320.70) stock price traded at its 121-day high of $321.30. The last time the price hit that high level was on Wednesday, Feb 11, 2026. JPMorgan Chase & Co.'s stock price climbed $7.28 (2.3%) from Thursday's close of $320.70. Compared with the S&P 500 Index which rose 23.3 points (0.3%) in the day, the relative price increase was 2.0%. There were 5,312,833 shares worth $1.7 billion traded today; the volume was 0.7 times the average daily trading volume of 7.2 million shares.

DATA & ARCHIVE DOWNLOAD CENTER

JPM: EXPORT DATA TO EXCEL:

+ PRICE VOLUME - 5-YEAR HISTORY

+ SHAREHOLDERS - COMPLETE LIST OF 5008 INSTITUTIONS

+ PEER COMPARISON

JPM: OTHER INFORMATION:

+ PRICE VOLUME CHARTS

+ SEC FILINGS

+ INSIDER OWNERSHIP AND SELLING IN THE PAST 10 YEARS

+ BOARD OF DIRECTORS

INDEX

SECTION 1 THE PAST QUARTER: SEC FILINGS

SECTION 2 THE PAST QUARTER: ANALYST RATINGS

SECTION 3 THE PAST YEAR: PRESS RELEASES

SECTION 4 RECENT NEWS

SECTION 5 JPMORGAN CHASE & CO. 10-Q: 12 CONSEQUENTIAL MANAGEMENT DECISIONS

SECTION 6 TODAY'S BULLISH SIGNALS

SECTION 7 ONGOING BULLISH PARAMETERS

SECTION 8 TODAY'S BEARISH SIGNALS

SECTION 9 ONGOING BEARISH PARAMETERS

SECTION 10 CORPORATE PROFILE

SECTION 11 BANK METRICS

SECTION 12 JPMORGAN CHASE & CO. PREFERRED SHARES

SECTION 13 STOCK IDENTIFIERS

SECTION 1 THE PAST QUARTER: SEC FILINGS

1.1 The Past Quarter: SEC Filings

http://www.buysellsignals.com/bst/01299196101120626832

SECTION 2 THE PAST QUARTER: ANALYST RATINGS

2.1 Analyst Recommendations: Past 58 days

2026BrokerageCurrent RatingPrev TargetPrice Target

May 04HSBCHold288312

Apr 17EvercoreOutperform320340

Apr 15Jefferies Financial GroupHold310320

Apr 15ArgusBuy340355

Apr 15Truist FinancialHold323332

Since December 17, JPMorgan Chase & Co. has had thirty-five analyst rating changes with twenty-five being upgrades. JPMorgan Chase & Co. is up 2.8% since December 17.

SECTION 3 THE PAST YEAR: PRESS RELEASES

http://www.buysellsignals.com/bst/01599196101120626832

SECTION 4 RECENT NEWS

Recent News 1 of 10, Source: HourlyBusinessNews

June 11 2026: JPMorgan's Dimon Foresees Robust Growth Trajectory for Mexico's Economy

JPMorgan Chase & Co. CEO Jamie Dimon has expressed optimism about Mexico's long-term economic growth, emphasizing the country's favorable conditions for investment. Speaking to the Mexican business community after a meeting with President Claudia Sheinbaum, Dimon noted that Mexico's integration with the United States positions it strategically for significant foreign direct investment, which is projected to reach US$50 billion annually. On 11th June 2026, he highlighted Mexico's potential across various sectors, including energy, technology, and digital infrastructure.

Dimon remarked that the realization of this potential hinges on enhancing the rule of law and providing regulatory certainty to attract long-term capital investments. He stressed the necessity for consistent cross-border trade policies, particularly in light of the upcoming review of the United States-Mexico-Canada Agreement (USMCA). The CEO pointed out the importance of vigilant oversight against any circumvention of tariffs through Mexican supply chains, particularly with regard to Chinese imports.

The J.P. Morgan Chase chief underscored the long-term opportunity Mexico holds, likening his confidence in the country to a solid investment. ""I would be willing to buy an ETF or a Mexican fund, hold it for 10 years, and I guarantee you it will perform well,"" he stated, reinforcing his commitment to supporting Mexico's infrastructure and industrial growth. Felipe Garcia Moreno, head of J.P. Morgan in Mexico, corroborated this view by reporting that foreign direct investment has consistently exceeded US$40 billion annually, with a noticeable increase in mergers and acquisitions involving U.S. firms.

Despite his optimistic outlook for Mexico, Dimon cautioned that the global financial landscape presents challenges that cannot be overlooked. He noted that geopolitical tensions, including the war in Ukraine and conflicts in the Middle East, could reshape economic dynamics and impact market valuations. Dimon pointed out that while optimism persists, financial markets might be underestimating the risks involved, which could lead to increased financing costs and elevated interest rates due to rising demand for capital.

In his concluding remarks, Dimon urged businesses and policymakers to focus on productivity and execution rather than succumbing to uncertainty. He reiterated the importance of finalizing trade agreements to foster stability and growth. Following this high-profile discussion, President Sheinbaum highlighted the strategic significance of aligning Mexico's economic priorities with the investment strategies of one of Wall Street's largest financial institutions, underscoring the collaborative potential between J.P. Morgan and Mexico.

Recent News 2 of 10, Source: HourlyBusinessNews

June 10 2026: JPMorgan Chase's Jamie Dimon Discusses Economic Outlook with Mexico's President

In a significant meeting aimed at strengthening economic ties, Jamie Dimon, chairman and CEO of JPMorgan Chase & Co., met with Mexican President Claudia Sheinbaum on the 11th of June 2026. The closed-door session, held at the National Palace, focused on Mexico's economic outlook and the vital role of North American trade.

Details from the meeting remain sparse, but President Sheinbaum shared insights on her social media platform, highlighting the favorable economic conditions in Mexico and the importance of collaboration within the North American trade framework. JPMorgan Chase, with its assets valued at US $3.2 trillion, plays a crucial role in global financial markets and is positioned to support Mexico's economic ambitions.

Earlier this year, Jamie Dimon outlined an ambitious strategy for JPMorgan Chase aimed at bolstering the U.S. economy and national security. In his annual letter to shareholders, he emphasized the necessity of mobilizing over one trillion dollars in investments over the next decade, with a focus on sectors critical to U.S. competitiveness, including infrastructure, energy, and technology.

The backdrop of U.S. trade tariffs and the ongoing review of the United States-Mexico-Canada trade agreement (USMCA) adds complexity to Mexico's economic landscape. While Mexico and Canada have sought an extension of the USMCA, recent comments from President Trump have raised uncertainties about the agreement's future.

Despite these challenges, the Sheinbaum administration's Plan Mexico investment strategy has garnered interest from various investors, promoting nearshoring activities that could bolster economic growth. As JPMorgan Chase continues to navigate these dynamics, its partnership with Mexico may prove pivotal in fostering resilience and growth in the region.

Recent News 3 of 10, Source: HourlyBusinessNews

June 10 2026: JPMorgan Secures Temporary Restraining Order Against Morgan Stanley Advisors

JPMorgan Chase & Co. has successfully obtained a temporary restraining order (TRO) from a New York state court, effectively barring two former brokers from soliciting clients they had engaged with during their tenure at the firm. This ruling came on 11th June 2026, as JPMorgan's legal team argued that the brokers, Christopher J. Lee and Joseph S. Minaudo, had managed $1.85 billion in assets across 1,350 client households before their recent transition to Morgan Stanley in late May.

The court's order prevents Lee and Minaudo from reaching out to clients representing a total of $84 million in assets who have already begun to follow them to Morgan Stanley. According to JPMorgan's claims, the duo had been aggressively soliciting their former clients, offering incentives such as exclusive access to initial public offerings and enhanced financial benefits, which they described as a 'full court press'. This aggressive client acquisition effort has raised concerns within JPMorgan regarding the potential loss of valuable client relationships.

The ruling was handed down by New York County Supreme Court Judge Lyle E. Frank, who acknowledged JPMorgan's concerns. Under the regulations set by the Financial Industry Regulatory Authority (FINRA), brokerages must secure a TRO to expedite arbitration for damages and seek a permanent injunction within 15 days. Legal experts note that such cases often lead to settlements or mediation before the hearings occur, which could be a possibility in this situation.

Jonathan Thau, the attorney representing Lee and Minaudo, expressed confidence in their case, asserting that the brokers had adhered to their employment contracts and industry best practices. He emphasized that the allegations made by JPMorgan were unfounded, pointing out that the bank had included sensitive information in its court documents, which was later redacted. This incident reflects the contentious nature of such legal disputes in the finance sector, particularly when high-profile teams transition between firms.

The departure of Lee and Minaudo, previously celebrated by JPMorgan as part of its successful advisory teams, raises questions about the firm's retention strategies. While JPMorgan allows traditional brokers at J.P. Morgan Advisors to solicit clients when moving to another firm within the Protocol, it restricts its private client advisors from similar practices. This case underscores the ongoing challenges facing financial institutions in maintaining client loyalty amidst competitive recruiting practices from rival firms like Morgan Stanley.

Recent News 4 of 10, Source: HourlyBusinessNews

June 10 2026: JPMorgan's Lake Predicts Slow Adoption of Agentic Commerce

Marianne Lake, CEO of JPMorgan Chase's consumer and community banking division, expressed skepticism regarding the swift adoption of agentic commerce during her recent address at a Morgan Stanley investor conference. On 10th June 2026, she highlighted the rapid acceptance of artificial intelligence platforms in streamlining the search and discovery process for online purchases, attributing this momentum to their ability to reduce friction for users.

However, Lake cautioned that this trend has not yet translated into the transactional phase of online shopping, where AI agents would autonomously make purchases on behalf of consumers. She emphasized that trust and security will play critical roles in this evolution, stating, ""When people are moving money, things change. Trust and security matter even more."" This sentiment indicates that consumers may be hesitant to delegate purchasing decisions to AI agents in the near future.

Lake emphasized the importance of preserving customer protections and payment preferences as JPMorgan Chase explores agentic-enabled commerce. The bank is focused on ensuring human oversight remains in critical transactions and that transparency exists regarding agent actions. She stated, ""We have to establish a liability framework that works if an agent makes a mistake,"" underscoring the complexities involved in integrating AI within the consumer payment ecosystem.

In the context of travel arrangements, Lake noted that while discovery remains challenging, JPMorgan's data capabilities and partnerships could play a vital role in simplifying the process for customers. The bank plans to pilot a consumer-facing AI travel agent before the end of the year, with Lake affirming that identifying problems to solve will be key to achieving rapid scaling in this area.

As JPMorgan navigates the evolving landscape of AI-driven commerce, Lake recognized the dual nature of competition. While AI reduces barriers to entry, allowing fintechs and new entrants to innovate quickly, it also empowers JPMorgan to modernize its operations and respond swiftly to market demands. She mentioned that the bank continues to strive for a 15% share of U.S. consumer deposits by expanding into new markets and enhancing its offerings, while remaining vigilant against competitive threats.

Recent News 5 of 10, Source: HourlyBusinessNews

June 10 2026: JPMorgan's Strategic Investment in Charm Industrial Signals Carbon Market Maturity

JPMorgan Chase & Co. is making strides in the evolving carbon removal market through a new agreement with Charm Industrial. This deal, which was finalized on the 10th of June, 2026, marks a pivotal moment as carbon removal transitions from pilot projects to scalable solutions. Under the terms of the agreement, JPMorgan will purchase 61,500 metric tons of carbon removal credits from Charm Industrial, while also providing financial support aimed at expanding the company's operational capacity.

The JPMorgan-Charm Industrial partnership underscores a significant trend among large financial institutions that increasingly view carbon removal as both a climate solution and a burgeoning market opportunity. As companies worldwide gear up to meet net-zero targets, the demand for high-quality carbon removal credits continues to surge. Taylor Wright, Head of Operational Sustainability at JPMorgan Chase, emphasized the importance of this purchase, stating it reflects the bank's maturing portfolio and commitment to impactful carbon removal solutions.

Carbon dioxide removal (CDR) differs from traditional carbon offsets, focusing on the permanent extraction of CO2 from the atmosphere. Experts agree that emissions reductions alone will not suffice to meet global climate objectives. The Intergovernmental Panel on Climate Change warns that achieving a global temperature increase limited to 1.5degC will necessitate large-scale carbon removal efforts. Current global demand for engineered carbon removals is still below 10 million metric tons annually, while overall removals, primarily from forestry, are at 2.2 billion tons. Projections indicate that demand could reach billions of tons annually by mid-century, particularly from hard-to-decarbonize sectors such as aviation and steel.

The JPMorgan-Charm agreement aligns with the bank's broader climate strategy, which includes a commitment to net-zero emissions by 2050 and a pledge to finance over $2.5 trillion in sustainable development initiatives by 2030. The structure of the deal is noteworthy; rather than solely purchasing carbon credits, JPMorgan is also facilitating future production capacity. This model provides developers with essential capital while ensuring buyers have access to a reliable supply of carbon removal credits. Peter Reinhardt, CEO of Charm Industrial, highlighted the validation this partnership offers for building the necessary infrastructure for a permanent carbon removal industry.

As corporate demand for carbon removal rises, particularly among technology companies, the gap between supply and demand remains a critical issue. With analysts estimating that demand could skyrocket to 100 million metric tons per year by 2030, the current market is only a fraction of that potential. The financing aspect of the JPMorgan-Charm deal is vital, as carbon removal projects require substantial upfront investments. Innovative financing models are emerging, resembling the early days of renewable energy, which could catalyze the next wave of growth in this sector. Overall, the JPMorgan-Charm Industrial agreement illustrates the transition of carbon removal from a niche solution to a more established and investable market.

Recent News 6 of 10, Source: HourlyBusinessNews

June 09 2026: JPMorgan Strengthens AI Strategy with Nomura's Tahir Zafar Hire

JPMorgan Chase & Co. is set to enhance its artificial intelligence capabilities with the hiring of Tahir Zafar, the international head of AI strategy at Nomura Holdings. Zafar will join JPMorgan in July 2026 after completing a period of gardening leave, marking another significant addition to the bank's AI team in less than a year.

This recruitment is noteworthy as it represents JPMorgan's second senior poach from Nomura's AI division, following the hiring of Deep Thomas in August 2025. Zafar's rapid ascent at Nomura, where he was appointed international head of AI strategy in March 2025 after joining in late 2023, reflects his strong background in both technology and business.

With a career that includes stints at PwC and Accenture, Zafar has advised leading banking institutions on digital transformation strategies. His academic credentials include degrees in Computer Science and an MBA from the University of Oxford, equipping him with the skills needed to navigate the evolving landscape of financial services.

JPMorgan CEO Jamie Dimon has consistently emphasized the transformative potential of artificial intelligence, and Zafar's appointment aligns directly with this vision. By acquiring top AI talent, JPMorgan aims to enhance its productivity and service delivery across its vast operations, ensuring it remains competitive in the rapidly changing financial environment.

The implications of this hire extend beyond JPMorgan. For Nomura, the loss of two key AI strategists to a rival raises concerns regarding retention and compensation strategies within its technology division. While Zafar has a history in blockchain and crypto topics, his role at JPMorgan will primarily focus on broader AI strategy across various business lines rather than just digital assets.

Recent News 7 of 10, Source: HourlyBusinessNews

June 09 2026: JPMorgan's Executive Highlights Consumer Vigilance Amid Inflation Concerns

JPMorgan Chase & Co. is maintaining a vigilant stance regarding consumer health, as concerns over inflation continue to loom. On 9th June 2026, Marianne Lake, CEO of the bank's consumer and community banking division, addressed these issues during her remarks at the Morgan Stanley U.S. Financials Conference in New York City.

Lake noted that while U.S. consumers have shown resilience and spending remains solid, there is a diminishing segment of the population for whom wage growth is failing to keep pace with rising inflation. ""You're not seeing anything right now, but you are being very, very watchful. If inflation were to be higher for longer, this sort of trend of wages keeping up with inflation could be at some risk,"" Lake stated, emphasizing the need for caution.

The context of these remarks comes as U.S. inflation has surged at its fastest rate in three years, largely driven by escalating energy prices related to geopolitical tensions. This inflationary environment is eroding household incomes and has the potential to stifle consumer spending and overall economic growth. Lake's commentary aligns with insights shared by Goldman Sachs CEO David Solomon, who indicated a possible shift in consumer behavior in the latter half of 2026 if inflation remains elevated.

Lake further highlighted that the financial buffers that consumers had established during the pandemic have now normalized, resulting in a reduced capacity to absorb future economic shocks. She pointed out that while the unemployment rate remains low, there is a noticeable softening in labor demand. ""While the unemployment is low, demand for labor is a little softer,"" she remarked, underscoring the evolving labor landscape.

Despite these challenges, Lake expressed optimism regarding JPMorgan's product demand, forecasting that loan growth in 2026 is expected to outpace industry averages. She also mentioned that higher tax refunds and lower tax bills have somewhat mitigated the impact of rising energy costs, particularly for lower-income customers, who have spent approximately 20% to 25% of their incremental funds resulting from tax refunds in the early months of increased energy prices. ""So time is a big vector here,"" she concluded.

Recent News 8 of 10, Source: HourlyBusinessNews

June 09 2026: JPMorgan Chase Surpasses Mizuho as SoftBank's Leading Lender

JPMorgan Chase & Co. has emerged as the primary lender to SoftBank Group, surpassing Mizuho Bank in a significant shift in financing dynamics. The transition comes as SoftBank intensifies its investments in the artificial intelligence sector, seeking to capitalize on the burgeoning opportunities presented by AI technologies.

On 9th June 2026, reports indicated that JPMorgan's longstanding relationship with SoftBank's Chairman and CEO, Masayoshi Son, has played a pivotal role in this development. The collaboration reflects not only a strategic partnership but also an alignment of interests in the rapidly evolving tech landscape, where SoftBank aims to position itself at the forefront of AI innovation.

JPMorgan Chase's support is particularly crucial as SoftBank embarks on ambitious projects, including a planned $88 billion AI data hub in France and the development of homegrown AI initiatives. This funding is expected to bolster SoftBank's capabilities as it competes with major players in the tech industry, including Google and Microsoft.

The shift to JPMorgan as the leading lender also highlights a broader trend in investment strategies among financial institutions, where banks are increasingly focusing on companies involved in cutting-edge technologies. With SoftBank's recent decision to enter the battery business to support its AI data centers, the financial backing from JPMorgan may provide a competitive edge in a market characterized by rapid technological advancements.

As SoftBank seeks to leverage its investments to enhance profitability, JPMorgan Chase's involvement may signal a growing confidence in the tech giant's strategic direction. Investors will be keenly observing how this partnership unfolds, as it could set a precedent for future financing arrangements within the technology sector.

Recent News 9 of 10, Source: HourlyBusinessNews

June 09 2026: JPMorgan Unveils Advanced AI Agents for Extended Autonomous Operations

JPMorgan Chase & Co. is set to launch upgraded artificial intelligence (AI) agents later this year, capable of operating autonomously for hours without requiring human input. This significant development, noted on 10th June 2026, indicates that the technology is nearing the resolution of security and governance challenges that have historically impeded adoption within large enterprises.

Derek Waldron, JPMorgan's chief analytics officer, emphasized the transformative potential of these AI agents, stating, ""We've entered now the era of long-running autonomous agents."" Unlike previous iterations that could only execute tasks for short durations, these upgraded agents can function for extended periods, potentially running for one to two hours without human oversight. This shift could redefine operational efficiency in banking and investment management.

As the largest U.S. bank by assets, JPMorgan boasts a nearly $20 billion annual technology budget, which it is leveraging to enhance its capabilities in private banking. Early results are promising; the firm has reported a 20% increase in private banking gross sales attributed to AI tools, with expectations that individual bankers could expand client coverage by as much as 50%. These improvements are largely facilitated by AI systems that analyze market activity and client positions to optimize banker-client interactions.

Waldron further elaborated on the evolving capabilities of these AI agents, suggesting that future models could serve as team managers rather than individual workers, allowing for more complex problem-solving. This evolution aligns with trends in the financial services sector, where firms like Anthropic are also introducing AI agents, and collaborations among Wall Street giants such as Blackstone and Goldman Sachs are forming to explore AI services.

While JPMorgan is making strides in the AI space, competitors like Robinhood are also venturing into autonomous trading, albeit at a more cautious pace. Robinhood's chief brokerage officer, Steve Quirk, noted that their AI agents currently focus on equity trading, with aspirations to expand across asset classes. However, the regulatory landscape remains a barrier to broader AI implementation in financial advising, as highlighted by TradePMR's Robb Baldwin, who pointed out that current regulations prevent registered investment advisors from using AI agents to manage client funds.

Recent News 10 of 10, Source: HourlyBusinessNews

June 09 2026: JPMorgan Chase Unveils New Digital Tools for Small Businesses

JPMorgan Chase & Co. has announced an expansion of its digital hub for small businesses, introducing new tools aimed at helping entrepreneurs manage and grow their operations more effectively. The enhancements were detailed in a release on 10th June 2026, showcasing features designed to bring business credit visibility and customer analytics into a single platform.

The new capabilities include the launch of Business Credit Journey , a complimentary tool that enables business owners to monitor their credit scores and understand the factors that influence them. Chase aims to simplify the process of managing business credit, allowing users to track their progress and make informed decisions regarding financing opportunities. This initiative is part of a broader strategy by Chase to offer services that extend beyond traditional banking.

In addition to credit monitoring, Chase has expanded its Customer Insights analytics tool, providing business owners with valuable data on customer behavior and local market trends. Initially available to Chase Payment Solutions clients, this feature is now accessible to small business credit card customers, enhancing their ability to make data-driven decisions. Chase's focus on integrating analytics into its offerings reflects a commitment to supporting small businesses in navigating a complex market environment.

Jameson Troutman, Head of Product for Chase for Business, emphasized the importance of practical solutions that empower small business owners to respond to challenges and seize growth opportunities. With insights into credit and customer behavior now centralized, Chase is positioning itself as a vital partner for small businesses looking to thrive in a competitive landscape.

These developments come as Chase continues to invest significantly in its small business services, aiming to provide a comprehensive digital experience that encompasses banking, payments, cash flow management, and more. As of March 31, 2026, Chase serves nearly 87 million consumers and 7.5 million small businesses across the United States, reinforcing its status as a leading financial services firm.

SECTION 5 JPMORGAN CHASE & CO. 10-Q: 12 CONSEQUENTIAL MANAGEMENT DECISIONS

http://www.buysellsignals.com/bst/01499196101120626832

SECTION 6 TODAY'S BULLISH SIGNALS

6.1 PAST WEEK: WEAK MOMENTUM UP

JPM increases 2.6% on thin volume 0.8 times average. Compared with the S&P 500 Index which rose 33.9 points (or 0.5%) in the week, the relative price increase was 2.2%.

Week 24 of 2026: Up 2.6%; JPMorgan Chase & Co. (JPM) outperformed the S&P 500 Index in 3 out of 5 days. The price ranged between a high of $320.70 on Friday Jun 12 and a low of $309.14 on Wednesday Jun 10.

JunJPMorgan Chase & Co.Close [$]Change %Comment

Fri 12Hits four-month high320.72.3Top Rise; RPC=2.0%

Thu 11Lifts 1.4% on below average volume313.431.4Price rise on beating relative strength

Wed 10Loses $9 billion (1.1%) in MCap, steepest heavyweight fall in Bank sector309.14-1.1Steepest Fall

Tue 09Increases $1.48 on below average volume, hits 49-day high312.540.5Price/MAP50 above 1 and rising

Mon 08Shares fall 0.4%311.11-0.4Price fall on slipping relative strength

* RPC - Relative Price Change is % price change of stock less % change of the S&P 500 Index.

6.2 Rank in the top 15% by Relative Valuation in the NYSE market

DescriptionValueRank

Earnings Yield %6.5In Top 15%

Source: JPMorgan Chase & Co.'s, 10-K filing dated February 13, 2026, available at the U.S. Securities and Exchange Commission website: https://www.sec.gov/Archives/edgar/data/19617/000162828026008131/jpm-20251231.htm and JPMorgan Chase & Co.'s website: https://www.jpmorganchase.com/ir. company (JPMorgan Chase & Co.), Ticker(JPM)

6.3 Rank in the top 23% by Price Performance in the NYSE market

DescriptionValueRank

1-month Price Change %6.2In Top 22%

Price/MAP501.05In Top 23%

Source: JPMorgan Chase & Co.'s, 10-K filing dated February 13, 2026, available at the U.S. Securities and Exchange Commission website: https://www.sec.gov/Archives/edgar/data/19617/000162828026008131/jpm-20251231.htm and JPMorgan Chase & Co.'s website: https://www.jpmorganchase.com/ir. company (JPMorgan Chase & Co.), Ticker(JPM)

6.4 Uptrend

The stock traded at a six-month high of $321.30 today.

Today's Volatility:

The 4% discount to 12-month high of $334.16 against the 24% premium to 12-month low of $257.70 suggests the stock continues to push for new highs.

Price/Moving Average Price of 1.1 and positive MACD:

- The Price/MAP 200 for JPMorgan Chase & Co. is 1.1. Being higher than 1 is a bullish indicator. It is higher than the Price/MAP 200 for the S&P 500 Index of 1.08, a second bullish indicator. The stock is trading above both its MAPs and the 50-day MAP of $306.70 is higher than the 200-day MAP of $292.67, a third bullish indicator. The 200-day MAP has increased to $292.67, a fourth bullish indicator.

- The Moving Average Convergence Divergence (MACD) indicator of 12-day Exponential Moving Average (EMA) of 309.7 minus the 26-day EMA of 306.88 is positive, suggesting a bullish signal. Both the 12-day EMA as well as the 26-day EMA are rising, another bullish signal.

Past Quarter:

- The shares had their best quarter in three quarters since the quarter ended September 12, 2025.

The Best 3 weeks in the past quarter

The past month witnessed the best 2 weeks in the past quarter. In the past quarter the week beginning Monday April 06 saw the highest weekly rise of 5.7% for a relative price increase of 2.1%.

Mon-FriChange %S&P 500 Index Change %Vol Ind [1 is avg]

Apr 06-105.73.60.8

Jun 01-054.3-2.60.7

May 18-222.90.90.6

6.5 Other Bullish Signals

- Return on Equity of 15.7% versus sector average of 11.6% and market average of 14.0%.

MCap/Total Assets:

- Tobin's Q Ratio, defined as MCap divided by Total Assets, is 0.2. Compared with the rest of the market the stock is undervalued and ranks in the top 8% of stocks by value of Q Ratio.

Source: JPMorgan Chase & Co.'s, 10-K filing dated February 13, 2026, available at the U.S. Securities and Exchange Commission website: https://www.sec.gov/Archives/edgar/data/19617/000162828026008131/jpm-20251231.htm and JPMorgan Chase & Co.'s website: https://www.jpmorganchase.com/ir. company (JPMorgan Chase & Co.), Ticker(JPM)

Source: New York Stock Exchange: https://www.nasdaq.com/market-activity/stocks/JPM, company (JPMorgan Chase & Co.), Ticker(JPM)

SECTION 7 ONGOING BULLISH PARAMETERS

7.1 Past four-years

- JPMorgan Chase & Co. rose for a fourth consecutive year. In the past four years it has risen $212.66 (196.8%).

7.2 Rank in the top 99% by Liquidity in the NYSE market

DescriptionValueRank

Ave daily turnover$2.1 billionIn top 99%

Source: JPMorgan Chase & Co.'s, 10-K filing dated February 13, 2026, available at the U.S. Securities and Exchange Commission website: https://www.sec.gov/Archives/edgar/data/19617/000162828026008131/jpm-20251231.htm and JPMorgan Chase & Co.'s website: https://www.jpmorganchase.com/ir. company (JPMorgan Chase & Co.), Ticker(JPM)

7.3 Past quarter momentum up: JPMorgan Chase & Co. surges 14% on below average volume 0.8 times average.

Past month toHighLowVWAPVolume Index *

12 Jun 2026321.30293.67303.940.8

12 May 2026320.24295.55309.020.9

10 Apr 2026311.26277.68291.660.8

[*Volume Index of 0.8 means volume for the month was 0.8 times its 12-month average]

[VWAP is defined as the Volume Weighted Average Price; High Low prices and VWAP are shown in USD]

7.4 Present Value of $1000 Invested in the Past [3 Mo, 1 Yr, 3 Yrs]; The Best Periods with PV$1000 > 1,144

PV$1,0003 mo ago1 yr ago3 yrs ago

JPM.NYSE$1,145$1,243$2,614

Bank sector$1,164$1,283$1,927

S&P 500 Index$1,117$1,227$1,710

7.5 The Best Periods [3 Mo, 3 Yrs] with Price Change % > 13.8

3-Year price change of 143.5% for JPMorgan Chase & Co. outperformed the change of 72.5% in the S&P 500 Index for a relative price change of 71%.

Price Change %Quarter3 Years

JPMorgan Chase & Co.13.9143.5

Bank sector15.891.9

S&P 500 Index11.872.5

7.6 Moving Annual Return of 24.1% in the past year:

Moving Annual Return was 24.1% in the past year. Based on a dynamic start date of 5 years ago, the real rate of return has averaged 23.5%. The Moving Annual Return has been positive in 4 of the last 5 years.

JPMClose ($)Dividends ($)Capital Gain / (Loss) %% YieldAnnual Return %

Jun 12320.75.921.92.224.1

1 Yr ago263.135.0541.22.743.9

2 Yrs ago186.334.2541.53.244.7

3 Yrs ago131.7421.93.725.6

4 Yrs ago108.043.9(23.5)2.8(20.8)

Close 5 years ago $141.27

7.7 MCap: 5-Year Increase of $384 B (78%)

In the past 5 years Market Capitalization has increased by $383.8 billion (78%) from $489.1 billion to $873 billion. Based on a dynamic start date of 5 years ago, there has been only 1 decline in MCap over the last 5 years.

PriceMCap ($ B)

Last$320.70873

1 Year ago$263.13745.7

2 Years ago$186.33557.8

3 Years ago$131.70415

4 Years ago$108.04351.5

5 Years ago$141.27489.1

7.8 Created Market Value [CMV] past 18 yrs of $362.3 billion

- Market Capitalization has increased by $723.7 billion from $149.3 billion to $873 billion in the last 18 years. This increase comprises cumulative retained earnings (RETE) of $361.3 billion and Created Market Value of $362.3 billion. The Created Market Value multiple, defined by the change in MCap for every $1 of retained earnings is exemplary at $2.0.

7.9 Sequential growth in EPS [Q1/2026 vs Q4/2025] of 28.2%:

The most recent quarter (Q1/2026) showed a rise of 28.2% in sequential growth of Quarterly EPS.

Quarterly ReportEPS ($)Growth %

Q1/20265.9528.2

Q4/20254.64-8.7

Source: JPMorgan Chase & Co.'s, 10-Q filing dated May 01, 2026, available at the U.S. Securities and Exchange Commission website: https://www.sec.gov/Archives/edgar/data/19617/000162828026029344/jpm-20260331.htm and JPMorgan Chase & Co.'s website: https://www.jpmorganchase.com/ir. company (JPMorgan Chase & Co.), Ticker(JPM)

7.10 Annualised Period-based Total Shareholder Returns [TSR %]: The Best Periods with TSR > 14%

TSR %1 yr3 yrs5 yrs10 yrs20 yrs

JPM.NYSE24.237.32122.214.1

7.11 A 79.1% Decrease in Insider Selling

In the past 5 years a total of 3,814,143 JPMorgan Chase & Co. shares worth $877.6 million were sold by insiders. Based on a dynamic start date of 5 years ago, insider selling has averaged 762,829 shares per year. In the past year, insiders sold 378,518 shares, a decrease of 79.1% from the previous year.

YearNo. of SharesValue, $

Jun 12, 2026378,518116,178,605

1 Yr ago1,811,326481,579,852

2 Yrs ago1,270,257231,475,135

3 Yrs ago289,15338,728,196

4 Yrs ago64,8899,631,050

Total3,814,143877,592,838

Source: U.S. Securities and Exchange Commission (SEC Form 4) https://www.sec.gov/edgar/browse/?CIK=19617, company (JPMorgan Chase & Co.), Ticker(JPM)

7.12 Increased VWAP, up 126% in 5 years

In the past five years Volume Weighted Average Price (VWAP) has increased by 125.7% to $299.10. Based on a dynamic start date of five years ago, there have been declines in VWAP in 2 out of 5 years.

Past five years, 12 months ended Jun 12 (USD)

YearHigh PriceVWAPLow Price

2026334.16299.1257.7

2025273.22226.75183.0

2024197.38157.58128.07

2023133.9116.5693.17

2022154.23132.53103.95

7.13 Increased share turnover, up 19% in 5 years

In the past five years, average daily share turnover has increased 18.7% to $2.1 billion. This suggests increased liquidity.

Past five years, 12 months ended Jun 12 (USD billion)

YearAverage Daily Turnover

20262.1

20252.1

20241.5

20231.4

20221.8

7.14 Year-over-year (%) Change in Dividend:

Quarterly dividend for Q1/2026 was $1.50, unchanged from $1.50 in Q4/2025. The year-on-year change was up 7.1% from $1.40 in the previous corresponding period Q1/2025.

QuarterQ1/2025Q4/2025Q1/2026

Dividend ($)1.41.51.5

Source: New York Stock Exchange: https://www.nyse.com/ex-date-dividends, company (JPMorgan Chase & Co.), Ticker(JPM)

Source: New York Stock Exchange: https://www.nasdaq.com/market-activity/stocks/JPM, company (JPMorgan Chase & Co.), Ticker(JPM)

SECTION 8 TODAY'S BEARISH SIGNALS

8.1 Downtrend

Trailing Relative Strength (6 months) at 33 percentile:

- The stock has a 6-month relative strength of 33 in the NYSE market of 1,851 stocks, 33 ADRs and 13 preference stocks which means it has underperformed 67% of the market.

8.2 Overbought/Bearish/Resistance Signals:

- At $320.70 the price has risen above the upper Bollinger band resistance of $318.80, indicating a downside risk for it to fall back within the band.

- The stock is overbought according to the Williams % R indicator of -2.3, suggesting the price is close to its 14-day high of $321.30.

Source: New York Stock Exchange: https://www.nasdaq.com/market-activity/stocks/JPM, company (JPMorgan Chase & Co.), Ticker(JPM)

SECTION 9 ONGOING BEARISH PARAMETERS

9.1 Rank in the bottom 2% by Growth in the NYSE market

DescriptionValueRank

EPS Growth %1.3In Bottom 2%

Source: JPMorgan Chase & Co.'s, 10-K filing dated February 13, 2026, available at the U.S. Securities and Exchange Commission website: https://www.sec.gov/Archives/edgar/data/19617/000162828026008131/jpm-20251231.htm and JPMorgan Chase & Co.'s website: https://www.jpmorganchase.com/ir. company (JPMorgan Chase & Co.), Ticker(JPM)

9.2 P/E/G > 1

The price earnings ratio of 15.3 divided by trailing twelve months eps growth of 1.3% corresponds to P/E/G of 11.7 times.

EPS Growth (%)1.3

P/E/G11.7

P/E15.3

Source: JPMorgan Chase & Co.'s, 10-K filing dated February 13, 2026, available at the U.S. Securities and Exchange Commission website: https://www.sec.gov/Archives/edgar/data/19617/000162828026008131/jpm-20251231.htm and JPMorgan Chase & Co.'s website: https://www.jpmorganchase.com/ir. company (JPMorgan Chase & Co.), Ticker(JPM)

9.3 Declining Volume, down 47% in 5 years

In the past five years, Average Daily Volume of Trading (ADVT) has decreased 47.0% to 7.2 million shares.

Avg. Daily Volume Traded 12 months ended Jun 12, million shares

YearADVT

20267.2

20259.5

20249.2

202312.2

202213.5

9.4 Satisfies 3 out of 9 criteria of Joseph Piotroski [pass mark 5]:

- Positive net income.

- Improvement in current ratio from 3.9 to 4.0.

- Reduction in total shares on issue.

But does not meet the following 6 criteria of Joseph Piotroski:

- Return on Assets improvement.

- Positive operating cashflow.

- Good quality of earnings [operating cashflow exceeds net income].

- Improvement in long-term debt to total assets.

- Improvement in gross margin.

- Improvement in asset turnover.

Source: JPMorgan Chase & Co.'s, 10-K filing dated February 13, 2026, available at the U.S. Securities and Exchange Commission website: https://www.sec.gov/Archives/edgar/data/19617/000162828026008131/jpm-20251231.htm and JPMorgan Chase & Co.'s website: https://www.jpmorganchase.com/ir. company (JPMorgan Chase & Co.), Ticker(JPM)

Source: New York Stock Exchange: https://www.nasdaq.com/market-activity/stocks/JPM, company (JPMorgan Chase & Co.), Ticker(JPM)

SECTION 10 CORPORATE PROFILE

10.1 Activities

JPMorgan Chase & Co., a leading global financial services firm listed on the New York Stock Exchange, operates as a diversified banking institution with core activities spanning investment banking, consumer and community banking, commercial banking, and asset and wealth management. The company provides a wide range of services, including corporate financing, retail banking, credit cards, and advisory solutions, serving individuals, corporations, and governments worldwide. In recent years, JPMorgan has experienced rapid growth in its digital banking and technology-driven segments, such as mobile and online platforms, which have expanded access to financial services and enhanced customer engagement. Additionally, its asset and wealth management division has seen significant acceleration, driven by increasing demand for investment products and advisory services amid market volatility and rising investor interest in sustainable and alternative assets. This strategic focus on innovation and client-centric solutions has solidified JPMorgan's position as a resilient leader in the financial sector. It is the NYSE's largest Bank by market capitalisation.

JPMorgan Chase & Co. (NYSE:JPM) is a leading global financial services firm, offering a vast array of investment products and services, including the JPMorgan hybrid credit fund and the JPMorgan credit fund, which reinforce its prominence in the credit market space. The firm's strategic initiatives, such as the JPMorgan Asset Management hybrid credit and the innovative JPMorgan alternative credit fund, bolster its growth potential, aligning with evolving market demands. The firm's partnerships, like the Cohen & Stee rs JPMorgan partnership and the Cohen & Stee rs fund partnership, enhance its competitive edge, leveraging hybrid credit strategies and co-managed hybrid credit fund opportunities. With its robust lineup of products, including the JPMorgan Chase asset management funds and the hybrid credit ETF, JPMorgan Chase & Co. fortifies its market position, securing a leadership role in delivering tailored credit solutions and alternative investments to an institutional clientele. This strategic focus underscores its commitment to pioneering JPMorgan investment funds and dynamic credit market solutions.

10.2 Contact Details

Website: http://www.jpmorganchase.com

Physical Address: 270 Park Avenue,New York,NY,10017

Phone: +1 212 270-6000

Fax: 6823761

Email: JPMCinvestorrelations@jpmchase.com

10.3 U.S. Industry & Sector

Classification Level: Name of Sector

Economic Sector: Financials

Business Sector: Banking & Investment Services

Industry Group: Banking Services

Industry: Banks

10.4 North American Industry Classification System [NAICS]

Code: 523110

Industry Title: Investment Banking and Securities Dealing

SECTION 11 BANK METRICS

11.1 Bank Metrics (Q1/2026)

All values are in $ billion

DescriptionQ1/2026Q1/2025Change

Interest Income49.246.9Up 5%

Interest Expense23.823.6Up 1%

Net Interest Income25.423.3Up 9%

Provision2.53.3Down 24.1%

Total Non Interest Income24.522Up 11%

Total Non Interest Expense26.923.6Up 13.8%

Bank Other Revenue1.71.9Down 13.1%

Favourable Changes:

- Interest Income up 5% from $46.9b to $49.2b

- Net Interest Income up 9% from $23.3b to $25.4b

- Provision down 24.1% from $3.3b to $2.5b

- Total Non Interest Income up 11% from $22b to $24.5b

Unfavourable Changes:

- Interest Expense up 1% from $23.6b to $23.8b

- Total Non Interest Expense up 13.8% from $23.6b to $26.9b

- Bank Other Revenue down 13.1% from $1.9b to $1.7b

SECTION 12 JPMORGAN CHASE & CO. PREFERRED SHARES

PV$1000 Comparison of JPMorgan Chase & Co. Preferred Shares & Indices

PV$10001-week1-month1-year

JPM.NYSE1,0261,0621,243

S&P 500 Index1,0059961,227

SECTION 13 STOCK IDENTIFIERS

ISIN: US46625H1005

PermID: 4297129996

Central Index Key (CIK): 19617

CUSIP: 46625H100

RIC: JPM.N

LEI: 8I5DZWZKVSZI1NUHU748

Created by: www.BuySellSignals.com",99fc1f628826e0ac39b7ed826c5a14ed6108e1966fbb4c045190c1085ddbc7e0,ok,,63514,49865,0,week4_lseg_html_v1,True,True
2026-06-13 13:57:40.283,2026-06-13,2026-06-13T00:00:00,2026-06-13T23:59:59,JPM,JPM.N,R:JPM.N and Language:LEN,urn:newsml:newsroom:20260613:nNRA0vili0:0,newsroom,NS:PAKLAW,"United States Courts Opinion: United States District Court for the Eastern District of California: 26-1015 - Sharma et al v. JPMorgan Chase Bank, N.A.",,"Washington: United States District Court for the Eastern District of California has issued the following opinion:

UNITED STATES DISTRICT COURT FOR THE

EASTERN DISTRICT OF CALIFORNIA

JITENDER SHARMA, ET AL., Case 2:26-cv-01015-DJC-JDP

Plaintiff,

v. ORDER

JPMORGAN CHASE BANK, ET AL.,

Defendant.

The Court, having reviewed the Stipulation of Quality Loan Service

Corporation (“Quality”) and Plaintiffs, Jitender Sharma and Shilpi Sharma

(“Plaintiffs”), that Quality will be bound by any nonmonetary judgment and for

Quality’s nonparticipation in this Action, and good cause having been shown, the

Court hereby orders as follows:

1. Defendant Quality Loan Service Corporation shall no longer be

required to participate in this action;

2. Defendant Quality shall be bound by whatever order or judgment is

issued by this Court relating to the subject Deed of Trust or Subject Property

that is the subject of this action or proceeding, provided such order or judgment

is for non-monetary relief only;

ORDER

3. Plaintiff shall not seek and is prohibited from seeking any order or

judgment for monetary awards or damages, including attorneys’ fees or costs

against Defendant Quality Loan Service Corporation in connection with this

matter.

IT IS SO ORDERED.

Dated: June 8, 2026 /s/ Daniel J. Calabretta

THE HONORABLE DANIEL J. CALABRETTA

UNITED STATES DISTRICT JUDGE

Case 2:26-cv-01015-DJC-JDP Document 14 Filed 06/09/26 Page 2 of 2",83335e4f78997180df26866fd72a0bfb52b5cdb93521d7573085bbe85749b330,ok,,1651,1452,0,week4_lseg_html_v1,True,True
2026-06-14 21:33:39.983,2026-06-14,2026-06-14T00:00:00,2026-06-14T23:59:59,JPM,JPM.N,R:JPM.N and Language:LEN,urn:newsml:reuters.com:20260614:nNRA0vto9e:1,reuters,NS:DATMTR,Morgan & Morgan May Sell Its Stake,,"Morgan & Morgan, a US based engaged in the provision of legal services, intends to sell its stake to consortium of investors, as reported by sources citing people familiar with the matter

According to sources, JPMorgan to explore a possible sale of a stake in the company that could pave the way for a potential public listing in a few years, according to two people familiar with the matter

Morgan& Morgan May Sell Its Stake Deal In Brief. According to sources, JPMorgan to explore a possible sale of a stake in the company that could pave the way for a potential public listing in a few years, according to two people familiar with the matter. The firm is considering a deal that could bring in more than USD1 billion and attract an external partner with... Morgan & Morgan May Sell Its Stake

Deal In Brief

The firm is considering a deal that could bring in more than USD1 billion and attract an external partner with experience preparing businesses for public markets, including private equity investors with a successful IPO track record.

Deal Value (US$ Million)1000

Deal TypeAcquisition

Sub-CategoryMinority Acquisition

Deal StatusRumour: 2026-06-08

Deal Participants

Target (Company)Morgan & Morgan, P.A.

Acquirer (Company)Undisclosed Company

Deal Rationale

The firm is exploring deal options to understand the pros and cons of outside investment. The firm is not distressed but is a profitable, self-funded giant testing whether outside capital can accelerate what is already the country's dominant plaintiff practice.

(Republication or redistribution, including by framing or similar means, is expressly prohibited without prior written consent. Marketline shall not be liable for errors or delays in the content, or for any actions taken in reliance thereon.)",5018578b2bb519aaa67072c823f4cc85d6d8a67dba4a3bae3a5a05e302870fc4,ok,,2402,1783,0,week4_lseg_html_v1,True,True
2026-06-14 21:21:58.745,2026-06-14,2026-06-14T00:00:00,2026-06-14T23:59:59,JPM,JPM.N,R:JPM.N and Language:LEN,urn:newsml:newsroom:20260614:nNRA0vtlik:0,newsroom,NS:NEWBIH,"WEEKLY DEVELOPMENTS REVIEW: KOREA INVESTMENT CORPORATION NEWS THIS PAST WEEK JUN 14, 2026",,"NEWS BITES - PRIVATE COMPANIES (US)

+ KOREA INVESTMENT CORPORATION [1 News That Matters]

+ KOREA INVESTMENT AND JPMORGAN EXPLORE AI OPPORTUNITIES AT SEMINAR

Korea Investment Corporation and J.P. Morgan Asset Management held a 'Global Market Outlook' seminar aimed at connecting with domestic retail investors and presenting market forecasts and investment opportunities. The event took place on 9th June 2026 at the InterContinental Parnas in Seoul, featuring insights from Kerry Craig, global market strategist at J.P. Morgan Asset Management, and Christian Mariani, an investment specialist in the U.S. equity group.

During the seminar, speakers highlighted that as the artificial intelligence (AI) industry transitions from the training phase to the inference phase, a variety of investment opportunities will emerge across the entire AI value chain. This includes sectors such as networking, computing, memory, and power infrastructure. Craig noted that expanding AI infrastructure investments are pivotal in driving corporate earnings growth not just in the U.S. but also in Japan and other Asian markets.

A key feature of the seminar was the introduction of the 'Korea Investment JPMorgan U.S. Tech Fund,' which Korea Investment Corporation has been exclusively promoting since this year. The fund leverages J.P. Morgan's global research capabilities to identify and invest in leading companies within the AI ecosystem, such as those specializing in AI computing and custom processors. In a notable development, approximately 300 billion won has been invested in this product recently, pushing the total assets under management beyond 560 billion won alongside the 'Korea Investment JPMorgan Global High Yield Fund.'

Kim Sung-hwan, president of Korea Investment Corporation, emphasized their commitment to not merely selling financial products but rather becoming a strategic partner that introduces premier investment opportunities aimed at fostering long-term growth of clients' investment assets. This aligns with the broader trend of increased interest in AI-related investments among Korean retail investors.

As the AI sector continues to gain traction, the collaboration between Korea Investment Corporation and J.P. Morgan may serve as a model for future investment strategies in Korea, particularly in how financial institutions can effectively connect with retail investors and navigate emerging market dynamics.

++++++++++++++++++++++++++++++++++++++++++++++++++++++++++++++++++++++++++++++++++++",9a7324ac74dbae38736d495905d399383d1287cf4e84ca4bd1a804c48a14ceba,ok,,2690,2520,0,week4_lseg_html_v1,True,True
2026-06-15 23:42:43.039,2026-06-15,2026-06-15T00:00:00,2026-06-15T23:59:59,JPM,JPM.N,R:JPM.N and Language:LEN,urn:newsml:newsroom:20260615:nNRA0w9j8o:0,newsroom,NS:CNBSTR,"JPMorgan Chase & Co. (ETR:CMC) climbs 3.0% strengthening above moving average price, hits 150-day high; +EUR8.05 [+3.0%]",,"GERMAN END-OF-DAY STOCK REPORT

NEW YORK, Friday, June 12 2026 - JPMorgan Chase & Co.'s (ETR: CMC EUR277.55) stock price climbed EUR8.05 (3.0%) from its previous trading session to close at EUR277.55.

Compared with the DAX Index which rose 402.7 points (1.7%) in the day, the relative price increase was 1.3%.

The 200-day Moving Average Price (MAP) is EUR246.27, up from EUR246.11 on Thursday. The price to MAP ratio is 1.13. In the last 3 months the share price has exceeded MAP on 62/62 days; another bullish signal.

Today its volatility (highest price minus lowest price/lowest price) of 2.2% was 1.3 times its average daily volatility of 1.7%. Today the stock traded at its 150-day high of EUR277.55. The last time the price hit that high level was on Tuesday, Jan 13, 2026. The low for the day was EUR271.65.

There were 1,374 shares worth EUR380,950 ($438,659) traded today; the volume was 0.8 times the average daily trading volume of 1,773 shares.

INDEX

SECTION 1 TODAY'S BULLISH SIGNALS

SECTION 2 ONGOING BULLISH PARAMETERS

SECTION 3 TODAY'S BEARISH SIGNALS

SECTION 4

Read more...

ANNEXURE

APPENDIX I DATA & ARCHIVE DOWNLOAD CENTER

GLOSSARY

SECTION 1 TODAY'S BULLISH SIGNALS

1.1 Uptrend

The stock traded at a seven-month high of EUR277.55 today.

Today's Volatility:

The 4% discount to 12-month high of EUR289.0 against the 22% premium to 12-month low of EUR227.60 suggests the stock continues to push for new highs.

Today its volatility (highest price minus lowest price/lowest price) of 2.2% was 1.3 times the average daily volatility of 1.7%, up from 1.0% on Thursday and 1.1% on Wednesday. A rise in the price on high volatility is a bullish signal.

Price/Moving Average Price of 1.13 and positive MACD:

- The Price/MAP 200 for JPMorgan Chase & Co. is 1.13. Being higher than 1 is a bullish indicator. It is higher than the Price/MAP 200 for the DAX Index of 1.02, a second bullish indicator. The stock is trading above both its MAPs and the 50-day MAP of EUR256.18 is higher than the 200-day MAP of EUR246.27, a third bullish indicator. The 200-day MAP has increased to EUR246.27, a fourth bullish indicator.

- The Moving Average Convergence Divergence (MACD) indicator of 12-day Exponential Moving Average (EMA) of 267.15 minus the 26-day EMA of 264.01 is positive, suggesting a bullish signal. Both the 12-day EMA as well as the 26-day EMA are rising, another bullish signal.

- The price to 50-day EMAP ratio is 1.1, a bullish indicator. The 50-day EMAP has increased to EUR262.19. An increase is another bullish indicator.

Past Month:

- Rises to Falls: In the past month the number of rises outnumbered falls 15:9 or 1.7:1.

Past Quarter:

- The shares had their best quarter in six quarters since the quarter ended December 12, 2024.

The Best 3 weeks in the past quarter

The past month witnessed the best 2 weeks in the past quarter. In the past quarter the week beginning Monday June 01 saw the highest weekly rise of 6.2% for a relative price increase of 7.6%. The rise was propped up by volume of 1.3 times average.

Mon-FriChange %DAX Index Change %Vol Ind [1 is avg]

Jun 01-056.2-1.31.3

Apr 06-103.53.20.8

May 18-222.74.11.2

SECTION 2 ONGOING BULLISH PARAMETERS

2.1 Present Value of EUR1000 Invested in the Past [3 Mo, 1 Yr, 3 Yrs]; The Best Periods with PVEUR1000 > 1,133

PVEUR1,0003 mo ago1 yr ago3 yrs ago

CMC.ETREUR1,134EUR1,202EUR2,115

Bank sectorEUR1,144EUR1,279EUR2,006

DAX IndexEUR1,044EUR1,035EUR1,530

2.2 The Best Periods [3 Mo, 1 Yr, 3 Yrs] with Price Change % > 13.3

3-Year price change of 111.5% for JPMorgan Chase & Co. outperformed the change of 54.4% in the DAX Index for a relative price change of 57.2%.

Price Change %QuarterYear3 Years

JPMorgan Chase & Co.13.420.2111.5

Bank sector14.326.5100.5

DAX Index52.654.4

SECTION 3 TODAY'S BEARISH SIGNALS

3.1 Downtrend

Trailing Relative Strength (6 months) at 38 percentile:

- The stock has a 6-month relative strength of 38 in the German market of 4,608 stocks, 66 ADRs and 26 preference stocks which means it has underperformed 62% of the market.

3.2 Overbought/Bearish/Resistance Signals:

- At EUR277.55 the price has risen above the upper Bollinger band resistance of EUR276.52, indicating a downside risk for it to fall back within the band.

SECTION 4

APPENDIX I DATA & ARCHIVE DOWNLOAD CENTER

CMC: OTHER INFORMATION:

+ PRICE VOLUME CHARTS

+ USD vs EUR EXCHANGE RATE CHARTS IN HTML

GLOSSARY

Disclaimer:",9f07a4cc36c1058dedaf9ff5311ed83ea62b61c4a4f86b81c3c4c3161316a8a4,ok,,6439,4444,0,week4_lseg_html_v1,True,True
2026-06-15 23:32:49.315,2026-06-15,2026-06-15T00:00:00,2026-06-15T23:59:59,JPM,JPM.N,R:JPM.N and Language:LEN,urn:newsml:newsroom:20260615:nNRA0w99xo:0,newsroom,NS:GLOSTP,JPMorgan Chase & Co. decreases 2.7% in 2026,,"NYSE END-OF-MONTH STOCK REPORT

JPMorgan Chase & Co.'s (NYSE: JPM) stock price has now decreased $8.79 (or 2.7%) year-to-date (YTD) in 2026 to close at $313.43.

Compared with the S&P 500 Index which has risen 8.0% YTD, this is a relative price change of -10.7% for JPMorgan Chase & Co. shareholders.

JPMorgan Chase & Co. is the NYSE's largest Bank by market cap.

The stock has a 6-month USD relative strength of 12 which means in USD terms it underperformed 88% of its 46,002 global peers. A price fall combined with a low relative strength is a bearish signal.

JPMorgan Chase & Co. (NYSE:JPM) stands as a global leader in financial services, offering an expansive ecosystem encompassing investment banking, asset management, and consumer services. Pioneering blockchain technology development, JPMorgan is advancing AI initiatives under Jamie Dimon's leadership to enhance security and cyber resilience. Initiatives like the community lending program support local economies, as highlighted in Jamie Dimon's annual letter for 2025. Strategic strengths lie in their scale and innovation pipeline, reinforced by JPMorgan's athlete financial education partnerships. Their commitment to sustainability is evident in the 85,000-ton forest-based carbon removal project, positioning them competitively amid evolving market demands.

Period-based % Price change, compared with benchmarks

Price Change %1-month3-month3-year

JPM3.8%9.6%138%

Bank sector6.1%11.7%88.9%

S&P 500 Index-0.2%11.5%72%

Past quarter momentum up: JPMorgan Chase & Co. jumps 9.6% on below average volume 0.8 times average.

Past month toHighLowVWAPVolume Index *

11 Jun 2026316.42293.67303.310.8

11 May 2026320.24298.88309.330.8

10 Apr 2026311.26277.68291.660.8

[*Volume Index of 0.8 means volume for the month was 0.8 times its 12-month average]

[VWAP is defined as the Volume Weighted Average Price; High Low prices and VWAP are shown in USD]

Letter to Shareholders:

January 12 2024: Chairman & CEO Letter to Shareholders

""The strength of our company has allowed us to always be there for clients, governments and communities - in good times and in bad times - and this strength has enabled us to continually invest in building our business for the future.""

Jamie Dimon, Chairman & CEO of JPMorgan Chase & Co.

Dear Fellow Shareholders,

Across the globe, 2023 was yet another year of significant challenges, from the terrible ongoing war and violence in the Middle East and Ukraine to mounting terrorist activity and growing geopolitical tensions, importantly with China. Almost all nations felt the effects last year of global economic uncertainty, including higher energy and food prices, inflation rates and volatile markets. While all these events and associated instability have serious ramifications on our company, colleagues, clients and countries where we do business, their consequences on the world at large - with the extreme suffering of the Ukrainian people, escalating tragedy in the Middle East and the potential restructuring of the global order - are far more important.

As these events unfold, America's global leadership role is being challenged outside by other nations and inside by our polarized electorate. We need to find ways to put aside our differences and work in partnership with other Western nations in the name of democracy. During this time of great crises, uniting to protect our essential freedoms, including free enterprise, is paramount. We should remember that America, ""conceived in liberty and dedicated to the proposition that all men are created equal,"" still remains a shining beacon of hope to citizens around the world. JPMorgan Chase, a company that historically has worked across borders and boundaries, will do its part to ensure that the global economy is safe and secure.

In spite of the unsettling landscape, including last year's regional bank turmoil, the U.S.

The Past Month

Week 23 of 2026: Up 5%; the price ranged between a low of $296.71 on Monday, Jun 01 and a high of $312.44 on Friday, Jun 05.

JuneHeadlineClose price [USD]Price change %Relative change %Comment

Mon 01In negative territory today, declining 0.9%296.71-0.9-1.2Price fall on slipping relative strength

Tue 02Lifts 1.4% on below average volume301.01.41.3Price/PMAP200 above 1 and rising

Wed 03Shares fall 0.03%300.86-0.040.7Price fall on slipping relative strength

Thu 04Gains 3.4% on average volume, hits 28-day high310.953.42.9Top Rise

Fri 05Increases $1.52 on average volume, hits 29-day high312.440.53.1Price/MAP50 above 1 and rising

Week 24 of 2026: Up 0.7%; the price ranged between a low of $309.14 on Wednesday, Jun 10 and a high of $313.43 on Thursday, Jun 11.

JuneHeadlineClose price [USD]Price change %Relative change %Comment

Mon 08Shares fall 0.4%311.11-0.4-0.7Price fall on slipping relative strength

Tue 09Increases $1.48 on below average volume, hits 49-day high312.540.50.7Price/MAP50 above 1 and rising

Wed 10Loses $9 billion (1.1%) in MCap, steepest heavyweight fall in Bank sector309.14-1.10.5

Thu 11Lifts 1.4% on below average volume313.431.4-0.4Month-high of 313.43

Bearish Turning Point

Williams % R

The stock is overbought according to the Williams % R indicator of -13.5, suggesting the price is close to its 14-day high. The Williams % R was previously -34.3.

JPMORGAN CHASE & CO. (JPM) Stock Dashboard [traded in US Dollars, USD] End-of-Day Thu, Jun 11

P/E15

EPS (FY2025)$20.05

DPS (past 12 months)$5.55 or 555c

Shares Outstanding2,722,000,000

Last$313.43

Institutional Ownership1,684,855,523or 61.9% of TSO

JPM in IndicesS&P 500 [of 500 stocks]

EPS Growth (Q1 2026 vs Q4 2025)28.2%

Past month's Volume127,297,654

Ave Daily Volume7,161,044 shares

52-Week Price Range$257.70 - $334.16

Trailing Month's Range (In USD)293.67 - 316.42

Dividend Yield % (TTM)1.88

Market Cap$853.2 billion

ExchangeNYSE [New York, BATS]

% of shares outstanding61.9%

SectorBank [Rank by MCap 1 of 43 stocks]

VI0.8

PV$1000 (10 yr) and TRS$7,285; 20.2%

Ten years ago the JPMorgan Chase & Co. share price was $49.56. $1,000 would have bought 20.2 JPMorgan Chase & Co. Shares on that day. Those 20.2 Shares would be worth $6,324.0 at today's Share price of $313.43. PV$1000=$6,324. This corresponds to annualized returns (TRS) of 20.2% per annum for an investment in USD ten years ago.

VI* Volume Index = Number of shares traded today/Average number of shares traded per day.

A year ago the JPMorgan Chase & Co. share price was $263.04. $1,000 would have bought 3.8 JPMorgan Chase & Co. shares on that day. Those 3.8 Shares would be worth $1,192 at today's share price of $313.54. PV$1000= $1,192.

Source: New York Stock Exchange: https://www.nasdaq.com/market-activity/stocks/JPM, company (JPMorgan Chase & Co.), Ticker(JPM)

Primary Exchange and Other Listings: Trading Currency and Volume

ExchangeTickerCurrencyLastADVTVol % of TotalToday's VI

New YorkJPMUSD313.547,677,26799.90.8

Buenos AiresJPMARS31,22013,6200.10.4

Total100.00

1 USD= 1,436.7816 ARS [Argentine Peso]

DATA & ARCHIVE DOWNLOAD CENTER

JPM: EXPORT DATA TO EXCEL:

+ PRICE VOLUME - 5-YEAR HISTORY

+ SHAREHOLDERS - COMPLETE LIST OF 5008 INSTITUTIONS

+ PEER COMPARISON

JPM: OTHER INFORMATION:

+ PRICE VOLUME CHARTS

+ SEC FILINGS

+ INSIDER OWNERSHIP AND SELLING IN THE PAST 10 YEARS

+ BOARD OF DIRECTORS

Highlights in this Monthly Report:

SECTION 1 JPM PAST MONTH PRICE VOLUME DYNAMICS 11TH JUN TO 12TH MAY, 2026

SECTION 2 THE PAST QUARTER: SEC FILINGS

SECTION 3 THE PAST QUARTER: ANALYST RATINGS

SECTION 4 THE PAST YEAR: PRESS RELEASES

SECTION 5 RECENT NEWS

SECTION 6 10-Q: 12 CONSEQUENTIAL MANAGEMENT DECISIONS

SECTION 7 BULLISH SIGNALS

SECTION 8 ONGOING BULLISH PARAMETERS

SECTION 9 BEARISH SIGNALS

SECTION 10 ONGOING BEARISH PARAMETERS

SECTION 11 CORPORATE PROFILE

SECTION 12 BANK METRICS

SECTION 13 PREFERRED SHARES

SECTION 14 STOCK IDENTIFIERS

SECTION 1 JPM PAST MONTH PRICE VOLUME DYNAMICS 11TH JUN TO 12TH MAY, 2026

(Prices in $)

Average Monthly Volume = 157.5 million shares

Average Monthly Turnover = $1.8 billion

Click here

SECTION 2 THE PAST QUARTER: SEC FILINGS

2.1 The Past Quarter: SEC Filings

http://www.buysellsignals.com/bst/01299196101110626832

SECTION 3 THE PAST QUARTER: ANALYST RATINGS

3.1 Analyst Recommendations: Past 57 days

2026BrokerageCurrent RatingPrev TargetPrice Target

May 04HSBCHold288312

Apr 17EvercoreOutperform320340

Apr 15Jefferies Financial GroupHold310320

Apr 15ArgusBuy340355

Apr 15Truist FinancialHold323332

SECTION 4 THE PAST YEAR: PRESS RELEASES

4.1 The Past Year: Press Releases

http://www.buysellsignals.com/bst/01599196101110626832

SECTION 5 RECENT NEWS

Recent News 1 of 10, Source: HourlyBusinessNews

June 10 2026: JPMorgan Secures Temporary Restraining Order Against Morgan Stanley Advisors

JPMorgan Chase & Co. has successfully obtained a temporary restraining order (TRO) from a New York state court, effectively barring two former brokers from soliciting clients they had engaged with during their tenure at the firm. This ruling came on 11th June 2026, as JPMorgan's legal team argued that the brokers, Christopher J. Lee and Joseph S. Minaudo, had managed $1.85 billion in assets across 1,350 client households before their recent transition to Morgan Stanley in late May.

The court's order prevents Lee and Minaudo from reaching out to clients representing a total of $84 million in assets who have already begun to follow them to Morgan Stanley. According to JPMorgan's claims, the duo had been aggressively soliciting their former clients, offering incentives such as exclusive access to initial public offerings and enhanced financial benefits, which they described as a 'full court press'. This aggressive client acquisition effort has raised concerns within JPMorgan regarding the potential loss of valuable client relationships.

The ruling was handed down by New York County Supreme Court Judge Lyle E. Frank, who acknowledged JPMorgan's concerns. Under the regulations set by the Financial Industry Regulatory Authority (FINRA), brokerages must secure a TRO to expedite arbitration for damages and seek a permanent injunction within 15 days. Legal experts note that such cases often lead to settlements or mediation before the hearings occur, which could be a possibility in this situation.

Jonathan Thau, the attorney representing Lee and Minaudo, expressed confidence in their case, asserting that the brokers had adhered to their employment contracts and industry best practices. He emphasized that the allegations made by JPMorgan were unfounded, pointing out that the bank had included sensitive information in its court documents, which was later redacted. This incident reflects the contentious nature of such legal disputes in the finance sector, particularly when high-profile teams transition between firms.

The departure of Lee and Minaudo, previously celebrated by JPMorgan as part of its successful advisory teams, raises questions about the firm's retention strategies. While JPMorgan allows traditional brokers at J.P. Morgan Advisors to solicit clients when moving to another firm within the Protocol, it restricts its private client advisors from similar practices. This case underscores the ongoing challenges facing financial institutions in maintaining client loyalty amidst competitive recruiting practices from rival firms like Morgan Stanley.

Recent News 2 of 10, Source: HourlyBusinessNews

June 10 2026: JPMorgan's Strategic Investment in Charm Industrial Signals Carbon Market Maturity

JPMorgan Chase & Co. is making strides in the evolving carbon removal market through a new agreement with Charm Industrial. This deal, which was finalized on the 10th of June, 2026, marks a pivotal moment as carbon removal transitions from pilot projects to scalable solutions. Under the terms of the agreement, JPMorgan will purchase 61,500 metric tons of carbon removal credits from Charm Industrial, while also providing financial support aimed at expanding the company's operational capacity.

The JPMorgan-Charm Industrial partnership underscores a significant trend among large financial institutions that increasingly view carbon removal as both a climate solution and a burgeoning market opportunity. As companies worldwide gear up to meet net-zero targets, the demand for high-quality carbon removal credits continues to surge. Taylor Wright, Head of Operational Sustainability at JPMorgan Chase, emphasized the importance of this purchase, stating it reflects the bank's maturing portfolio and commitment to impactful carbon removal solutions.

Carbon dioxide removal (CDR) differs from traditional carbon offsets, focusing on the permanent extraction of CO2 from the atmosphere. Experts agree that emissions reductions alone will not suffice to meet global climate objectives. The Intergovernmental Panel on Climate Change warns that achieving a global temperature increase limited to 1.5degC will necessitate large-scale carbon removal efforts. Current global demand for engineered carbon removals is still below 10 million metric tons annually, while overall removals, primarily from forestry, are at 2.2 billion tons. Projections indicate that demand could reach billions of tons annually by mid-century, particularly from hard-to-decarbonize sectors such as aviation and steel.

The JPMorgan-Charm agreement aligns with the bank's broader climate strategy, which includes a commitment to net-zero emissions by 2050 and a pledge to finance over $2.5 trillion in sustainable development initiatives by 2030. The structure of the deal is noteworthy; rather than solely purchasing carbon credits, JPMorgan is also facilitating future production capacity. This model provides developers with essential capital while ensuring buyers have access to a reliable supply of carbon removal credits. Peter Reinhardt, CEO of Charm Industrial, highlighted the validation this partnership offers for building the necessary infrastructure for a permanent carbon removal industry.

As corporate demand for carbon removal rises, particularly among technology companies, the gap between supply and demand remains a critical issue. With analysts estimating that demand could skyrocket to 100 million metric tons per year by 2030, the current market is only a fraction of that potential. The financing aspect of the JPMorgan-Charm deal is vital, as carbon removal projects require substantial upfront investments. Innovative financing models are emerging, resembling the early days of renewable energy, which could catalyze the next wave of growth in this sector. Overall, the JPMorgan-Charm Industrial agreement illustrates the transition of carbon removal from a niche solution to a more established and investable market.

Recent News 3 of 10, Source: HourlyBusinessNews

June 10 2026: JPMorgan's Lake Predicts Slow Adoption of Agentic Commerce

Marianne Lake, CEO of JPMorgan Chase's consumer and community banking division, expressed skepticism regarding the swift adoption of agentic commerce during her recent address at a Morgan Stanley investor conference. On 10th June 2026, she highlighted the rapid acceptance of artificial intelligence platforms in streamlining the search and discovery process for online purchases, attributing this momentum to their ability to reduce friction for users.

However, Lake cautioned that this trend has not yet translated into the transactional phase of online shopping, where AI agents would autonomously make purchases on behalf of consumers. She emphasized that trust and security will play critical roles in this evolution, stating, ""When people are moving money, things change. Trust and security matter even more."" This sentiment indicates that consumers may be hesitant to delegate purchasing decisions to AI agents in the near future.

Lake emphasized the importance of preserving customer protections and payment preferences as JPMorgan Chase explores agentic-enabled commerce. The bank is focused on ensuring human oversight remains in critical transactions and that transparency exists regarding agent actions. She stated, ""We have to establish a liability framework that works if an agent makes a mistake,"" underscoring the complexities involved in integrating AI within the consumer payment ecosystem.

In the context of travel arrangements, Lake noted that while discovery remains challenging, JPMorgan's data capabilities and partnerships could play a vital role in simplifying the process for customers. The bank plans to pilot a consumer-facing AI travel agent before the end of the year, with Lake affirming that identifying problems to solve will be key to achieving rapid scaling in this area.

As JPMorgan navigates the evolving landscape of AI-driven commerce, Lake recognized the dual nature of competition. While AI reduces barriers to entry, allowing fintechs and new entrants to innovate quickly, it also empowers JPMorgan to modernize its operations and respond swiftly to market demands. She mentioned that the bank continues to strive for a 15% share of U.S.consumer deposits by expanding into new markets and enhancing its offerings, while remaining vigilant against competitive threats.

Recent News 4 of 10, Source: HourlyBusinessNews

June 10 2026: JPMorgan Chase's Jamie Dimon Discusses Economic Outlook with Mexico's President

In a significant meeting aimed at strengthening economic ties, Jamie Dimon, chairman and CEO of JPMorgan Chase & Co., met with Mexican President Claudia Sheinbaum on the 11th of June 2026. The closed-door session, held at the National Palace, focused on Mexico's economic outlook and the vital role of North American trade.

Details from the meeting remain sparse, but President Sheinbaum shared insights on her social media platform, highlighting the favorable economic conditions in Mexico and the importance of collaboration within the North American trade framework. JPMorgan Chase, with its assets valued at US $3.2 trillion, plays a crucial role in global financial markets and is positioned to support Mexico's economic ambitions.

Earlier this year, Jamie Dimon outlined an ambitious strategy for JPMorgan Chase aimed at bolstering the U.S. economy and national security. In his annual letter to shareholders, he emphasized the necessity of mobilizing over one trillion dollars in investments over the next decade, with a focus on sectors critical to U.S.competitiveness, including infrastructure, energy, and technology.

The backdrop of U.S. trade tariffs and the ongoing review of the United States-Mexico-Canada trade agreement (USMCA) adds complexity to Mexico's economic landscape. While Mexico and Canada have sought an extension of the USMCA, recent comments from President Trump have raised uncertainties about the agreement's future.

Despite these challenges, the Sheinbaum administration's Plan Mexico investment strategy has garnered interest from various investors, promoting nearshoring activities that could bolster economic growth. As JPMorgan Chase continues to navigate these dynamics, its partnership with Mexico may prove pivotal in fostering resilience and growth in the region.

Recent News 5 of 10, Source: HourlyBusinessNews

June 09 2026: JPMorgan Chase Unveils New Digital Tools for Small Businesses

JPMorgan Chase & Co. has announced an expansion of its digital hub for small businesses, introducing new tools aimed at helping entrepreneurs manage and grow their operations more effectively. The enhancements were detailed in a release on 10th June 2026, showcasing features designed to bring business credit visibility and customer analytics into a single platform.

The new capabilities include the launch of Business Credit Journey , a complimentary tool that enables business owners to monitor their credit scores and understand the factors that influence them. Chase aims to simplify the process of managing business credit, allowing users to track their progress and make informed decisions regarding financing opportunities. This initiative is part of a broader strategy by Chase to offer services that extend beyond traditional banking.

In addition to credit monitoring, Chase has expanded its Customer Insights analytics tool, providing business owners with valuable data on customer behavior and local market trends. Initially available to Chase Payment Solutions clients, this feature is now accessible to small business credit card customers, enhancing their ability to make data-driven decisions. Chase's focus on integrating analytics into its offerings reflects a commitment to supporting small businesses in navigating a complex market environment.

Jameson Troutman, Head of Product for Chase for Business, emphasized the importance of practical solutions that empower small business owners to respond to challenges and seize growth opportunities. With insights into credit and customer behavior now centralized, Chase is positioning itself as a vital partner for small businesses looking to thrive in a competitive landscape.

These developments come as Chase continues to invest significantly in its small business services, aiming to provide a comprehensive digital experience that encompasses banking, payments, cash flow management, and more. As of March 31, 2026, Chase serves nearly 87 million consumers and 7.5 million small businesses across the United States, reinforcing its status as a leading financial services firm.

Recent News 6 of 10, Source: HourlyBusinessNews

June 09 2026: JPMorgan Strengthens AI Strategy with Nomura's Tahir Zafar Hire

JPMorgan Chase & Co. is set to enhance its artificial intelligence capabilities with the hiring of Tahir Zafar, the international head of AI strategy at Nomura Holdings. Zafar will join JPMorgan in July 2026 after completing a period of gardening leave, marking another significant addition to the bank's AI team in less than a year.

This recruitment is noteworthy as it represents JPMorgan's second senior poach from Nomura's AI division, following the hiring of Deep Thomas in August 2025. Zafar's rapid ascent at Nomura, where he was appointed international head of AI strategy in March 2025 after joining in late 2023, reflects his strong background in both technology and business.

With a career that includes stints at PwC and Accenture, Zafar has advised leading banking institutions on digital transformation strategies. His academic credentials include degrees in Computer Science and an MBA from the University of Oxford, equipping him with the skills needed to navigate the evolving landscape of financial services.

JPMorgan CEO Jamie Dimon has consistently emphasized the transformative potential of artificial intelligence, and Zafar's appointment aligns directly with this vision. By acquiring top AI talent, JPMorgan aims to enhance its productivity and service delivery across its vast operations, ensuring it remains competitive in the rapidly changing financial environment.

The implications of this hire extend beyond JPMorgan. For Nomura, the loss of two key AI strategists to a rival raises concerns regarding retention and compensation strategies within its technology division. While Zafar has a history in blockchain and crypto topics, his role at JPMorgan will primarily focus on broader AI strategy across various business lines rather than just digital assets.

Recent News 7 of 10, Source: HourlyBusinessNews

June 09 2026: JPMorgan Unveils Advanced AI Agents for Extended Autonomous Operations

JPMorgan Chase & Co. is set to launch upgraded artificial intelligence (AI) agents later this year, capable of operating autonomously for hours without requiring human input. This significant development, noted on 10th June 2026, indicates that the technology is nearing the resolution of security and governance challenges that have historically impeded adoption within large enterprises.

Derek Waldron, JPMorgan's chief analytics officer, emphasized the transformative potential of these AI agents, stating, ""We've entered now the era of long-running autonomous agents."" Unlike previous iterations that could only execute tasks for short durations, these upgraded agents can function for extended periods, potentially running for one to two hours without human oversight. This shift could redefine operational efficiency in banking and investment management.

As the largest U.S. bank by assets, JPMorgan boasts a nearly $20 billion annual technology budget, which it is leveraging to enhance its capabilities in private banking. Early results are promising; the firm has reported a 20% increase in private banking gross sales attributed to AI tools, with expectations that individual bankers could expand client coverage by as much as 50%. These improvements are largely facilitated by AI systems that analyze market activity and client positions to optimize banker-client interactions.

Waldron further elaborated on the evolving capabilities of these AI agents, suggesting that future models could serve as team managers rather than individual workers, allowing for more complex problem-solving. This evolution aligns with trends in the financial services sector, where firms like Anthropic are also introducing AI agents, and collaborations among Wall Street giants such as Blackstone and Goldman Sachs are forming to explore AI services.

While JPMorgan is making strides in the AI space, competitors like Robinhood are also venturing into autonomous trading, albeit at a more cautious pace. Robinhood's chief brokerage officer, Steve Quirk, noted that their AI agents currently focus on equity trading, with aspirations to expand across asset classes. However, the regulatory landscape remains a barrier to broader AI implementation in financial advising, as highlighted by TradePMR's Robb Baldwin, who pointed out that current regulations prevent registered investment advisors from using AI agents to manage client funds.

Recent News 8 of 10, Source: HourlyBusinessNews

June 09 2026: JPMorgan Chase Surpasses Mizuho as SoftBank's Leading Lender

JPMorgan Chase & Co. has emerged as the primary lender to SoftBank Group, surpassing Mizuho Bank in a significant shift in financing dynamics. The transition comes as SoftBank intensifies its investments in the artificial intelligence sector, seeking to capitalize on the burgeoning opportunities presented by AI technologies.

On 9th June 2026, reports indicated that JPMorgan's longstanding relationship with SoftBank's Chairman and CEO, Masayoshi Son, has played a pivotal role in this development. The collaboration reflects not only a strategic partnership but also an alignment of interests in the rapidly evolving tech landscape, where SoftBank aims to position itself at the forefront of AI innovation.

JPMorgan Chase's support is particularly crucial as SoftBank embarks on ambitious projects, including a planned $88 billion AI data hub in France and the development of homegrown AI initiatives. This funding is expected to bolster SoftBank's capabilities as it competes with major players in the tech industry, including Google and Microsoft.

The shift to JPMorgan as the leading lender also highlights a broader trend in investment strategies among financial institutions, where banks are increasingly focusing on companies involved in cutting-edge technologies. With SoftBank's recent decision to enter the battery business to support its AI data centers, the financial backing from JPMorgan may provide a competitive edge in a market characterized by rapid technological advancements.

As SoftBank seeks to leverage its investments to enhance profitability, JPMorgan Chase's involvement may signal a growing confidence in the tech giant's strategic direction. Investors will be keenly observing how this partnership unfolds, as it could set a precedent for future financing arrangements within the technology sector.

Recent News 9 of 10, Source: HourlyBusinessNews

June 09 2026: JPMorgan's Executive Highlights Consumer Vigilance Amid Inflation Concerns

JPMorgan Chase & Co. is maintaining a vigilant stance regarding consumer health, as concerns over inflation continue to loom. On 9th June 2026, Marianne Lake, CEO of the bank's consumer and community banking division, addressed these issues during her remarks at the Morgan Stanley U.S. Financials Conference in New York City.

Lake noted that while U.S.consumers have shown resilience and spending remains solid, there is a diminishing segment of the population for whom wage growth is failing to keep pace with rising inflation. ""You're not seeing anything right now, but you are being very, very watchful. If inflation were to be higher for longer, this sort of trend of wages keeping up with inflation could be at some risk,"" Lake stated, emphasizing the need for caution.

The context of these remarks comes as U.S. inflation has surged at its fastest rate in three years, largely driven by escalating energy prices related to geopolitical tensions. This inflationary environment is eroding household incomes and has the potential to stifle consumer spending and overall economic growth. Lake's commentary aligns with insights shared by Goldman Sachs CEO David Solomon, who indicated a possible shift in consumer behavior in the latter half of 2026 if inflation remains elevated.

Lake further highlighted that the financial buffers that consumers had established during the pandemic have now normalized, resulting in a reduced capacity to absorb future economic shocks. She pointed out that while the unemployment rate remains low, there is a noticeable softening in labor demand. ""While the unemployment is low, demand for labor is a little softer,"" she remarked, underscoring the evolving labor landscape.

Despite these challenges, Lake expressed optimism regarding JPMorgan's product demand, forecasting that loan growth in 2026 is expected to outpace industry averages. She also mentioned that higher tax refunds and lower tax bills have somewhat mitigated the impact of rising energy costs, particularly for lower-income customers, who have spent approximately 20% to 25% of their incremental funds resulting from tax refunds in the early months of increased energy prices. ""So time is a big vector here,"" she concluded.

Recent News 10 of 10, Source: HourlyBusinessNews

June 08 2026: JPMorgan Chase Partners with OQC and AMD for Quantum-AI Data Center in London

Oxford Quantum Circuits (OQC), AMD, and JPMorgan Chase announced a strategic research collaboration centered on a new dedicated Quantum-AI Data Centre in London on 3rd June 2026. The facility will colocate OQC's GENESIS superconducting quantum processor with AMD's high-performance classical compute and AI infrastructure, creating what the partners describe as an enterprise-grade hybrid quantum-classical environment.

JPMorgan Chase will serve as the first dedicated user of the platform, leveraging its quantum and AI research teams to run workloads that include portfolio optimization, quantum machine learning, and hybrid algorithm development. These areas are critical for the $4.9 trillion-in-assets institution, which is channeling significant resources into its $19.8 billion annual technology budget.

Set to be fully operational within 12 months, the London facility aims to transition quantum computing from isolated lab settings into standard data center infrastructure. By integrating OQC's GENESIS superconducting quantum system with AMD-powered CPUs and GPUs, the platform seeks to enhance classical simulation, AI model development, optimization, and benchmarking.

This colocated architecture addresses latency and data security constraints that have historically hindered the enterprise adoption of cloud-accessed quantum systems. For financial services firms like JPMorgan Chase, which handle sensitive trading data and portfolio models, on-premises quantum access within a secure compute environment is essential for production-grade research.

The announcement coincided with OQC's successful closure of a £260 million (~$350 million) oversubscribed Series C funding round, marking the largest private quantum computing fundraise in European history. With this capital, OQC plans to expand globally and develop next-generation systems, including OQC TITAN, further solidifying its position in the quantum computing landscape.

SECTION 6 10-Q: 12 CONSEQUENTIAL MANAGEMENT DECISIONS

6.1 JPMorgan Chase & Co. 10-Q: 12 Consequential Management Decisions

http://www.buysellsignals.com/bst/01499196101110626832

SECTION 7 BULLISH SIGNALS

7.1 Rank in the top 15% by Relative Valuation in the NYSE market

DescriptionValueRank

Earnings Yield %6.7In Top 15%

Source: JPMorgan Chase & Co.'s, 10-K filing dated February 13, 2026, available at the U.S. Securities and Exchange Commission website: https://www.sec.gov/Archives/edgar/data/19617/000162828026008131/jpm-20251231.htm and JPMorgan Chase & Co.'s website: https://www.jpmorganchase.com/ir.company (JPMorgan Chase & Co.), Ticker(JPM)

7.2 Uptrend

Price/Moving Average Price of 1.07 and positive MACD:

- The Price/MAP 200 for JPMorgan Chase & Co. is 1.07. Being higher than 1 is a bullish indicator. The stock is trading above both its MAPs and the 50-day MAP of $306.16 is higher than the 200-day MAP of $292.53, a second bullish indicator. The 200-day MAP has increased to $292.53, a third bullish indicator.

- The Moving Average Convergence Divergence (MACD) indicator of 12-day Exponential Moving Average (EMA) of 307.71 minus the 26-day EMA of 305.78 is positive, suggesting a bullish signal. Both the 12-day EMA as well as the 26-day EMA are rising, another bullish signal.

Past Quarter:

- The shares had their best quarter in three quarters since the quarter ended September 11, 2025.

The Best 3 weeks in the past quarter

The past month witnessed the best 2 weeks in the past quarter. In the past quarter the week beginning Monday April 06 saw the highest weekly rise of 5.7% for a relative price increase of 2.1%.

Mon-FriChange %S&P 500 Index Change %Vol Ind [1 is avg]

Apr 06-105.73.60.8

Jun 01-054.3-2.60.7

May 18-222.90.90.6

7.3 Other Bullish Signals

- Return on Equity of 15.7% versus sector average of 11.6% and market average of 14.1%.

MCap/Total Assets:

- Tobin's Q Ratio, defined as MCap divided by Total Assets, is 0.2. Compared with the rest of the market the stock is undervalued and ranks in the top 8% of stocks by value of Q Ratio.

Source: JPMorgan Chase & Co.'s, 10-K filing dated February 13, 2026, available at the U.S. Securities and Exchange Commission website: https://www.sec.gov/Archives/edgar/data/19617/000162828026008131/jpm-20251231.htm and JPMorgan Chase & Co.'s website: https://www.jpmorganchase.com/ir.company (JPMorgan Chase & Co.), Ticker(JPM)

Source: New York Stock Exchange: https://www.nasdaq.com/market-activity/stocks/JPM, company (JPMorgan Chase & Co.), Ticker(JPM)

SECTION 8 ONGOING BULLISH PARAMETERS

8.1 Past four-years

- JPMorgan Chase & Co. rose for a fourth consecutive year. In the past four years it has risen $205.50 (190.2%).

8.2 Rank in the top 99% by Liquidity in the NYSE market

DescriptionValueRank

Ave daily turnover$2.1 billionIn top 99%

Source: JPMorgan Chase & Co.'s, 10-K filing dated February 13, 2026, available at the U.S. Securities and Exchange Commission website: https://www.sec.gov/Archives/edgar/data/19617/000162828026008131/jpm-20251231.htm and JPMorgan Chase & Co.'s website: https://www.jpmorganchase.com/ir.company (JPMorgan Chase & Co.), Ticker(JPM)

8.3 Past quarter momentum up: JPMorgan Chase & Co. jumps 9.6% on below average volume 0.8 times average.

Past month toHighLowVWAPVolume Index *

11 Jun 2026316.42293.67303.480.8

11 May 2026320.24298.88309.330.8

10 Apr 2026311.26277.68291.660.8

[*Volume Index of 0.8 means volume for the month was 0.8 times its 12-month average]

[VWAP is defined as the Volume Weighted Average Price; High Low prices and VWAP are shown in USD]

8.4 Present Value of $1000 Invested in the Past [3 Mo, 1 Yr, 3 Yrs]; The Best Periods with PV$1000 > 1,101

PV$1,0003 mo ago1 yr ago3 yrs ago

JPM.NYSE$1,102$1,215$2,555

Bank sector$1,124$1,259$1,888

S&P 500 Index$1,097$1,228$1,720

8.5 Past 3 years: price rise of 138.1%

3-Year price change of 138.1% for JPMorgan Chase & Co. outperformed the change of 72% in the S&P 500 Index for a relative price change of 66%.

Price Change %3 Years

JPMorgan Chase & Co.138.1

Bank sector88.8

S&P 500 Index72

8.6 Moving Annual Return of 21.4% in the past year:

Moving Annual Return was 21.4% in the past year. Based on a dynamic start date of 5 years ago, the real rate of return has averaged 23%. The Moving Annual Return has been positive in 4 of the last 5 years.

JPMClose ($)Dividends ($)Capital Gain / (Loss) %% YieldAnnual Return %

Jun 11313.545.919.22.221.4

1 Yr ago263.045.0537.52.640.1

2 Yrs ago191.374.2545.33.248.5

3 Yrs ago131.7421.93.725.6

4 Yrs ago108.043.9(23.6)2.8(20.8)

Close 5 years ago $141.36

8.7 MCap: 5-Year Increase of $364 B (74%)

In the past 5 years Market Capitalization has increased by $364 billion (74%) from $489.5 billion to $853.5 billion. Based on a dynamic start date of 5 years ago, there has been only 1 decline in MCap over the last 5 years.

PriceMCap ($ B)

Last$313.54853.5

1 Year ago$263.04745.5

2 Years ago$191.37572.9

3 Years ago$131.70415

4 Years ago$108.04351.5

5 Years ago$141.36489.5

8.8 Created Market Value [CMV] past 18 yrs of $345.9 billion

- Market Capitalization has increased by $707.2 billion from $146.3 billion to $853.5 billion in the last 18 years. This increase comprises cumulative retained earnings (RETE) of $361.3 billion and Created Market Value of $345.9 billion. The Created Market Value multiple, defined by the change in MCap for every $1 of retained earnings is $1.96.

8.9 Sequential growth in EPS [Q1/2026 vs Q4/2025] of 28.2%:

The most recent quarter (Q1/2026) showed a rise of 28.2% in sequential growth of Quarterly EPS.

Quarterly ReportEPS ($)Growth %

Q1/20265.9528.2

Q4/20254.64-8.7

Source: JPMorgan Chase & Co.'s, 10-Q filing dated May 01, 2026, available at the U.S. Securities and Exchange Commission website: https://www.sec.gov/Archives/edgar/data/19617/000162828026029344/jpm-20260331.htm and JPMorgan Chase & Co.'s website: https://www.jpmorganchase.com/ir.company (JPMorgan Chase & Co.), Ticker(JPM)

8.10 Annualised Period-based Total Shareholder Returns [TSR %]: The Best Periods with TSR > 13.8%

TSR %1 yr3 yrs5 yrs10 yrs20 yrs

JPM.NYSE21.536.320.52213.9

8.11 A 79.0% Decrease in Insider Selling

In the past 5 years a total of 3,807,071 JPMorgan Chase & Co. shares worth $875.9 million were sold by insiders. Based on a dynamic start date of 5 years ago, insider selling has averaged 761,414 shares per year. In the past year, insiders sold 378,518 shares, a decrease of 79.0% from the previous year.

YearNo. of SharesValue, $

Jun 11, 2026378,518116,178,605

1 Yr ago1,806,125480,188,881

2 Yrs ago1,270,257231,475,135

3 Yrs ago287,28238,464,953

4 Yrs ago64,8899,631,050

Total3,807,071875,938,624

Source: U.S. Securities and Exchange Commission (SEC Form 4) https://www.sec.gov/edgar/browse/?CIK=19617, company (JPMorgan Chase & Co.), Ticker(JPM)

8.12 Increased VWAP, up 126% in 5 years

In the past five years Volume Weighted Average Price (VWAP) has increased by 125.6% to $298.92. Based on a dynamic start date of five years ago, there have been declines in VWAP in 2 out of 5 years.

Past five years, 12 months ended Jun 11 (USD)

YearHigh PriceVWAPLow Price

2026334.16298.92257.7

2025273.22226.42183.0

2024197.38157.35128.07

2023133.9116.5393.17

2022154.23132.53103.95

8.13 Increased share turnover, up 19% in 5 years

In the past five years, average daily share turnover has increased 18.9% to $2.1 billion. This suggests increased liquidity.

Past five years, 12 months ended Jun 11 (USD billion)

YearAverage Daily Turnover

20262.1

20252.1

20241.5

20231.4

20221.8

8.14 Year-over-year (%) Change in Dividend:

Quarterly dividend for Q1/2026 was $1.50, unchanged from $1.50 in Q4/2025. The year-on-year change was up 7.1% from $1.40 in the previous corresponding period Q1/2025.

QuarterQ1/2025Q4/2025Q1/2026

Dividend ($)1.41.51.5

Source: New York Stock Exchange: https://www.nyse.com/ex-date-dividends, company (JPMorgan Chase & Co.), Ticker(JPM)

Source: New York Stock Exchange: https://www.nasdaq.com/market-activity/stocks/JPM, company (JPMorgan Chase & Co.), Ticker(JPM)

SECTION 9 BEARISH SIGNALS

9.1 Downtrend

Trailing Relative Strength (6 months) at 32 percentile:

- The stock has a 6-month relative strength of 32 in the NYSE market of 1,830 stocks, 33 ADRs and 13 preference stocks which means it has underperformed 68% of the market.

9.2 Overbought/Bearish Signals:

- The stock is overbought according to the Williams % R indicator of -13.5, suggesting the price is close to its 14-day high of $316.42.

Source: New York Stock Exchange: https://www.nasdaq.com/market-activity/stocks/JPM, company (JPMorgan Chase & Co.), Ticker(JPM)

SECTION 10 ONGOING BEARISH PARAMETERS

10.1 Rank in the bottom 2% by Growth in the NYSE market

DescriptionValueRank

EPS Growth %1.3In Bottom 2%

Source: JPMorgan Chase & Co.'s, 10-K filing dated February 13, 2026, available at the U.S. Securities and Exchange Commission website: https://www.sec.gov/Archives/edgar/data/19617/000162828026008131/jpm-20251231.htm and JPMorgan Chase & Co.'s website: https://www.jpmorganchase.com/ir.company (JPMorgan Chase & Co.), Ticker(JPM)

10.2 P/E/G > 1

The price earnings ratio of 15.0 divided by trailing twelve months eps growth of 1.3% corresponds to P/E/G of 11.4 times.

EPS Growth (%)1.3

P/E/G11.4

P/E15.0

Source: JPMorgan Chase & Co.'s, 10-K filing dated February 13, 2026, available at the U.S. Securities and Exchange Commission website: https://www.sec.gov/Archives/edgar/data/19617/000162828026008131/jpm-20251231.htm and JPMorgan Chase & Co.'s website: https://www.jpmorganchase.com/ir.company (JPMorgan Chase & Co.), Ticker(JPM)

10.3 Declining Volume, down 47% in 5 years

In the past five years, Average Daily Volume of Trading (ADVT) has decreased 46.9% to 7.2 million shares.

Avg. Daily Volume Traded 12 months ended Jun 11, million shares

YearADVT

20267.2

20259.5

20249.2

202312.2

202213.5

10.4 Satisfies 3 out of 9 criteria of Joseph Piotroski [pass mark 5]:

- Positive net income.

- Improvement in current ratio from 3.9 to 4.0.

- Reduction in total shares on issue.

But does not meet the following 6 criteria of Joseph Piotroski:

- Return on Assets improvement.

- Positive operating cashflow.

- Good quality of earnings [operating cashflow exceeds net income].

- Improvement in long-term debt to total assets.

- Improvement in gross margin.

- Improvement in asset turnover.

Source: JPMorgan Chase & Co.'s, 10-K filing dated February 13, 2026, available at the U.S. Securities and Exchange Commission website: https://www.sec.gov/Archives/edgar/data/19617/000162828026008131/jpm-20251231.htm and JPMorgan Chase & Co.'s website: https://www.jpmorganchase.com/ir.company (JPMorgan Chase & Co.), Ticker(JPM)

Source: New York Stock Exchange: https://www.nasdaq.com/market-activity/stocks/JPM, company (JPMorgan Chase & Co.), Ticker(JPM)

SECTION 11 CORPORATE PROFILE

11.1 Activities

JPMorgan Chase & Co., a leading global financial services firm listed on the New York Stock Exchange, operates as a diversified banking institution with core activities spanning investment banking, consumer and community banking, commercial banking, and asset and wealth management. The company provides a wide range of services, including corporate financing, retail banking, credit cards, and advisory solutions, serving individuals, corporations, and governments worldwide. In recent years, JPMorgan has experienced rapid growth in its digital banking and technology-driven segments, such as mobile and online platforms, which have expanded access to financial services and enhanced customer engagement. Additionally, its asset and wealth management division has seen significant acceleration, driven by increasing demand for investment products and advisory services amid market volatility and rising investor interest in sustainable and alternative assets. This strategic focus on innovation and client-centric solutions has solidified JPMorgan's position as a resilient leader in the financial sector. It is the NYSE's largest Bank by market capitalisation.

JPMorgan Chase & Co. (NYSE:JPM) is a leading global financial services firm, offering a vast array of investment products and services, including the JPMorgan hybrid credit fund and the JPMorgan credit fund, which reinforce its prominence in the credit market space. The firm's strategic initiatives, such as the JPMorgan Asset Management hybrid credit and the innovative JPMorgan alternative credit fund, bolster its growth potential, aligning with evolving market demands. The firm's partnerships, like the Cohen & Stee rs JPMorgan partnership and the Cohen & Stee rs fund partnership, enhance its competitive edge, leveraging hybrid credit strategies and co-managed hybrid credit fund opportunities. With its robust lineup of products, including the JPMorgan Chase asset management funds and the hybrid credit ETF, JPMorgan Chase & Co. fortifies its market position, securing a leadership role in delivering tailored credit solutions and alternative investments to an institutional clientele. This strategic focus underscores its commitment to pioneering JPMorgan investment funds and dynamic credit market solutions.

11.2 Contact Details

Website: http://www.jpmorganchase.com

Physical Address: 270 Park Avenue, New York, NY,10017

Phone: +1 212 270-6000

Fax: 6823761

Email: JPMCinvestorrelations@jpmchase.com

11.3 U.S. Industry & Sector

Classification Level: Name of Sector

Economic Sector: Financials

Business Sector: Banking & Investment Services

Industry Group: Banking Services

Industry: Banks

SECTION 12 BANK METRICS

12.1 Bank Metrics (Q1/2026)

All values are in $ billion

DescriptionQ1/2026Q1/2025Change

Interest Income49.246.9Up 5%

Interest Expense23.823.6Up 1%

Net Interest Income25.423.3Up 9%

Provision2.53.3Down 24.1%

Total Non Interest Income24.522Up 11%

Total Non Interest Expense26.923.6Up 13.8%

Bank Other Revenue1.71.9Down 13.1%

Favourable Changes:

- Interest Income up 5% from $46.9b to $49.2b

- Net Interest Income up 9% from $23.3b to $25.4b

- Provision down 24.1% from $3.3b to $2.5b

- Total Non Interest Income up 11% from $22b to $24.5b

Unfavourable Changes:

- Interest Expense up 1% from $23.6b to $23.8b

- Total Non Interest Expense up 13.8% from $23.6b to $26.9b

- Bank Other Revenue down 13.1% from $1.9b to $1.7b

SECTION 13 PREFERRED SHARES

PV$1000 Comparison of JPMorgan Chase & Co. Preferred Shares & Indices

PV$10001-week1-month1-year

JPM.NYSE1,0081,0381,215

S&P 500 Index9769951,228

SECTION 14 STOCK IDENTIFIERS

ISIN: US46625H1005

PermID: 4297129996

Central Index Key (CIK): 19617

CUSIP: 46625H100

RIC: JPM.N

LEI: 8I5DZWZKVSZI1NUHU748

Created by: www.BuySellSignals.com",017b3507e7378ea288d3ae60baf976d164acc7c4ab88274db50233abc7d3a41a,ok,,60396,47118,0,week4_lseg_html_v1,True,True
2026-06-15 23:28:09.056,2026-06-15,2026-06-15T00:00:00,2026-06-15T23:59:59,JPM,JPM.N,R:JPM.N and Language:LEN,urn:newsml:newsroom:20260615:nNRA0w963u:0,newsroom,NS:GLOSTP,"JPMorgan Chase & Co. decreases 2.7% in 2026, underperforming 88% of its global peers",,"NYSE END-OF-MONTH STOCK REPORT

JPMorgan Chase & Co.'s (NYSE: JPM) stock price has now decreased $8.79 (or 2.7%) year-to-date (YTD) in 2026 to close at $313.43.

Compared with the S&P 500 Index which has risen 8.0% YTD, this is a relative price change of -10.7% for JPMorgan Chase & Co. shareholders.

JPMorgan Chase & Co. is the NYSE's largest Bank by market cap.

The stock has a 6-month USD relative strength of 12 which means in USD terms it underperformed 88% of its 46,002 global peers. A price fall combined with a low relative strength is a bearish signal.

JPMorgan Chase & Co. (NYSE:JPM) stands as a global leader in financial services, offering an expansive ecosystem encompassing investment banking, asset management, and consumer services. Pioneering blockchain technology development, JPMorgan is advancing AI initiatives under Jamie Dimon's leadership to enhance security and cyber resilience. Initiatives like the community lending program support local economies, as highlighted in Jamie Dimon's annual letter for 2025. Strategic strengths lie in their scale and innovation pipeline, reinforced by JPMorgan's athlete financial education partnerships. Their commitment to sustainability is evident in the 85,000-ton forest-based carbon removal project, positioning them competitively amid evolving market demands.

Period-based % Price change, compared with benchmarks

Price Change %1-month3-month3-year

JPM3.8%9.6%138%

Bank sector6.1%11.7%88.9%

S&P 500 Index-0.2%11.5%72%

Past quarter momentum up: JPMorgan Chase & Co. jumps 9.6% on below average volume 0.8 times average.

Past month toHighLowVWAPVolume Index *

11 Jun 2026316.42293.67303.310.8

11 May 2026320.24298.88309.330.8

10 Apr 2026311.26277.68291.660.8

[*Volume Index of 0.8 means volume for the month was 0.8 times its 12-month average]

[VWAP is defined as the Volume Weighted Average Price; High Low prices and VWAP are shown in USD]

Letter to Shareholders:

January 12 2024: Chairman & CEO Letter to Shareholders

""The strength of our company has allowed us to always be there for clients, governments and communities - in good times and in bad times - and this strength has enabled us to continually invest in building our business for the future.""

Jamie Dimon, Chairman & CEO of JPMorgan Chase & Co.

Dear Fellow Shareholders,

Across the globe, 2023 was yet another year of significant challenges, from the terrible ongoing war and violence in the Middle East and Ukraine to mounting terrorist activity and growing geopolitical tensions, importantly with China. Almost all nations felt the effects last year of global economic uncertainty, including higher energy and food prices, inflation rates and volatile markets. While all these events and associated instability have serious ramifications on our company, colleagues, clients and countries where we do business, their consequences on the world at large - with the extreme suffering of the Ukrainian people, escalating tragedy in the Middle East and the potential restructuring of the global order - are far more important.

As these events unfold, America's global leadership role is being challenged outside by other nations and inside by our polarized electorate. We need to find ways to put aside our differences and work in partnership with other Western nations in the name of democracy. During this time of great crises, uniting to protect our essential freedoms, including free enterprise, is paramount. We should remember that America, ""conceived in liberty and dedicated to the proposition that all men are created equal,"" still remains a shining beacon of hope to citizens around the world. JPMorgan Chase, a company that historically has worked across borders and boundaries, will do its part to ensure that the global economy is safe and secure.

In spite of the unsettling landscape, including last year's regional bank turmoil, the U.S.

The Past Month

Week 23 of 2026: Up 5%; the price ranged between a low of $296.71 on Monday, Jun 01 and a high of $312.44 on Friday, Jun 05.

JuneHeadlineClose price [USD]Price change %Relative change %Comment

Mon 01In negative territory today, declining 0.9%296.71-0.9-1.2Price fall on slipping relative strength

Tue 02Lifts 1.4% on below average volume301.01.41.3Price/PMAP200 above 1 and rising

Wed 03Shares fall 0.03%300.86-0.040.7Price fall on slipping relative strength

Thu 04Gains 3.4% on average volume, hits 28-day high310.953.42.9Top Rise

Fri 05Increases $1.52 on average volume, hits 29-day high312.440.53.1Price/MAP50 above 1 and rising

Week 24 of 2026: Up 0.7%; the price ranged between a low of $309.14 on Wednesday, Jun 10 and a high of $313.43 on Thursday, Jun 11.

JuneHeadlineClose price [USD]Price change %Relative change %Comment

Mon 08Shares fall 0.4%311.11-0.4-0.7Price fall on slipping relative strength

Tue 09Increases $1.48 on below average volume, hits 49-day high312.540.50.7Price/MAP50 above 1 and rising

Wed 10Loses $9 billion (1.1%) in MCap, steepest heavyweight fall in Bank sector309.14-1.10.5

Thu 11Lifts 1.4% on below average volume313.431.4-0.4Month-high of 313.43

Bearish Turning Point

Williams % R

The stock is overbought according to the Williams % R indicator of -13.5, suggesting the price is close to its 14-day high. The Williams % R was previously -34.3.

JPMORGAN CHASE & CO. (JPM) Stock Dashboard [traded in US Dollars, USD] End-of-Day Thu, Jun 11

P/E15

EPS (FY2025)$20.05

DPS (past 12 months)$5.55 or 555c

Shares Outstanding2,722,000,000

Last$313.43

Institutional Ownership1,684,855,523or 61.9% of TSO

JPM in IndicesS&P 500 [of 500 stocks]

EPS Growth (Q1 2026 vs Q4 2025)28.2%

Past month's Volume127,297,654

Ave Daily Volume7,161,044 shares

52-Week Price Range$257.70 - $334.16

Trailing Month's Range (In USD)293.67 - 316.42

Dividend Yield % (TTM)1.88

Market Cap$853.2 billion

ExchangeNYSE [New York, BATS]

% of shares outstanding61.9%

SectorBank [Rank by MCap 1 of 43 stocks]

VI0.8

PV$1000 (10 yr) and TRS$7,285; 20.2%

Ten years ago the JPMorgan Chase & Co. share price was $49.56. $1,000 would have bought 20.2 JPMorgan Chase & Co. Shares on that day. Those 20.2 Shares would be worth $6,324.0 at today's Share price of $313.43. PV$1000=$6,324. This corresponds to annualized returns (TRS) of 20.2% per annum for an investment in USD ten years ago.

VI* Volume Index = Number of shares traded today/Average number of shares traded per day.

A year ago the JPMorgan Chase & Co. share price was $263.04. $1,000 would have bought 3.8 JPMorgan Chase & Co. shares on that day. Those 3.8 Shares would be worth $1,192 at today's share price of $313.54. PV$1000= $1,192.

Source: New York Stock Exchange: https://www.nasdaq.com/market-activity/stocks/JPM, company (JPMorgan Chase & Co.), Ticker(JPM)

Primary Exchange and Other Listings: Trading Currency and Volume

ExchangeTickerCurrencyLastADVTVol % of TotalToday's VI

New YorkJPMUSD313.547,677,26799.90.8

Buenos AiresJPMARS31,22013,6200.10.4

Total100.00

1 USD= 1,436.7816 ARS [Argentine Peso]

DATA & ARCHIVE DOWNLOAD CENTER

JPM: EXPORT DATA TO EXCEL:

+ PRICE VOLUME - 5-YEAR HISTORY

+ SHAREHOLDERS - COMPLETE LIST OF 5008 INSTITUTIONS

+ PEER COMPARISON

JPM: OTHER INFORMATION:

+ PRICE VOLUME CHARTS

+ SEC FILINGS

+ INSIDER OWNERSHIP AND SELLING IN THE PAST 10 YEARS

+ BOARD OF DIRECTORS

Highlights in this Monthly Report:

SECTION 1 JPM PAST MONTH PRICE VOLUME DYNAMICS 11TH JUN TO 12TH MAY, 2026

SECTION 2 THE PAST QUARTER: SEC FILINGS

SECTION 3 THE PAST QUARTER: ANALYST RATINGS

SECTION 4 THE PAST YEAR: PRESS RELEASES

SECTION 5 RECENT NEWS

SECTION 6 10-Q: 12 CONSEQUENTIAL MANAGEMENT DECISIONS

SECTION 7 BULLISH SIGNALS

SECTION 8 ONGOING BULLISH PARAMETERS

SECTION 9 BEARISH SIGNALS

SECTION 10 ONGOING BEARISH PARAMETERS

SECTION 11 CORPORATE PROFILE

SECTION 12 BANK METRICS

SECTION 13 PREFERRED SHARES

SECTION 14 STOCK IDENTIFIERS

SECTION 1 JPM PAST MONTH PRICE VOLUME DYNAMICS 11TH JUN TO 12TH MAY, 2026

(Prices in $)

Average Monthly Volume = 157.5 million shares

Average Monthly Turnover = $1.8 billion

Click here

SECTION 2 THE PAST QUARTER: SEC FILINGS

2.1 The Past Quarter: SEC Filings

http://www.buysellsignals.com/bst/01299196101110626832

SECTION 3 THE PAST QUARTER: ANALYST RATINGS

3.1 Analyst Recommendations: Past 57 days

2026BrokerageCurrent RatingPrev TargetPrice Target

May 04HSBCHold288312

Apr 17EvercoreOutperform320340

Apr 15Jefferies Financial GroupHold310320

Apr 15ArgusBuy340355

Apr 15Truist FinancialHold323332

SECTION 4 THE PAST YEAR: PRESS RELEASES

4.1 The Past Year: Press Releases

http://www.buysellsignals.com/bst/01599196101110626832

SECTION 5 RECENT NEWS

Recent News 1 of 10, Source: HourlyBusinessNews

June 10 2026: JPMorgan Secures Temporary Restraining Order Against Morgan Stanley Advisors

JPMorgan Chase & Co. has successfully obtained a temporary restraining order (TRO) from a New York state court, effectively barring two former brokers from soliciting clients they had engaged with during their tenure at the firm. This ruling came on 11th June 2026, as JPMorgan's legal team argued that the brokers, Christopher J. Lee and Joseph S. Minaudo, had managed $1.85 billion in assets across 1,350 client households before their recent transition to Morgan Stanley in late May.

The court's order prevents Lee and Minaudo from reaching out to clients representing a total of $84 million in assets who have already begun to follow them to Morgan Stanley. According to JPMorgan's claims, the duo had been aggressively soliciting their former clients, offering incentives such as exclusive access to initial public offerings and enhanced financial benefits, which they described as a 'full court press'. This aggressive client acquisition effort has raised concerns within JPMorgan regarding the potential loss of valuable client relationships.

The ruling was handed down by New York County Supreme Court Judge Lyle E. Frank, who acknowledged JPMorgan's concerns. Under the regulations set by the Financial Industry Regulatory Authority (FINRA), brokerages must secure a TRO to expedite arbitration for damages and seek a permanent injunction within 15 days. Legal experts note that such cases often lead to settlements or mediation before the hearings occur, which could be a possibility in this situation.

Jonathan Thau, the attorney representing Lee and Minaudo, expressed confidence in their case, asserting that the brokers had adhered to their employment contracts and industry best practices. He emphasized that the allegations made by JPMorgan were unfounded, pointing out that the bank had included sensitive information in its court documents, which was later redacted. This incident reflects the contentious nature of such legal disputes in the finance sector, particularly when high-profile teams transition between firms.

The departure of Lee and Minaudo, previously celebrated by JPMorgan as part of its successful advisory teams, raises questions about the firm's retention strategies. While JPMorgan allows traditional brokers at J.P. Morgan Advisors to solicit clients when moving to another firm within the Protocol, it restricts its private client advisors from similar practices. This case underscores the ongoing challenges facing financial institutions in maintaining client loyalty amidst competitive recruiting practices from rival firms like Morgan Stanley.

Recent News 2 of 10, Source: HourlyBusinessNews

June 10 2026: JPMorgan's Strategic Investment in Charm Industrial Signals Carbon Market Maturity

JPMorgan Chase & Co. is making strides in the evolving carbon removal market through a new agreement with Charm Industrial. This deal, which was finalized on the 10th of June, 2026, marks a pivotal moment as carbon removal transitions from pilot projects to scalable solutions. Under the terms of the agreement, JPMorgan will purchase 61,500 metric tons of carbon removal credits from Charm Industrial, while also providing financial support aimed at expanding the company's operational capacity.

The JPMorgan-Charm Industrial partnership underscores a significant trend among large financial institutions that increasingly view carbon removal as both a climate solution and a burgeoning market opportunity. As companies worldwide gear up to meet net-zero targets, the demand for high-quality carbon removal credits continues to surge. Taylor Wright, Head of Operational Sustainability at JPMorgan Chase, emphasized the importance of this purchase, stating it reflects the bank's maturing portfolio and commitment to impactful carbon removal solutions.

Carbon dioxide removal (CDR) differs from traditional carbon offsets, focusing on the permanent extraction of CO2 from the atmosphere. Experts agree that emissions reductions alone will not suffice to meet global climate objectives. The Intergovernmental Panel on Climate Change warns that achieving a global temperature increase limited to 1.5degC will necessitate large-scale carbon removal efforts. Current global demand for engineered carbon removals is still below 10 million metric tons annually, while overall removals, primarily from forestry, are at 2.2 billion tons. Projections indicate that demand could reach billions of tons annually by mid-century, particularly from hard-to-decarbonize sectors such as aviation and steel.

The JPMorgan-Charm agreement aligns with the bank's broader climate strategy, which includes a commitment to net-zero emissions by 2050 and a pledge to finance over $2.5 trillion in sustainable development initiatives by 2030. The structure of the deal is noteworthy; rather than solely purchasing carbon credits, JPMorgan is also facilitating future production capacity. This model provides developers with essential capital while ensuring buyers have access to a reliable supply of carbon removal credits. Peter Reinhardt, CEO of Charm Industrial, highlighted the validation this partnership offers for building the necessary infrastructure for a permanent carbon removal industry.

As corporate demand for carbon removal rises, particularly among technology companies, the gap between supply and demand remains a critical issue. With analysts estimating that demand could skyrocket to 100 million metric tons per year by 2030, the current market is only a fraction of that potential. The financing aspect of the JPMorgan-Charm deal is vital, as carbon removal projects require substantial upfront investments. Innovative financing models are emerging, resembling the early days of renewable energy, which could catalyze the next wave of growth in this sector. Overall, the JPMorgan-Charm Industrial agreement illustrates the transition of carbon removal from a niche solution to a more established and investable market.

Recent News 3 of 10, Source: HourlyBusinessNews

June 10 2026: JPMorgan's Lake Predicts Slow Adoption of Agentic Commerce

Marianne Lake, CEO of JPMorgan Chase's consumer and community banking division, expressed skepticism regarding the swift adoption of agentic commerce during her recent address at a Morgan Stanley investor conference. On 10th June 2026, she highlighted the rapid acceptance of artificial intelligence platforms in streamlining the search and discovery process for online purchases, attributing this momentum to their ability to reduce friction for users.

However, Lake cautioned that this trend has not yet translated into the transactional phase of online shopping, where AI agents would autonomously make purchases on behalf of consumers. She emphasized that trust and security will play critical roles in this evolution, stating, ""When people are moving money, things change. Trust and security matter even more."" This sentiment indicates that consumers may be hesitant to delegate purchasing decisions to AI agents in the near future.

Lake emphasized the importance of preserving customer protections and payment preferences as JPMorgan Chase explores agentic-enabled commerce. The bank is focused on ensuring human oversight remains in critical transactions and that transparency exists regarding agent actions. She stated, ""We have to establish a liability framework that works if an agent makes a mistake,"" underscoring the complexities involved in integrating AI within the consumer payment ecosystem.

In the context of travel arrangements, Lake noted that while discovery remains challenging, JPMorgan's data capabilities and partnerships could play a vital role in simplifying the process for customers. The bank plans to pilot a consumer-facing AI travel agent before the end of the year, with Lake affirming that identifying problems to solve will be key to achieving rapid scaling in this area.

As JPMorgan navigates the evolving landscape of AI-driven commerce, Lake recognized the dual nature of competition. While AI reduces barriers to entry, allowing fintechs and new entrants to innovate quickly, it also empowers JPMorgan to modernize its operations and respond swiftly to market demands. She mentioned that the bank continues to strive for a 15% share of U.S.consumer deposits by expanding into new markets and enhancing its offerings, while remaining vigilant against competitive threats.

Recent News 4 of 10, Source: HourlyBusinessNews

June 10 2026: JPMorgan Chase's Jamie Dimon Discusses Economic Outlook with Mexico's President

In a significant meeting aimed at strengthening economic ties, Jamie Dimon, chairman and CEO of JPMorgan Chase & Co., met with Mexican President Claudia Sheinbaum on the 11th of June 2026. The closed-door session, held at the National Palace, focused on Mexico's economic outlook and the vital role of North American trade.

Details from the meeting remain sparse, but President Sheinbaum shared insights on her social media platform, highlighting the favorable economic conditions in Mexico and the importance of collaboration within the North American trade framework. JPMorgan Chase, with its assets valued at US $3.2 trillion, plays a crucial role in global financial markets and is positioned to support Mexico's economic ambitions.

Earlier this year, Jamie Dimon outlined an ambitious strategy for JPMorgan Chase aimed at bolstering the U.S. economy and national security. In his annual letter to shareholders, he emphasized the necessity of mobilizing over one trillion dollars in investments over the next decade, with a focus on sectors critical to U.S.competitiveness, including infrastructure, energy, and technology.

The backdrop of U.S. trade tariffs and the ongoing review of the United States-Mexico-Canada trade agreement (USMCA) adds complexity to Mexico's economic landscape. While Mexico and Canada have sought an extension of the USMCA, recent comments from President Trump have raised uncertainties about the agreement's future.

Despite these challenges, the Sheinbaum administration's Plan Mexico investment strategy has garnered interest from various investors, promoting nearshoring activities that could bolster economic growth. As JPMorgan Chase continues to navigate these dynamics, its partnership with Mexico may prove pivotal in fostering resilience and growth in the region.

Recent News 5 of 10, Source: HourlyBusinessNews

June 09 2026: JPMorgan Chase Unveils New Digital Tools for Small Businesses

JPMorgan Chase & Co. has announced an expansion of its digital hub for small businesses, introducing new tools aimed at helping entrepreneurs manage and grow their operations more effectively. The enhancements were detailed in a release on 10th June 2026, showcasing features designed to bring business credit visibility and customer analytics into a single platform.

The new capabilities include the launch of Business Credit Journey , a complimentary tool that enables business owners to monitor their credit scores and understand the factors that influence them. Chase aims to simplify the process of managing business credit, allowing users to track their progress and make informed decisions regarding financing opportunities. This initiative is part of a broader strategy by Chase to offer services that extend beyond traditional banking.

In addition to credit monitoring, Chase has expanded its Customer Insights analytics tool, providing business owners with valuable data on customer behavior and local market trends. Initially available to Chase Payment Solutions clients, this feature is now accessible to small business credit card customers, enhancing their ability to make data-driven decisions. Chase's focus on integrating analytics into its offerings reflects a commitment to supporting small businesses in navigating a complex market environment.

Jameson Troutman, Head of Product for Chase for Business, emphasized the importance of practical solutions that empower small business owners to respond to challenges and seize growth opportunities. With insights into credit and customer behavior now centralized, Chase is positioning itself as a vital partner for small businesses looking to thrive in a competitive landscape.

These developments come as Chase continues to invest significantly in its small business services, aiming to provide a comprehensive digital experience that encompasses banking, payments, cash flow management, and more. As of March 31, 2026, Chase serves nearly 87 million consumers and 7.5 million small businesses across the United States, reinforcing its status as a leading financial services firm.

Recent News 6 of 10, Source: HourlyBusinessNews

June 09 2026: JPMorgan Strengthens AI Strategy with Nomura's Tahir Zafar Hire

JPMorgan Chase & Co. is set to enhance its artificial intelligence capabilities with the hiring of Tahir Zafar, the international head of AI strategy at Nomura Holdings. Zafar will join JPMorgan in July 2026 after completing a period of gardening leave, marking another significant addition to the bank's AI team in less than a year.

This recruitment is noteworthy as it represents JPMorgan's second senior poach from Nomura's AI division, following the hiring of Deep Thomas in August 2025. Zafar's rapid ascent at Nomura, where he was appointed international head of AI strategy in March 2025 after joining in late 2023, reflects his strong background in both technology and business.

With a career that includes stints at PwC and Accenture, Zafar has advised leading banking institutions on digital transformation strategies. His academic credentials include degrees in Computer Science and an MBA from the University of Oxford, equipping him with the skills needed to navigate the evolving landscape of financial services.

JPMorgan CEO Jamie Dimon has consistently emphasized the transformative potential of artificial intelligence, and Zafar's appointment aligns directly with this vision. By acquiring top AI talent, JPMorgan aims to enhance its productivity and service delivery across its vast operations, ensuring it remains competitive in the rapidly changing financial environment.

The implications of this hire extend beyond JPMorgan. For Nomura, the loss of two key AI strategists to a rival raises concerns regarding retention and compensation strategies within its technology division. While Zafar has a history in blockchain and crypto topics, his role at JPMorgan will primarily focus on broader AI strategy across various business lines rather than just digital assets.

Recent News 7 of 10, Source: HourlyBusinessNews

June 09 2026: JPMorgan Unveils Advanced AI Agents for Extended Autonomous Operations

JPMorgan Chase & Co. is set to launch upgraded artificial intelligence (AI) agents later this year, capable of operating autonomously for hours without requiring human input. This significant development, noted on 10th June 2026, indicates that the technology is nearing the resolution of security and governance challenges that have historically impeded adoption within large enterprises.

Derek Waldron, JPMorgan's chief analytics officer, emphasized the transformative potential of these AI agents, stating, ""We've entered now the era of long-running autonomous agents."" Unlike previous iterations that could only execute tasks for short durations, these upgraded agents can function for extended periods, potentially running for one to two hours without human oversight. This shift could redefine operational efficiency in banking and investment management.

As the largest U.S. bank by assets, JPMorgan boasts a nearly $20 billion annual technology budget, which it is leveraging to enhance its capabilities in private banking. Early results are promising; the firm has reported a 20% increase in private banking gross sales attributed to AI tools, with expectations that individual bankers could expand client coverage by as much as 50%. These improvements are largely facilitated by AI systems that analyze market activity and client positions to optimize banker-client interactions.

Waldron further elaborated on the evolving capabilities of these AI agents, suggesting that future models could serve as team managers rather than individual workers, allowing for more complex problem-solving. This evolution aligns with trends in the financial services sector, where firms like Anthropic are also introducing AI agents, and collaborations among Wall Street giants such as Blackstone and Goldman Sachs are forming to explore AI services.

While JPMorgan is making strides in the AI space, competitors like Robinhood are also venturing into autonomous trading, albeit at a more cautious pace. Robinhood's chief brokerage officer, Steve Quirk, noted that their AI agents currently focus on equity trading, with aspirations to expand across asset classes. However, the regulatory landscape remains a barrier to broader AI implementation in financial advising, as highlighted by TradePMR's Robb Baldwin, who pointed out that current regulations prevent registered investment advisors from using AI agents to manage client funds.

Recent News 8 of 10, Source: HourlyBusinessNews

June 09 2026: JPMorgan Chase Surpasses Mizuho as SoftBank's Leading Lender

JPMorgan Chase & Co. has emerged as the primary lender to SoftBank Group, surpassing Mizuho Bank in a significant shift in financing dynamics. The transition comes as SoftBank intensifies its investments in the artificial intelligence sector, seeking to capitalize on the burgeoning opportunities presented by AI technologies.

On 9th June 2026, reports indicated that JPMorgan's longstanding relationship with SoftBank's Chairman and CEO, Masayoshi Son, has played a pivotal role in this development. The collaboration reflects not only a strategic partnership but also an alignment of interests in the rapidly evolving tech landscape, where SoftBank aims to position itself at the forefront of AI innovation.

JPMorgan Chase's support is particularly crucial as SoftBank embarks on ambitious projects, including a planned $88 billion AI data hub in France and the development of homegrown AI initiatives. This funding is expected to bolster SoftBank's capabilities as it competes with major players in the tech industry, including Google and Microsoft.

The shift to JPMorgan as the leading lender also highlights a broader trend in investment strategies among financial institutions, where banks are increasingly focusing on companies involved in cutting-edge technologies. With SoftBank's recent decision to enter the battery business to support its AI data centers, the financial backing from JPMorgan may provide a competitive edge in a market characterized by rapid technological advancements.

As SoftBank seeks to leverage its investments to enhance profitability, JPMorgan Chase's involvement may signal a growing confidence in the tech giant's strategic direction. Investors will be keenly observing how this partnership unfolds, as it could set a precedent for future financing arrangements within the technology sector.

Recent News 9 of 10, Source: HourlyBusinessNews

June 09 2026: JPMorgan's Executive Highlights Consumer Vigilance Amid Inflation Concerns

JPMorgan Chase & Co. is maintaining a vigilant stance regarding consumer health, as concerns over inflation continue to loom. On 9th June 2026, Marianne Lake, CEO of the bank's consumer and community banking division, addressed these issues during her remarks at the Morgan Stanley U.S. Financials Conference in New York City.

Lake noted that while U.S.consumers have shown resilience and spending remains solid, there is a diminishing segment of the population for whom wage growth is failing to keep pace with rising inflation. ""You're not seeing anything right now, but you are being very, very watchful. If inflation were to be higher for longer, this sort of trend of wages keeping up with inflation could be at some risk,"" Lake stated, emphasizing the need for caution.

The context of these remarks comes as U.S. inflation has surged at its fastest rate in three years, largely driven by escalating energy prices related to geopolitical tensions. This inflationary environment is eroding household incomes and has the potential to stifle consumer spending and overall economic growth. Lake's commentary aligns with insights shared by Goldman Sachs CEO David Solomon, who indicated a possible shift in consumer behavior in the latter half of 2026 if inflation remains elevated.

Lake further highlighted that the financial buffers that consumers had established during the pandemic have now normalized, resulting in a reduced capacity to absorb future economic shocks. She pointed out that while the unemployment rate remains low, there is a noticeable softening in labor demand. ""While the unemployment is low, demand for labor is a little softer,"" she remarked, underscoring the evolving labor landscape.

Despite these challenges, Lake expressed optimism regarding JPMorgan's product demand, forecasting that loan growth in 2026 is expected to outpace industry averages. She also mentioned that higher tax refunds and lower tax bills have somewhat mitigated the impact of rising energy costs, particularly for lower-income customers, who have spent approximately 20% to 25% of their incremental funds resulting from tax refunds in the early months of increased energy prices. ""So time is a big vector here,"" she concluded.

Recent News 10 of 10, Source: HourlyBusinessNews

June 08 2026: JPMorgan Chase Partners with OQC and AMD for Quantum-AI Data Center in London

Oxford Quantum Circuits (OQC), AMD, and JPMorgan Chase announced a strategic research collaboration centered on a new dedicated Quantum-AI Data Centre in London on 3rd June 2026. The facility will colocate OQC's GENESIS superconducting quantum processor with AMD's high-performance classical compute and AI infrastructure, creating what the partners describe as an enterprise-grade hybrid quantum-classical environment.

JPMorgan Chase will serve as the first dedicated user of the platform, leveraging its quantum and AI research teams to run workloads that include portfolio optimization, quantum machine learning, and hybrid algorithm development. These areas are critical for the $4.9 trillion-in-assets institution, which is channeling significant resources into its $19.8 billion annual technology budget.

Set to be fully operational within 12 months, the London facility aims to transition quantum computing from isolated lab settings into standard data center infrastructure. By integrating OQC's GENESIS superconducting quantum system with AMD-powered CPUs and GPUs, the platform seeks to enhance classical simulation, AI model development, optimization, and benchmarking.

This colocated architecture addresses latency and data security constraints that have historically hindered the enterprise adoption of cloud-accessed quantum systems. For financial services firms like JPMorgan Chase, which handle sensitive trading data and portfolio models, on-premises quantum access within a secure compute environment is essential for production-grade research.

The announcement coincided with OQC's successful closure of a £260 million (~$350 million) oversubscribed Series C funding round, marking the largest private quantum computing fundraise in European history. With this capital, OQC plans to expand globally and develop next-generation systems, including OQC TITAN, further solidifying its position in the quantum computing landscape.

SECTION 6 10-Q: 12 CONSEQUENTIAL MANAGEMENT DECISIONS

6.1 JPMorgan Chase & Co. 10-Q: 12 Consequential Management Decisions

http://www.buysellsignals.com/bst/01499196101110626832

SECTION 7 BULLISH SIGNALS

7.1 Rank in the top 15% by Relative Valuation in the NYSE market

DescriptionValueRank

Earnings Yield %6.7In Top 15%

Source: JPMorgan Chase & Co.'s, 10-K filing dated February 13, 2026, available at the U.S. Securities and Exchange Commission website: https://www.sec.gov/Archives/edgar/data/19617/000162828026008131/jpm-20251231.htm and JPMorgan Chase & Co.'s website: https://www.jpmorganchase.com/ir.company (JPMorgan Chase & Co.), Ticker(JPM)

7.2 Uptrend

Price/Moving Average Price of 1.07 and positive MACD:

- The Price/MAP 200 for JPMorgan Chase & Co. is 1.07. Being higher than 1 is a bullish indicator. The stock is trading above both its MAPs and the 50-day MAP of $306.16 is higher than the 200-day MAP of $292.53, a second bullish indicator. The 200-day MAP has increased to $292.53, a third bullish indicator.

- The Moving Average Convergence Divergence (MACD) indicator of 12-day Exponential Moving Average (EMA) of 307.71 minus the 26-day EMA of 305.78 is positive, suggesting a bullish signal. Both the 12-day EMA as well as the 26-day EMA are rising, another bullish signal.

Past Quarter:

- The shares had their best quarter in three quarters since the quarter ended September 11, 2025.

The Best 3 weeks in the past quarter

The past month witnessed the best 2 weeks in the past quarter. In the past quarter the week beginning Monday April 06 saw the highest weekly rise of 5.7% for a relative price increase of 2.1%.

Mon-FriChange %S&P 500 Index Change %Vol Ind [1 is avg]

Apr 06-105.73.60.8

Jun 01-054.3-2.60.7

May 18-222.90.90.6

7.3 Other Bullish Signals

- Return on Equity of 15.7% versus sector average of 11.6% and market average of 14.1%.

MCap/Total Assets:

- Tobin's Q Ratio, defined as MCap divided by Total Assets, is 0.2. Compared with the rest of the market the stock is undervalued and ranks in the top 8% of stocks by value of Q Ratio.

Source: JPMorgan Chase & Co.'s, 10-K filing dated February 13, 2026, available at the U.S. Securities and Exchange Commission website: https://www.sec.gov/Archives/edgar/data/19617/000162828026008131/jpm-20251231.htm and JPMorgan Chase & Co.'s website: https://www.jpmorganchase.com/ir.company (JPMorgan Chase & Co.), Ticker(JPM)

Source: New York Stock Exchange: https://www.nasdaq.com/market-activity/stocks/JPM, company (JPMorgan Chase & Co.), Ticker(JPM)

SECTION 8 ONGOING BULLISH PARAMETERS

8.1 Past four-years

- JPMorgan Chase & Co. rose for a fourth consecutive year. In the past four years it has risen $205.50 (190.2%).

8.2 Rank in the top 99% by Liquidity in the NYSE market

DescriptionValueRank

Ave daily turnover$2.1 billionIn top 99%

Source: JPMorgan Chase & Co.'s, 10-K filing dated February 13, 2026, available at the U.S. Securities and Exchange Commission website: https://www.sec.gov/Archives/edgar/data/19617/000162828026008131/jpm-20251231.htm and JPMorgan Chase & Co.'s website: https://www.jpmorganchase.com/ir.company (JPMorgan Chase & Co.), Ticker(JPM)

8.3 Past quarter momentum up: JPMorgan Chase & Co. jumps 9.6% on below average volume 0.8 times average.

Past month toHighLowVWAPVolume Index *

11 Jun 2026316.42293.67303.480.8

11 May 2026320.24298.88309.330.8

10 Apr 2026311.26277.68291.660.8

[*Volume Index of 0.8 means volume for the month was 0.8 times its 12-month average]

[VWAP is defined as the Volume Weighted Average Price; High Low prices and VWAP are shown in USD]

8.4 Present Value of $1000 Invested in the Past [3 Mo, 1 Yr, 3 Yrs]; The Best Periods with PV$1000 > 1,101

PV$1,0003 mo ago1 yr ago3 yrs ago

JPM.NYSE$1,102$1,215$2,555

Bank sector$1,124$1,259$1,888

S&P 500 Index$1,097$1,228$1,720

8.5 Past 3 years: price rise of 138.1%

3-Year price change of 138.1% for JPMorgan Chase & Co. outperformed the change of 72% in the S&P 500 Index for a relative price change of 66%.

Price Change %3 Years

JPMorgan Chase & Co.138.1

Bank sector88.8

S&P 500 Index72

8.6 Moving Annual Return of 21.4% in the past year:

Moving Annual Return was 21.4% in the past year. Based on a dynamic start date of 5 years ago, the real rate of return has averaged 23%. The Moving Annual Return has been positive in 4 of the last 5 years.

JPMClose ($)Dividends ($)Capital Gain / (Loss) %% YieldAnnual Return %

Jun 11313.545.919.22.221.4

1 Yr ago263.045.0537.52.640.1

2 Yrs ago191.374.2545.33.248.5

3 Yrs ago131.7421.93.725.6

4 Yrs ago108.043.9(23.6)2.8(20.8)

Close 5 years ago $141.36

8.7 MCap: 5-Year Increase of $364 B (74%)

In the past 5 years Market Capitalization has increased by $364 billion (74%) from $489.5 billion to $853.5 billion. Based on a dynamic start date of 5 years ago, there has been only 1 decline in MCap over the last 5 years.

PriceMCap ($ B)

Last$313.54853.5

1 Year ago$263.04745.5

2 Years ago$191.37572.9

3 Years ago$131.70415

4 Years ago$108.04351.5

5 Years ago$141.36489.5

8.8 Created Market Value [CMV] past 18 yrs of $345.9 billion

- Market Capitalization has increased by $707.2 billion from $146.3 billion to $853.5 billion in the last 18 years. This increase comprises cumulative retained earnings (RETE) of $361.3 billion and Created Market Value of $345.9 billion. The Created Market Value multiple, defined by the change in MCap for every $1 of retained earnings is $1.96.

8.9 Sequential growth in EPS [Q1/2026 vs Q4/2025] of 28.2%:

The most recent quarter (Q1/2026) showed a rise of 28.2% in sequential growth of Quarterly EPS.

Quarterly ReportEPS ($)Growth %

Q1/20265.9528.2

Q4/20254.64-8.7

Source: JPMorgan Chase & Co.'s, 10-Q filing dated May 01, 2026, available at the U.S. Securities and Exchange Commission website: https://www.sec.gov/Archives/edgar/data/19617/000162828026029344/jpm-20260331.htm and JPMorgan Chase & Co.'s website: https://www.jpmorganchase.com/ir.company (JPMorgan Chase & Co.), Ticker(JPM)

8.10 Annualised Period-based Total Shareholder Returns [TSR %]: The Best Periods with TSR > 13.8%

TSR %1 yr3 yrs5 yrs10 yrs20 yrs

JPM.NYSE21.536.320.52213.9

8.11 A 79.0% Decrease in Insider Selling

In the past 5 years a total of 3,807,071 JPMorgan Chase & Co. shares worth $875.9 million were sold by insiders. Based on a dynamic start date of 5 years ago, insider selling has averaged 761,414 shares per year. In the past year, insiders sold 378,518 shares, a decrease of 79.0% from the previous year.

YearNo. of SharesValue, $

Jun 11, 2026378,518116,178,605

1 Yr ago1,806,125480,188,881

2 Yrs ago1,270,257231,475,135

3 Yrs ago287,28238,464,953

4 Yrs ago64,8899,631,050

Total3,807,071875,938,624

Source: U.S. Securities and Exchange Commission (SEC Form 4) https://www.sec.gov/edgar/browse/?CIK=19617, company (JPMorgan Chase & Co.), Ticker(JPM)

8.12 Increased VWAP, up 126% in 5 years

In the past five years Volume Weighted Average Price (VWAP) has increased by 125.6% to $298.92. Based on a dynamic start date of five years ago, there have been declines in VWAP in 2 out of 5 years.

Past five years, 12 months ended Jun 11 (USD)

YearHigh PriceVWAPLow Price

2026334.16298.92257.7

2025273.22226.42183.0

2024197.38157.35128.07

2023133.9116.5393.17

2022154.23132.53103.95

8.13 Increased share turnover, up 19% in 5 years

In the past five years, average daily share turnover has increased 18.9% to $2.1 billion. This suggests increased liquidity.

Past five years, 12 months ended Jun 11 (USD billion)

YearAverage Daily Turnover

20262.1

20252.1

20241.5

20231.4

20221.8

8.14 Year-over-year (%) Change in Dividend:

Quarterly dividend for Q1/2026 was $1.50, unchanged from $1.50 in Q4/2025. The year-on-year change was up 7.1% from $1.40 in the previous corresponding period Q1/2025.

QuarterQ1/2025Q4/2025Q1/2026

Dividend ($)1.41.51.5

Source: New York Stock Exchange: https://www.nyse.com/ex-date-dividends, company (JPMorgan Chase & Co.), Ticker(JPM)

Source: New York Stock Exchange: https://www.nasdaq.com/market-activity/stocks/JPM, company (JPMorgan Chase & Co.), Ticker(JPM)

SECTION 9 BEARISH SIGNALS

9.1 Downtrend

Trailing Relative Strength (6 months) at 32 percentile:

- The stock has a 6-month relative strength of 32 in the NYSE market of 1,830 stocks, 33 ADRs and 13 preference stocks which means it has underperformed 68% of the market.

9.2 Overbought/Bearish Signals:

- The stock is overbought according to the Williams % R indicator of -13.5, suggesting the price is close to its 14-day high of $316.42.

Source: New York Stock Exchange: https://www.nasdaq.com/market-activity/stocks/JPM, company (JPMorgan Chase & Co.), Ticker(JPM)

SECTION 10 ONGOING BEARISH PARAMETERS

10.1 Rank in the bottom 2% by Growth in the NYSE market

DescriptionValueRank

EPS Growth %1.3In Bottom 2%

Source: JPMorgan Chase & Co.'s, 10-K filing dated February 13, 2026, available at the U.S. Securities and Exchange Commission website: https://www.sec.gov/Archives/edgar/data/19617/000162828026008131/jpm-20251231.htm and JPMorgan Chase & Co.'s website: https://www.jpmorganchase.com/ir.company (JPMorgan Chase & Co.), Ticker(JPM)

10.2 P/E/G > 1

The price earnings ratio of 15.0 divided by trailing twelve months eps growth of 1.3% corresponds to P/E/G of 11.4 times.

EPS Growth (%)1.3

P/E/G11.4

P/E15.0

Source: JPMorgan Chase & Co.'s, 10-K filing dated February 13, 2026, available at the U.S. Securities and Exchange Commission website: https://www.sec.gov/Archives/edgar/data/19617/000162828026008131/jpm-20251231.htm and JPMorgan Chase & Co.'s website: https://www.jpmorganchase.com/ir.company (JPMorgan Chase & Co.), Ticker(JPM)

10.3 Declining Volume, down 47% in 5 years

In the past five years, Average Daily Volume of Trading (ADVT) has decreased 46.9% to 7.2 million shares.

Avg. Daily Volume Traded 12 months ended Jun 11, million shares

YearADVT

20267.2

20259.5

20249.2

202312.2

202213.5

10.4 Satisfies 3 out of 9 criteria of Joseph Piotroski [pass mark 5]:

- Positive net income.

- Improvement in current ratio from 3.9 to 4.0.

- Reduction in total shares on issue.

But does not meet the following 6 criteria of Joseph Piotroski:

- Return on Assets improvement.

- Positive operating cashflow.

- Good quality of earnings [operating cashflow exceeds net income].

- Improvement in long-term debt to total assets.

- Improvement in gross margin.

- Improvement in asset turnover.

Source: JPMorgan Chase & Co.'s, 10-K filing dated February 13, 2026, available at the U.S. Securities and Exchange Commission website: https://www.sec.gov/Archives/edgar/data/19617/000162828026008131/jpm-20251231.htm and JPMorgan Chase & Co.'s website: https://www.jpmorganchase.com/ir.company (JPMorgan Chase & Co.), Ticker(JPM)

Source: New York Stock Exchange: https://www.nasdaq.com/market-activity/stocks/JPM, company (JPMorgan Chase & Co.), Ticker(JPM)

SECTION 11 CORPORATE PROFILE

11.1 Activities

JPMorgan Chase & Co., a leading global financial services firm listed on the New York Stock Exchange, operates as a diversified banking institution with core activities spanning investment banking, consumer and community banking, commercial banking, and asset and wealth management. The company provides a wide range of services, including corporate financing, retail banking, credit cards, and advisory solutions, serving individuals, corporations, and governments worldwide. In recent years, JPMorgan has experienced rapid growth in its digital banking and technology-driven segments, such as mobile and online platforms, which have expanded access to financial services and enhanced customer engagement. Additionally, its asset and wealth management division has seen significant acceleration, driven by increasing demand for investment products and advisory services amid market volatility and rising investor interest in sustainable and alternative assets. This strategic focus on innovation and client-centric solutions has solidified JPMorgan's position as a resilient leader in the financial sector. It is the NYSE's largest Bank by market capitalisation.

JPMorgan Chase & Co. (NYSE:JPM) is a leading global financial services firm, offering a vast array of investment products and services, including the JPMorgan hybrid credit fund and the JPMorgan credit fund, which reinforce its prominence in the credit market space. The firm's strategic initiatives, such as the JPMorgan Asset Management hybrid credit and the innovative JPMorgan alternative credit fund, bolster its growth potential, aligning with evolving market demands. The firm's partnerships, like the Cohen & Stee rs JPMorgan partnership and the Cohen & Stee rs fund partnership, enhance its competitive edge, leveraging hybrid credit strategies and co-managed hybrid credit fund opportunities. With its robust lineup of products, including the JPMorgan Chase asset management funds and the hybrid credit ETF, JPMorgan Chase & Co. fortifies its market position, securing a leadership role in delivering tailored credit solutions and alternative investments to an institutional clientele. This strategic focus underscores its commitment to pioneering JPMorgan investment funds and dynamic credit market solutions.

11.2 Contact Details

Website: http://www.jpmorganchase.com

Physical Address: 270 Park Avenue, New York, NY,10017

Phone: +1 212 270-6000

Fax: 6823761

Email: JPMCinvestorrelations@jpmchase.com

11.3 U.S. Industry & Sector

Classification Level: Name of Sector

Economic Sector: Financials

Business Sector: Banking & Investment Services

Industry Group: Banking Services

Industry: Banks

SECTION 12 BANK METRICS

12.1 Bank Metrics (Q1/2026)

All values are in $ billion

DescriptionQ1/2026Q1/2025Change

Interest Income49.246.9Up 5%

Interest Expense23.823.6Up 1%

Net Interest Income25.423.3Up 9%

Provision2.53.3Down 24.1%

Total Non Interest Income24.522Up 11%

Total Non Interest Expense26.923.6Up 13.8%

Bank Other Revenue1.71.9Down 13.1%

Favourable Changes:

- Interest Income up 5% from $46.9b to $49.2b

- Net Interest Income up 9% from $23.3b to $25.4b

- Provision down 24.1% from $3.3b to $2.5b

- Total Non Interest Income up 11% from $22b to $24.5b

Unfavourable Changes:

- Interest Expense up 1% from $23.6b to $23.8b

- Total Non Interest Expense up 13.8% from $23.6b to $26.9b

- Bank Other Revenue down 13.1% from $1.9b to $1.7b

SECTION 13 PREFERRED SHARES

PV$1000 Comparison of JPMorgan Chase & Co. Preferred Shares & Indices

PV$10001-week1-month1-year

JPM.NYSE1,0081,0381,215

S&P 500 Index9769951,228

SECTION 14 STOCK IDENTIFIERS

ISIN: US46625H1005

PermID: 4297129996

Central Index Key (CIK): 19617

CUSIP: 46625H100

RIC: JPM.N

LEI: 8I5DZWZKVSZI1NUHU748

Created by: www.BuySellSignals.com",017b3507e7378ea288d3ae60baf976d164acc7c4ab88274db50233abc7d3a41a,ok,,60396,47118,0,week4_lseg_html_v1,True,True
2026-06-15 22:52:20.000,2026-06-15,2026-06-15T00:00:00,2026-06-15T23:59:59,JPM,JPM.N,R:JPM.N and Language:LEN,urn:newsml:reuters.com:20260615:nTUA1ZDW7Q:1,reuters,NS:RTRS,BRIEF-JPMorgan Chase & Co Announces 2027 Investor Day,,"June 15 (Reuters) - JPMorgan Chase & Co JPM.N:

JPMORGANCHASE ANNOUNCES 2027 INVESTOR DAY

Source text: (Full Story)

Further company coverage: JPM.N",07f40a2ad17dcc87a72a1ba818bd8749ad2f3e9555ef7ac76206b1b851243b12,ok,,886,149,0,week4_lseg_html_v1,True,True
2026-06-15 22:39:31.115,2026-06-15,2026-06-15T00:00:00,2026-06-15T23:59:59,JPM,JPM.N,R:JPM.N and Language:LEN,urn:newsml:newsroom:20260615:nNRA0w8m2s:0,newsroom,NS:STOCKP,5th Planet Games A/ is trading -3.91 percent lower with a volume of NOK 107.2 k on Monday 15th of June,,"Jun 15, 2026

5th Planet Games A/ (5PG.OL) traded down -3.91 % during a 24 hours period ending at 11:26 PM Central Europe on Monday 15th. One 5th Planet Games A/ stock can currently be bought for about NOK 1.22 on popular exchanges. Current supply of 5th Planet Games A/ stocks is 268.9 mn. 5th Planet Games A/ has a current market capitalization of NOK 330.7 mn and approximately NOK 107.2 k worth of 5th Planet Games A/ was traded on exchanges in the last 24 hours. Since last month end, 5th Planet Games A/ has traded -27 % down. Simple moving average of last 200 days is at NOK 1.07. The highest price of past 52 weeks was recorded at NOK 2.6 on 03/24/2026. 52 weeks low was at NOK 0.62 on 09/22/2025.

Here is how related stocks have performed in the past 24 hours:

Cemat (CEMAT.CO) traded up 0.24 % and now trades at DKK 0.81. Current market capitalisation for Cemat is DKK 207.9 mn. Cemat has a current price to earnings ratio of 3.36.

Glunz & Jensen (GJ.CO) traded up 0.57 % and now trades at DKK 88. Current market capitalisation for Glunz & Jensen is DKK 160.3 mn. Current price/earnings ratio for Glunz & Jensen is 16.74.

Liqtech (LIQT) traded down -4.4 % and now trades at USD 0.88. Current market capitalisation for Liqtech is USD 26.1 mn.

Roblon B (RBLN-B.CO) traded down -7.93 % and now trades at DKK 108.5. Current market capitalisation for Roblon B is DKK 186.9 mn. Current price/earnings ratio for Roblon B is 27.52.

Risma A/ (8WX.F) traded flat 0 % and now trades at EUR 0.8. Current market capitalisation for Risma A/ is EUR 30 mn.

About 5th Planet Games A/

5th Planet Games A/S is a communication services company with its operations base in Copenhagen, Denmark. This company specializes in creating, developing, and publishing mobile games globally. Their game portfolio spans across various platforms such as iOS, Android, and Facebook. Typically, their products are sold through platform distribution partners. Prior to changing its name to 5th Planet Games A/S in November 2018, the company was known as Hugoames A/S.",656420f1169af5b737a272592a4340f90e280fb827f2c2371fcd5babfde52ad8,ok,,2328,2049,0,week4_lseg_html_v1,True,True
2026-06-16 23:42:19.590,2026-06-16,2026-06-16T00:00:00,2026-06-16T23:59:59,JPM,JPM.N,R:JPM.N and Language:LEN,urn:newsml:newsroom:20260616:nNRA0wr5j6:0,newsroom,NS:NEWBIZ,PAYHAWK LIMITED - INDUSTRY & TRENDS BRIEFING,,"NEWS BITES - PRIVATE COMPANIES

DASHBOARD: PAYHAWK LIMITED

PermID5073641803

Websitehttps://payhawk.com/

IndustryCorporate Spend Management

Address""1 Waterhouse Square WeWork London EC1N 2ST England, United Kingdo""

ACTIVITIES:

Payhawk Limited is an AI-native spend management platform that provides a unified solution for corporate cards, expenses, travel, accounts payable, procurement, and global payments. Founded in 2018 and headquartered in London, the company empowers mid-market and enterprise businesses across 32+ countries to gain real-time visibility, automate workflows, and enforce controls on all business spending. Its core business revolves around orchestrating financial operations through intelligent automation, including AI agents for invoice processing, receipt matching, policy enforcement, and reconciliation-achieving up to 99.7% zero-touch ERP integration. Payhawk supports multi-entity management, multi-currency transactions (115+ currencies), and seamless integrations with leading ERP and HR systems. Fastest-growing segments include enterprise/global spend management solutions for large organizations (> $50M revenue), which have seen adoption surge ~45% YoY, driven by demand for complex, multi-jurisdictional controls, deep ERP integrations, and scalable procurement automation. This aligns with strong overall revenue growth, fueled by AI-driven efficiencies and international expansion. In essence, Payhawk transforms fragmented finance processes into a streamlined, proactive platform that delivers significant time and cost savings while enabling strategic decision-making.

+ PAYHAWK LIMITED [5 Press Releases]

+ PAYHAWK'S SUMMER '26 EDITION GIVES FINANCE TEAMS ENTERPRISE CONTROL WITHOUT ENTERPRISE COMPLEXITY

With new research revealing that just 14% of 1,520 finance leaders have unified spend control, consolidation, and automation, Payhawk's Summer '26 Edition is built to close the gap. The release brings native SAP S/4HANA integration, role-based visibility, EU-wide eInvoicing, expanded global payments, and 30+ improvements that give finance teams enterprise depth without enterprise complexity.

Source: Company Website

+ PAYHAWK LIMITEDFUTURE CFO TALKS SERIES: MOST FINANCE TEAMS ARE USING AI TO DO THE WRONG THINGS FASTER

Notes from the third Future CFO Talks in Barcelona, where the conversation moved past ""are we using AI?"" to a harder question: are we using it on anything that matters?

A room full of CFOs spent a morning in Barcelona comparing notes on AI, and the most useful thing said all day was a warning about doing it badly.

Source: Company Website

+ FUTURE CFO TALKS SERIES: MOST FINANCE TEAMS USI AI TO DO THE WRONG THINGS FASTER

A room full of CFOs spent a morning in Barcelona comparing notes on AI, and the most useful thing said all day was a warning about doing it badly.

Source: Company Website

+ FUTURE CFO TALKS SERIES: MOST FINANCE TEAMS USING AI TO DO THE WRONG THINGS FASTER

Daniel Ruiz, a partner at the audit and advisory firm Crowe, repeated a line he treats almost as a religion: automate a broken process and all you get is a faster broken process. He was talking about the invoice-entry screen, the form where someone keys in supplier invoices by hand. Most teams look at that screen and ask how to make it quicker. The better question is why it still exists.

Source: Company Website

+ FUTURE CFO TALKS SERIES: MOST FINANCE TEAMS ARE USING AI TO DO THE WRONG THINGS FASTER

Notes from the third Future CFO Talks in Barcelona, where the conversation moved past ""are we using AI?"" to a harder question: are we using it on anything that matters?

Source: Company Website

++++++++++++++++++++++++++++++++++++++++++++++++++++++++++++++++++++++++++++++++++++

+ CORPAY [3 Press Releases]

+ CORPAY CROSS-BORDER NAMED THE OFFICIAL FX SUPPLIER OF VALERENGA FOTBALL AS

TORONTO----Corpay, Inc.*, (NYSE: CPAY) a global leader in corporate payments, is pleased to announce that Corpays Cross-Border business has entered into an agreement with Valerenga Fotball AS to become their Official Foreign Exchange (FX) Supplier.

Through this partnership, Corpay Cross-Border will deliver comprehensive FX risk management solutions to support Valerenga Fotball ASs operations. In addition, its award-winning platform will enable the club to manage global payments seamlessly through a single point of access.

Corpay Cross-Border is proud to be named the Official FX Supplier of Valerenga Fotball AS, said Brad Loder, Chief Marketing Officer, Corpay Cross-Border Solutions. This partnership reinforces Corpays position as a leading provider of corporate payments and currency risk management solutions within professional football, while giving us a strong platform to expand our brand and business in Norway. We look forward to supporting the club as they pursue success in the Eliteserien, Norways top-tier football league.

We are pleased to be able to use Corpays modern currency solutions. They will help provide us with predictability during periods of significant fluctuations, says COO Harald Gjervik.

About Corpay

Corpay, Inc. (NYSE: CPAY) is a global S&P500 corporate payments company that helps businesses and consumers pay expenses in a simple, controlled manner. Corpays suite of modern payment solutions help its customers better manage vehicle-related expenses (such as fueling and parking), travel expenses (e.g. hotel bookings) and payables (e.g. paying vendors). This results in our customers saving time and ultimately spending less. Corpay Cross-Border refers to a group of legal entities owned and operated by Corpay, Inc.

Corpay Payments made easy. To learn more visit www.corpay.com.

About Valerenga Fotball AS

Valerenga is a proud club with a proud history! It began with its founding in a cabinetmakers workshop on Valerenggata, continued through the bohemian era and the league title of the 1960s, then into the era of the new bohemians and all the victories of the 1980s.

In the 1990s, the club and the supporters group Klanen took a historic stand against racism. In Europe, the club enjoyed success with matches against Chelsea F.C., Besiktas J.K., and Newcastle United F.C. among its proudest highlights.

In 2005, we won what remains our most recent league championship and celebrated together with tens of thousands of supporters outside Oslo town hall. In 2008, we claimed what remains our most recent Norwegian Cup title, with two local lads scoring our goals.

In the autumn of 2017, Valerenga moved into Intility Arena, and by securing the bronze medal in the 2020 league season, our mens team earned its first league medal in its new home.

*Corpay in this document primarily refers to the Cross-Border Division of Corpay, Inc. https://www.corpay.com/cross-border; a full listing of the companies that are part of Corpay Cross-Border is available here: https://www.corpay.com/compliance.

Source: Corpay, Inc.

+ CORPAYCOMPLETES REFINANCING AND INCREASES REVOLVING CREDIT FACILITY TO $3.7 BILLION

Corpay Completes Refinancing and Increases Revolving Credit Facility to $3.7 BillionIncreases liquidity by over $1 billionExtends maturity to 2031

ATLANTA, GAMay 21, 2026Corpay, Inc. (NYSE: CPAY), the corporate payments and expense management company today announced that it closed an amendment to increase its revolving credit facility by $925 million to $3.7 billion and to increase to its Term Loan A by $420 million to $3.3 billion, both for new 5-year terms. The USD interest rates are 10 basis points lower than the existing facilities.

The Company plans to use $1 billion of the proceeds to pay down a portion of its Term Loan B and refinance a portion of its Term Loan B, resulting in a $2.9 billion Term Loan B, maturing in November 2032. This will also result in lower annual interest expense.

Were very pleased to upsize and extend our credit facilities, said Ron Clarke, chairman and chief executive officer, Corpay, Inc. This is a reflection of the durability of Corpays earnings power, and these amended facilities provide us additional liquidity to grow the business.

Our debt facility continues to price at very attractive levels, and will result in interest expense savings for the extended term, said Peter Walker, chief financial officer, Corpay, Inc. Were very appreciative of our bank partners stepping up to support this upsized credit facility.

Bank of America, N.A. is the Administrative Agent and BofA Securities, Inc., PNC Bank, National Association J.P. Morgan Chase Bank, N.A, Barclays Bank, PLC, TD Securities (USA) LLC., Wells Fargo Securities, LLC, and BMO Capital Markets Corp., served as Joint Lead Arrangers and Joint Bookrunners. The Bank of Nova Scotia, Capital One, National Association, Citizens Bank, N.A., Fifth Third Bank National Association, Industrial and Commercial Bank of China Limited, New York Branch, Keybanc Capital Markets PLC, Mizuho Bank, LTD. Truist Securities, Inc. and Royal Bank of Canada as joint lead arrangers.

About Corpay

Corpay (NYSE: CPAY), the Corporate Payments and Expense Management Company, is a global S&P 500 provider of employee payments (e.g, spend management solutions, fleet cards, and virtual cards) B2B vendor payments (e.g., invoice and payments automation), and cross-border solutions (fx payments, risk management solutions and global bank accounts) to businesses worldwide. Corpay solutions keep business moving and result in our customers better controlling business expenses, mitigating fraud, and ultimately spending less. To learn more visit www.corpay.com

Contacts

Investor Relations Jim Eglseder, 770-417-4697

Jim.Eglseder@corpay.com

Source: CORPAY, INC.

+ CORPAY LODGING BROADENS GLOBAL HOTEL ACCESS FOR U.S. COMPANIES MANAGING WORKFORCE TRAVEL

WICHITA, Kan.--(BUSINESS WIRE)--Jan. 27, 2026-- Corpay Lodging, a Corpay company (NYSE: CPAY) and leader in workforce travel solutions, announced today that it is expanding availability of its now 2 million-hotel global network to U.S.-based companies and significantly enhancing its workforce travel program options. The expanded international booking capabilities are available on a newly launched and user-friendly platform designed for workforce travelers. The new solution gives businesses greater access, visibility, and control over their lodging programs while helping them save time and money across their travel operations.

This press release features multimedia. View the full release here: https://www.businesswire.com/news/home/20260127277566/en/

US-based companies can now leverage Corpay Lodging's 2 million-property global hotel network, along with an easy-to-use platform built specifically for workforce travelers. By combining global reach with a streamlined interface, Corpay Lodging is enabling companies to manage travel programs with improved visibility, control, and consistency across both domestic and international operations.

""Corpay Lodging is expanding our service offerings to better support our customers anywhere in the world-both in and out of the U.S.,"" said Ryan Guthrie, Group President of Lodging at Corpay. ""We're thrilled to grow the reach of our lodging network globally while strengthening our position as America's workforce lodging leader. This expansion reflects our commitment to helping companies control costs, simplify travel, and support their teams wherever they go.""

Building on this expanded global access, the company has also introduced new platform capabilities that:

Source: Company Website

++++++++++++++++++++++++++++++++++++++++++++++++++++++++++++++++++++++++++++++++++++

+ PLEO [1 Press Release]

+ PLEO ANNOUNCES NEW AGENTIC CAPABILITIES, CHANGING THE FACE OF FINANCIAL MANAGEMENT AND DECISION-MAKING

LONDON----Pleo, Europe's first and most trusted strategic finance platform, today announces a suite of AI agents that handle routine spend management autonomously, so finance leaders can focus on decisions rather than administrative tasks.

Finance teams are under growing pressure: 45% of European companies say their current processes slow them down, and leaders describe approval workflows as so cumbersome they struggle to operate at the required speed. Meanwhile, 73% believe the future of finance teams and professionals depends on the comprehensive understanding and use of AI, yet 63% say AI skills, training and confidence are severely lagging.

Pleo's agentic AI addresses this gap. Starting with beta testing in July, Pleo is moving toward a model where specialised agents execute routine work autonomously, surfacing only the exceptions that genuinely need human judgment.

Jeppe Rindom, CEO and Founder of Pleo comments:

Agentic AI gives finance leaders a clear path out of the admin and back to the work that requires their strategic judgment. Were focused on unifying users' full financial ecosystem-policies, budgets, vendors, approvals-while keeping data encrypted and controlled to move towards true autonomous spend: agents deciding independently, always within your guardrails. That's when finance leaders get their profession back.

From workflows to agents

Pleo is building specialised agents to handle financial workflows:

Policy Agent Currently live agent that enforces company spend rules in real time, flags policy exceptions and routes approvals to the right person

Pleo MCP Next to launch feature that captures card transactions, finds receipts, writes memos, applies accounting codes and submits expenses

AP Agent Processes invoices from email, codes them, schedules payment and tracks approval and payment status end to end

Treasury Agent Monitors cash flow, tracks spend against budget and surfaces overspend risk before it happens

Accounting Agent Codes transactions, reconciles accounts and closes books, flagging only what needs human review

Two ways to access Pleo AI

The Pleo agents will live throughout the Pleo app and web experience. Additionally Pleos MCP server acts as the infrastructure layer that lets finance teams connect their preferred AI tools such as ChatGPT Codex, Gemini, Claude Cowork, and Copilot so they can directly access data in Pleo. Finance teams can query spend, approve expenses, prepare bookkeeping, and run reports without switching tools.

Marija Nakevska, CPTO, Pleo adds:

Finance software is shifting from passive dashboards to AI agents that actively work on behalf of users, safely and transparently. Over the past decade, Pleo has built one of Europes richest datasets from its customer base of 40,000 businesses, revealing patterns in how and where they spend, and where risks emerge. This intelligence drove Pleo's evolution from expense management to full cash management. Now were channeling it into the workflows finance teams need most. They want AI working for them, delivering better control. We're seeing real appetite for AI features, but paired with a critical question: 'How does this use my data, and do I stay in control?' The MCP server foundation answers both concerns. It enables advanced AI capabilities while keeping customers in control of their data.

A key differentiator of Pleos agentic experience is the conversation design. Today, many AI models mimic human emotions in the responses which can mask issues. Pleos agentic experience is designed for competence, not charm. This is part of Pleos vision to build trust at every layer.

Pleos agentic AI capabilities will roll out from July 2026 with an initial phase of beta testing. Existing customers can sign up to join the beta list here.

About Pleo

Pleo is Europe's first and most trusted spend platform for financial strategists, meticulously built by a CFO to put an end to fragmented finance. Scattered tools and manual processes result in time waste, compromised data, and compliance risk. Pleo empowers finance to focus their specialism where it matters.

Trusted by over 40,000 businesses across 16 markets, including Unity, Lyst, IDC and HelloFresh, Pleo unifies every aspect of company spending in one place. Smart cards, automated expenses, invoice payments, subscription management, real-time spend categorisation, and cash management: all connected, all visible, all built specifically for how European businesses operate.

Pleo integrates with over 100 accounting and workspace tools, giving finance teams the real-time visibility and AI workflow automation they need to lead with clarity, control, and confidence in every decision.

Powering billions of euros in spending each year, and having secured a record-breaking Series C in 2021, Pleo continues to set the standard for how finance leads and drives business growth across Europe and beyond.

Notes

This research is taken from a forthcoming report from Pleo, launching in September 2026. The survey was conducted by Sapio Research in April 2026, among finance decision-makers and finance professionals in organisations with 51 to 1,000 employees in Germany, Spain and the UK.

Source: Pleo

++++++++++++++++++++++++++++++++++++++++++++++++++++++++++++++++++++++++++++++++++++",b17012a9164aaf0e44800211bed22f65ba64e8a2ea1fcd0dfac4bc2daae47ec8,ok,,18136,17047,0,week4_lseg_html_v1,True,True
2026-06-16 23:22:21.928,2026-06-16,2026-06-16T00:00:00,2026-06-16T23:59:59,JPM,JPM.N,R:JPM.N and Language:LEN,urn:newsml:newsroom:20260616:nNRA0wqywr:0,newsroom,NS:CNBSTR,JPMorgan Chase & Co. (ETR:CMC) decreases 0.2% in today's session; -50c [-0.2%],,"GERMAN END-OF-DAY STOCK REPORT

NEW YORK, Monday, June 15 2026 - JPMorgan Chase & Co.'s (ETR: CMC EUR277.05) stock price decreased 50.0c (0.2%) from its previous trading session to close at EUR277.05.

Compared with the DAX Index which rose 290.9 points (1.2%) in the day, the relative price change was -1.4%.

There were 1,342 shares worth EUR371,372 ($429,618) traded today; the volume was 0.8 times the average daily trading volume of 1,760 shares.

INDEX

SECTION 1 TODAY'S BULLISH SIGNALS

SECTION 2 ONGOING BULLISH PARAMETERS

SECTION 3 TODAY'S BEARISH SIGNALS

SECTION 4

Read more...

ANNEXURE

APPENDIX I DATA & ARCHIVE DOWNLOAD CENTER

GLOSSARY

SECTION 1 TODAY'S BULLISH SIGNALS

1.1 Uptrend

Today's Volatility:

The 4% discount to 12-month high of EUR289.0 against the 21% premium to 12-month low of EUR229.80 suggests the stock continues to push for new highs.

Today its volatility (highest price minus lowest price/lowest price) of 1.2% was 0.7 times the average daily volatility of 1.7%, up from 1.0% on Thursday. Price/Moving Average Price of 1.12 and positive MACD:

- The Price/MAP 200 for JPMorgan Chase & Co. is 1.12. Being higher than 1 is a bullish indicator. It is higher than the Price/MAP 200 for the DAX Index of 1.03, a second bullish indicator. The stock is trading above both its MAPs and the 50-day MAP of EUR256.59 is higher than the 200-day MAP of EUR246.42, a third bullish indicator. The 200-day MAP has increased to EUR246.42, a fourth bullish indicator.

- The Moving Average Convergence Divergence (MACD) indicator of 12-day Exponential Moving Average (EMA) of 268.67 minus the 26-day EMA of 264.97 is positive, suggesting a bullish signal. Both the 12-day EMA as well as the 26-day EMA are rising, another bullish signal.

Past Quarter:

The Best 3 weeks in the past quarter

The past month witnessed the best 2 weeks in the past quarter. In the past quarter the week beginning Monday June 01 saw the highest weekly rise of 6.2% for a relative price increase of 7.6%. The rise was propped up by volume of 1.3 times average.

Mon-FriChange %DAX Index Change %Vol Ind [1 is avg]

Jun 01-056.2-1.31.3

Apr 06-103.53.20.8

May 18-222.74.11.2

SECTION 2 ONGOING BULLISH PARAMETERS

2.1 Present Value of EUR1000 Invested in the Past [3 Mo, 1 Yr, 3 Yrs]; The Best Periods with PVEUR1000 > 1,114

PVEUR1,0003 mo ago1 yr ago3 yrs ago

CMC.ETREUR1,115EUR1,202EUR2,130

Bank sectorEUR1,152EUR1,297EUR2,031

DAX IndexEUR1,063EUR1,060EUR1,528

2.2 The Best Periods [3 Mo, 1 Yr, 3 Yrs] with Price Change % > 11.4

3-Year price change of 113% for JPMorgan Chase & Co. outperformed the change of 52.6% in the DAX Index for a relative price change of 60.3%.

Price Change %QuarterYear3 Years

JPMorgan Chase & Co.11.520.2113

Bank sector15.229.8101

DAX Index5652.6

SECTION 3 TODAY'S BEARISH SIGNALS

3.1 Downtrend

Trailing Relative Strength (6 months) at 34 percentile:

- The stock has a 6-month relative strength of 34 in the German market of 4,672 stocks, 65 ADRs and 24 preference stocks which means it has underperformed 66% of the market.

3.2 Overbought/Bearish Signals:

- The stock is overbought according to the Williams % R indicator of -11.3, suggesting the price is close to its 14-day high of EUR280.0.

SECTION 4

APPENDIX I DATA & ARCHIVE DOWNLOAD CENTER

CMC: OTHER INFORMATION:

+ PRICE VOLUME CHARTS

+ USD vs EUR EXCHANGE RATE CHARTS IN HTML

GLOSSARY

Disclaimer:",79b41762dad4469aec6db059872eaceba05da192cde273392f3ad778fc0aa589,ok,,5365,3410,0,week4_lseg_html_v1,True,True
2026-06-17 23:56:55.680,2026-06-17,2026-06-17T00:00:00,2026-06-17T23:59:59,JPM,JPM.N,R:JPM.N and Language:LEN,urn:newsml:newsroom:20260617:nNRA0xaf0h:0,newsroom,NS:CNBSTR,"JPMorgan Chase & Co. (ETR:CMC) climbs 2.5% on rising relative strength, hits 158-day high; +EUR6.90 [+2.5%]",,"GERMAN END-OF-DAY STOCK REPORT

NEW YORK, Tuesday, June 16 2026 - JPMorgan Chase & Co.'s (ETR: CMC EUR283.95) stock price climbed EUR6.90 (2.5%) from its previous trading session to close at EUR283.95.

Compared with the DAX Index which rose 11.3 points (0.05%) in the day, the relative price increase was 2.4%.

In the German market, the stock's relative price strength percentile is rising at 41 for 6 months, 68 for 3 months, and 77 for 1 month. A price rise combined with a rising relative strength is a bullish signal.

Today its volatility (highest price minus lowest price/lowest price) of 3.1% was 1.8 times its average daily volatility of 1.7%. The stock traded between its 158-day high of EUR284.30 and its four-day low of EUR275.70 today.

There were 878 shares worth EUR248,908 ($288,703) traded today; the volume was 0.5 times the average daily trading volume of 1,757 shares.

INDEX

SECTION 1 TODAY'S BULLISH SIGNALS

SECTION 2 ONGOING BULLISH PARAMETERS

SECTION 3 TODAY'S BEARISH SIGNALS

SECTION 4

Read more...

ANNEXURE

APPENDIX I DATA & ARCHIVE DOWNLOAD CENTER

GLOSSARY

SECTION 1 TODAY'S BULLISH SIGNALS

1.1 Uptrend

The stock traded at a seven-month high of EUR284.30 today.

Price/Moving Average Price of 1.15 and positive MACD:

- The Price/MAP 200 for JPMorgan Chase & Co. is 1.15. Being higher than 1 is a bullish indicator. It is higher than the Price/MAP 200 for the DAX Index of 1.03, a second bullish indicator. The stock is trading above both its MAPs and the 50-day MAP of EUR257.17 is higher than the 200-day MAP of EUR246.61, a third bullish indicator. The 200-day MAP has increased to EUR246.61, a fourth bullish indicator.

- The Moving Average Convergence Divergence (MACD) indicator of 12-day Exponential Moving Average (EMA) of 271.02 minus the 26-day EMA of 266.38 is positive, suggesting a bullish signal. Both the 12-day EMA as well as the 26-day EMA are rising, another bullish signal.

- The price to 50-day EMAP ratio is 1.1, a bullish indicator. The 50-day EMAP has increased to EUR263.60. An increase is another bullish indicator.

Past Month:

- Rises to Falls: In the past month the number of rises outnumbered falls 14:8 or 1.8:1.

Past Quarter:

- The shares had their best quarter in six quarters since the quarter ended December 16, 2024.

The Best 3 weeks in the past quarter

The past month witnessed the best 2 weeks in the past quarter. In the past quarter the week beginning Monday June 01 saw the highest weekly rise of 6.2% for a relative price increase of 7.6%. The rise was propped up by volume of 1.3 times average.

Mon-FriChange %DAX Index Change %Vol Ind [1 is avg]

Jun 01-056.2-1.31.3

Apr 06-103.53.20.8

May 18-222.74.11.2

SECTION 2 ONGOING BULLISH PARAMETERS

2.1 Present Value of EUR1000 Invested in the Past [3 Mo, 1 Yr, 3 Yrs]; The Best Periods with PVEUR1000 > 1,141

PVEUR1,0003 mo ago1 yr ago3 yrs ago

CMC.ETREUR1,142EUR1,212EUR2,184

Bank sectorEUR1,164EUR1,301EUR2,046

DAX IndexEUR1,057EUR1,052EUR1,521

2.2 The Best Periods [3 Mo, 1 Yr, 3 Yrs] with Price Change % > 14.1

3-Year price change of 118.4% for JPMorgan Chase & Co. outperformed the change of 52.9% in the DAX Index for a relative price change of 65.5%.

Price Change %QuarterYear3 Years

JPMorgan Chase & Co.14.221.2118.4

Bank sector16.331.2105.3

DAX Index5.9652.9

SECTION 3 TODAY'S BEARISH SIGNALS

3.1 Downtrend

Today's Volatility:

The 2% discount to 12-month high of EUR289.0 against the 22% premium to 12-month low of EUR231.90 suggests the climb might be peaking.

Trailing Relative Strength (6 months) at 41 percentile:

- The stock has a 6-month relative strength of 41 in the German market of 3,812 stocks, 60 ADRs and 25 preference stocks which means it has underperformed 59% of the market.

3.2 Overbought/Bearish/Resistance Signals:

- At EUR283.95 the price has risen above the upper Bollinger band resistance of EUR282.15, indicating a downside risk for it to fall back within the band.

- The Relative Strength Index (RSI) of 87.1 has penetrated the overbought line of 70, suggesting the price gain of 11.2% in the last 14 days is unusually high.

- The stock is overbought according to the Williams % R indicator of -1.2, suggesting the price is close to its 14-day high of EUR284.30.

SECTION 4

APPENDIX I DATA & ARCHIVE DOWNLOAD CENTER

CMC: OTHER INFORMATION:

+ PRICE VOLUME CHARTS

+ USD vs EUR EXCHANGE RATE CHARTS IN HTML

GLOSSARY

Disclaimer:",9b47a70e90a98b2c985c43dc33e2cf2938002ffc7d74f24498d98823d0198282,ok,,6422,4422,0,week4_lseg_html_v1,True,True
2026-06-17 22:30:27.995,2026-06-17,2026-06-17T00:00:00,2026-06-17T23:59:59,JPM,JPM.N,R:JPM.N and Language:LEN,urn:newsml:newsroom:20260617:nNRA0x9ni9:0,newsroom,NS:GOVJAP,"J.P. MORGAN SECURITIES PLC Announces Outstanding Short Selling Positions of IINO KAIUN KAISHA,LTD",,"Tokyo

Tokyo, June 17 -- The total number of short positions in shares of IINO KAIUN KAISHA,LTD (9119.0) was 2178937.0 on 15-Jun-2026, announced J.P. MORGAN SECURITIES PLC. Also, the number of short positions in trading units was 21789.0.

Notably, the ratio of short positions to shares outstanding was 0.02.

The data was published on Japan Exchange Group's website on 17-Jun-2026.

(Outstanding Short Selling Position; Short position; Notice; Notification; Company Announcement; Market Movement; Company Disclosure) For any query with respect to this article or any other content requirement, please contact Editor at contentservices@htdigital.in",b19f0ef3af0c06ba01dcca9234bd565e5e53daaff90b56c937d02c0cbcd11248,ok,,794,649,0,week4_lseg_html_v1,True,True
2026-06-17 21:22:24.773,2026-06-17,2026-06-17T00:00:00,2026-06-17T23:59:59,JPM,JPM.N,R:JPM.N and Language:LEN,urn:newsml:newsroom:20260617:nNRA0x94ib:0,newsroom,NS:NEWBIH,"WEEKLY INDUSTRY OVERVIEW: KOREA INVESTMENT CORPORATION NEWS THIS PAST WEEK JUN 17, 2026",,"NEWS BITES - PRIVATE COMPANIES (US)

+ KOREA INVESTMENT CORPORATION [1 News That Matters]

+ KOREA INVESTMENT AND JPMORGAN EXPLORE AI OPPORTUNITIES AT SEMINAR

Korea Investment Corporation and J.P. Morgan Asset Management held a 'Global Market Outlook' seminar aimed at connecting with domestic retail investors and presenting market forecasts and investment opportunities. The event took place on 9th June 2026 at the InterContinental Parnas in Seoul, featuring insights from Kerry Craig, global market strategist at J.P. Morgan Asset Management, and Christian Mariani, an investment specialist in the U.S. equity group.

During the seminar, speakers highlighted that as the artificial intelligence (AI) industry transitions from the training phase to the inference phase, a variety of investment opportunities will emerge across the entire AI value chain. This includes sectors such as networking, computing, memory, and power infrastructure. Craig noted that expanding AI infrastructure investments are pivotal in driving corporate earnings growth not just in the U.S. but also in Japan and other Asian markets.

A key feature of the seminar was the introduction of the 'Korea Investment JPMorgan U.S. Tech Fund,' which Korea Investment Corporation has been exclusively promoting since this year. The fund leverages J.P. Morgan's global research capabilities to identify and invest in leading companies within the AI ecosystem, such as those specializing in AI computing and custom processors. In a notable development, approximately 300 billion won has been invested in this product recently, pushing the total assets under management beyond 560 billion won alongside the 'Korea Investment JPMorgan Global High Yield Fund.'

Kim Sung-hwan, president of Korea Investment Corporation, emphasized their commitment to not merely selling financial products but rather becoming a strategic partner that introduces premier investment opportunities aimed at fostering long-term growth of clients' investment assets. This aligns with the broader trend of increased interest in AI-related investments among Korean retail investors.

As the AI sector continues to gain traction, the collaboration between Korea Investment Corporation and J.P. Morgan may serve as a model for future investment strategies in Korea, particularly in how financial institutions can effectively connect with retail investors and navigate emerging market dynamics.

++++++++++++++++++++++++++++++++++++++++++++++++++++++++++++++++++++++++++++++++++++",9a7324ac74dbae38736d495905d399383d1287cf4e84ca4bd1a804c48a14ceba,ok,,2690,2520,0,week4_lseg_html_v1,True,True
2026-06-18 23:47:25.420,2026-06-18,2026-06-18T00:00:00,2026-06-18T23:59:59,JPM,JPM.N,R:JPM.N and Language:LEN,urn:newsml:newsroom:20260618:nNRA0xt64t:0,newsroom,NS:CNBSTR,JPMorgan Chase & Co. (ETR:CMC) in 2nd consecutive rise; +EUR13.50 [+4.9%],,"GERMAN END-OF-DAY STOCK REPORT

NEW YORK, Wednesday, June 17 2026 - JPMorgan Chase & Co.'s (ETR: CMC EUR290.55) stock price extended its gains on Wednesday, rising an additional EUR6.60 (2.3%) to close at EUR290.55.

This brought its 2-day rise to 4.9%; compared with the DAX Index which rose 28.1 points (0.1%) in the two days for a relative price increase of 4.8%.

Cumulative volume in the 2 days was 0.7 times the average 2-day volume of 1,754 shares. There were 1,576 shares worth EUR455,996 ($529,666) traded today.

INDEX

SECTION 1 TODAY'S BULLISH SIGNALS

SECTION 2 ONGOING BULLISH PARAMETERS

SECTION 3 TODAY'S BEARISH SIGNALS

SECTION 4

Read more...

ANNEXURE

APPENDIX I DATA & ARCHIVE DOWNLOAD CENTER

GLOSSARY

SECTION 1 TODAY'S BULLISH SIGNALS

1.1 Uptrend

Price/Moving Average Price of 1.18 and positive MACD:

- The Price/MAP 200 for JPMorgan Chase & Co. is 1.18. Being higher than 1 is a bullish indicator. It is higher than the Price/MAP 200 for the DAX Index of 1.03, a second bullish indicator. The stock is trading above both its MAPs and the 50-day MAP of EUR257.88 is higher than the 200-day MAP of EUR246.83, a third bullish indicator. The 200-day MAP has increased to EUR246.83, a fourth bullish indicator.

- The Moving Average Convergence Divergence (MACD) indicator of 12-day Exponential Moving Average (EMA) of 274.03 minus the 26-day EMA of 268.17 is positive, suggesting a bullish signal. Both the 12-day EMA as well as the 26-day EMA are rising, another bullish signal.

- The price to 50-day EMAP ratio is 1.1, a bullish indicator. The 50-day EMAP has increased to EUR264.66. An increase is another bullish indicator.

Past Month:

- Rises to Falls: In the past month the number of rises outnumbered falls 15:8 or 1.9:1.

Past Quarter:

- The shares had their best quarter in six quarters since the quarter ended December 17, 2024.

In the last three months the stock has hit a new 52-week high once. The Best 3 weeks in the past quarter

The past month witnessed the best 2 weeks in the past quarter. In the past quarter the week beginning Monday June 01 saw the highest weekly rise of 6.2% for a relative price increase of 7.6%. The rise was propped up by volume of 1.3 times average.

Mon-FriChange %DAX Index Change %Vol Ind [1 is avg]

Jun 01-056.2-1.31.3

Apr 06-103.53.20.8

May 18-222.74.11.2

SECTION 2 ONGOING BULLISH PARAMETERS

2.1 Present Value of EUR1000 Invested in the Past [3 Mo, 1 Yr, 3 Yrs]; The Best Periods with PVEUR1000 > 1,166

PVEUR1,0003 mo ago1 yr ago3 yrs ago

CMC.ETREUR1,167EUR1,243EUR2,213

Bank sectorEUR1,170EUR1,323EUR2,070

DAX IndexEUR1,051EUR1,063EUR1,522

2.2 The Best Periods [3 Mo, 1 Yr, 3 Yrs] with Price Change % > 16.6

3-Year price change of 121.3% for JPMorgan Chase & Co. outperformed the change of 52.2% in the DAX Index for a relative price change of 69.1%.

Price Change %QuarterYear3 Years

JPMorgan Chase & Co.16.724.3121.3

Bank sector1731.6107

DAX Index9.15.252.2

SECTION 3 TODAY'S BEARISH SIGNALS

3.1 Downtrend

Today's Volatility:

The 0.1% discount to 12-month high of EUR290.80 against the 24% premium to 12-month low of EUR233.50 suggests the climb might be peaking.

Trailing Relative Strength (6 months) at 46 percentile:

- The stock has a 6-month relative strength of 46 in the German market of 4,562 stocks, 64 ADRs and 25 preference stocks which means it has underperformed 54% of the market.

3.2 Overbought/Bearish/Resistance Signals:

- At EUR290.55 the price has risen above the upper Bollinger band resistance of EUR286.90, indicating a downside risk for it to fall back within the band.

- The Relative Strength Index (RSI) of 88.9 has penetrated the overbought line of 70, suggesting the price gain of 14.1% in the last 14 days is unusually high.

- The stock is overbought according to the Williams % R indicator of -0.7, suggesting the price is close to its 14-day high of EUR290.80.

SECTION 4

APPENDIX I DATA & ARCHIVE DOWNLOAD CENTER

CMC: OTHER INFORMATION:

+ PRICE VOLUME CHARTS

+ USD vs EUR EXCHANGE RATE CHARTS IN HTML

GLOSSARY

Disclaimer:",0d04887d1a131f5fce7e46825c9c081a53af1743099c402615d1b9c63450be26,ok,,6048,4063,0,week4_lseg_html_v1,True,True
2026-06-18 23:13:49.492,2026-06-18,2026-06-18T00:00:00,2026-06-18T23:59:59,JPM,JPM.N,R:JPM.N and Language:LEN,urn:newsml:newsroom:20260618:nNRA0xsw7p:0,newsroom,NS:NOTENG,"It was a good day for Argentina's country risk and stocks, but the tech sector took a hit",,"This Thursday, the Argentine market was buoyed by optimism, coupled with a favorable international environment, and broke through the 430-point mark.

The country risk premium fell by six units to 429 basis points (-1.8%) , according to Rava Bursátil's screens. The last time the indicator compiled by JP Morgan showed similar values was on April 30, 2018, during Mauricio Macri's presidency, when it closed at 430 units. As a result, it approached its low under Javier Milei's administration, when it hit 425 points last Monday.

This movement was a result of sovereign bond yields. Bonds issued under local law rose as much as 0.9%, led by the AL41D. Meanwhile, Global bonds fell as much as 0.5% (GD46D), while the GD46D climbed 1%.

Meanwhile, Argentine stocks listed on the New York Stock Exchange (ADRs) traded in positive territory, in line with the major Wall Street indices. BBVA led the pack with a 4.1% gain, followed by Banco Macro ( +3.2%), Loma Negra ( +2%), and Edenor ( +1.7%). Telecom (-5.6%), Tenaris (-3.2%), and Ternium (-2.5%) fell.

The most striking development was Globant's 11.2% drop. This was not due to any specific announcement by the company, but rather because Accenture released its latest earnings report, which was received negatively by the markets, causing its shares to plummet 18%. As one of the industry's leading players, it dragged down technology services companies, as was the case with IBM (-5%).

The Merval rose 1.3% to close at 3,337,448.40, equivalent to US$2,216.96 when adjusted for the spot dollar with settlement (+1.2%). The biggest gains were in the financial sector: BBVA (+4.5%), Banco Macro (+4.4%), and Bolsas y Mercados Argentinos (+3.4%). Transener (-0.9%) and YPF (-0.9%) fell (-3.9%).

Analyst Fernando Marull noted that the performance of Argentine stocks and bonds reflects the recent positive financial news . The most recent development was a US$2 billion guarantee package to enable Argentina to refinance its debt payments. This ""triggered the rebound,"" along with the Central Bank's (BCRA) steady purchase of foreign exchange reserves and the upgrade of Argentina's debt rating. Meanwhile, the global mood was ""slightly better"" today following the agreement between the U.S. and Iran to end the conflict in the Middle East.

Fernando Camusso noted that ""the market isn't rising because of today's data; it's rising because it's positioning itself ahead of June 23,"" which is when… ""If MSCI upgrades Argentina to Frontier Market status, it will open the door to foreign capital inflows that are currently barred from investing in Argentine assets due to regulatory restrictions , "" he noted.

Dollar Today

Various exchange rates trended upward during Thursday's trading session. The official retail dollar rate rose by $10 (+0.7%) and closed at $1,470 for sale at Banco Nación. The average bank rate hovered around $1,470.01, according to the Central Bank's (BCRA) daily survey of financial institutions.

Meanwhile, the wholesale rate stood at $1,450.62, up $9.32 from its opening value (0.7%). As a result, it was 19% below the upper limit of the exchange rate band, set today at $1,788.47.

The MEP dollar rose by $5.43 (+0.4%) and appeared on screens at $1,467.06. The contado with settlement (CCL) remained stable and traded at $1,506.68.

Meanwhile, the blue dollar rose by $10 (+0.7%) and was trading in Buenos Aires' financial district at $1,485 for sale. Since last Friday, it has accumulated a gain of $35 and reached its highest level since late February.",b0c6003f537f65da0f16a83ec7fc68d38c80a4e480cea74afebb7b1b7a521425,ok,,3973,3534,0,week4_lseg_html_v1,True,True
2026-06-18 23:05:06.940,2026-06-18,2026-06-18T00:00:00,2026-06-18T23:59:59,JPM,JPM.N,R:JPM.N and Language:LEN,urn:newsml:newsroom:20260618:nNRA0xssh3:0,newsroom,NS:STOCKP,5th Planet Games A/ is trading 10.58 percent higher with a volume of NOK 2.2 mn on Friday 19th of June,,"Jun 18, 2026

5th Planet Games A/ (5PG.OL) traded up 10.58 % during a 24 hours period ending at 12:31 AM Central Europe on Friday 19th. One 5th Planet Games A/ stock can currently be bought for about NOK 1.68 on popular exchanges. Current supply of 5th Planet Games A/ stocks is 268.9 mn. 5th Planet Games A/ has a current market capitalization of NOK 435.6 mn and approximately NOK 2.2 mn worth of 5th Planet Games A/ was traded on exchanges in the last 24 hours. Since last month end, 5th Planet Games A/ has traded -5.26 % down. Simple moving average of last 200 days is at NOK 1.08. The highest price of past 52 weeks was recorded at NOK 2.6 on 03/24/2026. 52 weeks low was at NOK 0.62 on 09/22/2025.

Here is how related stocks have performed in the past 24 hours:

Egnsinvest Ejd Tyskland (EGNETY.CO) traded flat 0 % and now trades at DKK 146. Egnsinvest Ejd Tyskland has a market capitalisation of DKK 337.1 mn. Current price/earnings ratio for Egnsinvest Ejd Tyskland is 13.44.

Brøndby If (BIF.CO) traded up 3.44 % and now trades at DKK 0.27. Current market capitalisation for Brøndby If is DKK 309.1 mn. Brøndby If has a current price to earnings ratio of 21.09.

Hvidbjerg Bank (HVID.CO) traded flat 0 % and now trades at DKK 180. Current market capitalisation for Hvidbjerg Bank is DKK 290.7 mn. Hvidbjerg Bank has a current price to earnings ratio of 10.78.

Risma A/ (8WX.F) traded flat 0 % and now trades at EUR 0.8. Current market capitalisation for Risma A/ is EUR 30 mn.

Donkeyrepublic (6UJ.F) traded up 9.18 % and now trades at EUR 1. Current market capitalisation for Donkeyrepublic is EUR 43.3 mn. Donkeyrepublic has a current price to earnings ratio of 43.31.

About 5th Planet Games A/

5th Planet Games A/S is a communication services company with its operations base in Copenhagen, Denmark. This company specializes in creating, developing, and publishing mobile games globally. Their game portfolio spans across various platforms such as iOS, Android, and Facebook. Typically, their products are sold through platform distribution partners. Prior to changing its name to 5th Planet Games A/S in November 2018, the company was known as Hugoames A/S.",b96eaecb82418c639779c8ddec630eda24d21fd759fa7e26e46b538ab128255d,ok,,2442,2175,0,week4_lseg_html_v1,True,True
2026-06-18 22:26:29.159,2026-06-18,2026-06-18T00:00:00,2026-06-18T23:59:59,JPM,JPM.N,R:JPM.N and Language:LEN,urn:newsml:reuters.com:20260618:nRTV3CD4HM:10,reuters,NS:RNTPC,Newscasts - VIDEO: 2026 J.P. Morgan Global China Summit Key Takeaways in ~10 Minutes,,"Click the following link to watch video: https://share.newscasts.refinitiv.com/link?entryId=1_23qogzks&referenceId=1_23qogzks&pageId=Newscasts

Source: J.P. Morgan

Description:

Short Link: https://lseg.group/43M3VH7

Video Transcript:

Verified transcript not available",10e004a91a44ac5be3d603ccc22bd453bd01695e5bcc7d53f01b37149d660fb5,ok,,795,271,0,week4_lseg_html_v1,True,True
2026-06-19 23:22:12.611,2026-06-19,2026-06-19T00:00:00,2026-06-19T23:59:59,JPM,JPM.N,R:JPM.N and Language:LEN,urn:newsml:newsroom:20260619:nNRA0y8j2n:0,newsroom,NS:CNBSTR,JPMorgan Chase & Co. (ETR:CMC) decreases 0.7% in today's session; -EUR2.15 [-0.7%] Vol Index 1.8 [1 is avg],,"GERMAN END-OF-DAY STOCK REPORT

NEW YORK, Thursday, June 18 2026 - JPMorgan Chase & Co.'s (ETR: CMC EUR288.40) stock price decreased EUR2.15 (0.7%) from its previous trading session to close at EUR288.40.

Compared with the DAX Index which rose 96.5 points (0.4%) in the day, the relative price change was -1.1%.

There were 3,109 shares worth EUR896,922 ($1 million) traded today. The fall was exacerbated by robust volume of 1.8 times the average daily volume of 1,756 shares.

INDEX

SECTION 1 TODAY'S BULLISH SIGNALS

SECTION 2 ONGOING BULLISH PARAMETERS

SECTION 3 TODAY'S BEARISH SIGNALS

SECTION 4

Read more...

ANNEXURE

APPENDIX I DATA & ARCHIVE DOWNLOAD CENTER

GLOSSARY

SECTION 1 TODAY'S BULLISH SIGNALS

1.1 Uptrend

Price/Moving Average Price of 1.17 and positive MACD:

- The Price/MAP 200 for JPMorgan Chase & Co. is 1.17. Being higher than 1 is a bullish indicator. It is higher than the Price/MAP 200 for the DAX Index of 1.03, a second bullish indicator. The stock is trading above both its MAPs and the 50-day MAP of EUR258.41 is higher than the 200-day MAP of EUR247.04, a third bullish indicator. The 200-day MAP has increased to EUR247.04, a fourth bullish indicator.

- The Moving Average Convergence Divergence (MACD) indicator of 12-day Exponential Moving Average (EMA) of 276.24 minus the 26-day EMA of 269.67 is positive, suggesting a bullish signal. Both the 12-day EMA as well as the 26-day EMA are rising, another bullish signal.

- The price to 50-day EMAP ratio is 1.1, a bullish indicator. The 50-day EMAP has increased to EUR265.59. An increase is another bullish indicator.

Past Month:

- Rises to Falls: In the past month the number of rises outnumbered falls 15:9 or 1.7:1.

Past Quarter:

- In the last three months the stock has hit a new 52-week high twice.

The Best 3 weeks in the past quarter

The past month witnessed the best 2 weeks in the past quarter. In the past quarter the week beginning Monday June 01 saw the highest weekly rise of 6.2% for a relative price increase of 7.6%. The rise was propped up by volume of 1.3 times average.

Mon-FriChange %DAX Index Change %Vol Ind [1 is avg]

Jun 01-056.2-1.31.3

Apr 06-103.53.20.8

May 18-222.74.11.2

SECTION 2 ONGOING BULLISH PARAMETERS

2.1 Present Value of EUR1000 Invested in the Past [3 Mo, 1 Yr, 3 Yrs]; The Best Periods with PVEUR1000 > 1,153

PVEUR1,0003 mo ago1 yr ago3 yrs ago

CMC.ETREUR1,154EUR1,208EUR2,196

Bank sectorEUR1,167EUR1,316EUR2,077

DAX IndexEUR1,064EUR1,072EUR1,528

2.2 The Best Periods [3 Mo, 1 Yr, 3 Yrs] with Price Change % > 15.3

3-Year price change of 119.6% for JPMorgan Chase & Co. outperformed the change of 52.8% in the DAX Index for a relative price change of 66.8%.

Price Change %QuarterYear3 Years

JPMorgan Chase & Co.15.420.8119.6

Bank sector16.732.7107.7

DAX Index11.86.752.8

SECTION 3 TODAY'S BEARISH SIGNALS

3.1 Downtrend

Today's Volatility:

The 2% discount to 12-month high of EUR293.90 against the 22% premium to 12-month low of EUR235.65 suggests the climb might be peaking.

Trailing Relative Strength (6 months) at 45 percentile:

- The stock has a 6-month relative strength of 45 in the German market of 4,563 stocks, 65 ADRs and 26 preference stocks which means it has underperformed 55% of the market.

3.2 Overbought/Bearish Signals:

- The Relative Strength Index (RSI) of 86.1 has penetrated the overbought line of 70, suggesting the price gain of 12.9% in the last 14 days is unusually high.

- The stock is overbought according to the Williams % R indicator of -13.8, suggesting the price is close to its 14-day high of EUR293.90.

- The Money Flow Index [MFI] is 84.3 suggesting an overbought 14-day trend, being above 80. The Money Ratio of 5.4 suggests positive money flow was 5.4 times negative money flow.

- The Stochastic indicator of 95.4 has broken through the overbought line of 80; this indicates the price is close to its 14-day high and is likely to revert to a downtrend.

SECTION 4

APPENDIX I DATA & ARCHIVE DOWNLOAD CENTER

CMC: OTHER INFORMATION:

+ PRICE VOLUME CHARTS

+ USD vs EUR EXCHANGE RATE CHARTS IN HTML

GLOSSARY

Disclaimer:",473ab5978954fd8a231f90e1ddd0e614e29ad14b6ebfd66d5ee169dabd8b5b0e,ok,,6110,4120,0,week4_lseg_html_v1,True,True
2026-06-19 22:23:51.932,2026-06-19,2026-06-19T00:00:00,2026-06-19T23:59:59,JPM,JPM.N,R:JPM.N and Language:LEN,urn:newsml:newsroom:20260619:nNRA0y877w:0,newsroom,NS:GLORDP,"Announcements on Friday June 19, 2026",,"THAI MARKET REPORT

Index

SECTION 1 PRESS RELEASES

SECTION 1 Press releases

CodeHeadlinesSource

AFAira Factoring Air France-KLM announces that it has signed a new multi-purpose credit facility for 1 billion with a syndicate of 12 international banksWest Corporation

AFAira Factoring Air France-KLM announces that it has signed a new multi-purpose credit facility for 1 billion with a syndicate of 12 international banksWest Corporation

AFAira Factoring Air France-KLM announces that it has signed a new multi-purpose credit facility for 1 billion with a syndicate of 12 international banksWest Corporation

AFAira Factoring Air France-KLM announces that it has signed a new multi-purpose credit facility for 1 billion with a syndicate of 12 international banksWest Corporation

TOPRadian Arc Partners with PureColo and Carrier Connect Data Solutions to Launch North American GPU Edge Infrastructure for Cloud Gaming and AISubmer

TOPRadian Arc Partners with PureColo and Carrier Connect Data Solutions to Launch North American GPU Edge Infrastructure for Cloud Gaming and AISubmer

TOPRadian Arc Partners with PureColo and Carrier Connect Data Solutions to Launch North American GPU Edge Infrastructure for Cloud Gaming and AISubmer

UMIThe Union Mosaic Industry Umicore - Transparency notifications by JP Morgan Chase & Co.West Corporation

UMIThe Union Mosaic Industry Umicore - Transparency notifications by JP Morgan Chase & Co.West Corporation

UMIThe Union Mosaic Industry Umicore - Transparency notification by Bank of America CorporationWest Corporation

UMIThe Union Mosaic Industry Umicore - Transparency notification by Bank of America CorporationWest Corporation

UMIThe Union Mosaic Industry Umicore - Transparency notification by Bank of America CorporationWest Corporation

UMIThe Union Mosaic Industry Umicore - Transparency notification by Bank of America CorporationWest Corporation

UMIThe Union Mosaic Industry Umicore - Transparency notifications by JP Morgan Chase & Co.West Corporation

UMIThe Union Mosaic Industry Umicore - Transparency notifications by JP Morgan Chase & Co.West Corporation

UPSaab receives order for anti-tank weapon NLAW from FranceSaab

UPBybit Rewards Responsible AI Adoption with 30,000 USDT in Prizes for AI Subaccount UsersBybit

UPBybit Rewards Responsible AI Adoption with 30,000 USDT in Prizes for AI Subaccount UsersBybit

UPBybit Rewards Responsible AI Adoption with 30,000 USDT in Prizes for AI Subaccount UsersBybit

UPBybit Rewards Responsible AI Adoption with 30,000 USDT in Prizes for AI Subaccount UsersBybit",e897bfc8fbe9cd5acbef0999136b49aff26fed7b6d54de3e092e72029082b679,ok,,3567,2575,1,week4_lseg_html_v1,True,True
2026-06-19 21:42:00.897,2026-06-19,2026-06-19T00:00:00,2026-06-19T23:59:59,JPM,JPM.N,R:JPM.N and Language:LEN,urn:newsml:newsroom:20260619:nNRA0y7w9e:0,newsroom,NS:NEWMAR,"JP Morgan China Growth & Income Compendium - A Snapshot as of June 19, 2026 Friday June 19, 2026",,"BRITISH END-OF-DAY STOCK REPORT

JP Morgan China Growth & Income PLC (L:JCGI), has dipped GBX4.0 (or 1.4%) in the past 3 months to close at GBX276.50 today. Compared with the FTSE 100 Index which rose 444.9 points (or 4.5%) in the past 3 months, this represented a relative price change of -5.9%.

Stock vs Index (Annual Percentage Change)

December 31Last price in GBXAnnual ReturnReturn of FTSE 100 Index

2025232.019.313.7

2024194.5-49.0-1.8

2023381.2-4.43.9

2022398.8348.92.7

2020267.92--

In 2025, JP Morgan China Growth & Income was up a total 19.3%, outperforming the Index which was up 13.7%.

Reported buyback transactions [TTM]

PeriodNo. of sharesWeighted Average price, GBXValue, GBX

Mar 26250,000279.5169,877,500

Feb 26126,141292.1436,850,809

Total376,141

Net reported buyback transactions: since February 2026: Bought 376,141 shares at an average price of GBX284 worth GBP1,067,283.09.

JP MORGAN CHINA GROWTH & INCOME PLC (JCGI) Stock Dashboard [traded in Pence Sterling, GBX] End-of-Day Fri, Jun 19

http://www.jpmorganassetmanagement.co.uk/Investor/OurInvestmentRange/Chinese-JPM-IT.aspx

LastGBX276.50

52-Week Price RangeGBX229.0 - GBX313.0

Ave Daily Volume224,685 shares

Currency1.000 GBP = 1.323 US Dollars

Today's Volume [VI]187,650 [0.8]

Market CapGBP222.3 million [$294 million]

ExchangeUNITED KINGDOM [London]

Shares Outstanding80,380,000

SectorEquity Investment Instruments [Rank by MCap 116 of 162 stocks]

PV$1000 (1 yr) and TRSGBP12.07; 20.7%$1,186; 18.6%

VI* Volume Index = Number of shares traded today/Average number of shares traded per day.

INDEX

SECTION 1 THE PAST YEAR: PRESS RELEASES

SECTION 2 TODAY'S BEARISH SIGNALS

SECTION 3 ONGOING BEARISH PARAMETERS

SECTION 4 TODAY'S BULLISH SIGNALS

SECTION 5 ONGOING BULLISH PARAMETERS

SECTION 6 CORPORATE PROFILE

SECTION 7 FINANCIALS H1/2026

SECTION 8 INSIDER BUYING

SECTION 9 FINANCIALS AS REPORTED H1/2026

SECTION 10 PEER COMPARISON & RANKING OF JCGI

SECTION 11 STOCK IDENTIFIERS

GLOSSARY

DATA & ARCHIVE DOWNLOAD CENTER

JCGI: EXPORT DATA TO EXCEL:

+ PRICE VOLUME - 5-YEAR HISTORY

JCGI: OTHER INFORMATION:

+ PRICE VOLUME CHARTS

+ INSIDER BUYING IN THE PAST 10 YEARS

+ BOARD OF DIRECTORS

SECTION 1 THE PAST YEAR: PRESS RELEASES

1.1 The Past Year: Press Releases

http://www.buysellsignals.com/bst/015991831011906263337

SECTION 2 TODAY'S BEARISH SIGNALS

2.1 Downtrend

Beta < 1 combined with price fall. The Beta of the stock is 0.6.

Price/Moving Average Price of 0.92 and negative MACD:

- The Price/MAP 200 for JP Morgan China Growth & Income PLC is 0.92. Being less than 1 is a bearish indicator. It is lower than the Price/MAP 200 for the FTSE 100 Index of 1.03, a second bearish indicator. The stock is trading below both its MAPs and the 50-day MAP of GBX288.48 is lower than the 200-day MAP of GBX299.79, a third bearish indicator.

- The Moving Average Convergence Divergence (MACD) indicator of 12-day Exponential Moving Average (EMA) of 275.85 minus the 26-day EMA of 278.34 is negative, suggesting a bearish signal.

Falling Relative Strength:

- The stock has a 6-month relative strength of 37 in the United Kingdom market of 962 stocks and 13 preference stocks which means it has underperformed 63% of the market.

- Also, the relative strength percentile is falling at 37 for 6 months, 34 for 3 months and 31 for 1 month.

SECTION 3 ONGOING BEARISH PARAMETERS

3.1 Past quarter momentum down: JP Morgan China Growth & Income PLC decreases 1.4% on below average volume 0.8 times average.

Past month toHighLowVWAPVolume Index *

19 Jun 2026290.50268.00279.540.8

19 May 2026296.00273.00284.480.9

17 Apr 2026294.50266.00279.460.8

[*Volume Index of 0.8 means volume for the month was 0.8 times its 12-month average]

[VWAP is defined as the Volume Weighted Average Price; High Low prices and VWAP are shown in GBX]

3.2 Present Value of GBP1000 Invested in the Past 3 Months; The Worst Period with PVGBP1000 < 987

PVGBP1,0003 mo ago

JCGI.LGBP986

Equity Investment Instruments sectorGBP1,062

FTSE 100 IndexGBP1,030

3.3 Past quarter: price fall of 1.4%

3-Month price change of -1.4% for JP Morgan China Growth & Income PLC underperformed the change of 4.5% in the FTSE 100 Index for a relative price change of -5.9%.

Price Change %Quarter

JP Morgan China Growth & Income PLC-1.4

Equity Investment Instruments sector6.2

FTSE 100 Index4.5

3.4 MCap: 5-Year Decrease of GBP341 M [$5M] (61%)

In the past 5 years Market Capitalization has decreased by GBP341.4 million (61%) from GBP563.6 million to GBP222.3 million. Based on a dynamic start date of 5 years ago, there have been declines in MCap in 3 out of 5 years.

PriceMCap (GBP M)MCap ($ M)

LastGBX276.50222.3294

1 Year agoGBX229.0-21,812.4-29,294.1

2 Years agoGBX222.0184.7234.3

3 Years agoGBX272.81235.9301

4 Years agoGBX372.02336.6415.2

5 Years agoGBX599.17563.6784.2

3.5 Annualised Period-based Total Shareholder Returns [TSR %]: The Worst Periods with TSR < 1.9%

TSR %3 yrs5 yrs

JCGI.L1.8-11.9

3.6 Declining Volume, down 13% in 5 years

In the past five years, Average Daily Volume of Trading (ADVT) has decreased 13.1% to 224,685 shares.

Avg. Daily Volume Traded 12 months ended Jun 19, thousand shares

YearADVT

2026224.7

2025225.5

2024201.1

2023199.6

2022258.5

3.7 Declining VWAP, down 36% in 5 years

In the past five years Volume Weighted Average Price (VWAP) has decreased by 36.2% to GBX282.14. Based on a dynamic start date of five years ago, there have been declines in VWAP in 3 out of 5 years.

Past five years, 12 months ended Jun 19 (GBX)

YearHigh PriceVWAPLow Price

2026313.0282.14229.0

2025286.5231.34182.6

2024283.74227.58189.0

2023415.28324.22226.02

2022640.34442.08269.05

3.8 Declining share turnover, down 47% in 5 years

In the past five years, average daily share turnover has decreased 46.8% to GBP610,706. This suggests decreased liquidity.

Past five years, 12 months ended Jun 19 (GBP thousand)

YearAverage Daily Turnover

2026610.7

2025528.0

2024448.4

2023626.4

20221147.1

SECTION 4 TODAY'S BULLISH SIGNALS

4.1 PAST WEEK: WEAK MOMENTUM UP

JCGI strengthens 1.7% on weak volume 0.7 times average. Compared with the FTSE 100 Index which fell 108.5 points (or 1.0%) in the week, the relative price increase was 2.7%.

Week 25 of 2026: Up 1.7%; JP Morgan China Growth & Income PLC (JCGI) outperformed the FTSE 100 Index in 3 out of 5 days. The price ranged between a high of GBX276.50 on Friday Jun 19 and a low of GBX274.50 on Wednesday Jun 17.

JunJP Morgan China Growth & Income PLCClose [GBX]Change %Comment

Fri 19In 2nd consecutive rise276.50.5Rises for a second consecutive day

Thu 18Increases after finding support2750.2; RPC=1.2%

Wed 17Stock decreases 0.2%274.5-0.2Steepest Fall

Tue 16Stock ticks down 0.2%275-0.2Price fall on falling relative strength

Mon 15Inches higher, resistance at 12-day EMA275.51.3Top Rise; RPC=1.7%

* RPC - Relative Price Change is % price change of stock less % change of the FTSE 100 Index.

SECTION 5 ONGOING BULLISH PARAMETERS

5.1 Past two-years

- The shares rose GBX4.50 (2.0%) a year ago which accelerated to GBX47.50 (20.7%) in the past year.

5.2 Present Value of GBP1000 Invested in the Past [1 Yr, 3 Yrs]; The Best Periods with PVGBP1000 > 1,053

PVGBP1,0001 yr ago3 yrs ago

JCGI.LGBP1,207GBP1,054

Equity Investment Instruments sectorGBP1,100GBP1,198

FTSE 100 IndexGBP1,179GBP1,366

5.3 Past year: price rise of 20.7%

1-Year price change of 20.7% for JP Morgan China Growth & Income PLC outperformed the change of 17.2% in the FTSE 100 Index for a relative price change of 3.6%.

Price Change %Year

JP Morgan China Growth & Income PLC20.7

Equity Investment Instruments sector9.4

FTSE 100 Index17.2

5.4 Annualised Period-based Total Shareholder Returns [TSR %]: The Best Periods with TSR > 10%

TSR %1 yr10 yrs

JCGI.L20.710.1

SECTION 6 CORPORATE PROFILE

6.1 Activities

JP Morgan China Growth & Income PLC is a United Kingdom-listed investment trust managed by JP Morgan Asset Management, specializing in providing investors with exposure to China's dynamic equity markets. Its core business activities center on constructing a diversified portfolio of Chinese stocks and other securities, aiming to deliver long-term capital growth and consistent income through dividend-paying assets. The fund targets companies across various sectors, with a strategic emphasis on high-growth areas such as technology, consumer discretionary, and healthcare, which have been among the fastest-expanding segments driven by China's rapid digital transformation, rising consumer demand, and innovation in areas like e-commerce and electric vehicles. By actively managing risks and capitalizing on emerging opportunities, the trust seeks to navigate market volatility while maintaining a balanced approach to growth and income generation. It is 116th largest Equity investment instruments company by market capitalisation in the United Kingdom.

6.2 Contact Details

Website: http://www.jpmorganassetmanagement.co.uk/Investor/OurInvestmentRange/Chinese-JPM-IT.aspx

Physical Address: Finsbury Dials, 20 Finsbury Street, London, EC2Y 9AQ, United Kingdom

6.3 Industry & Sector

Classification Level: Name of Sector

Economic Sector: Financials

Business Sector: Banking & Investment Services

Industry Group: Diversified Financial Services

Industry: Diversified Financial Services

SECTION 7 FINANCIALS H1/2026

7.1 Half-Yearly Financials

JP Morgan China Growth & Income reports recovery in EPS

Release Date: June 09, 2026

JP Morgan China Growth & Income (L:JCGI) announced EPS of GBX34.0 (US44.83c) for the half year-ended 31 March 2026, recovered from GBX-7.0 (-US9.23c) in the previous corresponding period.

Half-Yearly Report (31 Mar 2026)

Compared with the Previous Corresponding Period [PCP; 31 Mar 2025], year-over-year [y.o.y.]

Half year-ended31 Mar 202631 Mar 2025

Revenue, GBP million24.2-5.2

Revenue, $ million31.9-6.9

PCP growth in Revenue %--

Currency Conversion (March 31, 2026): $1 = GBP0.76

Currency Conversion (March 31, 2025): $1 = GBP0.77

SECTION 8 INSIDER BUYING

8.1 Insider buying Summary in the past 12 months

NameNo. of SharesPrice, GBPValue, GBP

Alexandra Jane Mackesy [Non-Executive Independent Chairman]41,7002.6107,586

Nick A. C. Bannerman [Independent Non-Executive Director]12,1422.631,112

Total53,8422.6138,698

SECTION 9 FINANCIALS AS REPORTED H1/2026

SECTION 10 PEER COMPARISON & RANKING OF JCGI

10.1 BUYSELLSIGNALS FUNDAMENTALS VALUATION RANKING:

JP Morgan China Growth & Income PLC vs United Kingdom Market

Out of 962 stocks in the United Kingdom Market, JP Morgan China Growth & Income PLC is ranked 129th(129) by EBITDA Margin%, 441st(441) by Premium to 52-Wk Low, 494th(494) by Market Cap in $ and 671st(671) by Discount to 52-Wk High.

United Kingdom AvgJCGIJCGI Rank

EBITDA Margin%15.865.5129

Premium to 52-Wk Low (%)40.720.7441

Market Cap $8 B294 M494

Discount to 52-Wk High (%)3.911.7671

Net Profit $322.2 M8.4 M723

ROA (%)1.12.6769

Negative values are shown in brackets.

10.2 LONG-TERM FUNDAMENTAL RANKING: 4 OUT OF 5 [5 is best]

JP Morgan China Growth & Income PLC is ranked number 116 out of 162 listed equity investment instruments companies in the United Kingdom with a market capitalization of GBP222.3 million ($294 million).

Stocks are scored on a set of parameters reflecting fundamental analytical tools involving valuation, size and financial performance. They are ranked according to the average values of those parameters. The highest ranking is 5 and the lowest ranking is 1.

SECTION 11 STOCK IDENTIFIERS

ISIN: GB0003435012

RIC: JCGI.L

LEI: 549300S8M91P5FYONY25

GLOSSARY

Disclaimer:",fb1c8f5647355c99f3cb7a0c90126918d33e5faa786363b630cf8a803afab562,ok,,18660,11667,0,week4_lseg_html_v1,True,True
2026-06-19 21:38:13.265,2026-06-19,2026-06-19T00:00:00,2026-06-19T23:59:59,JPM,JPM.N,R:JPM.N and Language:LEN,urn:newsml:reuters.com:20260619:nNRA0y7vqy:1,reuters,NS:DATMTR,National Stock Exchange of India Files Prospectus to Raise Funds in Initial Public Offering (IPO) of Shares,,"National Stock Exchange of India Ltd, an Indian company that provides automated screen-based trading system, has filed prospectus to raise funds in initial public offering of upto 148,905,525 shares

Kotak Mahindra Capital Company Limited, JM Financial Limited, Morgan Stanley India Company Private Limited, Citigroup Global Markets India Private Limited, HSBC Securities and Capital Markets (India) Private Limited, J.P. Morgan India Private Limited, SBI Capital Markets Limited, Anand Rathi Advisors Limited, Avendus Capital Private Limited, Axis Capital Limited, DAM Capital Advisors Limited, Equirus Capital Limited, HDFC Bank Limited, ICICI Securities Limited, IDBI Capital Markets & Securities Limited, IIFL Capital Services Limited, Motilal Oswal Investment Advisors Limited, Nuvama Wealth Management Limited, Pantomath Capital Advisors Private Limited, and 360 ONE WAM Limited are acting as financial advisors in the offering

Kotak Mahindra Capital Company Limited, JM Financial Limited, Morgan Stanley India Company Private Limited, Citigroup Global Markets India Private Limited, HSBC Securities and Capital Markets Private Limited, J.P. Morgan India Private Limited, SBI Capital Markets Limited, Anand Rathi Advisors Limited, Avendus Capital Private Limited, Axis Capital Limited,... Deal In Brief

Deal History: Update: On May 23 2026, National Stock Exchange of India Ltd, an Indian company that provides automated screen-based trading system, planning to launch an initial public offering (IPO) of shares to raise INR100 billion (USD1.39 billion)

Planned: On January 6, 2020, National Stock Exchange of India planned to launch an initial public offering (IPO) of shares by September 2020.

Deal TypeIPO

Sub-CategoryFiling,IPO

Deal StatusAnnounced: 2026-06-17

Deal Participants

Target (Company)National Stock Exchange of India Ltd.

Vendor 1 (Company)General Insurance Corporation of India

Vendor 2 (Company)State Bank of India

Vendor 3 (Company)MS Strategic (Mauritius) Ltd.

Vendor 4 (Company)National Insurance Company Limited

Vendor 5 (Company)The United India Insurance Company Limited

Vendor 6 (Company)Stock Holding Corporation of India Limited

Vendor 7 (Company)The New India Assurance Co Ltd

Vendor 8 (Company)Canada Pension Plan Investment Board

Vendor 9 (Company)Bank of Baroda

Deal Rationale

No. Shares Issued148905525

(Republication or redistribution, including by framing or similar means, is expressly prohibited without prior written consent. Marketline shall not be liable for errors or delays in the content, or for any actions taken in reliance thereon.)",696eee23344f85347dbb0d400288635c25d9813abcc0ffd3195bbbf53028674d,ok,,3472,2602,0,week4_lseg_html_v1,True,True
2026-06-20 16:00:12.592,2026-06-20,2026-06-20T00:00:00,2026-06-20T23:59:59,JPM,JPM.N,R:JPM.N and Language:LEN,urn:newsml:newsroom:20260620:nNRA0yguae:0,newsroom,NS:PLUCOM,NSE Corporate Announcement: J.P. Morgan India Private Limited - Issue summary document issued in relation to open offer pursuant to Regulations 3(1...,,"NSE Corporate Announcement: J.P. Morgan India Private Limited - Issue summary document issued in relation to open offer pursuant to Regulations 3(1) and 4 read with Regulations 13, 14 and 15 of the Securities and Exchange Board of India (Substantial Acquisition of Shares and Takeovers)

Mumbai: National Stock Exchange of India has issued the following corporate announcement:

(NSE Scrip Code: RBLBANK)

(BSE Scrip Code: 540065)

Subject –Issue summary document issued in relation to open offer pursuant to Regulations 3(1)

and 4 read with Regulations 13, 14 and 15 of the Securities and Exchange Board of India

(Substantial Acquisition of Shares and Takeovers)

Regulations, 2011, as amended (“SEBI (SAST)

Regulations”) in connection with an open offer to the Public Shareholders of RBL Bank Limited

(“Target Company”) (“Open Offer”).

Emirates NBD Bank (P.J.S.C.)(the “Acquirer”) has announced an Open Offer to acquire up to

415,586,443 fully-paid-up equity shares of face value INR 10/- each (“Equity Shares”) from the Public

Shareholders of the Target Company, representing 26.00% of the Expanded Voting Share Capital of

the Target Company, at a price of INR 282.38, being the aggregate of (a) the Offer Price of INR 280

and the Applicable Interest of INR 2.38 per Equity Share, aggregating to a total consideration of INR

117,353,299,774.34 (One hundred seventeen billion, three hundred fifty-three million, two hundred

ninety-nine thousand, seven hundred seventy-four rupees thirty-four paise) (assuming full acceptance) payable in cash.

In relation to the above, the letter of offer was issued on May 22, 2026 (“Letter of Offer”). Pursuant to

the Securities and Exchange Board of India circular on ‘Introduction of Issue Summary Document

(ISD) and dissemination of issue advertisement’ SEBI/HO/CFD/PoD-1/P/CIR/2023/29 dated February

15, 2023, please see below the issue summary report for Open Offer under SEBI (SAST) Regulations

for the post-tendering stage

For J.P. Morgan India Private Limited

Authorized Signatory

The complete document can be viewed at this link: https://www.nseindia.com/",49d6a6cc72e8b6f1b68ba120603d19fb41b0e02eb0d554ac89b9f342723b018e,ok,,2416,2120,0,week4_lseg_html_v1,True,True
2026-06-20 09:52:53.146,2026-06-20,2026-06-20T00:00:00,2026-06-20T23:59:59,JPM,JPM.N,R:JPM.N and Language:LEN,urn:newsml:newsroom:20260620:nNRA0yd41q:0,newsroom,NS:NEWPEO,"Mary Callahan Erdoes- Led JPMorgan Chase (NYSE:JPM), climbs 3.76% Over the Past Week Saturday June 20, 2026",,"NEWS BITES - PEOPLE IN BUSINESS

Under Asset and Wealth Management-CEO Mary Callahan Erdoes' leadership, JPMorgan Chase attracted investor focus past week with share-price gain. JPMorgan Chase & Co. (NYSE:JPM), NYSE's largest Bank by market cap, has increased $11.80 (or 3.8%) in the past week to close at $325.23.

Compared with the S&P 500 Index which rose 106.3 points (1.4%) in the week, the relative price increase was 2.3%.

In the past week the market cap has risen by $32.1 billion to $885.3 billion (USD885 billion).

People in Business Dashboard End-of-Day Jun 20, 2026

NameMary Callahan Erdoes

DesignationsAsset and Wealth Management-CEO

Past Year Insider Selling24,725 shares worth approx. $7.6 million

Shares Held639,047 worth 207.8 million at today's price of JPM $325.2

JPMORGAN CHASE & CO. (JPM) Stock Dashboard [traded in US Dollars, USD] End-of-Day Thu, Jun 18

Last$325.23EPS Growth (Q1 2026 vs Q4 2025)28.2%

52-Week Price Range$266.92 - $338.09Shares Outstanding2,722,000,000

Ave Daily Volume7,125,730 sharesInstitutional Ownership% of shares outstanding 61.9%

Today's Volume [VI]7,920,942 [1.1]JPM in IndicesS&P 500 [of 500 stocks]

Market Cap$885.3 billionDividend Yield % (TTM)1.81%

ExchangeNYSE [New York, BATS]DPS (past 12 months)$5.55 or 555c

P/E15.6SectorBank [Rank by MCap 1 of 42 stocks]

EPS (FY2025)$20.05PV$1000 (1 yr) and TRS$1,234; 21%

Reinforcing Bullish Signals

- The present value of $1,000 (PV1000) invested 3 years ago is now worth $2,609 for a capital gain of $1,431 and dividend reinvested of $178. This corresponds to annualised shareholder returns of 37.2%.

- Rises for a third consecutive week: The stock rose for a third consecutive week on Thursday bringing its three-week rise to $28.50 or 9.6%.

- Continues significant uptrend: The stock rose 9.21% in the past month.

- Rising relative strength: In the NYSE market, the stock's relative price strength percentile is rising at 50 for 6 months, 69 for 3 months, and 75 for 30 days. A price rise combined with a rising relative strength is a bullish signal.

- Strengthens above MAP: The 200-day Moving Average Price (MAP) is $293.36, up from $292.05 a week ago. A rising MAP over the past week is a bullish signal. The price to MAP ratio is 1.11, up from 1.06 a week ago. A rising P/MAP ratio is another bullish signal.

- Above VWAP: The price is at a premium of 5.1% to the 1-month Volume Weighted Average Price (VWAP) of $309.45.

SECTION 1: BIOGRAPHY: MARY CALLAHAN ERDOES, ASSET AND WEALTH MANAGEMENT-CEO

Mary Callahan Erdoes is Chief Executive Officer of JPMorgan Chase's Asset & Wealth Management line of business - one of the largest and most respected investment managers and private banks in the world, with $4 trillion in client assets and a 200-year-old legacy as a trusted fiduciary to corporations, governments, institutions and individuals. Since joining the firm 25 years ago, Erdoes has held senior roles across Asset & Wealth Management before becoming its CEO in 2009 and joining the JPMorgan Chase Operating Committee, the firm's most senior management team.

Erdoes serves on the board of the Robin Hood Foundation of New York City. She is also a board member of Georgetown University, where she earned her Mathematics undergraduate degree, and serves on the Global Advisory Council of Harvard University, where she received her MBA. Erdoes and her husband, Philip, reside in New York City and have three daughters.

Source: Company Website

SECTION 2: JPMORGAN CHASE: SEC FILINGS

2.1 SEC Form 4 Filings: Mary Callahan Erdoes Reported Shareholding

+ Jun 18, 2026: Mary Callahan Erdoes now has a beneficial interest in 639,047 JPMorgan Chase shares worth $207.8 million.

2.2 SEC Form 4 Filings: Mary Callahan Erdoes Reported Selling in last 7 years

+ In 2026 a total of 24,725 shares worth $7.6 million were sold. The highest number of shares 12,345 worth $3.8 million were sold in the month of April.

+ In the 7-year period 2019 to 2025 a total of 272,505 shares worth $37 million were sold; an average of 38,929 per year.

JPMorgan Chase & Co.

ISIN: US46625H1005

Stock PermID: 4297129996

RIC: JPM.N

CIK: 19617

CUSIP: 46625H100",d1abfc3a6a7ae44809edc59f4203227c9c951e8087dc65b40323b68c6ccec513,ok,,5119,4170,1,week4_lseg_html_v1,True,True
2026-06-21 19:35:06.148,2026-06-21,2026-06-21T00:00:00,2026-06-21T23:59:59,JPM,JPM.N,R:JPM.N and Language:LEN,urn:newsml:reuters.com:20260621:nNRA0yqeta:1,reuters,NS:DATMTR,Chevron to Participate in Fireside Chat at J.P.Morgan Natural Resources Conference,,"Jeff Gustavson, President of New Energies at Chevron Corporation, will participate in a fireside chat at the J.P. Jeff Gustavson, President- New Energies of Chevron Corporation, will participate in a fireside chat at the J.P. Morgan Natural Resources Conference on Tuesday, June 23, 2026, at 10:20 AM ET. Jeff Gustavson, President of New Energies at Chevron Corporation, will participate in a fireside chat at the J.P.Morgan Natural Resources Conference on June 23, 2026.

Jeff Gustavson, President - New Energies of Chevron Corporation (NYSE: CVX), will participate in a fireside chat at the J.P.Morgan Natural Resources Conference on Tuesday, June 23, 2026, at 10:20 AM ET.",d8e64dc691c97ebab71ca8e2d5d512647b521d7438ea9220b87b9ec685c263c4,ok,,739,675,0,week4_lseg_html_v1,True,True
2026-06-21 18:07:39.308,2026-06-21,2026-06-21T00:00:00,2026-06-21T23:59:59,JPM,JPM.N,R:JPM.N and Language:LEN,urn:newsml:newsroom:20260621:nNRA0yq0m5:0,newsroom,NS:NEWBIZ,"June 20, 2026: KOREA INVESTMENT CORPORATION & PEERS: LATEST INDUSTRY DEVELOPMENTS",,"NEWS BITES - PRIVATE COMPANIES

Korea Investment Corporation and J.P. Morgan Asset Management held a Global Market Outlook seminar on June 9, 2026, at the InterContinental Parnas in Seoul to connect with retail investors and present market forecasts. The event featured insights from J.P. Morgan strategists, who highlighted that as the artificial intelligence industry transitions from the training phase to the inference phase, investment opportunities will emerge across networking, computing, memory, and power infrastructure. A key feature of the seminar was the introduction of the Korea Investment JPMorgan U.S. Tech Fund, which leverages J.P. Morgan's global research to invest in companies within the AI ecosystem. Approximately 300 billion won has been invested in this product recently, pushing the total assets under management beyond 560 billion won alongside the Korea Investment JPMorgan Global High Yield Fund. Korea Investment Corporation President Kim Sung-hwan emphasized their commitment to not merely selling financial products but rather becoming a strategic partner that introduces premier investment opportunities aimed at fostering long-term growth of clients' investment assets.

In another strategic move within the technology sector, Korea Investment Trust Management announced plans to participate in SpaceX's initial public offering ahead of the planned listing on June 12, 2026. The firm will allocate shares acquired through the IPO to its ACE U.S. Space Tech Active ETF and the Korea Investment Global Space Technology & Defense Fund. The anticipated IPO is expected to raise between $75 billion to $80 billion, with a projected valuation nearing $1.75 trillion to $2 trillion. Korea Investment Trust Management aims to increase SpaceX's representation in its ETF to as much as 25 percent. The offering price will be determined on June 11, and the firm is considering additional purchases as the market opens. Kim Hyun-tae, head of global quant management at Korea Investment Trust Management, stated, ""Because both funds are active, they can respond immediately on the day SpaceX lists.""

Further expanding its global footprint, Korea Investment & Securities Co. joined forces with Goldman Sachs, Bank of America, and Barclays in a significant financing initiative for Carlyle Group's BASF investment on June 3, 2026. This partnership occurs as the brokerage unit of Korea Investment Holdings reported record earnings for 2025, becoming the first domestic securities firm to surpass 2 trillion won in profits. The firm is also witnessing a sharp recovery in South Korea's venture capital sector, with leading firms reporting a V-shaped rebound driven by favorable equity market conditions.

Among industry peers, China Investment Corporation (CIC) has also seen significant transactional activity. On April 15, 2026, Goldman Sachs and Ardian successfully acquired a $1 billion portfolio from CIC at notable discounts. Ardian secured the assets at a double-digit discount, while Goldman achieved a single-digit discount. CIC has been rebalancing its portfolio to reduce its exposure to illiquid US dollar-denominated holdings. For Goldman Sachs Asset Management, this adds to a track record of over 750 secondary transactions and more than $80 billion in deployed capital, while Ardian recently raised a record $30 billion secondary fund.

In parallel, BlueFive Capital was appointed as the first General Partner for a Fund of Funds established by CICC Capital, the private equity arm of China International Capital Corporation, in partnership with Chinese steelmaker HBIS Group. During a ceremony in Beijing on January 6, 2026, it was announced that the fund aims to raise RMB 32 billion (approximately $4.58 billion) over a 15-year term. Structured around industry-finance synergy, central-local cooperation, and cross-border linkage, the fund will deploy capital in advanced materials, new energy, and next-generation information technology. Hazem Ben-Gacem, Founder and Chief Executive of BlueFive Capital, stated, ""We are bullish about China's long-term growth potential and see significant opportunities for HBIS Group's cross-border expansion, particularly in high-end manufacturing and new building materials.""

Additionally, foreign direct investment from China and Hong Kong in Canada recently exceeded $60 billion, making these regions the third-largest source of overseas capital in the country. Statistics Canada reported the investment stock from China at $24.9 billion, while Hong Kong contributed $32.8 billion. On December 30, 2025, Invest Alberta noted that these investments are primarily focused on Alberta's traditional oil and gas sector, carbon capture projects, green energy initiatives, and tourism development. Prime Minister Mark Carney met with Chinese President Xi Jinping in October 2025, and Global Affairs officials are reportedly preparing for a potential Carney visit to China in 2026 to further diplomatic engagement.

PermID: 5000352603",8eea81abe3df1aade8524c92fd1a66ad7d33f2353ae3592fc86ab9479b58e78a,ok,,5201,5005,0,week4_lseg_html_v1,True,True
2026-06-22 23:08:20.043,2026-06-22,2026-06-22T00:00:00,2026-06-22T23:59:59,JPM,JPM.N,R:JPM.N and Language:LEN,urn:newsml:newsroom:20260622:nNRA0z6tqu:0,newsroom,NS:GLORDP,"June 13, 2026: JPMorgan Bets Big on Prometheus in $12B Industrial AI Funding Round",,"JPMorgan Chase is expanding its AI footprint by backing Prometheus in a US$12 billion funding round that values the startup at US$41 billion. The investment gives JPMorgan a strategic foothold in AI-driven industrial technologies, positioning the bank at the crossroads of finance and manufacturing innovation rather than traditional consumer-focused business.

Prometheus' round also includes Goldman Sachs and BlackRock among its backers, highlighting a broader wave of interest in industrial AI from leading institutions.

The deal aligns with JPMorgan's broader strategy to weave technology into core operations, including tokenization and digital platforms, and could bolster its investment-banking and lending franchises if AI tools in industry gain wider traction.

Market reaction was visible in the stock, with JPMorgan closing at US$320.72, up 2.7% over the last week, 6.8% over the past month and 23.4% year-to-date, underscoring investor enthusiasm.

Looking ahead, analysts will watch for how JPMorgan frames its Prometheus tie in upcoming conferences and investor briefings, any announcements about the scale of its investment or new partnerships, and how rivals such as Goldman Sachs and Morgan Stanley respond.

INDEX

SECTION 1 PROMETHEUS PROFILE

SECTION 1 PROMETHEUS PROFILE

1.1 ACTIVITIES

Manufacturer of carbon-neutral fuels intended to remove CO2 from the air and turn it into gasoline and jet fuel. The company extracts CO2 from the air, creating hydrocarbon fuel with zero impact on greenhouse gas levels, enabling cars and plane companies to replace fossil fuels with high-performance zero-net carbon fuels made from CO2 that''s already in the air.

1.2 SUMMARY

PermID: 5000801929

Website: https://prometheus.io/

Address:

""601 Swift Street Santa Cruz, California 95060 United States ""

PermID: 5000801929",9ab1a5edcc8124ca0efd713a41fa5d9bc7bcf60115bfbd6d5472d440683b71b6,ok,,2146,1835,0,week4_lseg_html_v1,True,True
2026-06-22 22:04:27.987,2026-06-22,2026-06-22T00:00:00,2026-06-22T23:59:59,JPM,JPM.N,R:JPM.N and Language:LEN,urn:newsml:newsroom:20260622:nNRA0z61pe:0,newsroom,NS:STOCKP,On Monday 22nd of June 5th Planet Games A/ trades -12.5 percent lower,,"Jun 22, 2026

5th Planet Games A/ (5PG.OL) traded down -12.5 % during a 24 hours period ending at 11:45 PM Central Europe on Monday 22nd. One 5th Planet Games A/ stock can currently be bought for about NOK 1.46 on popular exchanges. Current supply of 5th Planet Games A/ stocks is 268.7 mn. 5th Planet Games A/ has a current market capitalization of NOK 395 mn and approximately NOK 802.4 k worth of 5th Planet Games A/ was traded on exchanges in the last 24 hours. Since last month end, 5th Planet Games A/ has traded -11.71 % down. Simple moving average of last 200 days is at NOK 1.09. The highest price of past 52 weeks was recorded at NOK 2.6 on 03/24/2026. 52 weeks low was at NOK 0.62 on 09/22/2025.

Here is how related stocks have performed in the past 24 hours:

Risma A/ (8WX.F) traded flat 0 % and now trades at EUR 0.8. Risma A/ has a market capitalisation of EUR 30 mn.

Cemat (CEMAT.CO) traded down -1.68 % and now trades at DKK 0.82. Current market capitalisation for Cemat is DKK 204.9 mn. Cemat has a current price to earnings ratio of 3.33.

Donkeyrepublic (6UJ.F) traded flat 0 % and now trades at EUR 0.98. Donkeyrepublic has a market capitalisation of EUR 40.5 mn. Current price/earnings ratio for Donkeyrepublic is 42.27.

German High Properties (GERHSP.CO) traded flat 0 % and now trades at DKK 69. Current market capitalisation for German High Properties is DKK 252.2 mn.

Brøndby If (BIF.CO) traded down -2.23 % and now trades at DKK 0.26. Brøndby If has a market capitalisation of DKK 300 mn. Brøndby If has a current price to earnings ratio of 20.94.

About 5th Planet Games A/

5th Planet Games A/S is a communication services company with its operations base in Copenhagen, Denmark. This company specializes in creating, developing, and publishing mobile games globally. Their game portfolio spans across various platforms such as iOS, Android, and Facebook. Typically, their products are sold through platform distribution partners. Prior to changing its name to 5th Planet Games A/S in November 2018, the company was known as Hugoames A/S.",34527ac48eeaa9be1743d8970e59fb0605ca3e8f140108bdd08a99fe4dae40e0,ok,,2338,2071,0,week4_lseg_html_v1,True,True
2026-06-24 23:22:09.948,2026-06-24,2026-06-24T00:00:00,2026-06-24T23:59:59,JPM,JPM.N,R:JPM.N and Language:LEN,urn:newsml:newsroom:20260624:nNRA106e1h:0,newsroom,NS:CNBSTR,"JPMorgan Chase & Co. (ETR:CMC) lifts 1.6%, outperforming 85% of the market; +EUR4.55 [+1.6%]",,"GERMAN END-OF-DAY STOCK REPORT

NEW YORK, Tuesday, June 23 2026 - JPMorgan Chase & Co.'s (ETR: CMC EUR293.65) stock price lifted EUR4.55 (1.6%) from its previous trading session to close at EUR293.65.

Compared with the DAX Index which fell 214.4 points (0.8%) in the day, the relative price increase was 2.4%.

In the German market of 4,361 stocks and 61 units traded today, the stock has a 1-month relative price strength of 85 indicating it has outperformed 85% of the market. A price rise combined with a high relative strength is a bullish signal.

Today its volatility (highest price minus lowest price/lowest price) of 2.4% was 1.4 times its average daily volatility of 1.7%. The high for the day was EUR294.25 and low for the day was EUR287.45.

There were 1,459 shares worth EUR426,005 ($487,006) traded today; the volume was 0.8 times the average daily trading volume of 1,764 shares.

INDEX

SECTION 1 TODAY'S BULLISH SIGNALS

SECTION 2 ONGOING BULLISH PARAMETERS

SECTION 3 TODAY'S BEARISH SIGNALS

SECTION 4

Read more...

ANNEXURE

APPENDIX I DATA & ARCHIVE DOWNLOAD CENTER

GLOSSARY

SECTION 1 TODAY'S BULLISH SIGNALS

1.1 Uptrend

Price/Moving Average Price of 1.19 and positive MACD:

- The Price/MAP 200 for JPMorgan Chase & Co. is 1.19. Being higher than 1 is a bullish indicator. It is higher than the Price/MAP 200 for the DAX Index of 1.03, a second bullish indicator. The stock is trading above both its MAPs and the 50-day MAP of EUR259.87 is higher than the 200-day MAP of EUR247.66, a third bullish indicator. The 200-day MAP has increased to EUR247.66, a fourth bullish indicator.

- The Moving Average Convergence Divergence (MACD) indicator of 12-day Exponential Moving Average (EMA) of 281.25 minus the 26-day EMA of 273.57 is positive, suggesting a bullish signal. Both the 12-day EMA as well as the 26-day EMA are rising, another bullish signal.

- The price to 50-day EMAP ratio is 1.1, a bullish indicator. The 50-day EMAP has increased to EUR268.18. An increase is another bullish indicator.

Past Quarter:

- The shares had their best quarter in six quarters since the quarter ended December 23, 2024.

In the last three months the stock has hit a new 52-week high thrice. The Best 3 weeks in the past quarter

In the past quarter the week beginning Monday June 01 saw the highest weekly rise of 6.2% for a relative price increase of 7.6%. The rise was propped up by volume of 1.3 times average.

Mon-FriChange %DAX Index Change %Vol Ind [1 is avg]

Jun 01-056.2-1.31.3

Apr 06-103.53.20.8

May 18-222.74.11.2

SECTION 2 ONGOING BULLISH PARAMETERS

2.1 Present Value of EUR1000 Invested in the Past [3 Mo, 1 Yr, 3 Yrs]; The Best Periods with PVEUR1000 > 1,169

PVEUR1,0003 mo ago1 yr ago3 yrs ago

CMC.ETREUR1,170EUR1,235EUR2,298

Bank sectorEUR1,183EUR1,327EUR2,140

DAX IndexEUR1,104EUR1,071EUR1,576

2.2 The Best Periods [3 Mo, 1 Yr, 3 Yrs] with Price Change % > 16.9

3-Year price change of 129.8% for JPMorgan Chase & Co. outperformed the change of 56% in the DAX Index for a relative price change of 73.8%.

Price Change %QuarterYear3 Years

JPMorgan Chase & Co.1723.5129.8

Bank sector18.332.2112.9

DAX Index8.76.956

SECTION 3 TODAY'S BEARISH SIGNALS

3.1 Downtrend

Today's Volatility:

The 0.2% discount to 12-month high of EUR294.25 against the 22% premium to 12-month low of EUR240.50 suggests the climb might be peaking.

Trailing Relative Strength (6 months) at 44 percentile:

- The stock has a 6-month relative strength of 44 in the German market of 4,361 stocks, 61 ADRs and 25 preference stocks which means it has underperformed 56% of the market.

3.2 Overbought/Bearish Signals:

- The Relative Strength Index (RSI) of 81.3 has penetrated the overbought line of 70, suggesting the price gain of 9.9% in the last 14 days is unusually high.

- The stock is overbought according to the Williams % R indicator of -1.7, suggesting the price is close to its 14-day high of EUR294.25.

SECTION 4

APPENDIX I DATA & ARCHIVE DOWNLOAD CENTER

CMC: OTHER INFORMATION:

+ PRICE VOLUME CHARTS

+ USD vs EUR EXCHANGE RATE CHARTS IN HTML

GLOSSARY

Disclaimer:",dbce97fa29708dd3ea9bc92dea44456fa775ca9ae0efdc9183c70e3ec87576f1,ok,,6082,4102,0,week4_lseg_html_v1,True,True
2026-06-24 22:43:14.048,2026-06-24,2026-06-24T00:00:00,2026-06-24T23:59:59,JPM,JPM.N,R:JPM.N and Language:LEN,urn:newsml:newsroom:20260624:nNRA105x9j:0,newsroom,NS:INTWEE,"Trademark Application for ""ONEBOX"" Filed by Openwave Systems Inc.",,"2026 JUN 24-- By a News Reporter-Staff News Editor at Internet Daily News-- According to news reporting originating from Washington, D.C., by NewsRx journalists, a trademark application has been made for"" ONEBOX"" by Diana Martinez Ziff Davis, LLC, representing Openwave Systems Inc. This application was made available to the public on June 05, 2026. 2026 JUN 24 (NewsRx) -- By a News Reporter-Staff News Editor at Internet Daily News -- According to news reporting originating from Washington, D.C., by NewsRx journalists, a trademark application has been made for ""ONEBOX"" by Diana Martinez Ziff Davis, LLC, representing Openwave Systems Inc. This application was made available to the public on June 05, 2026.

The international trademark goods and services class code for this trademark application is 038.

The serial number for this application is 76233597.

As submitted by the applicant, this trademark application relates to the following goods and services: Telecommunications services, namely, the transmission of voice, data, images, video and messages over the Internet.

The registrar information for this application is: Diana Martinez Ziff Davis, LLC, 360 Park Avenue South, Floor 17, New York, NY 10010, United States.",0ac62f113be34e4da9d6c65473ca080b711b2f6008a70da2706009f88c8db8a4,ok,,1440,1235,1,week4_lseg_html_v1,True,True
2026-06-24 22:40:24.031,2026-06-24,2026-06-24T00:00:00,2026-06-24T23:59:59,JPM,JPM.N,R:JPM.N and Language:LEN,urn:newsml:reuters.com:20260624:nRSD5j8cn2:1,reuters,NS:SIGDEV,JPMorgan Plans Dividend Increase And Has Authorized A New Common Share Repurchase Program,,"June 24 (Reuters) - JPMorgan Chase & Co JPM.N::

*JPMORGAN: PLANS DIVIDEND INCREASE AND HAS AUTHORIZED A NEW COMMON SHARE REPURCHASE PROGRAM

*JPMORGAN: INTENDS TO INCREASE THE QUARTERLY COMMON STOCK DIVIDEND TO $1.65 PER SHARE

*JPMORGAN - INTENDS TO INCREASE QTRLY COMMON STOCK DIVIDEND TO $1.65 PER SHARE FOR Q3 2026 - SEC FILING

*JPMORGAN: NEW COMMON SHARE REPURCHASE PROGRAM OF $50 BILLION

*JPMORGAN - AUTHORIZED A NEW COMMON SHARE REPURCHASE PROGRAM OF $50 BILLION, EFFECTIVE JULY 1, 2026

Source Date/Time = 24-JUN-202622:26:49 GMT",0db02e1bbdaaeb8d92555353bc6b1a1ab0d7579aacb8d11420652cc154056899,ok,,895,540,0,week4_lseg_html_v1,True,True
2026-06-24 22:30:21.000,2026-06-24,2026-06-24T00:00:00,2026-06-24T23:59:59,JPM,JPM.N,R:JPM.N and Language:LEN,urn:newsml:reuters.com:20260624:nTUABJYVVR:1,reuters,NS:RTRS,BRIEF-JPMorganChase Announces 2026 Dodd-Frank Act Stress Test Results,,"June 24 (Reuters) - JPMorgan Chase & Co JPM.N:

JPMORGANCHASE ANNOUNCES 2026 DODD-FRANK ACT STRESS TEST RESULTS

Source text: (Full Story)

Further company coverage: JPM.N",0454fdfdcae9c7721751cae4f21e90425227a27447322ce04a8d2688ca8246a8,ok,,908,171,0,week4_lseg_html_v1,True,True
2026-06-24 22:26:49.000,2026-06-24,2026-06-24T00:00:00,2026-06-24T23:59:59,JPM,JPM.N,R:JPM.N and Language:LEN,urn:newsml:reuters.com:20260624:nFWN42W0G3:1,reuters,NS:RTRS,BRIEF-JPMorgan Plans Dividend Increase And Has Authorized A New Common Share Repurchase Program,,"June 24 (Reuters) - JPMorgan Chase & Co JPM.N:

JPMORGAN: PLANS DIVIDEND INCREASE AND HAS AUTHORIZED A NEW COMMON SHARE REPURCHASE PROGRAM

JPMORGAN: INTENDS TO INCREASE THE QUARTERLY COMMON STOCK DIVIDEND TO $1.65 PER SHARE

JPMORGAN - INTENDS TO INCREASE QTRLY COMMON STOCK DIVIDEND TO $1.65 PER SHARE FOR Q3 2026 - SEC FILING

JPMORGAN: NEW COMMON SHARE REPURCHASE PROGRAM OF $50 BILLION

JPMORGAN - AUTHORIZED A NEW COMMON SHARE REPURCHASE PROGRAM OF $50 BILLION, EFFECTIVE JULY 1, 2026

Source text: [ID:n0001628280-26-045167]

Further company coverage: JPM.N",a5eee9e785760b47211bcb5ef2c716539a187e1733f47d49e5653a9e9e21a244,ok,,1221,564,0,week4_lseg_html_v1,True,True
